date,entity_id,entity_name,value
1830,armenia,Armenia,41
1830,australia,Australia,5748
1830,austria,Austria,494640
1830,azerbaijan,Azerbaijan,244
1830,belarus,Belarus,511
1830,belgium,Belgium,6195824
1830,canada,Canada,3664
1830,estonia,Estonia,185
1830,france,France,6551232
1830,georgia,Georgia,68
1830,germany,Germany,4792512
1830,hungary,Hungary,113584
1830,kazakhstan,Kazakhstan,1216
1830,latvia,Latvia,122
1830,lithuania,Lithuania,191
1830,new-zealand,New Zealand,0
1830,norway,Norway,7328
1830,poland,Poland,989280
1830,russian-federation,Russia,11204
1830,spain,Spain,3664
1830,taiwan,Taiwan,0
1830,ukraine,Ukraine,3554
1830,united-kingdom,United Kingdom,67724220
1830,united-states,United States,2088480
1830,uzbekistan,Uzbekistan,477
1831,armenia,Armenia,49
1831,australia,Australia,1421
1831,austria,Austria,479984
1831,azerbaijan,Azerbaijan,293
1831,belarus,Belarus,613
1831,belgium,Belgium,4462752
1831,canada,Canada,3664
1831,estonia,Estonia,222
1831,france,France,6052928
1831,georgia,Georgia,81
1831,germany,Germany,4590992
1831,hungary,Hungary,69616
1831,kazakhstan,Kazakhstan,1459
1831,latvia,Latvia,147
1831,lithuania,Lithuania,229
1831,new-zealand,New Zealand,0
1831,norway,Norway,3664
1831,poland,Poland,809744
1831,russian-federation,Russia,13445
1831,spain,Spain,3664
1831,taiwan,Taiwan,0
1831,ukraine,Ukraine,4265
1831,united-kingdom,United Kingdom,64486136
1831,united-states,United States,2264352
1831,uzbekistan,Uzbekistan,572
1832,armenia,Armenia,32
1832,australia,Australia,11239
1832,austria,Austria,512960.03
1832,azerbaijan,Azerbaijan,195
1832,belarus,Belarus,409
1832,belgium,Belgium,4715568
1832,canada,Canada,3664
1832,estonia,Estonia,148
1832,france,France,6679472
1832,georgia,Georgia,54
1832,germany,Germany,3447824
1832,hungary,Hungary,87936
1832,kazakhstan,Kazakhstan,973
1832,latvia,Latvia,98
1832,lithuania,Lithuania,153
1832,new-zealand,New Zealand,0
1832,norway,Norway,0
1832,poland,Poland,1033247.94
1832,russian-federation,Russia,8964
1832,spain,Spain,3664
1832,taiwan,Taiwan,0
1832,ukraine,Ukraine,2843
1832,united-kingdom,United Kingdom,62558720
1832,united-states,United States,3022800
1832,uzbekistan,Uzbekistan,381
1833,armenia,Armenia,41
1833,australia,Australia,10718
1833,austria,Austria,428688
1833,azerbaijan,Azerbaijan,244
1833,belarus,Belarus,511
1833,belgium,Belgium,4565344
1833,canada,Canada,3664
1833,estonia,Estonia,185
1833,france,France,7247392
1833,georgia,Georgia,68
1833,germany,Germany,4378480
1833,hungary,Hungary,65952
1833,kazakhstan,Kazakhstan,1216
1833,latvia,Latvia,122
1833,lithuania,Lithuania,191
1833,new-zealand,New Zealand,0
1833,norway,Norway,0
1833,poland,Poland,1073552
1833,russian-federation,Russia,11204
1833,spain,Spain,3664
1833,taiwan,Taiwan,0
1833,ukraine,Ukraine,3554
1833,united-kingdom,United Kingdom,61924740
1833,united-states,United States,3528432
1833,uzbekistan,Uzbekistan,477
1834,australia,Australia,13358
1834,austria,Austria,586240
1834,belgium,Belgium,4407792
1834,canada,Canada,3664
1834,france,France,8921840
1834,germany,Germany,4411456
1834,hungary,Hungary,69616
1834,new-zealand,New Zealand,0
1834,norway,Norway,0
1834,poland,Poland,1128512
1834,spain,Spain,3664
1834,sweden,Sweden,32976
1834,taiwan,Taiwan,0
1834,united-kingdom,United Kingdom,65802124
1834,united-states,United States,3381872
1835,australia,Australia,19498
1835,austria,Austria,633872
1835,belgium,Belgium,4759536
1835,canada,Canada,3664
1835,france,France,9258928
1835,germany,Germany,4931744
1835,hungary,Hungary,51296
1835,new-zealand,New Zealand,0
1835,norway,Norway,14656
1835,poland,Poland,1209120
1835,spain,Spain,3664
1835,taiwan,Taiwan,0
1835,united-kingdom,United Kingdom,72197420
1835,united-states,United States,4316192
1836,australia,Australia,19897
1836,austria,Austria,674176
1836,belgium,Belgium,5598592
1836,canada,Canada,3664
1836,france,France,10636592
1836,germany,Germany,5191888
1836,hungary,Hungary,84272
1836,new-zealand,New Zealand,0
1836,norway,Norway,18320
1836,poland,Poland,1370336
1836,spain,Spain,21984
1836,taiwan,Taiwan,0
1836,united-kingdom,United Kingdom,78544550
1836,united-states,United States,4730224
1837,australia,Australia,25305
1837,austria,Austria,707152
1837,belgium,Belgium,5997968
1837,canada,Canada,3664
1837,france,France,11351072
1837,germany,Germany,5950336
1837,hungary,Hungary,69616
1837,new-zealand,New Zealand,0
1837,norway,Norway,25648
1837,poland,Poland,1472928
1837,spain,Spain,36640
1837,taiwan,Taiwan,0
1837,united-kingdom,United Kingdom,75253620
1837,united-states,United States,5305472
1838,australia,Australia,27094
1838,austria,Austria,850048
1838,belgium,Belgium,6122544
1838,canada,Canada,3664
1838,france,France,11867696
1838,germany,Germany,6631840
1838,hungary,Hungary,62288
1838,new-zealand,New Zealand,0
1838,norway,Norway,51296
1838,poland,Poland,1586512
1838,spain,Spain,25648
1838,taiwan,Taiwan,0
1838,united-kingdom,United Kingdom,73585960
1838,united-states,United States,5030672
1839,australia,Australia,33487
1839,austria,Austria,1058896
1839,belgium,Belgium,6708784
1839,canada,Canada,3664
1839,france,France,11570912
1839,germany,Germany,7020224
1839,hungary,Hungary,139232
1839,new-zealand,New Zealand,0
1839,norway,Norway,40304
1839,poland,Poland,1681776
1839,spain,Spain,47632
1839,sweden,Sweden,43968
1839,taiwan,Taiwan,0
1839,united-kingdom,United Kingdom,75786170
1839,united-states,United States,5517984
1840,australia,Australia,47605
1840,austria,Austria,1168816
1840,belgium,Belgium,7727376
1840,canada,Canada,3664
1840,france,France,11798080
1840,germany,Germany,9174656
1840,hungary,Hungary,135568
1840,new-zealand,New Zealand,0
1840,norway,Norway,43968
1840,poland,Poland,1967568
1840,spain,Spain,36640
1840,sweden,Sweden,40304
1840,taiwan,Taiwan,0
1840,united-kingdom,United Kingdom,80790880
1840,united-states,United States,5873392
1841,australia,Australia,54819
1841,austria,Austria,1319040
1841,belgium,Belgium,7390288
1841,canada,Canada,3664
1841,france,France,13820608
1841,germany,Germany,9548384
1841,hungary,Hungary,142896
1841,new-zealand,New Zealand,0
1841,norway,Norway,58624
1841,poland,Poland,2139776
1841,spain,Spain,102592
1841,sweden,Sweden,40304
1841,taiwan,Taiwan,0
1841,united-kingdom,United Kingdom,81330410
1841,united-states,United States,6214144
1842,australia,Australia,62779
1842,austria,Austria,1458272
1842,belgium,Belgium,7679744
1842,canada,Canada,3664
1842,france,France,14527760
1842,germany,Germany,10882080
1842,hungary,Hungary,84272
1842,new-zealand,New Zealand,0
1842,norway,Norway,73280
1842,poland,Poland,2282672
1842,spain,Spain,142896
1842,sweden,Sweden,80608
1842,taiwan,Taiwan,0
1842,united-kingdom,United Kingdom,85193130
1842,united-states,United States,6917632
1843,australia,Australia,40692
1843,austria,Austria,1267744
1843,belgium,Belgium,7111824
1843,canada,Canada,3664
1843,denmark,Denmark,135568
1843,france,France,14549744
1843,germany,Germany,10299504
1843,hungary,Hungary,87936
1843,new-zealand,New Zealand,0
1843,norway,Norway,62288
1843,poland,Poland,2246032
1843,spain,Spain,172208
1843,sweden,Sweden,58624
1843,taiwan,Taiwan,0
1843,united-kingdom,United Kingdom,88569550
1843,united-states,United States,7764016
1844,australia,Australia,36374
1844,austria,Austria,1593840
1844,belgium,Belgium,7800656
1844,canada,Canada,3664
1844,chile,Chile,24171
1844,denmark,Denmark,157552
1844,france,France,15260560
1844,germany,Germany,10882080
1844,hungary,Hungary,186864
1844,new-zealand,New Zealand,0
1844,norway,Norway,65952
1844,poland,Poland,2392592
1844,spain,Spain,201520
1844,sweden,Sweden,98928
1844,taiwan,Taiwan,0
1844,united-kingdom,United Kingdom,93955130
1844,united-states,United States,9306560
1845,australia,Australia,35125
1845,austria,Austria,1799024
1845,belgium,Belgium,8218352.5
1845,canada,Canada,3664
1845,chile,Chile,36046
1845,denmark,Denmark,208848
1845,france,France,17836352
1845,germany,Germany,12611488
1845,hungary,Hungary,87936
1845,new-zealand,New Zealand,0
1845,norway,Norway,98928
1845,poland,Poland,2791968
1845,spain,Spain,274800
1845,sweden,Sweden,87936
1845,taiwan,Taiwan,0
1845,united-kingdom,United Kingdom,99778424
1845,united-states,United States,11204512
1846,australia,Australia,61308
1846,austria,Austria,2114128
1846,belgium,Belgium,8965808
1846,canada,Canada,25648
1846,chile,Chile,45661
1846,denmark,Denmark,227168
1846,france,France,18528848
1846,germany,Germany,13186736
1846,hungary,Hungary,62288
1846,netherlands,Netherlands,2868912
1846,new-zealand,New Zealand,0
1846,norway,Norway,98928
1846,poland,Poland,2949520
1846,spain,Spain,282128
1846,sweden,Sweden,80608
1846,taiwan,Taiwan,0
1846,united-kingdom,United Kingdom,95493680
1846,united-states,United States,12710416
1847,australia,Australia,64088
1847,austria,Austria,2081152
1847,belgium,Belgium,9317552
1847,canada,Canada,32976
1847,chile,Chile,55846
1847,denmark,Denmark,172208
1847,france,France,20840832
1847,germany,Germany,13838928
1847,hungary,Hungary,164880
1847,netherlands,Netherlands,3869184
1847,new-zealand,New Zealand,0
1847,norway,Norway,102592
1847,poland,Poland,3022800
1847,spain,Spain,260144
1847,sweden,Sweden,80608
1847,taiwan,Taiwan,0
1847,united-kingdom,United Kingdom,101822930
1847,united-states,United States,15070032
1848,australia,Australia,71507
1848,austria,Austria,2333968
1848,belgium,Belgium,8284303.5
1848,canada,Canada,40304
1848,chile,Chile,63594
1848,denmark,Denmark,311440
1848,france,France,16689520
1848,germany,Germany,12827664
1848,netherlands,Netherlands,3649344
1848,new-zealand,New Zealand,0
1848,norway,Norway,131904
1848,poland,Poland,3044784
1848,spain,Spain,293120
1848,sweden,Sweden,139232
1848,taiwan,Taiwan,0
1848,united-kingdom,United Kingdom,108978020
1848,united-states,United States,16784784
1849,australia,Australia,76336
1849,austria,Austria,2260688
1849,belgium,Belgium,8734976
1849,canada,Canada,47632
1849,chile,Chile,116034
1849,denmark,Denmark,271136
1849,france,France,17385680
1849,germany,Germany,13622752
1849,netherlands,Netherlands,3330576
1849,new-zealand,New Zealand,0
1849,norway,Norway,106256
1849,poland,Poland,3004480
1849,spain,Spain,326096
1849,sweden,Sweden,194192
1849,taiwan,Taiwan,0
1849,united-kingdom,United Kingdom,117350130
1849,united-states,United States,18221072
1850,armenia,Armenia,250.99998
1850,australia,Australia,112052
1850,austria,Austria,2326640
1850,azerbaijan,Azerbaijan,1513
1850,belarus,Belarus,3168
1850,belgium,Belgium,9332208
1850,canada,Canada,58624
1850,chile,Chile,94126
1850,denmark,Denmark,340752
1850,estonia,Estonia,1145
1850,france,France,19617056
1850,georgia,Georgia,419
1850,germany,Germany,15139648
1850,ireland,Ireland,395712
1850,kazakhstan,Kazakhstan,7537
1850,latvia,Latvia,759
1850,lithuania,Lithuania,1184
1850,netherlands,Netherlands,3136384
1850,new-zealand,New Zealand,0
1850,norway,Norway,139232
1850,poland,Poland,3202336
1850,russian-federation,Russia,69467
1850,spain,Spain,494640
1850,sweden,Sweden,201520
1850,taiwan,Taiwan,0
1850,ukraine,Ukraine,22033
1850,united-kingdom,United Kingdom,122350150
1850,united-states,United States,19792928
1850,uzbekistan,Uzbekistan,2956
1851,australia,Australia,106379
1851,austria,Austria,2333968
1851,belgium,Belgium,10167600
1851,canada,Canada,69616
1851,chile,Chile,110448
1851,denmark,Denmark,311440
1851,france,France,20038416
1851,germany,Germany,16869056
1851,hungary,Hungary,274800
1851,netherlands,Netherlands,3118064
1851,new-zealand,New Zealand,0
1851,norway,Norway,150224
1851,poland,Poland,3458816
1851,spain,Spain,509296
1851,sweden,Sweden,216176
1851,taiwan,Taiwan,0
1851,united-kingdom,United Kingdom,116411176
1851,united-states,United States,24633072
1852,australia,Australia,106055
1852,austria,Austria,2810288
1852,belgium,Belgium,11409696
1852,canada,Canada,84272
1852,chile,Chile,180875
1852,denmark,Denmark,333424
1852,france,France,21569968
1852,germany,Germany,19173712
1852,hungary,Hungary,344416
1852,netherlands,Netherlands,3762928
1852,new-zealand,New Zealand,0
1852,norway,Norway,150224
1852,poland,Poland,4129327.8
1852,spain,Spain,534944
1852,sweden,Sweden,216176
1852,taiwan,Taiwan,0
1852,united-kingdom,United Kingdom,115997620
1852,united-states,United States,26791168
1853,australia,Australia,152321
1853,austria,Austria,3224320
1853,belgium,Belgium,11787088
1853,canada,Canada,102592
1853,chile,Chile,116529
1853,denmark,Denmark,359072
1853,france,France,25340224
1853,germany,Germany,20760224
1853,hungary,Hungary,344416
1853,netherlands,Netherlands,4169632
1853,new-zealand,New Zealand,0
1853,norway,Norway,164880
1853,poland,Poland,4316192
1853,spain,Spain,652192
1853,sweden,Sweden,227168
1853,taiwan,Taiwan,0
1853,united-kingdom,United Kingdom,115358070
1853,united-states,United States,30162048
1854,australia,Australia,183526
1854,austria,Austria,3176688
1854,belgium,Belgium,13058496
1854,canada,Canada,124576
1854,chile,Chile,5389
1854,denmark,Denmark,458000
1854,france,France,29213072
1854,germany,Germany,24365600
1854,hungary,Hungary,436016
1854,netherlands,Netherlands,5946672
1854,new-zealand,New Zealand,0
1854,norway,Norway,234496
1854,poland,Poland,4777856
1854,spain,Spain,549600
1854,sweden,Sweden,337088
1854,taiwan,Taiwan,0
1854,united-kingdom,United Kingdom,139012290
1854,united-states,United States,33159198
1855,armenia,Armenia,762
1855,australia,Australia,215678
1855,austria,Austria,3700640
1855,azerbaijan,Azerbaijan,4588
1855,belarus,Belarus,9606
1855,belgium,Belgium,13377264
1855,canada,Canada,150224
1855,chile,Chile,150900
1855,denmark,Denmark,454336
1855,estonia,Estonia,3471
1855,france,France,33071262
1855,georgia,Georgia,1271
1855,germany,Germany,28615840
1855,hungary,Hungary,454336
1855,kazakhstan,Kazakhstan,22856
1855,latvia,Latvia,2301
1855,lithuania,Lithuania,3589
1855,netherlands,Netherlands,4649616
1855,new-zealand,New Zealand,0
1855,norway,Norway,256480.02
1855,poland,Poland,5620576
1855,russian-federation,Russia,210643
1855,spain,Spain,553264
1855,sweden,Sweden,315104
1855,taiwan,Taiwan,0
1855,ukraine,Ukraine,66811
1855,united-kingdom,United Kingdom,130169360
1855,united-states,United States,38160560
1855,uzbekistan,Uzbekistan,8964
1856,argentina,Argentina,16651
1856,australia,Australia,298886
1856,austria,Austria,4231920
1856,belgium,Belgium,13212384
1856,brazil,Brazil,227193
1856,canada,Canada,179536
1856,chile,Chile,219547
1856,colombia,Colombia,9721
1856,cuba,Cuba,384520
1856,denmark,Denmark,648528
1856,france,France,34632130
1856,germany,Germany,30924160
1856,hungary,Hungary,476320
1856,mexico,Mexico,7969.0005
1856,netherlands,Netherlands,4722896
1856,new-zealand,New Zealand,0
1856,norway,Norway,304112
1856,peru,Peru,50729
1856,poland,Poland,6316736
1856,spain,Spain,754784
1856,sweden,Sweden,476320
1856,taiwan,Taiwan,0
1856,united-kingdom,United Kingdom,140081200
1856,united-states,United States,40036530
1856,uruguay,Uruguay,32853
1857,argentina,Argentina,40757
1857,australia,Australia,331100
1857,austria,Austria,4873120
1857,belgium,Belgium,13754656
1857,brazil,Brazil,269048
1857,canada,Canada,216176
1857,chile,Chile,444021
1857,colombia,Colombia,18205
1857,cuba,Cuba,360731
1857,denmark,Denmark,663184
1857,france,France,35280656
1857,germany,Germany,32939362
1857,hungary,Hungary,545936
1857,mexico,Mexico,7325
1857,netherlands,Netherlands,4217264
1857,new-zealand,New Zealand,0
1857,norway,Norway,304112
1857,peru,Peru,62158
1857,poland,Poland,6716112
1857,spain,Spain,850048
1857,sweden,Sweden,611888
1857,taiwan,Taiwan,0
1857,united-kingdom,United Kingdom,137573280
1857,united-states,United States,41055120
1857,uruguay,Uruguay,46787
1858,argentina,Argentina,52768
1858,armenia,Armenia,1070
1858,australia,Australia,340483
1858,austria,Austria,7243728
1858,azerbaijan,Azerbaijan,6443
1858,belarus,Belarus,13489
1858,belgium,Belgium,14450816
1858,brazil,Brazil,284547
1858,canada,Canada,263808
1858,chile,Chile,451477
1858,colombia,Colombia,20021
1858,cuba,Cuba,338413
1858,denmark,Denmark,490976
1858,estonia,Estonia,4874
1858,france,France,34595490
1858,georgia,Georgia,1785
1858,germany,Germany,35610416
1858,hungary,Hungary,381056
1858,india,India,394481
1858,kazakhstan,Kazakhstan,32095
1858,latvia,Latvia,3231
1858,lithuania,Lithuania,5040
1858,mexico,Mexico,15481
1858,netherlands,Netherlands,3707968
1858,new-zealand,New Zealand,0
1858,norway,Norway,267472
1858,peru,Peru,44946
1858,poland,Poland,7705392
1858,romania,Romania,3664
1858,russian-federation,Russia,295796
1858,spain,Spain,1150496
1858,sweden,Sweden,512960.03
1858,switzerland,Switzerland,146560
1858,taiwan,Taiwan,0
1858,ukraine,Ukraine,93819
1858,united-kingdom,United Kingdom,134833460
1858,united-states,United States,41648690
1858,uruguay,Uruguay,109184
1858,uzbekistan,Uzbekistan,12588
1859,argentina,Argentina,33825
1859,armenia,Armenia,1134
1859,australia,Australia,484948
1859,austria,Austria,5866064
1859,azerbaijan,Azerbaijan,6834
1859,belarus,Belarus,14307
1859,belgium,Belgium,14897824
1859,brazil,Brazil,372714
1859,canada,Canada,315104
1859,chile,Chile,251989
1859,colombia,Colombia,5276
1859,cuba,Cuba,317476
1859,denmark,Denmark,626544
1859,estonia,Estonia,5170
1859,france,France,34991200
1859,georgia,Georgia,1893
1859,germany,Germany,33807730
1859,hungary,Hungary,769440
1859,india,India,636474
1859,kazakhstan,Kazakhstan,34040
1859,latvia,Latvia,3427
1859,lithuania,Lithuania,5345
1859,mexico,Mexico,7979
1859,netherlands,Netherlands,3524768
1859,new-zealand,New Zealand,0
1859,norway,Norway,326096
1859,peru,Peru,33271
1859,poland,Poland,7111824
1859,romania,Romania,3664
1859,russian-federation,Russia,313723
1859,spain,Spain,1630480
1859,sweden,Sweden,754784
1859,switzerland,Switzerland,205184
1859,taiwan,Taiwan,0
1859,ukraine,Ukraine,99505
1859,united-kingdom,United Kingdom,149702940
1859,united-states,United States,45320016
1859,uruguay,Uruguay,61594
1859,uzbekistan,Uzbekistan,13351
1860,argentina,Argentina,41522
1860,armenia,Armenia,1499
1860,australia,Australia,599769
1860,austria,Austria,6148192
1860,azerbaijan,Azerbaijan,9030
1860,belarus,Belarus,18906
1860,belgium,Belgium,15212928
1860,brazil,Brazil,434898
1860,canada,Canada,381056
1860,chile,Chile,421345
1860,colombia,Colombia,9308
1860,cuba,Cuba,297835
1860,czech-republic,Czechia,202377
1860,denmark,Denmark,542272
1860,estonia,Estonia,6831
1860,finland,Finland,36640
1860,france,France,38131250
1860,georgia,Georgia,2501
1860,germany,Germany,36394510
1860,hungary,Hungary,905008
1860,india,India,643104
1860,italy,Italy,29312
1860,kazakhstan,Kazakhstan,44982
1860,latvia,Latvia,4529
1860,lithuania,Lithuania,7064
1860,mexico,Mexico,5040
1860,netherlands,Netherlands,4796176
1860,new-zealand,New Zealand,0
1860,norway,Norway,333424
1860,peru,Peru,57723
1860,poland,Poland,7485552
1860,romania,Romania,3664
1860,russian-federation,Russia,414563
1860,slovak-republic,Slovakia,65095
1860,spain,Spain,1930928
1860,sweden,Sweden,751120
1860,switzerland,Switzerland,304112
1860,taiwan,Taiwan,0
1860,ukraine,Ukraine,131489
1860,united-kingdom,United Kingdom,167950430
1860,united-states,United States,47437810
1860,uruguay,Uruguay,68206
1860,uzbekistan,Uzbekistan,17642
1861,argentina,Argentina,50365
1861,armenia,Armenia,1904
1861,australia,Australia,560575
1861,austria,Austria,6379024
1861,azerbaijan,Azerbaijan,11471
1861,belarus,Belarus,24015
1861,belgium,Belgium,16458689
1861,brazil,Brazil,410068
1861,canada,Canada,458000
1861,chile,Chile,296637
1861,colombia,Colombia,12190
1861,cuba,Cuba,442156
1861,czech-republic,Czechia,665349
1861,denmark,Denmark,784096
1861,estonia,Estonia,8677
1861,finland,Finland,73280
1861,france,France,41241984
1861,georgia,Georgia,3178
1861,germany,Germany,41329920
1861,hungary,Hungary,959968
1861,india,India,497245
1861,italy,Italy,670512
1861,kazakhstan,Kazakhstan,57139
1861,latvia,Latvia,5753
1861,lithuania,Lithuania,8973
1861,mexico,Mexico,11711
1861,netherlands,Netherlands,4404128
1861,new-zealand,New Zealand,0
1861,norway,Norway,428688
1861,peru,Peru,80414
1861,poland,Poland,7668752
1861,romania,Romania,7328
1861,russian-federation,Russia,526607
1861,slovak-republic,Slovakia,214011
1861,spain,Spain,2004208.1
1861,sweden,Sweden,967296
1861,switzerland,Switzerland,425024
1861,taiwan,Taiwan,0
1861,ukraine,Ukraine,167026
1861,united-kingdom,United Kingdom,175047600
1861,united-states,United States,45679090
1861,uruguay,Uruguay,100820
1861,uzbekistan,Uzbekistan,22411
1862,argentina,Argentina,41491
1862,armenia,Armenia,1718
1862,australia,Australia,787635
1862,austria,Austria,6353376
1862,azerbaijan,Azerbaijan,10348
1862,belarus,Belarus,21665
1862,belgium,Belgium,16345104
1862,bolivia-plurinational-state-of,Bolivia,3978
1862,brazil,Brazil,355327
1862,canada,Canada,560592
1862,chile,Chile,293752
1862,colombia,Colombia,27600
1862,cuba,Cuba,592261
1862,czech-republic,Czechia,1131094
1862,denmark,Denmark,677840
1862,estonia,Estonia,7828
1862,finland,Finland,73280
1862,france,France,43524656
1862,georgia,Georgia,2867
1862,germany,Germany,45539856
1862,hungary,Hungary,1157824
1862,india,India,550285
1862,italy,Italy,1227440
1862,kazakhstan,Kazakhstan,51547
1862,latvia,Latvia,5190
1862,lithuania,Lithuania,8093.9995
1862,mexico,Mexico,32768
1862,netherlands,Netherlands,5671872
1862,new-zealand,New Zealand,0
1862,norway,Norway,370064
1862,peru,Peru,70622
1862,poland,Poland,8804592
1862,romania,Romania,10992
1862,russian-federation,Russia,475067
1862,slovak-republic,Slovakia,363818
1862,spain,Spain,2187408
1862,sweden,Sweden,985616
1862,switzerland,Switzerland,468992
1862,taiwan,Taiwan,0
1862,ukraine,Ukraine,150679
1862,united-kingdom,United Kingdom,169470990
1862,united-states,United States,47448800
1862,uruguay,Uruguay,84374
1862,uzbekistan,Uzbekistan,20217
1863,argentina,Argentina,61083
1863,armenia,Armenia,1799
1863,australia,Australia,720450
1863,austria,Austria,5877056
1863,azerbaijan,Azerbaijan,10836
1863,belarus,Belarus,22687
1863,belgium,Belgium,17228128
1863,brazil,Brazil,425965
1863,canada,Canada,703488
1863,chile,Chile,253818
1863,colombia,Colombia,24381
1863,cuba,Cuba,370691
1863,czech-republic,Czechia,1596839
1863,denmark,Denmark,754784
1863,estonia,Estonia,8197
1863,finland,Finland,76944
1863,france,France,44187840
1863,georgia,Georgia,3002
1863,germany,Germany,49383390
1863,hungary,Hungary,1209120
1863,india,India,609954
1863,italy,Italy,1069888
1863,kazakhstan,Kazakhstan,53978
1863,latvia,Latvia,5435
1863,lithuania,Lithuania,8476
1863,mexico,Mexico,21575
1863,netherlands,Netherlands,4085360
1863,new-zealand,New Zealand,0
1863,norway,Norway,362736
1863,peru,Peru,70701
1863,poland,Poland,10054016
1863,romania,Romania,10992
1863,russian-federation,Russia,497476
1863,slovak-republic,Slovakia,513625.03
1863,spain,Spain,2432896
1863,sweden,Sweden,985616
1863,switzerland,Switzerland,468992
1863,taiwan,Taiwan,0
1863,ukraine,Ukraine,157787
1863,united-kingdom,United Kingdom,180224830
1863,united-states,United States,54809776
1863,uruguay,Uruguay,126532
1863,uzbekistan,Uzbekistan,21171
1864,argentina,Argentina,51953
1864,armenia,Armenia,2018
1864,australia,Australia,903160
1864,austria,Austria,5074640
1864,azerbaijan,Azerbaijan,12154
1864,belarus,Belarus,25446
1864,belgium,Belgium,18081840
1864,bolivia-plurinational-state-of,Bolivia,931
1864,brazil,Brazil,479584
1864,canada,Canada,842720
1864,chile,Chile,393771
1864,colombia,Colombia,19421
1864,cuba,Cuba,611289
1864,czech-republic,Czechia,2062583
1864,denmark,Denmark,648528
1864,estonia,Estonia,9194
1864,finland,Finland,47632
1864,france,France,46829584
1864,georgia,Georgia,3367
1864,germany,Germany,56641776
1864,hungary,Hungary,1209120
1864,india,India,576805
1864,italy,Italy,1604832
1864,kazakhstan,Kazakhstan,60543
1864,latvia,Latvia,6095
1864,lithuania,Lithuania,9507
1864,mexico,Mexico,6127
1864,netherlands,Netherlands,3403856
1864,new-zealand,New Zealand,0
1864,norway,Norway,479984
1864,peru,Peru,128768
1864,poland,Poland,11219168
1864,romania,Romania,14656
1864,russian-federation,Russia,557980
1864,slovak-republic,Slovakia,663433
1864,spain,Spain,2333968
1864,sweden,Sweden,1036911.94
1864,switzerland,Switzerland,571584
1864,taiwan,Taiwan,0
1864,ukraine,Ukraine,176977
1864,united-kingdom,United Kingdom,193909870
1864,united-states,United States,58656976
1864,uruguay,Uruguay,107614
1864,uzbekistan,Uzbekistan,23746
1865,argentina,Argentina,89168
1865,armenia,Armenia,1929
1865,australia,Australia,973508
1865,austria,Austria,5353104
1865,azerbaijan,Azerbaijan,11617
1865,belarus,Belarus,24322
1865,belgium,Belgium,19060128
1865,bolivia-plurinational-state-of,Bolivia,5781
1865,brazil,Brazil,571897
1865,canada,Canada,1018592
1865,chile,Chile,401945
1865,colombia,Colombia,10026
1865,cuba,Cuba,588783
1865,czech-republic,Czechia,2528328
1865,denmark,Denmark,1014928
1865,estonia,Estonia,8788
1865,finland,Finland,62288
1865,france,France,49302784
1865,georgia,Georgia,3218
1865,germany,Germany,63467810
1865,hungary,Hungary,1256752
1865,india,India,566860
1865,italy,Italy,1271408
1865,kazakhstan,Kazakhstan,57868
1865,latvia,Latvia,5826
1865,lithuania,Lithuania,9087
1865,mexico,Mexico,20357
1865,netherlands,Netherlands,3847200
1865,new-zealand,New Zealand,0
1865,norway,Norway,472656
1865,peru,Peru,138086
1865,poland,Poland,12420960
1865,romania,Romania,14656
1865,russian-federation,Russia,533330
1865,slovak-republic,Slovakia,813240
1865,spain,Spain,2304656
1865,sweden,Sweden,1080880
1865,switzerland,Switzerland,696160
1865,taiwan,Taiwan,0
1865,turkiye,Turkey,150224
1865,ukraine,Ukraine,169159
1865,united-kingdom,United Kingdom,205488110
1865,united-states,United States,58821856
1865,uruguay,Uruguay,166158
1865,uzbekistan,Uzbekistan,22697
1866,argentina,Argentina,141423
1866,armenia,Armenia,6094
1866,australia,Australia,1280060
1866,austria,Austria,3594384
1866,azerbaijan,Azerbaijan,36706
1866,belarus,Belarus,76849
1866,belgium,Belgium,20529392
1866,bolivia-plurinational-state-of,Bolivia,1924
1866,brazil,Brazil,646022
1866,canada,Canada,1242096
1866,chile,Chile,550955
1866,colombia,Colombia,78444
1866,cuba,Cuba,591925
1866,czech-republic,Czechia,2994073
1866,denmark,Denmark,937984
1866,estonia,Estonia,27768
1866,finland,Finland,69616
1866,france,France,53560350
1866,georgia,Georgia,10168
1866,germany,Germany,62907216
1866,hungary,Hungary,1428960
1866,india,India,639789
1866,italy,Italy,1476592
1866,kazakhstan,Kazakhstan,182845
1866,latvia,Latvia,18409
1866,lithuania,Lithuania,28712
1866,mexico,Mexico,35192
1866,netherlands,Netherlands,4217264
1866,new-zealand,New Zealand,0
1866,norway,Norway,520288
1866,peru,Peru,163344
1866,poland,Poland,12153488
1866,romania,Romania,18320
1866,russian-federation,Russia,1685143
1866,slovak-republic,Slovakia,963047
1866,spain,Spain,2290000
1866,sweden,Sweden,1113856
1866,switzerland,Switzerland,688832
1866,taiwan,Taiwan,0
1866,turkiye,Turkey,208848
1866,ukraine,Ukraine,534484
1866,united-kingdom,United Kingdom,211731570
1866,united-states,United States,59232224
1866,uruguay,Uruguay,304208
1866,uzbekistan,Uzbekistan,71714
1867,argentina,Argentina,101799
1867,armenia,Armenia,6993
1867,australia,Australia,1239852
1867,austria,Austria,4913424
1867,azerbaijan,Azerbaijan,42125
1867,belarus,Belarus,88192
1867,belgium,Belgium,22233152
1867,bolivia-plurinational-state-of,Bolivia,2362
1867,brazil,Brazil,554700
1867,canada,Canada,1593840
1867,chile,Chile,887164
1867,colombia,Colombia,46900
1867,cuba,Cuba,634260
1867,czech-republic,Czechia,3457045
1867,denmark,Denmark,916000
1867,estonia,Estonia,31866
1867,finland,Finland,62288
1867,france,France,54278496
1867,georgia,Georgia,11669
1867,germany,Germany,69154340
1867,greece,Greece,168544
1867,hungary,Hungary,1689104
1867,italy,Italy,1469264
1867,kazakhstan,Kazakhstan,209834
1867,latvia,Latvia,21126
1867,lithuania,Lithuania,32951
1867,mexico,Mexico,15340
1867,netherlands,Netherlands,4041391.8
1867,new-zealand,New Zealand,0
1867,norway,Norway,619216
1867,peru,Peru,91191
1867,poland,Poland,13292992
1867,romania,Romania,21984
1867,russian-federation,Russia,1933881
1867,slovak-republic,Slovakia,1111963
1867,spain,Spain,2557472
1867,sweden,Sweden,1036911.94
1867,switzerland,Switzerland,674176
1867,taiwan,Taiwan,0
1867,turkiye,Turkey,227168
1867,ukraine,Ukraine,613378
1867,united-kingdom,United Kingdom,217374130
1867,united-states,United States,72865970
1867,uruguay,Uruguay,319443
1867,uzbekistan,Uzbekistan,82299
1868,argentina,Argentina,150623
1868,armenia,Armenia,5818
1868,australia,Australia,1532259
1868,austria,Austria,6071248
1868,azerbaijan,Azerbaijan,35047
1868,belarus,Belarus,73374
1868,belgium,Belgium,20100704
1868,bolivia-plurinational-state-of,Bolivia,5668
1868,brazil,Brazil,752482
1868,canada,Canada,945312
1868,chile,Chile,686600
1868,colombia,Colombia,72463
1868,cuba,Cuba,599955
1868,czech-republic,Czechia,3922790
1868,denmark,Denmark,1084544
1868,estonia,Estonia,26512
1868,finland,Finland,87936
1868,france,France,55531584
1868,georgia,Georgia,9708
1868,germany,Germany,74368210
1868,greece,Greece,84272
1868,hungary,Hungary,1806352
1868,italy,Italy,1696432
1868,japan,Japan,10992
1868,kazakhstan,Kazakhstan,174578
1868,latvia,Latvia,17577
1868,lithuania,Lithuania,27414
1868,mexico,Mexico,11595
1868,netherlands,Netherlands,4239248
1868,new-zealand,New Zealand,0
1868,norway,Norway,633872
1868,peru,Peru,194874
1868,poland,Poland,15117664
1868,romania,Romania,25648
1868,russian-federation,Russia,1608953
1868,slovak-republic,Slovakia,1261770
1868,spain,Spain,2660064
1868,sweden,Sweden,1223776
1868,switzerland,Switzerland,769440
1868,taiwan,Taiwan,0
1868,turkiye,Turkey,175872
1868,ukraine,Ukraine,510319
1868,united-kingdom,United Kingdom,213219150
1868,united-states,United States,82352060
1868,uruguay,Uruguay,467312
1868,uzbekistan,Uzbekistan,68472
1869,argentina,Argentina,174755
1869,armenia,Armenia,7893
1869,australia,Australia,1464684
1869,austria,Austria,6485280
1869,azerbaijan,Azerbaijan,47543
1869,belarus,Belarus,99535
1869,belgium,Belgium,21650576
1869,bolivia-plurinational-state-of,Bolivia,3704
1869,brazil,Brazil,605044
1869,canada,Canada,685168
1869,chile,Chile,720640
1869,colombia,Colombia,20721
1869,cuba,Cuba,685097
1869,czech-republic,Czechia,4388534
1869,denmark,Denmark,945312
1869,estonia,Estonia,35965
1869,finland,Finland,69616
1869,france,France,56942224
1869,georgia,Georgia,13170
1869,germany,Germany,77592530
1869,greece,Greece,194192
1869,hungary,Hungary,1963904
1869,italy,Italy,1872304
1869,japan,Japan,18320
1869,kazakhstan,Kazakhstan,236823
1869,latvia,Latvia,23843
1869,lithuania,Lithuania,37189
1869,mexico,Mexico,3583
1869,netherlands,Netherlands,4371152
1869,new-zealand,New Zealand,0
1869,norway,Norway,553264
1869,peru,Peru,132280
1869,poland,Poland,15612304
1869,romania,Romania,25648
1869,russian-federation,Russia,2182619
1869,slovak-republic,Slovakia,1411578
1869,spain,Spain,2638080
1869,sweden,Sweden,1088208
1869,switzerland,Switzerland,743792
1869,taiwan,Taiwan,0
1869,turkiye,Turkey,267472
1869,ukraine,Ukraine,692271
1869,united-kingdom,United Kingdom,223705520
1869,united-states,United States,93695810
1869,uruguay,Uruguay,431035
1869,uzbekistan,Uzbekistan,92885
1870,argentina,Argentina,160446
1870,armenia,Armenia,8565
1870,australia,Australia,1402391
1870,austria,Austria,7364640
1870,azerbaijan,Azerbaijan,51594
1870,belarus,Belarus,108017
1870,belgium,Belgium,24746656
1870,bolivia-plurinational-state-of,Bolivia,2021
1870,brazil,Brazil,698167
1870,canada,Canada,1223776
1870,chile,Chile,657251
1870,colombia,Colombia,54592
1870,cuba,Cuba,626027
1870,czech-republic,Czechia,4854279
1870,denmark,Denmark,1143168
1870,estonia,Estonia,39030
1870,finland,Finland,91600
1870,france,France,50537550
1870,georgia,Georgia,14292
1870,germany,Germany,76639890
1870,greece,Greece,201520
1870,guatemala,Guatemala,0
1870,haiti,Haiti,0
1870,hungary,Hungary,2121456
1870,italy,Italy,2678384
1870,japan,Japan,18320
1870,kazakhstan,Kazakhstan,257004
1870,latvia,Latvia,25875
1870,lithuania,Lithuania,40358
1870,mexico,Mexico,10454
1870,netherlands,Netherlands,4942736
1870,new-zealand,New Zealand,0
1870,norway,Norway,630208
1870,peru,Peru,244046
1870,poland,Poland,16663872
1870,portugal,Portugal,21984
1870,romania,Romania,36640
1870,russian-federation,Russia,2368612
1870,slovak-republic,Slovakia,1561385
1870,spain,Spain,3074096
1870,sweden,Sweden,1341024
1870,switzerland,Switzerland,897680
1870,taiwan,Taiwan,0
1870,turkiye,Turkey,157552
1870,ukraine,Ukraine,751263
1870,united-kingdom,United Kingdom,228494370
1870,united-states,United States,98620220
1870,uruguay,Uruguay,317615
1870,uzbekistan,Uzbekistan,100800
1870,venezuela-rb,Venezuela,1016.00006
1871,argentina,Argentina,173509
1871,armenia,Armenia,11563
1871,australia,Australia,1440910
1871,austria,Austria,10141952
1871,azerbaijan,Azerbaijan,69654
1871,belarus,Belarus,145829
1871,belgium,Belgium,23717072
1871,bolivia-plurinational-state-of,Bolivia,5371
1871,brazil,Brazil,844686
1871,canada,Canada,1780704
1871,chile,Chile,580950
1871,colombia,Colombia,119194
1871,cuba,Cuba,609019
1871,czech-republic,Czechia,5320024
1871,denmark,Denmark,1187136
1871,estonia,Estonia,52692
1871,finland,Finland,113584
1871,france,France,50262750
1871,georgia,Georgia,19295
1871,germany,Germany,85349220
1871,greece,Greece,296784
1871,guatemala,Guatemala,0
1871,haiti,Haiti,333
1871,hungary,Hungary,2630752
1871,italy,Italy,2308320
1871,japan,Japan,25648
1871,kazakhstan,Kazakhstan,346967
1871,latvia,Latvia,34933
1871,lithuania,Lithuania,54485
1871,mexico,Mexico,12655
1871,netherlands,Netherlands,4979376
1871,new-zealand,New Zealand,0
1871,norway,Norway,611888
1871,peru,Peru,288486
1871,poland,Poland,18972192
1871,portugal,Portugal,36640
1871,romania,Romania,40304
1871,russian-federation,Russia,3197739
1871,slovak-republic,Slovakia,1711192
1871,spain,Spain,2938528
1871,sweden,Sweden,1432624
1871,switzerland,Switzerland,1110192
1871,taiwan,Taiwan,0
1871,turkiye,Turkey,197856
1871,ukraine,Ukraine,1014241
1871,united-kingdom,United Kingdom,242036510
1871,united-states,United States,103020690
1871,uruguay,Uruguay,248655
1871,uzbekistan,Uzbekistan,136085
1871,venezuela-rb,Venezuela,769
1872,argentina,Argentina,169208
1872,armenia,Armenia,11871
1872,australia,Australia,1636610
1872,austria,Austria,10006384
1872,azerbaijan,Azerbaijan,71509
1872,belarus,Belarus,149712
1872,belgium,Belgium,25589376
1872,bolivia-plurinational-state-of,Bolivia,10310
1872,brazil,Brazil,858380
1872,canada,Canada,1846656
1872,chile,Chile,1027092
1872,colombia,Colombia,103738
1872,cuba,Cuba,618543
1872,czech-republic,Czechia,5782996
1872,denmark,Denmark,1139504
1872,estonia,Estonia,54095
1872,finland,Finland,91600
1872,france,France,60924990
1872,georgia,Georgia,19809
1872,germany,Germany,92109300
1872,greece,Greece,175872
1872,guatemala,Guatemala,0
1872,haiti,Haiti,782
1872,hungary,Hungary,2795632
1872,italy,Italy,2975168
1872,japan,Japan,32976
1872,kazakhstan,Kazakhstan,356207
1872,latvia,Latvia,35863
1872,lithuania,Lithuania,55936
1872,mexico,Mexico,25230
1872,netherlands,Netherlands,5331120
1872,new-zealand,New Zealand,0
1872,norway,Norway,655856
1872,peru,Peru,507305.03
1872,poland,Poland,20631984
1872,portugal,Portugal,520288
1872,romania,Romania,40304
1872,russian-federation,Russia,3282892
1872,slovak-republic,Slovakia,1860108
1872,spain,Spain,3260960
1872,sweden,Sweden,1711088
1872,switzerland,Switzerland,1275072
1872,taiwan,Taiwan,0
1872,turkiye,Turkey,245488
1872,ukraine,Ukraine,1041250
1872,united-kingdom,United Kingdom,254988750
1872,united-states,United States,126305410
1872,uruguay,Uruguay,336081
1872,uzbekistan,Uzbekistan,139709
1872,venezuela-rb,Venezuela,505
1873,argentina,Argentina,187797
1873,armenia,Armenia,11142
1873,australia,Australia,1930549
1873,austria,Austria,10728192
1873,azerbaijan,Azerbaijan,67116
1873,belarus,Belarus,140515
1873,belgium,Belgium,28106544
1873,bolivia-plurinational-state-of,Bolivia,13937
1873,brazil,Brazil,1029011
1873,canada,Canada,1608496
1873,chile,Chile,1257850
1873,colombia,Colombia,80740
1873,cuba,Cuba,641844
1873,czech-republic,Czechia,6248741
1873,denmark,Denmark,1150496
1873,estonia,Estonia,50772
1873,finland,Finland,87936
1873,france,France,65849412
1873,georgia,Georgia,18592
1873,germany,Germany,98367410
1873,greece,Greece,194192
1873,guatemala,Guatemala,0
1873,haiti,Haiti,454
1873,hungary,Hungary,2916544
1873,italy,Italy,2769984
1873,japan,Japan,40304
1873,kazakhstan,Kazakhstan,334324
1873,latvia,Latvia,33660
1873,lithuania,Lithuania,52499
1873,mexico,Mexico,33314
1873,netherlands,Netherlands,5140592
1873,new-zealand,New Zealand,0
1873,norway,Norway,659520
1873,peru,Peru,473529
1873,poland,Poland,22350400
1873,portugal,Portugal,725472
1873,romania,Romania,43968
1873,russian-federation,Russia,3081213
1873,slovak-republic,Slovakia,2009915.1
1873,spain,Spain,3136384
1873,sweden,Sweden,1736736
1873,switzerland,Switzerland,1238432
1873,taiwan,Taiwan,0
1873,turkiye,Turkey,238160
1873,ukraine,Ukraine,977282
1873,united-kingdom,United Kingdom,264658050
1873,united-states,United States,139506800
1873,uruguay,Uruguay,264687
1873,uzbekistan,Uzbekistan,131126
1873,venezuela-rb,Venezuela,1316
1874,argentina,Argentina,222817
1874,armenia,Armenia,13524
1874,australia,Australia,2125629
1874,austria,Austria,9152672
1874,azerbaijan,Azerbaijan,81467
1874,belarus,Belarus,170559
1874,belgium,Belgium,25915472
1874,bolivia-plurinational-state-of,Bolivia,8289
1874,brazil,Brazil,996022
1874,canada,Canada,1623152
1874,chile,Chile,1644514
1874,colombia,Colombia,77193
1874,cuba,Cuba,650764
1874,czech-republic,Czechia,6714485
1874,denmark,Denmark,1242096
1874,estonia,Estonia,61628
1874,finland,Finland,124576
1874,france,France,62643410
1874,georgia,Georgia,22567
1874,germany,Germany,71594560
1874,greece,Greece,150224
1874,guatemala,Guatemala,3
1874,haiti,Haiti,567
1874,hungary,Hungary,2557472
1874,italy,Italy,2997152
1874,japan,Japan,586240
1874,kazakhstan,Kazakhstan,405808
1874,latvia,Latvia,40857
1874,lithuania,Lithuania,63725.004
1874,mexico,Mexico,34471
1874,netherlands,Netherlands,4741216
1874,new-zealand,New Zealand,0
1874,norway,Norway,817072
1874,peru,Peru,328648
1874,poland,Poland,24497504
1874,portugal,Portugal,531280
1874,romania,Romania,43968
1874,russian-federation,Russia,3740032
1874,slovak-republic,Slovakia,2159723
1874,spain,Spain,3118064
1874,sweden,Sweden,1872304
1874,switzerland,Switzerland,1168816
1874,taiwan,Taiwan,0
1874,turkiye,Turkey,256480.02
1874,ukraine,Ukraine,1186243
1874,united-kingdom,United Kingdom,257187170
1874,united-states,United States,134296590
1874,uruguay,Uruguay,463087
1874,uzbekistan,Uzbekistan,159163
1874,venezuela-rb,Venezuela,1924
1875,argentina,Argentina,129876
1875,armenia,Armenia,15567
1875,australia,Australia,2142736
1875,austria,Austria,7859280
1875,azerbaijan,Azerbaijan,93767
1875,belarus,Belarus,196312
1875,belgium,Belgium,26930400
1875,bolivia-plurinational-state-of,Bolivia,10511
1875,brazil,Brazil,939750
1875,canada,Canada,1875968
1875,chile,Chile,1467963
1875,colombia,Colombia,74397
1875,cuba,Cuba,652685
1875,czech-republic,Czechia,7180230
1875,denmark,Denmark,1458272
1875,estonia,Estonia,70933
1875,finland,Finland,84272
1875,france,France,65259508
1875,georgia,Georgia,25974
1875,germany,Germany,101518450
1875,greece,Greece,164880
1875,guatemala,Guatemala,0
1875,haiti,Haiti,495
1875,hungary,Hungary,2634416
1875,italy,Italy,3066768
1875,japan,Japan,1439952
1875,kazakhstan,Kazakhstan,467081
1875,latvia,Latvia,47026
1875,lithuania,Lithuania,73347
1875,mexico,Mexico,37313
1875,netherlands,Netherlands,5419056
1875,new-zealand,New Zealand,0
1875,norway,Norway,1025920.06
1875,peru,Peru,316671
1875,poland,Poland,24057824
1875,portugal,Portugal,1168816
1875,romania,Romania,47632
1875,russian-federation,Russia,4304734
1875,slovak-republic,Slovakia,2309530
1875,spain,Spain,3290272
1875,sweden,Sweden,2275344
1875,switzerland,Switzerland,1278736
1875,taiwan,Taiwan,0
1875,turkiye,Turkey,351744
1875,ukraine,Ukraine,1365352
1875,united-kingdom,United Kingdom,271487740
1875,united-states,United States,135747540
1875,uruguay,Uruguay,303788
1875,uzbekistan,Uzbekistan,183195
1875,venezuela-rb,Venezuela,657
1876,argentina,Argentina,127019
1876,armenia,Armenia,19326
1876,australia,Australia,2158161
1876,austria,Austria,8090111.5
1876,azerbaijan,Azerbaijan,116416
1876,belarus,Belarus,243729
1876,belgium,Belgium,26318512
1876,bolivia-plurinational-state-of,Bolivia,16840
1876,brazil,Brazil,843065
1876,canada,Canada,1857648
1876,chile,Chile,1597486
1876,colombia,Colombia,68011
1876,cuba,Cuba,561950
1876,czech-republic,Czechia,12411540
1876,denmark,Denmark,1542544
1876,estonia,Estonia,88067
1876,finland,Finland,95264
1876,france,France,65358428
1876,georgia,Georgia,32248.002
1876,germany,Germany,103438380
1876,guatemala,Guatemala,0
1876,haiti,Haiti,233
1876,hungary,Hungary,2762656
1876,italy,Italy,4107344.2
1876,japan,Japan,1403312
1876,kazakhstan,Kazakhstan,579900
1876,latvia,Latvia,58385
1876,lithuania,Lithuania,91063
1876,mexico,Mexico,37844
1876,netherlands,Netherlands,6210480
1876,new-zealand,New Zealand,0
1876,norway,Norway,905008
1876,peru,Peru,237470
1876,poland,Poland,24589104
1876,portugal,Portugal,1146832
1876,romania,Romania,47632
1876,russian-federation,Russia,5344504
1876,slovak-republic,Slovakia,3992188
1876,spain,Spain,3568736
1876,sweden,Sweden,2429232
1876,switzerland,Switzerland,1494912
1876,taiwan,Taiwan,0
1876,turkiye,Turkey,274800
1876,ukraine,Ukraine,1695140
1876,united-kingdom,United Kingdom,271018750
1876,united-states,United States,132820010
1876,uruguay,Uruguay,310649
1876,uzbekistan,Uzbekistan,227444
1876,venezuela-rb,Venezuela,1670
1877,argentina,Argentina,100473
1877,armenia,Armenia,19724
1877,australia,Australia,2372097
1877,austria,Austria,7284032
1877,azerbaijan,Azerbaijan,118808
1877,belarus,Belarus,248736
1877,belgium,Belgium,25050768
1877,bolivia-plurinational-state-of,Bolivia,12560
1877,brazil,Brazil,878429
1877,canada,Canada,2022527.9
1877,chile,Chile,1351934
1877,colombia,Colombia,68001
1877,cuba,Cuba,589335
1877,czech-republic,Czechia,13040850
1877,denmark,Denmark,1524224
1877,estonia,Estonia,89876
1877,finland,Finland,113584
1877,france,France,63925810
1877,georgia,Georgia,32911
1877,germany,Germany,101302270
1877,guatemala,Guatemala,5
1877,haiti,Haiti,2742
1877,hungary,Hungary,2887232
1877,italy,Italy,3803232
1877,japan,Japan,1289728
1877,kazakhstan,Kazakhstan,591814
1877,latvia,Latvia,59584
1877,lithuania,Lithuania,92934
1877,mexico,Mexico,46777
1877,netherlands,Netherlands,6309408
1877,new-zealand,New Zealand,0
1877,norway,Norway,1220112
1877,peru,Peru,210498
1877,poland,Poland,23134496
1877,portugal,Portugal,670512
1877,romania,Romania,47632
1877,russian-federation,Russia,5454307
1877,slovak-republic,Slovakia,4194606
1877,spain,Spain,3781248
1877,sweden,Sweden,2572128
1877,switzerland,Switzerland,1417968
1877,taiwan,Taiwan,0
1877,turkiye,Turkey,447008
1877,ukraine,Ukraine,1729967
1877,united-kingdom,United Kingdom,275899200
1877,united-states,United States,147175550
1877,uruguay,Uruguay,362663
1877,uzbekistan,Uzbekistan,232117
1877,venezuela-rb,Venezuela,2675
1878,argentina,Argentina,80873
1878,armenia,Armenia,25777
1878,australia,Australia,2561644
1878,austria,Austria,7240064
1878,azerbaijan,Azerbaijan,155270
1878,belarus,Belarus,325074
1878,belgium,Belgium,27238176
1878,bolivia-plurinational-state-of,Bolivia,22168
1878,brazil,Brazil,949458
1878,canada,Canada,1934592
1878,chile,Chile,1258358
1878,colombia,Colombia,60896
1878,cuba,Cuba,686376
1878,czech-republic,Czechia,13670159
1878,denmark,Denmark,1447280
1878,estonia,Estonia,117459
1878,finland,Finland,128240.01
1878,france,France,65222864
1878,georgia,Georgia,43011
1878,germany,Germany,104544910
1878,guatemala,Guatemala,23
1878,haiti,Haiti,4796
1878,hungary,Hungary,2876240
1878,india,India,1766878
1878,italy,Italy,3784912
1878,japan,Japan,1857648
1878,kazakhstan,Kazakhstan,773443
1878,latvia,Latvia,77871
1878,lithuania,Lithuania,121455
1878,mexico,Mexico,61573
1878,netherlands,Netherlands,6686800
1878,new-zealand,New Zealand,355408
1878,norway,Norway,1088208
1878,peru,Peru,207574
1878,poland,Poland,24332624
1878,portugal,Portugal,641200
1878,romania,Romania,47632
1878,russian-federation,Russia,7128246
1878,slovak-republic,Slovakia,4397025
1878,spain,Spain,3755600
1878,sweden,Sweden,2180080
1878,switzerland,Switzerland,1355680
1878,taiwan,Taiwan,0
1878,turkiye,Turkey,326096
1878,ukraine,Ukraine,2260898
1878,united-kingdom,United Kingdom,270974800
1878,united-states,United States,143903600
1878,uruguay,Uruguay,337048
1878,uzbekistan,Uzbekistan,303354
1878,venezuela-rb,Venezuela,2811
1879,argentina,Argentina,191650
1879,armenia,Armenia,26449
1879,australia,Australia,2577875
1879,austria,Austria,8863216
1879,azerbaijan,Azerbaijan,159322
1879,belarus,Belarus,333556
1879,belgium,Belgium,27732816
1879,bolivia-plurinational-state-of,Bolivia,28290
1879,brazil,Brazil,808030
1879,canada,Canada,2183744
1879,chile,Chile,1384135
1879,colombia,Colombia,68475
1879,cuba,Cuba,697184
1879,czech-republic,Czechia,14690362
1879,denmark,Denmark,1634144
1879,estonia,Estonia,120524
1879,finland,Finland,76944
1879,france,France,67498210
1879,georgia,Georgia,44133
1879,germany,Germany,110846990
1879,greece,Greece,3664
1879,guatemala,Guatemala,38
1879,haiti,Haiti,1898
1879,hungary,Hungary,2868912
1879,india,India,1684355
1879,italy,Italy,4356496
1879,japan,Japan,2315648
1879,kazakhstan,Kazakhstan,793624
1879,latvia,Latvia,79902
1879,lithuania,Lithuania,124624
1879,mexico,Mexico,80263
1879,netherlands,Netherlands,7210752
1879,new-zealand,New Zealand,505631.97
1879,norway,Norway,1143168
1879,peru,Peru,233907
1879,poland,Poland,26487056
1879,portugal,Portugal,707152
1879,romania,Romania,47632
1879,russian-federation,Russia,7314239
1879,slovak-republic,Slovakia,4725174
1879,spain,Spain,3971776
1879,sweden,Sweden,2213056
1879,switzerland,Switzerland,1447280
1879,taiwan,Taiwan,0
1879,turkiye,Turkey,124576
1879,ukraine,Ukraine,2319890
1879,united-kingdom,United Kingdom,272645570
1879,united-states,United States,175468960
1879,uruguay,Uruguay,302831
1879,uzbekistan,Uzbekistan,311269
1879,venezuela-rb,Venezuela,2793
1880,argentina,Argentina,194096
1880,armenia,Armenia,31028
1880,australia,Australia,2417483
1880,austria,Austria,23647456
1880,azerbaijan,Azerbaijan,186900
1880,belarus,Belarus,391295
1880,belgium,Belgium,30425856
1880,bolivia-plurinational-state-of,Bolivia,34307
1880,brazil,Brazil,923420
1880,canada,Canada,5232192
1880,chile,Chile,1746370
1880,colombia,Colombia,72630
1880,cuba,Cuba,589748
1880,czech-republic,Czechia,15563633
1880,denmark,Denmark,1861312
1880,estonia,Estonia,141387
1880,finland,Finland,98928
1880,france,France,76148910
1880,georgia,Georgia,51773
1880,germany,Germany,124502720
1880,guatemala,Guatemala,23
1880,haiti,Haiti,1377
1880,hungary,Hungary,3312256
1880,india,India,1886743
1880,ireland,Ireland,351744
1880,italy,Italy,5067312
1880,japan,Japan,2348624
1880,kazakhstan,Kazakhstan,931001
1880,latvia,Latvia,93734
1880,lithuania,Lithuania,146197
1880,mexico,Mexico,88427
1880,netherlands,Netherlands,7972864
1880,new-zealand,New Zealand,655856
1880,norway,Norway,1249424
1880,peru,Peru,122605
1880,poland,Poland,26347824
1880,portugal,Portugal,879360
1880,romania,Romania,47632
1880,russian-federation,Russia,8580338
1880,slovak-republic,Slovakia,5006063
1880,spain,Spain,4415120
1880,sweden,Sweden,2828608
1880,switzerland,Switzerland,1670784
1880,taiwan,Taiwan,0
1880,turkiye,Turkey,139232
1880,ukraine,Ukraine,2721464
1880,united-kingdom,United Kingdom,297124770
1880,united-states,United States,198856380
1880,uruguay,Uruguay,356635
1880,uzbekistan,Uzbekistan,365150
1880,venezuela-rb,Venezuela,3134
1881,argentina,Argentina,308238
1881,armenia,Armenia,32681
1881,australia,Australia,2905113
1881,austria,Austria,10314160
1881,azerbaijan,Azerbaijan,196858
1881,belarus,Belarus,412142
1881,belgium,Belgium,30631040
1881,bolivia-plurinational-state-of,Bolivia,43040
1881,brazil,Brazil,1031042
1881,bulgaria,Bulgaria,3664
1881,canada,Canada,5591264
1881,chile,Chile,1756870
1881,colombia,Colombia,59493
1881,cuba,Cuba,606360
1881,czech-republic,Czechia,16436905
1881,denmark,Denmark,1971232
1881,estonia,Estonia,148919
1881,finland,Finland,98928
1881,france,France,77984580
1881,georgia,Georgia,54531
1881,germany,Germany,134263620
1881,guatemala,Guatemala,5
1881,haiti,Haiti,1582
1881,hungary,Hungary,3550416
1881,india,India,1839304
1881,ireland,Ireland,351744
1881,italy,Italy,5957664
1881,japan,Japan,2414576
1881,kazakhstan,Kazakhstan,980603
1881,latvia,Latvia,98727
1881,lithuania,Lithuania,153986
1881,mexico,Mexico,57898
1881,netherlands,Netherlands,8027824.5
1881,new-zealand,New Zealand,736464
1881,norway,Norway,1293392
1881,peru,Peru,123677
1881,poland,Poland,26230576
1881,portugal,Portugal,890352
1881,romania,Romania,51296
1881,russian-federation,Russia,9037477
1881,slovak-republic,Slovakia,5286952
1881,spain,Spain,4931744
1881,sweden,Sweden,2751664
1881,switzerland,Switzerland,1564528
1881,taiwan,Taiwan,0
1881,turkiye,Turkey,183200
1881,ukraine,Ukraine,2866457
1881,united-kingdom,United Kingdom,312312030
1881,united-states,United States,210400510
1881,uruguay,Uruguay,426198
1881,uzbekistan,Uzbekistan,384605
1881,venezuela-rb,Venezuela,2680
1882,argentina,Argentina,344096
1882,armenia,Armenia,34423
1882,australia,Australia,3449765
1882,austria,Austria,10599952
1882,azerbaijan,Azerbaijan,207352
1882,belarus,Belarus,434113
1882,belgium,Belgium,32437394
1882,bolivia-plurinational-state-of,Bolivia,51542
1882,brazil,Brazil,948135
1882,bulgaria,Bulgaria,3664
1882,canada,Canada,6617184
1882,chile,Chile,1874541
1882,colombia,Colombia,86919
1882,cuba,Cuba,615131
1882,czech-republic,Czechia,16808392
1882,denmark,Denmark,2114128
1882,estonia,Estonia,156858
1882,finland,Finland,120912
1882,france,France,82308100
1882,georgia,Georgia,57438
1882,germany,Germany,143665440
1882,guatemala,Guatemala,3
1882,haiti,Haiti,1267
1882,hungary,Hungary,3583392
1882,india,India,2196259
1882,italy,Italy,6272768
1882,japan,Japan,2513504
1882,kazakhstan,Kazakhstan,1032879
1882,latvia,Latvia,103991
1882,lithuania,Lithuania,162195
1882,mexico,Mexico,79114
1882,netherlands,Netherlands,8130416
1882,new-zealand,New Zealand,828064
1882,norway,Norway,1414304
1882,peru,Peru,179290
1882,poland,Poland,27245504
1882,portugal,Portugal,1084544
1882,romania,Romania,223504
1882,russian-federation,Russia,9519267
1882,slovak-republic,Slovakia,5406441
1882,spain,Spain,5382416
1882,sweden,Sweden,3147376
1882,switzerland,Switzerland,1729408
1882,taiwan,Taiwan,0
1882,turkiye,Turkey,153888
1882,ukraine,Ukraine,3019269
1882,united-kingdom,United Kingdom,314964770
1882,united-states,United States,235663860
1882,uruguay,Uruguay,345925
1882,uzbekistan,Uzbekistan,405108
1882,venezuela-rb,Venezuela,1675
1883,argentina,Argentina,481405
1883,armenia,Armenia,39180
1883,australia,Australia,4146751
1883,austria,Austria,11761440
1883,azerbaijan,Azerbaijan,236005
1883,belarus,Belarus,494100
1883,belgium,Belgium,34382976
1883,bolivia-plurinational-state-of,Bolivia,43661
1883,brazil,Brazil,1170254
1883,bulgaria,Bulgaria,7328
1883,canada,Canada,7430592
1883,chile,Chile,1655050
1883,colombia,Colombia,108919
1883,cuba,Cuba,596411
1883,czech-republic,Czechia,17953346
1883,denmark,Denmark,2429232
1883,estonia,Estonia,178533
1883,finland,Finland,117248
1883,france,France,86320180
1883,georgia,Georgia,65375
1883,germany,Germany,153092910
1883,greece,Greece,3664
1883,guatemala,Guatemala,28
1883,haiti,Haiti,1064
1883,hungary,Hungary,4078032
1883,india,India,2440867
1883,italy,Italy,6646496
1883,japan,Japan,2711360
1883,kazakhstan,Kazakhstan,1175605
1883,latvia,Latvia,118360
1883,lithuania,Lithuania,184607
1883,mexico,Mexico,83428
1883,netherlands,Netherlands,9009776
1883,new-zealand,New Zealand,926992
1883,norway,Norway,1524224
1883,peru,Peru,171303
1883,poland,Poland,29927552
1883,portugal,Portugal,1139504
1883,romania,Romania,406704
1883,russian-federation,Russia,10834665
1883,slovak-republic,Slovakia,5774717
1883,spain,Spain,5902704
1883,sweden,Sweden,3216992
1883,switzerland,Switzerland,1912608
1883,taiwan,Taiwan,0
1883,turkiye,Turkey,161216
1883,ukraine,Ukraine,3436479
1883,united-kingdom,United Kingdom,327730140
1883,united-states,United States,254230540
1883,uruguay,Uruguay,443020
1883,uzbekistan,Uzbekistan,461087
1883,venezuela-rb,Venezuela,1436
1884,argentina,Argentina,657415
1884,armenia,Armenia,39779
1884,australia,Australia,4531928
1884,austria,Austria,11460992
1884,azerbaijan,Azerbaijan,239617
1884,belarus,Belarus,501663.03
1884,belgium,Belgium,33870016
1884,bolivia-plurinational-state-of,Bolivia,54104
1884,brazil,Brazil,1282615
1884,bulgaria,Bulgaria,10992
1884,canada,Canada,8599408
1884,chile,Chile,1709650
1884,colombia,Colombia,144629
1884,cuba,Cuba,585408
1884,czech-republic,Czechia,18543844
1884,denmark,Denmark,2418240
1884,estonia,Estonia,181266
1884,finland,Finland,142896
1884,france,France,82912660
1884,georgia,Georgia,66376
1884,germany,Germany,157526350
1884,guatemala,Guatemala,74
1884,haiti,Haiti,1447
1884,hungary,Hungary,4330848
1884,india,India,2729971
1884,italy,Italy,7360976
1884,japan,Japan,2956848
1884,kazakhstan,Kazakhstan,1193597
1884,latvia,Latvia,120172
1884,lithuania,Lithuania,187433
1884,mexico,Mexico,71496
1884,netherlands,Netherlands,9017104
1884,new-zealand,New Zealand,1058896
1884,norway,Norway,1560864
1884,peru,Peru,232770
1884,poland,Poland,31202624
1884,portugal,Portugal,1201792
1884,romania,Romania,472656
1884,russian-federation,Russia,11000490
1884,slovak-republic,Slovakia,5964652
1884,south-africa,South Africa,21984
1884,spain,Spain,5869728
1884,sweden,Sweden,3550416
1884,switzerland,Switzerland,1963904
1884,taiwan,Taiwan,0
1884,turkiye,Turkey,175872
1884,ukraine,Ukraine,3489075
1884,united-kingdom,United Kingdom,319097760
1884,united-states,United States,267921760
1884,uruguay,Uruguay,548277
1884,uzbekistan,Uzbekistan,468144
1884,venezuela-rb,Venezuela,3439
1885,argentina,Argentina,761540
1885,armenia,Armenia,43329
1885,australia,Australia,4871322
1885,austria,Austria,12047232
1885,azerbaijan,Azerbaijan,260997
1885,belarus,Belarus,546423
1885,belgium,Belgium,33082256
1885,bolivia-plurinational-state-of,Bolivia,37882
1885,brazil,Brazil,1215464
1885,bulgaria,Bulgaria,7328
1885,canada,Canada,8244000.5
1885,chile,Chile,1756426
1885,colombia,Colombia,219257
1885,croatia,Croatia,4927
1885,cuba,Cuba,609132
1885,czech-republic,Czechia,19469790
1885,denmark,Denmark,2535488
1885,estonia,Estonia,197439
1885,finland,Finland,219840
1885,france,France,79713980
1885,georgia,Georgia,72298
1885,germany,Germany,161183020
1885,guatemala,Guatemala,49
1885,haiti,Haiti,1406
1885,hungary,Hungary,4378480
1885,india,India,2459363
1885,italy,Italy,8375904
1885,japan,Japan,3348896
1885,kazakhstan,Kazakhstan,1300095
1885,latvia,Latvia,130894.01
1885,lithuania,Lithuania,204156
1885,mexico,Mexico,63814.996
1885,netherlands,Netherlands,9420144
1885,new-zealand,New Zealand,1128512
1885,norway,Norway,1784368
1885,peru,Peru,152248
1885,poland,Poland,32598606
1885,portugal,Portugal,1113856
1885,romania,Romania,450672
1885,russian-federation,Russia,11981997
1885,serbia,Serbia,13049
1885,slovak-republic,Slovakia,6262483
1885,slovenia,Slovenia,3737
1885,south-africa,South Africa,36640
1885,spain,Spain,5759808
1885,sweden,Sweden,3828880
1885,switzerland,Switzerland,2044512
1885,taiwan,Taiwan,0
1885,turkiye,Turkey,194192
1885,ukraine,Ukraine,3800384
1885,united-kingdom,United Kingdom,315290850
1885,united-states,United States,272506900
1885,uruguay,Uruguay,655081
1885,uzbekistan,Uzbekistan,509913.03
1885,venezuela-rb,Venezuela,31645
1886,argentina,Argentina,784439
1886,armenia,Armenia,44439
1886,australia,Australia,4829301
1886,austria,Austria,11369392
1886,azerbaijan,Azerbaijan,267684
1886,belarus,Belarus,560423
1886,belgium,Belgium,32103970
1886,bolivia-plurinational-state-of,Bolivia,21196
1886,brazil,Brazil,1236031
1886,bulgaria,Bulgaria,7328
1886,canada,Canada,8797264
1886,chile,Chile,1598483
1886,colombia,Colombia,269253
1886,cuba,Cuba,575572
1886,czech-republic,Czechia,20467814
1886,denmark,Denmark,2429232
1886,estonia,Estonia,202498
1886,finland,Finland,128240.01
1886,france,France,79072780
1886,georgia,Georgia,74151
1886,germany,Germany,163033340
1886,guatemala,Guatemala,103
1886,haiti,Haiti,513
1886,hungary,Hungary,4096352
1886,india,India,2772020
1886,italy,Italy,8328272
1886,japan,Japan,3605376
1886,kazakhstan,Kazakhstan,1333405
1886,latvia,Latvia,134248
1886,lithuania,Lithuania,209387
1886,mexico,Mexico,88327
1886,netherlands,Netherlands,9618000
1886,new-zealand,New Zealand,1179808
1886,norway,Norway,1744064
1886,peru,Peru,142829
1886,poland,Poland,33430336
1886,portugal,Portugal,1231104
1886,romania,Romania,483648
1886,russian-federation,Russia,12288997
1886,slovak-republic,Slovakia,6583499
1886,south-africa,South Africa,47632
1886,spain,Spain,6093232
1886,sweden,Sweden,3751936
1886,switzerland,Switzerland,2084816
1886,taiwan,Taiwan,0
1886,turkiye,Turkey,135568
1886,ukraine,Ukraine,3897756
1886,united-kingdom,United Kingdom,312429280
1886,united-states,United States,287836900
1886,uruguay,Uruguay,452351
1886,uzbekistan,Uzbekistan,522978
1886,venezuela-rb,Venezuela,25738
1887,argentina,Argentina,1207669
1887,armenia,Armenia,47024
1887,australia,Australia,5022818
1887,austria,Austria,12256080
1887,azerbaijan,Azerbaijan,283255
1887,belarus,Belarus,593023
1887,belgium,Belgium,33968944
1887,bolivia-plurinational-state-of,Bolivia,33378
1887,brazil,Brazil,1315565
1887,bulgaria,Bulgaria,10992
1887,canada,Canada,10149280
1887,chile,Chile,1555956
1887,colombia,Colombia,233702
1887,cuba,Cuba,642752
1887,czech-republic,Czechia,21499106
1887,denmark,Denmark,2491520
1887,estonia,Estonia,214277
1887,finland,Finland,128240.01
1887,france,France,83290050
1887,georgia,Georgia,78464
1887,germany,Germany,170390660
1887,guatemala,Guatemala,97
1887,haiti,Haiti,69
1887,hungary,Hungary,4085360
1887,india,India,3065970
1887,italy,Italy,10149280
1887,japan,Japan,4473744
1887,kazakhstan,Kazakhstan,1410969
1887,latvia,Latvia,142057
1887,lithuania,Lithuania,221567
1887,mexico,Mexico,172716
1887,netherlands,Netherlands,9786544
1887,new-zealand,New Zealand,1238432
1887,norway,Norway,1681776
1887,peru,Peru,207990
1887,poland,Poland,33675824
1887,portugal,Portugal,1267744
1887,romania,Romania,527616
1887,russian-federation,Russia,13003839
1887,slovak-republic,Slovakia,6915215
1887,south-africa,South Africa,47632
1887,spain,Spain,6140864
1887,sweden,Sweden,3803232
1887,switzerland,Switzerland,2257024
1887,taiwan,Taiwan,0
1887,turkiye,Turkey,245488
1887,ukraine,Ukraine,4124486
1887,united-kingdom,United Kingdom,320442430
1887,united-states,United States,307936640
1887,uruguay,Uruguay,651498
1887,uzbekistan,Uzbekistan,553400
1887,venezuela-rb,Venezuela,44489
1888,argentina,Argentina,1198649
1888,armenia,Armenia,49050
1888,australia,Australia,5609240
1888,austria,Austria,11951968
1888,azerbaijan,Azerbaijan,295458
1888,belarus,Belarus,618571
1888,belgium,Belgium,36053760
1888,bolivia-plurinational-state-of,Bolivia,43632
1888,brazil,Brazil,1283198
1888,bulgaria,Bulgaria,18320
1888,canada,Canada,13311312
1888,chile,Chile,2285814
1888,colombia,Colombia,295978
1888,cuba,Cuba,715587
1888,czech-republic,Czechia,23043270
1888,denmark,Denmark,2802960
1888,estonia,Estonia,223508
1888,finland,Finland,120912
1888,france,France,86653600
1888,georgia,Georgia,81844
1888,germany,Germany,186347380
1888,greece,Greece,3664
1888,guatemala,Guatemala,126
1888,haiti,Haiti,3819
1888,hungary,Hungary,4429776
1888,india,India,3409502
1888,italy,Italy,10896736
1888,japan,Japan,5169904
1888,kazakhstan,Kazakhstan,1471755
1888,latvia,Latvia,148177
1888,lithuania,Lithuania,231112
1888,mexico,Mexico,232112
1888,netherlands,Netherlands,10860096
1888,new-zealand,New Zealand,1363008
1888,norway,Norway,1945584
1888,peru,Peru,470436
1888,poland,Poland,37501040
1888,portugal,Portugal,1366672
1888,romania,Romania,630208
1888,russian-federation,Russia,13564059
1888,slovak-republic,Slovakia,7411898
1888,south-africa,South Africa,80608
1888,spain,Spain,6433984
1888,sweden,Sweden,4246576
1888,switzerland,Switzerland,2304656
1888,taiwan,Taiwan,0
1888,turkiye,Turkey,267472
1888,ukraine,Ukraine,4302174
1888,united-kingdom,United Kingdom,333167520
1888,united-states,United States,374415200
1888,uruguay,Uruguay,748321
1888,uzbekistan,Uzbekistan,577241
1888,venezuela-rb,Venezuela,61063
1889,argentina,Argentina,1967535
1889,armenia,Armenia,52972
1889,australia,Australia,6250296
1889,austria,Austria,12875296
1889,azerbaijan,Azerbaijan,319083
1889,belarus,Belarus,668032
1889,belgium,Belgium,36834190
1889,brazil,Brazil,1860401
1889,bulgaria,Bulgaria,25648
1889,canada,Canada,11292448
1889,chile,Chile,2125398
1889,colombia,Colombia,116527
1889,cuba,Cuba,793331
1889,czech-republic,Czechia,24396146
1889,denmark,Denmark,2993488
1889,estonia,Estonia,241380
1889,finland,Finland,161216
1889,france,France,88797040
1889,georgia,Georgia,88389
1889,germany,Germany,198848940
1889,guatemala,Guatemala,203
1889,haiti,Haiti,7117
1889,hungary,Hungary,4752208
1889,india,India,4021770
1889,indonesia,Indonesia,3664
1889,italy,Italy,11255808
1889,japan,Japan,6254448
1889,kazakhstan,Kazakhstan,1589437
1889,latvia,Latvia,160025
1889,lithuania,Lithuania,249592
1889,mexico,Mexico,297114
1889,netherlands,Netherlands,10610944
1889,new-zealand,New Zealand,1311712
1889,norway,Norway,2220384
1889,peru,Peru,165407
1889,poland,Poland,40516510
1889,portugal,Portugal,1571856
1889,romania,Romania,644864
1889,russian-federation,Russia,14648646
1889,slovak-republic,Slovakia,7847053
1889,south-africa,South Africa,131904
1889,spain,Spain,6822368
1889,sweden,Sweden,4957392
1889,switzerland,Switzerland,2542816
1889,taiwan,Taiwan,0
1889,turkiye,Turkey,403040
1889,ukraine,Ukraine,4646177
1889,united-kingdom,United Kingdom,345024220
1889,united-states,United States,336123680
1889,uruguay,Uruguay,1229904
1889,uzbekistan,Uzbekistan,623397
1889,venezuela-rb,Venezuela,73051
1890,argentina,Argentina,1452580
1890,armenia,Armenia,59989
1890,australia,Australia,5450851
1890,austria,Austria,13036512
1890,azerbaijan,Azerbaijan,361354
1890,belarus,Belarus,756531
1890,belgium,Belgium,39824016
1890,brazil,Brazil,1713533
1890,bulgaria,Bulgaria,32976
1890,canada,Canada,12413632
1890,chile,Chile,2076638.9
1890,colombia,Colombia,108294
1890,croatia,Croatia,14782
1890,cuba,Cuba,771805
1890,czech-republic,Czechia,26090016
1890,denmark,Denmark,2868912
1890,estonia,Estonia,273357
1890,finland,Finland,208848
1890,france,France,97817810
1890,georgia,Georgia,100098
1890,germany,Germany,208232450
1890,guatemala,Guatemala,362
1890,haiti,Haiti,11498
1890,hungary,Hungary,5254176
1890,india,India,4431605
1890,indonesia,Indonesia,14656
1890,italy,Italy,12208448
1890,japan,Japan,6756416
1890,kazakhstan,Kazakhstan,1800000
1890,latvia,Latvia,181225
1890,lithuania,Lithuania,282657
1890,malaysia,Malaysia,7328
1890,mexico,Mexico,456209
1890,netherlands,Netherlands,10284848
1890,new-zealand,New Zealand,1421632
1890,norway,Norway,2077488
1890,peru,Peru,184262
1890,poland,Poland,41864864
1890,portugal,Portugal,1678112
1890,romania,Romania,806080
1890,russian-federation,Russia,16589251
1890,serbia,Serbia,39148
1890,slovak-republic,Slovakia,8391888
1890,slovenia,Slovenia,11211
1890,south-africa,South Africa,296784
1890,spain,Spain,7338992
1890,sweden,Sweden,4946400
1890,switzerland,Switzerland,2876240
1890,taiwan,Taiwan,0
1890,turkiye,Turkey,366400
1890,ukraine,Ukraine,5261687
1890,united-kingdom,United Kingdom,353022720
1890,united-states,United States,402411650
1890,uruguay,Uruguay,705199
1890,uzbekistan,Uzbekistan,705983
1890,venezuela-rb,Venezuela,89329
1891,argentina,Argentina,1083523
1891,armenia,Armenia,66050
1891,australia,Australia,6884677
1891,austria,Austria,14945456
1891,azerbaijan,Azerbaijan,397865
1891,belarus,Belarus,832970
1891,belgium,Belgium,37779504
1891,brazil,Brazil,2072020
1891,bulgaria,Bulgaria,40304
1891,canada,Canada,13941520
1891,chile,Chile,2482095
1891,colombia,Colombia,89860
1891,croatia,Croatia,17246
1891,cuba,Cuba,923859
1891,czech-republic,Czechia,27049228
1891,denmark,Denmark,3085088
1891,estonia,Estonia,300978
1891,finland,Finland,219840
1891,france,France,97982690
1891,georgia,Georgia,110212
1891,germany,Germany,220840270
1891,guatemala,Guatemala,321
1891,haiti,Haiti,11249
1891,hungary,Hungary,5521648
1891,india,India,4772351
1891,indonesia,Indonesia,21984
1891,italy,Italy,10999328
1891,japan,Japan,8123088
1891,kazakhstan,Kazakhstan,1981872
1891,latvia,Latvia,199536
1891,lithuania,Lithuania,311217
1891,malaysia,Malaysia,18320
1891,mexico,Mexico,1104052
1891,netherlands,Netherlands,11908000
1891,new-zealand,New Zealand,1491248
1891,norway,Norway,2414576
1891,peru,Peru,171922
1891,poland,Poland,45342000
1891,portugal,Portugal,1740400
1891,romania,Romania,1117520
1891,russian-federation,Russia,18265430
1891,serbia,Serbia,45672
1891,slovak-republic,Slovakia,8700419
1891,slovenia,Slovenia,13080
1891,south-africa,South Africa,296784
1891,spain,Spain,7939888
1891,sweden,Sweden,5279824
1891,switzerland,Switzerland,3521104
1891,taiwan,Taiwan,0
1891,turkiye,Turkey,403040
1891,ukraine,Ukraine,5793328
1891,united-kingdom,United Kingdom,360471650
1891,united-states,United States,428107500
1891,uruguay,Uruguay,586852
1891,uzbekistan,Uzbekistan,777315
1891,venezuela-rb,Venezuela,97732
1892,argentina,Argentina,1684981
1892,armenia,Armenia,69916
1892,australia,Australia,6459545
1892,austria,Austria,14465472
1892,azerbaijan,Azerbaijan,421148
1892,belarus,Belarus,881716
1892,belgium,Belgium,37728210
1892,brazil,Brazil,2145624
1892,bulgaria,Bulgaria,47632
1892,canada,Canada,13890224
1892,chile,Chile,2021277.9
1892,colombia,Colombia,81625
1892,croatia,Croatia,19093
1892,cuba,Cuba,1021613.94
1892,czech-republic,Czechia,27459526
1892,denmark,Denmark,3169360
1892,ecuador,Ecuador,85
1892,estonia,Estonia,318591
1892,finland,Finland,194192
1892,france,France,98121920
1892,georgia,Georgia,116662
1892,germany,Germany,214988860
1892,greece,Greece,370064
1892,guatemala,Guatemala,587
1892,haiti,Haiti,5222
1892,hungary,Hungary,5752480
1892,india,India,5247216
1892,indonesia,Indonesia,190757
1892,italy,Italy,10889408
1892,japan,Japan,8075455.5
1892,kazakhstan,Kazakhstan,2097852
1892,latvia,Latvia,211213
1892,lithuania,Lithuania,329429
1892,malaysia,Malaysia,47632
1892,mexico,Mexico,1620459
1892,netherlands,Netherlands,11321760
1892,new-zealand,New Zealand,1502240
1892,norway,Norway,2465872
1892,peru,Peru,218912
1892,poland,Poland,43095970
1892,portugal,Portugal,1692768
1892,romania,Romania,1051568
1892,russian-federation,Russia,19334332
1892,serbia,Serbia,50566
1892,slovak-republic,Slovakia,8832393
1892,slovenia,Slovenia,14481
1892,south-africa,South Africa,479984
1892,spain,Spain,8298959.5
1892,sweden,Sweden,5250512
1892,switzerland,Switzerland,3469808
1892,taiwan,Taiwan,0
1892,turkiye,Turkey,410368
1892,ukraine,Ukraine,6132356
1892,united-kingdom,United Kingdom,353008100
1892,united-states,United States,451176600
1892,uruguay,Uruguay,497138
1892,uzbekistan,Uzbekistan,822804
1892,venezuela-rb,Venezuela,78108
1892,viet-nam,Vietnam,212512
1893,argentina,Argentina,1670885
1893,armenia,Armenia,81949
1893,australia,Australia,5773102
1893,austria,Austria,17700784
1893,azerbaijan,Azerbaijan,493633
1893,belarus,Belarus,1033471.94
1893,belgium,Belgium,36075744
1893,brazil,Brazil,1969636
1893,bulgaria,Bulgaria,62288
1893,canada,Canada,14853856
1893,chile,Chile,2144114
1893,colombia,Colombia,95931
1893,croatia,Croatia,33875
1893,cuba,Cuba,968271
1893,czech-republic,Czechia,28069432
1893,denmark,Denmark,2997152
1893,ecuador,Ecuador,8
1893,estonia,Estonia,373425
1893,finland,Finland,194192
1893,france,France,96330220
1893,georgia,Georgia,136741
1893,germany,Germany,220712030
1893,greece,Greece,326096
1893,guatemala,Guatemala,1131
1893,haiti,Haiti,3757
1893,hungary,Hungary,5994304
1893,india,India,5543114
1893,indonesia,Indonesia,403040
1893,italy,Italy,10523008
1893,japan,Japan,8573760
1893,kazakhstan,Kazakhstan,2458922
1893,latvia,Latvia,247565
1893,lithuania,Lithuania,386129
1893,malaysia,Malaysia,10992
1893,mexico,Mexico,1420225
1893,netherlands,Netherlands,11460992
1893,new-zealand,New Zealand,1542544
1893,norway,Norway,2462208
1893,peru,Peru,162350
1893,poland,Poland,45334670
1893,portugal,Portugal,1513232
1893,romania,Romania,1135840
1893,russian-federation,Russia,22662040
1893,serbia,Serbia,89713
1893,slovak-republic,Slovakia,9028569
1893,slovenia,Slovenia,25692
1893,south-africa,South Africa,1799024
1893,spain,Spain,8119424
1893,sweden,Sweden,5279824
1893,switzerland,Switzerland,2876240
1893,taiwan,Taiwan,0
1893,turkiye,Turkey,425024
1893,ukraine,Ukraine,7187821
1893,united-kingdom,United Kingdom,316210530
1893,united-states,United States,454759420
1893,uruguay,Uruguay,597786
1893,uzbekistan,Uzbekistan,964420
1893,venezuela-rb,Venezuela,84995
1893,viet-nam,Vietnam,663184
1894,argentina,Argentina,1947204
1894,armenia,Armenia,83464
1894,australia,Australia,6521718
1894,austria,Austria,18129472
1894,azerbaijan,Azerbaijan,502761
1894,belarus,Belarus,1052582
1894,belgium,Belgium,39831344
1894,brazil,Brazil,2308266
1894,bulgaria,Bulgaria,80608
1894,canada,Canada,14179680
1894,chile,Chile,3076572
1894,colombia,Colombia,76526
1894,croatia,Croatia,64671.004
1894,cuba,Cuba,1042539.94
1894,czech-republic,Czechia,28773594
1894,denmark,Denmark,3400192
1894,ecuador,Ecuador,13
1894,estonia,Estonia,380330
1894,finland,Finland,219840
1894,france,France,101899500
1894,georgia,Georgia,139269
1894,germany,Germany,229498300
1894,greece,Greece,333424
1894,guatemala,Guatemala,1857
1894,haiti,Haiti,12860
1894,hungary,Hungary,6433984
1894,india,India,5616621
1894,indonesia,Indonesia,479984
1894,italy,Italy,13062160
1894,japan,Japan,11024976
1894,kazakhstan,Kazakhstan,2504390
1894,latvia,Latvia,252143
1894,lithuania,Lithuania,393269
1894,malaysia,Malaysia,47632
1894,mexico,Mexico,1556654
1894,netherlands,Netherlands,11618544
1894,new-zealand,New Zealand,1608496
1894,norway,Norway,2905552
1894,peru,Peru,151668
1894,poland,Poland,46093120
1894,portugal,Portugal,1777040
1894,romania,Romania,1040576
1894,russian-federation,Russia,23081086
1894,serbia,Serbia,171270
1894,slovak-republic,Slovakia,9255063
1894,slovenia,Slovenia,49048
1894,south-africa,South Africa,2432896
1894,spain,Spain,8734976
1894,sweden,Sweden,5891712
1894,switzerland,Switzerland,3583392
1894,taiwan,Taiwan,0
1894,turkiye,Turkey,392048
1894,ukraine,Ukraine,7320731
1894,united-kingdom,United Kingdom,362102140
1894,united-states,United States,425744800
1894,uruguay,Uruguay,770032
1894,uzbekistan,Uzbekistan,982253
1894,venezuela-rb,Venezuela,71201
1894,viet-nam,Vietnam,304112
1895,argentina,Argentina,2339746
1895,armenia,Armenia,95903
1895,australia,Australia,6750805
1895,austria,Austria,20371840
1895,azerbaijan,Azerbaijan,577687
1895,belarus,Belarus,1209447
1895,belgium,Belgium,40131790
1895,brazil,Brazil,2188105
1895,bulgaria,Bulgaria,84272
1895,canada,Canada,13531152
1895,chile,Chile,2950379
1895,colombia,Colombia,99709
1895,croatia,Croatia,64671.004
1895,cuba,Cuba,996245
1895,czech-republic,Czechia,29863102
1895,denmark,Denmark,3524768
1895,ecuador,Ecuador,3403
1895,estonia,Estonia,437010
1895,finland,Finland,234496
1895,france,France,102775200
1895,georgia,Georgia,160024
1895,germany,Germany,238284580
1895,greece,Greece,311440
1895,guatemala,Guatemala,12208
1895,haiti,Haiti,12147
1895,hungary,Hungary,6862672
1895,india,India,7034599
1895,indonesia,Indonesia,769440
1895,italy,Italy,12021584
1895,japan,Japan,12226768
1895,kazakhstan,Kazakhstan,2877617
1895,latvia,Latvia,289720
1895,lithuania,Lithuania,451877
1895,malaysia,Malaysia,109920
1895,mexico,Mexico,1506848
1895,netherlands,Netherlands,11625872
1895,new-zealand,New Zealand,1623152
1895,norway,Norway,3059440
1895,peru,Peru,140244
1895,poland,Poland,48991344
1895,portugal,Portugal,1696432
1895,romania,Romania,1077216
1895,russian-federation,Russia,26520840
1895,serbia,Serbia,171270
1895,slovak-republic,Slovakia,9605506
1895,slovenia,Slovenia,49048
1895,south-africa,South Africa,3337904
1895,spain,Spain,8603072
1895,sweden,Sweden,5954000
1895,switzerland,Switzerland,3847200
1895,taiwan,Taiwan,0
1895,turkiye,Turkey,373728
1895,ukraine,Ukraine,8411734
1895,united-kingdom,United Kingdom,365549950
1895,united-states,United States,480673180
1895,uruguay,Uruguay,754985
1895,uzbekistan,Uzbekistan,1128638
1895,venezuela-rb,Venezuela,71694
1895,viet-nam,Vietnam,179536
1896,argentina,Argentina,2283952
1896,armenia,Armenia,97629
1896,australia,Australia,7167209
1896,austria,Austria,21298832
1896,azerbaijan,Azerbaijan,588084
1896,belarus,Belarus,1231214
1896,belgium,Belgium,42278896
1896,brazil,Brazil,2615588
1896,bulgaria,Bulgaria,106256
1896,canada,Canada,14648672
1896,chile,Chile,3237778
1896,colombia,Colombia,98122
1896,croatia,Croatia,72062
1896,cuba,Cuba,798533
1896,czech-republic,Czechia,30597760
1896,denmark,Denmark,4312528
1896,ecuador,Ecuador,3
1896,estonia,Estonia,444875
1896,finland,Finland,296784
1896,france,France,106281650
1896,georgia,Georgia,162904
1896,germany,Germany,256260160
1896,greece,Greece,373728
1896,guatemala,Guatemala,10023
1896,haiti,Haiti,18569
1896,hungary,Hungary,7375632
1896,india,India,7607913
1896,indonesia,Indonesia,861040
1896,italy,Italy,11424352
1896,japan,Japan,12915600
1896,kazakhstan,Kazakhstan,2929407
1896,latvia,Latvia,294934
1896,lithuania,Lithuania,460010
1896,malaysia,Malaysia,124576
1896,mexico,Mexico,1647261
1896,netherlands,Netherlands,12494240
1896,new-zealand,New Zealand,1769712
1896,norway,Norway,3125392
1896,peru,Peru,131290
1896,poland,Poland,52724960
1896,portugal,Portugal,1729408
1896,romania,Romania,1117520
1896,russian-federation,Russia,26998146
1896,serbia,Serbia,190844
1896,slovak-republic,Slovakia,9841809
1896,slovenia,Slovenia,54654
1896,south-africa,South Africa,4257568
1896,spain,Spain,9302896
1896,sweden,Sweden,6155520
1896,switzerland,Switzerland,4209936
1896,taiwan,Taiwan,3664
1896,turkiye,Turkey,443344
1896,ukraine,Ukraine,8563124
1896,united-kingdom,United Kingdom,375981340
1896,united-states,United States,481672540
1896,uruguay,Uruguay,787278
1896,uzbekistan,Uzbekistan,1148950
1896,venezuela-rb,Venezuela,63033
1896,viet-nam,Vietnam,362736
1897,argentina,Argentina,2237196
1897,armenia,Armenia,112880
1897,australia,Australia,7906717
1897,austria,Austria,23020912
1897,azerbaijan,Azerbaijan,679948
1897,belarus,Belarus,1423540
1897,belgium,Belgium,43744496
1897,brazil,Brazil,2734326
1897,bulgaria,Bulgaria,109920
1897,canada,Canada,14798896
1897,chile,Chile,2715759
1897,colombia,Colombia,81576
1897,croatia,Croatia,56048
1897,cuba,Cuba,754998
1897,czech-republic,Czechia,32383114
1897,denmark,Denmark,4623968
1897,ecuador,Ecuador,810
1897,estonia,Estonia,514368
1897,finland,Finland,516623.97
1897,france,France,111261020
1897,georgia,Georgia,188351
1897,germany,Germany,273554240
1897,greece,Greece,362736
1897,guatemala,Guatemala,13732
1897,haiti,Haiti,14627
1897,hungary,Hungary,7463568
1897,india,India,8253253
1897,indonesia,Indonesia,1106528
1897,italy,Italy,11918992
1897,japan,Japan,13542144
1897,kazakhstan,Kazakhstan,3387005
1897,latvia,Latvia,341005
1897,lithuania,Lithuania,531867
1897,malaysia,Malaysia,91600
1897,mexico,Mexico,2310492
1897,netherlands,Netherlands,13102464
1897,new-zealand,New Zealand,1875968
1897,norway,Norway,3385536
1897,peru,Peru,105419
1897,poland,Poland,55091904
1897,portugal,Portugal,1817344
1897,romania,Romania,1297056
1897,russian-federation,Russia,31215488
1897,serbia,Serbia,148434
1897,slovak-republic,Slovakia,10416070
1897,slovenia,Slovenia,42509
1897,south-africa,South Africa,4777856
1897,spain,Spain,9544720
1897,sweden,Sweden,6855344
1897,switzerland,Switzerland,4440768
1897,taiwan,Taiwan,51296
1897,turkiye,Turkey,315104
1897,ukraine,Ukraine,9900756
1897,united-kingdom,United Kingdom,385969400
1897,united-states,United States,501199780
1897,uruguay,Uruguay,618717
1897,uzbekistan,Uzbekistan,1328426
1897,venezuela-rb,Venezuela,67898
1897,viet-nam,Vietnam,523952
1898,argentina,Argentina,2226631
1898,armenia,Armenia,126598
1898,australia,Australia,8513916
1898,austria,Austria,24453536
1898,azerbaijan,Azerbaijan,762586
1898,belarus,Belarus,1596552
1898,belgium,Belgium,45085520
1898,brazil,Brazil,2681303
1898,bulgaria,Bulgaria,146560
1898,canada,Canada,15707568
1898,chile,Chile,3032155
1898,colombia,Colombia,79593
1898,croatia,Croatia,84996
1898,cuba,Cuba,837548
1898,czech-republic,Czechia,33106682
1898,denmark,Denmark,4803504
1898,ecuador,Ecuador,0
1898,estonia,Estonia,576883
1898,finland,Finland,487312
1898,france,France,115045940
1898,georgia,Georgia,211243
1898,germany,Germany,285377950
1898,greece,Greece,461664
1898,guatemala,Guatemala,3260
1898,haiti,Haiti,10139
1898,hungary,Hungary,8533456
1898,india,India,9125050
1898,indonesia,Indonesia,1289728
1898,italy,Italy,12402640
1898,japan,Japan,17246448
1898,kazakhstan,Kazakhstan,3798649
1898,latvia,Latvia,382449
1898,lithuania,Lithuania,596509
1898,malaysia,Malaysia,128240.01
1898,mexico,Mexico,2617837
1898,netherlands,Netherlands,12933920
1898,new-zealand,New Zealand,2022527.9
1898,norway,Norway,3385536
1898,peru,Peru,176691
1898,poland,Poland,59844110
1898,portugal,Portugal,2081152
1898,romania,Romania,1711088
1898,russian-federation,Russia,35009300
1898,serbia,Serbia,225098
1898,slovak-republic,Slovakia,10648807
1898,slovenia,Slovenia,64464.004
1898,south-africa,South Africa,6049264
1898,spain,Spain,9372512
1898,sweden,Sweden,7298688
1898,switzerland,Switzerland,4748544
1898,taiwan,Taiwan,113584
1898,turkiye,Turkey,523952
1898,ukraine,Ukraine,11104057
1898,united-kingdom,United Kingdom,386878080
1898,united-states,United States,546327300
1898,uruguay,Uruguay,938460
1898,uzbekistan,Uzbekistan,1489878
1898,venezuela-rb,Venezuela,52024
1898,viet-nam,Vietnam,655856
1899,argentina,Argentina,2642508
1899,armenia,Armenia,146865
1899,australia,Australia,8696603
1899,austria,Austria,24816272
1899,azerbaijan,Azerbaijan,884665
1899,belarus,Belarus,1852135
1899,belgium,Belgium,47126370
1899,brazil,Brazil,2612972
1899,bulgaria,Bulgaria,146560
1899,canada,Canada,19170048
1899,chile,Chile,3052981
1899,colombia,Colombia,74323
1899,croatia,Croatia,99162
1899,cuba,Cuba,941341
1899,czech-republic,Czechia,33966092
1899,denmark,Denmark,5250512
1899,ecuador,Ecuador,1967.0001
1899,estonia,Estonia,669233
1899,finland,Finland,736464
1899,france,France,120300110
1899,georgia,Georgia,245060
1899,germany,Germany,303283940
1899,greece,Greece,241824
1899,guatemala,Guatemala,2834
1899,haiti,Haiti,8128.0005
1899,hungary,Hungary,8273311.5
1899,india,India,10054329
1899,indonesia,Indonesia,1124848
1899,italy,Italy,13589776
1899,japan,Japan,17272096
1899,kazakhstan,Kazakhstan,4406754
1899,latvia,Latvia,443674
1899,lithuania,Lithuania,692000
1899,malaysia,Malaysia,120912
1899,mexico,Mexico,3259902
1899,netherlands,Netherlands,13278336
1899,new-zealand,New Zealand,2176416
1899,norway,Norway,4048720
1899,peru,Peru,244359
1899,poland,Poland,61917936
1899,portugal,Portugal,2143440
1899,romania,Romania,1612160
1899,russian-federation,Russia,40613748
1899,serbia,Serbia,262614
1899,slovak-republic,Slovakia,10925237
1899,slovenia,Slovenia,75208
1899,south-africa,South Africa,5517984
1899,spain,Spain,10625600
1899,sweden,Sweden,9134352
1899,switzerland,Switzerland,5122272
1899,taiwan,Taiwan,80608
1899,turkiye,Turkey,670512
1899,ukraine,Ukraine,12881644
1899,united-kingdom,United Kingdom,414552300
1899,united-states,United States,626822900
1899,uruguay,Uruguay,946793
1899,uzbekistan,Uzbekistan,1728384
1899,venezuela-rb,Venezuela,53527
1899,viet-nam,Vietnam,732800
1900,argentina,Argentina,2025777.1
1900,armenia,Armenia,166370
1900,australia,Australia,10167600
1900,austria,Austria,27696176
1900,azerbaijan,Azerbaijan,1002154
1900,belarus,Belarus,2098113
1900,belgium,Belgium,49665520
1900,brazil,Brazil,2272218
1900,bulgaria,Bulgaria,216176
1900,canada,Canada,20628320
1900,chile,Chile,3003337
1900,colombia,Colombia,92317
1900,croatia,Croatia,134269
1900,cuba,Cuba,943859
1900,czech-republic,Czechia,33719356
1900,denmark,Denmark,5147920
1900,ecuador,Ecuador,3
1900,estonia,Estonia,758112
1900,finland,Finland,600896
1900,france,France,129276920
1900,georgia,Georgia,277605
1900,germany,Germany,326759200
1900,greece,Greece,417696
1900,guatemala,Guatemala,4732
1900,haiti,Haiti,6338
1900,hungary,Hungary,9585024
1900,india,India,11929382
1900,indonesia,Indonesia,1209120
1900,italy,Italy,13908544
1900,japan,Japan,19411872
1900,kazakhstan,Kazakhstan,4992004
1900,latvia,Latvia,502596.97
1900,lithuania,Lithuania,783903
1900,malaysia,Malaysia,58624
1900,mexico,Mexico,3504230
1900,netherlands,Netherlands,14634016
1900,new-zealand,New Zealand,2440224
1900,norway,Norway,4154976
1900,peru,Peru,283483
1900,poland,Poland,63306590
1900,portugal,Portugal,2465872
1900,romania,Romania,1238432
1900,russian-federation,Russia,46007548
1900,serbia,Serbia,355590
1900,slovak-republic,Slovakia,10845875
1900,slovenia,Slovenia,101834
1900,south-africa,South Africa,2330304
1900,spain,Spain,11219168
1900,sweden,Sweden,9170992
1900,switzerland,Switzerland,5675536
1900,taiwan,Taiwan,109920
1900,turkiye,Turkey,1036911.94
1900,ukraine,Ukraine,14592421
1900,united-kingdom,United Kingdom,419740500
1900,united-states,United States,664131600
1900,uruguay,Uruguay,1217770
1900,uzbekistan,Uzbekistan,1957927
1900,venezuela-rb,Venezuela,37679
1900,viet-nam,Vietnam,512960.03
1901,argentina,Argentina,2407750
1901,armenia,Armenia,170802
1901,australia,Australia,11439008
1901,austria,Austria,28352032
1901,azerbaijan,Azerbaijan,1028854
1901,belarus,Belarus,2154012
1901,belgium,Belgium,46708670
1901,brazil,Brazil,2314927
1901,bulgaria,Bulgaria,271136
1901,canada,Canada,23845312
1901,chile,Chile,3194964
1901,colombia,Colombia,138758
1901,croatia,Croatia,146588
1901,cuba,Cuba,1016461
1901,czech-republic,Czechia,35233028
1901,denmark,Denmark,5360432
1901,ecuador,Ecuador,18
1901,estonia,Estonia,778310
1901,finland,Finland,421360
1901,france,France,125004690
1901,georgia,Georgia,285001
1901,germany,Germany,325557400
1901,greece,Greece,417696
1901,guatemala,Guatemala,7420
1901,haiti,Haiti,7307
1901,hungary,Hungary,9618000
1901,india,India,13179482
1901,indonesia,Indonesia,2242368
1901,italy,Italy,13520160
1901,japan,Japan,23273728
1901,kazakhstan,Kazakhstan,5125004
1901,latvia,Latvia,515986.97
1901,lithuania,Lithuania,804788
1901,malaysia,Malaysia,47632
1901,mexico,Mexico,4199414
1901,netherlands,Netherlands,14311584
1901,new-zealand,New Zealand,2740672
1901,norway,Norway,3894832
1901,peru,Peru,299496
1901,poland,Poland,66897308
1901,portugal,Portugal,2388928
1901,romania,Romania,1593840
1901,russian-federation,Russia,47233316
1901,serbia,Serbia,388213
1901,slovak-republic,Slovakia,11332749
1901,slovenia,Slovenia,111176
1901,south-africa,South Africa,3909488
1901,spain,Spain,11805408
1901,sweden,Sweden,8522464
1901,switzerland,Switzerland,5184560
1901,taiwan,Taiwan,175872
1901,turkiye,Turkey,948976
1901,ukraine,Ukraine,14981202
1901,united-kingdom,United Kingdom,410701400
1901,united-states,United States,723192060
1901,uruguay,Uruguay,1237716
1901,uzbekistan,Uzbekistan,2010091.1
1901,venezuela-rb,Venezuela,50398
1901,viet-nam,Vietnam,501968.03
1902,argentina,Argentina,2554854
1902,armenia,Armenia,164968
1902,australia,Australia,11395040
1902,austria,Austria,25695632
1902,azerbaijan,Azerbaijan,993710
1902,belarus,Belarus,2080432.9
1902,belgium,Belgium,48855776
1902,brazil,Brazil,2554500
1902,bulgaria,Bulgaria,238160
1902,canada,Canada,25648000
1902,chile,Chile,2960128
1902,colombia,Colombia,134719
1902,croatia,Croatia,137349
1902,cuba,Cuba,992375
1902,czech-republic,Czechia,35704316
1902,denmark,Denmark,5503328
1902,ecuador,Ecuador,49
1902,estonia,Estonia,751724
1902,finland,Finland,399376
1902,france,France,117662030
1902,georgia,Georgia,275266
1902,germany,Germany,319189380
1902,greece,Greece,333424
1902,guatemala,Guatemala,13096
1902,haiti,Haiti,7112
1902,hungary,Hungary,8848560
1902,india,India,14515204
1902,indonesia,Indonesia,1538880
1902,italy,Italy,15015072
1902,japan,Japan,24944512
1902,kazakhstan,Kazakhstan,4949940
1902,latvia,Latvia,498362
1902,lithuania,Lithuania,777298
1902,malaysia,Malaysia,51296
1902,mexico,Mexico,4570518
1902,netherlands,Netherlands,14300592
1902,new-zealand,New Zealand,3041120
1902,norway,Norway,4242912
1902,peru,Peru,295440
1902,poland,Poland,65490332
1902,portugal,Portugal,2619760
1902,romania,Romania,1590176
1902,russian-federation,Russia,45619876
1902,serbia,Serbia,363746
1902,slovak-republic,Slovakia,11484340
1902,slovenia,Slovenia,104169
1902,south-africa,South Africa,5825760
1902,spain,Spain,12336688
1902,sweden,Sweden,8925504
1902,switzerland,Switzerland,5235856
1902,taiwan,Taiwan,256480.02
1902,turkiye,Turkey,1047904
1902,ukraine,Ukraine,14469461
1902,united-kingdom,United Kingdom,426639840
1902,united-states,United States,766651600
1902,uruguay,Uruguay,1738606
1902,uzbekistan,Uzbekistan,1941429
1902,venezuela-rb,Venezuela,51352
1902,viet-nam,Vietnam,399376
1903,argentina,Argentina,2922669
1903,armenia,Armenia,161370
1903,australia,Australia,11224408
1903,austria,Austria,25699296
1903,azerbaijan,Azerbaijan,972038
1903,belarus,Belarus,2035059.9
1903,belgium,Belgium,52629696
1903,brazil,Brazil,2442213
1903,bulgaria,Bulgaria,234496
1903,canada,Canada,27959984
1903,chile,Chile,3155355
1903,colombia,Colombia,94285
1903,croatia,Croatia,149051
1903,cuba,Cuba,1213886
1903,czech-republic,Czechia,36375210
1903,denmark,Denmark,5726832
1903,ecuador,Ecuador,2567
1903,estonia,Estonia,735329
1903,finland,Finland,512960.03
1903,france,France,129342860
1903,georgia,Georgia,269263
1903,germany,Germany,343598940
1903,greece,Greece,399376
1903,guatemala,Guatemala,17366
1903,haiti,Haiti,4299
1903,hungary,Hungary,9174656
1903,india,India,14801903
1903,indonesia,Indonesia,3000816
1903,italy,Italy,15315520
1903,japan,Japan,25787232
1903,kazakhstan,Kazakhstan,4841983
1903,latvia,Latvia,487493
1903,lithuania,Lithuania,760345
1903,malaysia,Malaysia,51296
1903,mexico,Mexico,5383771
1903,netherlands,Netherlands,15297200
1903,new-zealand,New Zealand,3169360
1903,norway,Norway,4239248
1903,peru,Peru,327765
1903,poland,Poland,68487490
1903,portugal,Portugal,2520832
1903,romania,Romania,1846656
1903,russian-federation,Russia,44624930
1903,serbia,Serbia,394737
1903,slovak-republic,Slovakia,11700134
1903,slovenia,Slovenia,113045
1903,south-africa,South Africa,7782336
1903,spain,Spain,12175472
1903,sweden,Sweden,9804864
1903,switzerland,Switzerland,5671872
1903,taiwan,Taiwan,216176
1903,turkiye,Turkey,1205456
1903,ukraine,Ukraine,14153888
1903,united-kingdom,United Kingdom,429985060
1903,united-states,United States,896952800
1903,uruguay,Uruguay,1513045
1903,uzbekistan,Uzbekistan,1899087
1903,venezuela-rb,Venezuela,34945
1903,viet-nam,Vietnam,556928
1903,zimbabwe,Zimbabwe,113584
1904,argentina,Argentina,3738865
1904,armenia,Armenia,179538
1904,australia,Australia,11543990
1904,austria,Austria,27208864
1904,azerbaijan,Azerbaijan,1081474
1904,belarus,Belarus,2264175
1904,belgium,Belgium,50350690
1904,brazil,Brazil,2639233
1904,bulgaria,Bulgaria,300448
1904,canada,Canada,33096912
1904,chile,Chile,2919425
1904,colombia,Colombia,54769
1904,croatia,Croatia,158906
1904,cuba,Cuba,1348721
1904,czech-republic,Czechia,36730064
1904,denmark,Denmark,6177504
1904,ecuador,Ecuador,4296
1904,estonia,Estonia,818115
1904,finland,Finland,527616
1904,france,France,125997630
1904,georgia,Georgia,299577
1904,germany,Germany,356122460
1904,greece,Greece,355408
1904,guatemala,Guatemala,24563
1904,haiti,Haiti,1847
1904,hungary,Hungary,9277248
1904,india,India,16560764
1904,indonesia,Indonesia,3367216
1904,italy,Italy,16187551
1904,japan,Japan,29051856
1904,kazakhstan,Kazakhstan,5387114
1904,latvia,Latvia,542377
1904,lithuania,Lithuania,845948
1904,malaysia,Malaysia,32976
1904,mexico,Mexico,5777833
1904,netherlands,Netherlands,16165567
1904,new-zealand,New Zealand,3433168
1904,norway,Norway,4158640
1904,panama,Panama,2221
1904,peru,Peru,461489
1904,poland,Poland,69381500
1904,portugal,Portugal,2579456
1904,romania,Romania,2187408
1904,russian-federation,Russia,49648984
1904,serbia,Serbia,420836
1904,slovak-republic,Slovakia,11814273
1904,slovenia,Slovenia,120519
1904,south-africa,South Africa,8767952
1904,spain,Spain,12992544
1904,sweden,Sweden,10325152
1904,switzerland,Switzerland,5961328
1904,taiwan,Taiwan,219840
1904,turkiye,Turkey,1366672
1904,ukraine,Ukraine,15747391
1904,united-kingdom,United Kingdom,431992930
1904,united-states,United States,884803400
1904,uruguay,Uruguay,1048154
1904,uzbekistan,Uzbekistan,2112894
1904,venezuela-rb,Venezuela,63294
1904,viet-nam,Vietnam,802416
1904,zimbabwe,Zimbabwe,142896
1905,argentina,Argentina,4654740
1905,armenia,Armenia,160260
1905,australia,Australia,12052433
1905,austria,Austria,28608512
1905,azerbaijan,Azerbaijan,965350
1905,belarus,Belarus,2021060
1905,belgium,Belgium,50266416
1905,brazil,Brazil,2871745
1905,bulgaria,Bulgaria,359072
1905,canada,Canada,35386910
1905,chile,Chile,3790328
1905,colombia,Colombia,23106
1905,croatia,Croatia,172456
1905,cuba,Cuba,1645547
1905,czech-republic,Czechia,37811256
1905,denmark,Denmark,6008960
1905,ecuador,Ecuador,37097
1905,estonia,Estonia,730270
1905,finland,Finland,586240
1905,france,France,127426590
1905,georgia,Georgia,267410
1905,germany,Germany,382323740
1905,greece,Greece,278464
1905,guatemala,Guatemala,34397
1905,haiti,Haiti,4104
1905,hungary,Hungary,9431136
1905,india,India,16930472
1905,indonesia,Indonesia,4132991.8
1905,italy,Italy,17843680
1905,japan,Japan,29931216
1905,kazakhstan,Kazakhstan,4808672
1905,korea-dem-people-s-rep,North Korea,13885
1905,korea-rep,South Korea,771
1905,latvia,Latvia,484139
1905,lithuania,Lithuania,755114
1905,malaysia,Malaysia,40304
1905,mexico,Mexico,6156636
1905,netherlands,Netherlands,16594255
1905,new-zealand,New Zealand,3539424
1905,norway,Norway,4147647.8
1905,panama,Panama,2762
1905,peru,Peru,420968
1905,poland,Poland,74884830
1905,portugal,Portugal,2520832
1905,romania,Romania,2660064
1905,russian-federation,Russia,44317924
1905,serbia,Serbia,456721
1905,slovak-republic,Slovakia,12162040
1905,slovenia,Slovenia,130796
1905,south-africa,South Africa,10028368
1905,spain,Spain,13571456
1905,sweden,Sweden,10163936
1905,switzerland,Switzerland,6239792
1905,taiwan,Taiwan,252815.98
1905,turkiye,Turkey,1531552
1905,ukraine,Ukraine,14056515
1905,united-kingdom,United Kingdom,437672130
1905,united-states,United States,989991200
1905,uruguay,Uruguay,922569
1905,uzbekistan,Uzbekistan,1886022
1905,venezuela-rb,Venezuela,45948
1905,viet-nam,Vietnam,791424
1905,zimbabwe,Zimbabwe,234496
1906,argentina,Argentina,6213628
1906,armenia,Armenia,182795
1906,australia,Australia,14358062
1906,austria,Austria,34177790
1906,azerbaijan,Azerbaijan,1101096
1906,belarus,Belarus,2305257
1906,belgium,Belgium,57495490
1906,brazil,Brazil,3248124
1906,bulgaria,Bulgaria,315104
1906,canada,Canada,37387456
1906,chile,Chile,3792370
1906,colombia,Colombia,24794
1906,croatia,Croatia,206332
1906,cuba,Cuba,1883687
1906,czech-republic,Czechia,39485716
1906,denmark,Denmark,6543904
1906,ecuador,Ecuador,12819
1906,estonia,Estonia,832959
1906,finland,Finland,615552
1906,france,France,136568270
1906,georgia,Georgia,305013
1906,germany,Germany,361937250
1906,greece,Greece,260144
1906,guatemala,Guatemala,39139
1906,haiti,Haiti,4591
1906,hungary,Hungary,10163936
1906,india,India,19549130
1906,indonesia,Indonesia,4451760
1906,iran-islamic-rep,Iran,3664
1906,italy,Italy,21089984
1906,japan,Japan,32855088
1906,kazakhstan,Kazakhstan,5484858
1906,latvia,Latvia,552217
1906,lithuania,Lithuania,861297
1906,malaysia,Malaysia,36640
1906,mexico,Mexico,6455764
1906,netherlands,Netherlands,18056192
1906,new-zealand,New Zealand,3861856
1906,norway,Norway,4224592
1906,panama,Panama,4886
1906,peru,Peru,506719
1906,poland,Poland,78691730
1906,portugal,Portugal,2898224
1906,romania,Romania,3598048
1906,russian-federation,Russia,50549816
1906,serbia,Serbia,546434
1906,slovak-republic,Slovakia,12700633
1906,slovenia,Slovenia,156488
1906,south-africa,South Africa,11464656
1906,spain,Spain,13860912
1906,sweden,Sweden,11292448
1906,switzerland,Switzerland,6895648
1906,taiwan,Taiwan,274800
1906,turkiye,Turkey,1579184
1906,ukraine,Ukraine,16033113
1906,united-kingdom,United Kingdom,453350370
1906,united-states,United States,1039963970
1906,uruguay,Uruguay,1675332
1906,uzbekistan,Uzbekistan,2151230
1906,venezuela-rb,Venezuela,35235
1906,viet-nam,Vietnam,835392
1906,zimbabwe,Zimbabwe,252815.98
1907,argentina,Argentina,5458138
1907,armenia,Armenia,204747
1907,australia,Australia,15486985
1907,austria,Austria,42696590
1907,azerbaijan,Azerbaijan,1233327
1907,belarus,Belarus,2582096
1907,belgium,Belgium,58323550
1907,brazil,Brazil,3722012
1907,bulgaria,Bulgaria,454336
1907,canada,Canada,46990800
1907,chile,Chile,5329952
1907,china,China,19893872
1907,colombia,Colombia,25258
1907,croatia,Croatia,210027
1907,cuba,Cuba,1946014
1907,czech-republic,Czechia,41498400
1907,denmark,Denmark,5833088
1907,ecuador,Ecuador,492.00003
1907,estonia,Estonia,932990
1907,finland,Finland,886688
1907,france,France,145596370
1907,georgia,Georgia,341642
1907,germany,Germany,442182530
1907,greece,Greece,428688
1907,guatemala,Guatemala,35479
1907,haiti,Haiti,5925
1907,hungary,Hungary,10204240
1907,india,India,21772074
1907,indonesia,Indonesia,5294480
1907,italy,Italy,22808400
1907,japan,Japan,35071810
1907,kazakhstan,Kazakhstan,6143537
1907,latvia,Latvia,618534
1907,lithuania,Lithuania,964730
1907,malaysia,Malaysia,87936
1907,mexico,Mexico,7151416
1907,netherlands,Netherlands,18576480
1907,new-zealand,New Zealand,4085360
1907,norway,Norway,4781520
1907,panama,Panama,9015
1907,peru,Peru,940402
1907,philippines,Philippines,7328
1907,poland,Poland,87195870
1907,portugal,Portugal,3162032
1907,romania,Romania,4558016
1907,russian-federation,Russia,56620370
1907,serbia,Serbia,556221
1907,slovak-republic,Slovakia,13348015
1907,slovenia,Slovenia,159290
1907,south-africa,South Africa,12651792
1907,spain,Spain,14095408
1907,sweden,Sweden,12772704
1907,switzerland,Switzerland,7998512
1907,taiwan,Taiwan,359072
1907,turkiye,Turkey,1879632
1907,ukraine,Ukraine,17958536
1907,united-kingdom,United Kingdom,473568320
1907,united-states,United States,1208486300
1907,uruguay,Uruguay,2186012
1907,uzbekistan,Uzbekistan,2409572
1907,venezuela-rb,Venezuela,47862
1907,viet-nam,Vietnam,850048
1907,zimbabwe,Zimbabwe,278464
1908,argentina,Argentina,5894652
1908,armenia,Armenia,206003
1908,australia,Australia,16792072
1908,austria,Austria,60030976
1908,azerbaijan,Azerbaijan,1240893
1908,belarus,Belarus,2597936
1908,belgium,Belgium,57847230
1908,brazil,Brazil,3729627
1908,bulgaria,Bulgaria,597232
1908,canada,Canada,47408496
1908,chile,Chile,4990731
1908,china,China,22735854
1908,colombia,Colombia,15484
1908,croatia,Croatia,226041
1908,cuba,Cuba,1896998
1908,czech-republic,Czechia,42263550
1908,denmark,Denmark,7236400
1908,ecuador,Ecuador,7818.0005
1908,estonia,Estonia,938713
1908,finland,Finland,1406976
1908,france,France,146713890
1908,georgia,Georgia,343738
1908,germany,Germany,446641600
1908,greece,Greece,729136
1908,guatemala,Guatemala,28277
1908,haiti,Haiti,7120
1908,hungary,Hungary,10772160
1908,india,India,24907868
1908,indonesia,Indonesia,5492336
1908,italy,Italy,23262736
1908,japan,Japan,37632944
1908,kazakhstan,Kazakhstan,6181224
1908,latvia,Latvia,622328
1908,lithuania,Lithuania,970648
1908,malaysia,Malaysia,91600
1908,mexico,Mexico,7118767
1908,netherlands,Netherlands,18920896
1908,new-zealand,New Zealand,4151311.8
1908,norway,Norway,5715840
1908,panama,Panama,10721
1908,peru,Peru,1504462
1908,philippines,Philippines,18320
1908,poland,Poland,93021630
1908,portugal,Portugal,3143712
1908,romania,Romania,4385808
1908,russian-federation,Russia,56967704
1908,serbia,Serbia,598631
1908,slovak-republic,Slovakia,13594127
1908,slovenia,Slovenia,171436
1908,south-africa,South Africa,13007200
1908,spain,Spain,14784240
1908,sweden,Sweden,13755428
1908,switzerland,Switzerland,8005840.5
1908,taiwan,Taiwan,410368
1908,turkiye,Turkey,1722080
1908,ukraine,Ukraine,18068702
1908,united-kingdom,United Kingdom,461964450
1908,united-states,United States,1057521600
1908,uruguay,Uruguay,2529547
1908,uzbekistan,Uzbekistan,2424354
1908,venezuela-rb,Venezuela,37284
1908,viet-nam,Vietnam,919664
1908,zimbabwe,Zimbabwe,395712
1909,argentina,Argentina,5465079
1909,armenia,Armenia,217461
1909,australia,Australia,14580129
1909,austria,Austria,43641904
1909,azerbaijan,Azerbaijan,1309913
1909,belarus,Belarus,2742436
1909,belgium,Belgium,57762960
1909,brazil,Brazil,3825869
1909,bulgaria,Bulgaria,604560
1909,canada,Canada,45385970
1909,chile,Chile,5033099
1909,china,China,24251576
1909,colombia,Colombia,21834
1909,croatia,Croatia,232200
1909,cuba,Cuba,2004545
1909,czech-republic,Czechia,42005730
1909,denmark,Denmark,8005840.5
1909,ecuador,Ecuador,35605
1909,estonia,Estonia,990925
1909,finland,Finland,1282400
1909,france,France,150095760
1909,georgia,Georgia,362857
1909,germany,Germany,445571700
1909,greece,Greece,560592
1909,guatemala,Guatemala,29554
1909,haiti,Haiti,8205
1909,hungary,Hungary,11853040
1909,india,India,24142304
1909,indonesia,Indonesia,5986976
1909,italy,Italy,25702960
1909,japan,Japan,38255824
1909,kazakhstan,Kazakhstan,6525031
1909,korea-dem-people-s-rep,North Korea,149260
1909,korea-rep,South Korea,8292
1909,latvia,Latvia,656942
1909,lithuania,Lithuania,1024637
1909,malaysia,Malaysia,168544
1909,mexico,Mexico,7186217
1909,netherlands,Netherlands,19917504
1909,new-zealand,New Zealand,4264896
1909,norway,Norway,5763472
1909,panama,Panama,12424
1909,peru,Peru,1547684
1909,philippines,Philippines,54960
1909,poland,Poland,95535140
1909,portugal,Portugal,3195008
1909,romania,Romania,4858464
1909,russian-federation,Russia,60136310
1909,serbia,Serbia,614942
1909,slovak-republic,Slovakia,13511198
1909,slovenia,Slovenia,176107
1909,south-africa,South Africa,14974768
1909,spain,Spain,15165296
1909,sweden,Sweden,12669882
1909,switzerland,Switzerland,8068127.5
1909,taiwan,Taiwan,487312
1909,turkiye,Turkey,1956576
1909,ukraine,Ukraine,19073704
1909,united-kingdom,United Kingdom,466086460
1909,united-states,United States,1171650800
1909,uruguay,Uruguay,2475355
1909,uzbekistan,Uzbekistan,2559199
1909,venezuela-rb,Venezuela,36579
1909,viet-nam,Vietnam,1018592
1909,zimbabwe,Zimbabwe,410368
1910,argentina,Argentina,6925234
1910,armenia,Armenia,213264
1910,australia,Australia,17707020
1910,austria,Austria,58785216
1910,azerbaijan,Azerbaijan,1284628
1910,belarus,Belarus,2689500
1910,belgium,Belgium,61287730
1910,brazil,Brazil,4584790
1910,bulgaria,Bulgaria,633872
1910,canada,Canada,51622096
1910,chile,Chile,5027652
1910,china,China,25009438
1910,colombia,Colombia,14396
1910,croatia,Croatia,229736
1910,cuba,Cuba,2386393
1910,czech-republic,Czechia,41567710
1910,denmark,Denmark,7349984
1910,ecuador,Ecuador,56013
1910,estonia,Estonia,971798
1910,finland,Finland,1062560
1910,france,France,150612380
1910,georgia,Georgia,355853
1910,germany,Germany,445366530
1910,greece,Greece,718144
1910,guatemala,Guatemala,35607
1910,haiti,Haiti,13104
1910,hungary,Hungary,11677168
1910,india,India,23486964
1910,indonesia,Indonesia,6111552
1910,ireland,Ireland,216176
1910,italy,Italy,25735936
1910,japan,Japan,39384336
1910,kazakhstan,Kazakhstan,6399082
1910,korea-dem-people-s-rep,North Korea,187443
1910,korea-rep,South Korea,10413
1910,latvia,Latvia,644262
1910,lithuania,Lithuania,1004859
1910,malaysia,Malaysia,234496
1910,mexico,Mexico,7363978
1910,netherlands,Netherlands,20833504
1910,new-zealand,New Zealand,4902432
1910,norway,Norway,5939344
1910,panama,Panama,14648
1910,peru,Peru,1436402
1910,philippines,Philippines,51296
1910,poland,Poland,94545860
1910,portugal,Portugal,3249968
1910,romania,Romania,4818160
1910,russian-federation,Russia,58975536
1910,serbia,Serbia,608417
1910,slovak-republic,Slovakia,13370307
1910,slovenia,Slovenia,174238
1910,south-africa,South Africa,16978976
1910,spain,Spain,14894160
1910,sweden,Sweden,13117328
1910,switzerland,Switzerland,7789664
1910,taiwan,Taiwan,615552
1910,turkiye,Turkey,1883296
1910,ukraine,Ukraine,18705536
1910,united-kingdom,United Kingdom,469732130
1910,united-states,United States,1278529500
1910,uruguay,Uruguay,2598250
1910,uzbekistan,Uzbekistan,2509800
1910,venezuela-rb,Venezuela,29929
1910,viet-nam,Vietnam,1322704
1910,zimbabwe,Zimbabwe,432352
1911,argentina,Argentina,8444686
1911,armenia,Armenia,221108
1911,australia,Australia,19526794
1911,austria,Austria,49141570
1911,azerbaijan,Azerbaijan,1331878
1911,belarus,Belarus,2788422
1911,belgium,Belgium,61687104
1911,brazil,Brazil,5383972
1911,bulgaria,Bulgaria,897680
1911,canada,Canada,60269136
1911,chile,Chile,5894459
1911,china,China,24630506
1911,colombia,Colombia,20188
1911,croatia,Croatia,248830
1911,cuba,Cuba,2818949
1911,czech-republic,Czechia,42094444
1911,denmark,Denmark,7829968
1911,ecuador,Ecuador,51234
1911,egypt-arab-rep,Egypt,10992
1911,estonia,Estonia,1007542
1911,finland,Finland,1315376
1911,france,France,156907140
1911,georgia,Georgia,368942
1911,germany,Germany,458586240
1911,greece,Greece,905008
1911,guatemala,Guatemala,40860
1911,haiti,Haiti,15709
1911,hungary,Hungary,11995936
1911,india,India,24782072
1911,indonesia,Indonesia,6727104
1911,iran-islamic-rep,Iran,135568
1911,italy,Italy,26538352
1911,japan,Japan,44209824
1911,kazakhstan,Kazakhstan,6634446
1911,korea-dem-people-s-rep,North Korea,222154
1911,korea-rep,South Korea,12342
1911,latvia,Latvia,667958
1911,lithuania,Lithuania,1041819
1911,mexico,Mexico,11143016
1911,netherlands,Netherlands,22079264
1911,new-zealand,New Zealand,4609312
1911,norway,Norway,6078576
1911,panama,Panama,14732
1911,peru,Peru,1616499
1911,philippines,Philippines,36640
1911,poland,Poland,99602180
1911,portugal,Portugal,3143712
1911,romania,Romania,5774464
1911,russian-federation,Russia,61144710
1911,serbia,Serbia,658983
1911,slovak-republic,Slovakia,13539732
1911,slovenia,Slovenia,188719
1911,south-africa,South Africa,16341440
1911,spain,Spain,14729280
1911,sweden,Sweden,12792751
1911,switzerland,Switzerland,8610400
1911,taiwan,Taiwan,677840
1911,turkiye,Turkey,2227712
1911,ukraine,Ukraine,19393542
1911,united-kingdom,United Kingdom,481350700
1911,united-states,United States,1265776100
1911,uruguay,Uruguay,2501037
1911,uzbekistan,Uzbekistan,2602113
1911,venezuela-rb,Venezuela,41837
1911,viet-nam,Vietnam,1157824
1911,zimbabwe,Zimbabwe,512960.03
1912,argentina,Argentina,8567421
1912,armenia,Armenia,250465.98
1912,australia,Australia,21211162
1912,austria,Austria,51688050
1912,azerbaijan,Azerbaijan,1508723
1912,belarus,Belarus,3158666
1912,belgium,Belgium,64775856
1912,brazil,Brazil,5477784
1912,bulgaria,Bulgaria,897680
1912,canada,Canada,67271040
1912,chile,Chile,6669816
1912,china,China,17029154
1912,colombia,Colombia,20903
1912,croatia,Croatia,254989
1912,cuba,Cuba,3279130
1912,czech-republic,Czechia,44789108
1912,denmark,Denmark,9284576
1912,ecuador,Ecuador,46856
1912,egypt-arab-rep,Egypt,84272
1912,estonia,Estonia,1141322
1912,finland,Finland,1483920
1912,france,France,158577920
1912,georgia,Georgia,417929
1912,germany,Germany,499121060
1912,guatemala,Guatemala,44756
1912,haiti,Haiti,21514
1912,hungary,Hungary,12303712
1912,india,India,28521014
1912,indonesia,Indonesia,5840416
1912,iran-islamic-rep,Iran,252815.98
1912,italy,Italy,27850064
1912,japan,Japan,49280800
1912,kazakhstan,Kazakhstan,7515359
1912,korea-dem-people-s-rep,North Korea,277693
1912,korea-rep,South Korea,15427
1912,latvia,Latvia,756649
1912,lithuania,Lithuania,1180150
1912,malaysia,Malaysia,18320
1912,mexico,Mexico,10875470
1912,netherlands,Netherlands,24922528
1912,new-zealand,New Zealand,4862128
1912,norway,Norway,6877328
1912,panama,Panama,14463
1912,peru,Peru,1546172
1912,philippines,Philippines,3664
1912,poland,Poland,110934930
1912,portugal,Portugal,3653008
1912,romania,Romania,6012624
1912,russian-federation,Russia,69263420
1912,serbia,Serbia,675294
1912,slovak-republic,Slovakia,14406475
1912,slovenia,Slovenia,193391
1912,south-africa,South Africa,17349040
1912,spain,Spain,15982368
1912,sweden,Sweden,14187705
1912,switzerland,Switzerland,8760624
1912,taiwan,Taiwan,740128
1912,turkiye,Turkey,1996880
1912,ukraine,Ukraine,21968592
1912,united-kingdom,United Kingdom,455885860
1912,united-states,United States,1351017700
1912,uruguay,Uruguay,2343055
1912,uzbekistan,Uzbekistan,2947618
1912,venezuela-rb,Venezuela,58862
1912,viet-nam,Vietnam,1139504
1912,zimbabwe,Zimbabwe,520288
1913,argentina,Argentina,9346873
1913,armenia,Armenia,272086
1913,australia,Australia,22801300
1913,austria,Austria,60983616
1913,azerbaijan,Azerbaijan,1638953
1913,belarus,Belarus,3431315
1913,belgium,Belgium,68014830
1913,brazil,Brazil,6107222
1913,bulgaria,Bulgaria,787760
1913,canada,Canada,79281630
1913,chile,Chile,6512299
1913,china,China,24251576
1913,colombia,Colombia,44643
1913,croatia,Croatia,700295
1913,cuba,Cuba,3288941
1913,czech-republic,Czechia,46848920
1913,denmark,Denmark,9526400
1913,ecuador,Ecuador,53256
1913,egypt-arab-rep,Egypt,40304
1913,estonia,Estonia,1239838
1913,finland,Finland,1663456
1913,france,France,171112460
1913,georgia,Georgia,454004
1913,germany,Germany,535083260
1913,greece,Greece,1337360
1913,guatemala,Guatemala,44004
1913,haiti,Haiti,16951
1913,hungary,Hungary,13025520
1913,india,India,31466286
1913,indonesia,Indonesia,5899040
1913,iran-islamic-rep,Iran,853712
1913,ireland,Ireland,223504
1913,italy,Italy,29964192
1913,japan,Japan,54315136
1913,kazakhstan,Kazakhstan,8164069
1913,korea-dem-people-s-rep,North Korea,322818
1913,korea-rep,South Korea,17934
1913,latvia,Latvia,821961
1913,lithuania,Lithuania,1282018
1913,malaysia,Malaysia,62288
1913,mexico,Mexico,13603184
1913,netherlands,Netherlands,27549616
1913,new-zealand,New Zealand,4213600
1913,norway,Norway,6917632
1913,panama,Panama,12611
1913,peru,Peru,1712101
1913,philippines,Philippines,7328
1913,poland,Poland,116207420
1913,portugal,Portugal,3858192
1913,romania,Romania,6990912
1913,russian-federation,Russia,75242100
1913,serbia,Serbia,1854613
1913,slovak-republic,Slovakia,15069016
1913,slovenia,Slovenia,531124
1913,south-africa,South Africa,18983184
1913,spain,Spain,17418656
1913,sweden,Sweden,15953268
1913,switzerland,Switzerland,9251600
1913,taiwan,Taiwan,853712
1913,turkiye,Turkey,2037184
1913,ukraine,Ukraine,23864874
1913,united-kingdom,United Kingdom,498322340
1913,united-states,United States,1450855400
1913,uruguay,Uruguay,2123324
1913,uzbekistan,Uzbekistan,3202051
1913,venezuela-rb,Venezuela,67985
1913,viet-nam,Vietnam,1352016
1913,zimbabwe,Zimbabwe,582576
1914,argentina,Argentina,8294103.5
1914,armenia,Armenia,245564
1914,australia,Australia,24922456
1914,austria,Austria,49654530
1914,azerbaijan,Azerbaijan,1479192
1914,belarus,Belarus,3096839
1914,belgium,Belgium,40575136
1914,brazil,Brazil,4657949
1914,bulgaria,Bulgaria,1183472
1914,canada,Canada,68381230
1914,chile,Chile,5163258
1914,china,China,26718416
1914,colombia,Colombia,53232
1914,cuba,Cuba,3013496
1914,czech-republic,Czechia,42709892
1914,denmark,Denmark,9764560
1914,ecuador,Ecuador,29408
1914,egypt-arab-rep,Egypt,307776
1914,estonia,Estonia,1118982
1914,finland,Finland,688832
1914,france,France,118350860
1914,georgia,Georgia,409749
1914,germany,Germany,497926600
1914,greece,Greece,10992
1914,guatemala,Guatemala,41024
1914,haiti,Haiti,5820
1914,hungary,Hungary,11592896
1914,india,India,31697660
1914,indonesia,Indonesia,6016288
1914,iran-islamic-rep,Iran,1172480
1914,ireland,Ireland,249152
1914,italy,Italy,27238176
1914,japan,Japan,58015776
1914,kazakhstan,Kazakhstan,7368257
1914,korea-dem-people-s-rep,North Korea,461664
1914,korea-rep,South Korea,25648
1914,latvia,Latvia,741839
1914,lithuania,Lithuania,1157050
1914,malaysia,Malaysia,146560
1914,mexico,Mexico,11933138
1914,netherlands,Netherlands,25823872
1914,new-zealand,New Zealand,5081968
1914,norway,Norway,7709056
1914,panama,Panama,10698
1914,peru,Peru,1636065
1914,philippines,Philippines,18320
1914,poland,Poland,97004400
1914,portugal,Portugal,3374544
1914,romania,Romania,5785456
1914,russian-federation,Russia,67907690
1914,slovak-republic,Slovakia,13737692
1914,south-africa,South Africa,18400608
1914,spain,Spain,17301408
1914,sweden,Sweden,14985189
1914,switzerland,Switzerland,8427200
1914,taiwan,Taiwan,919664
1914,turkiye,Turkey,1663456
1914,ukraine,Ukraine,21538588
1914,united-kingdom,United Kingdom,483182700
1914,united-states,United States,1325944300
1914,uruguay,Uruguay,1651411
1914,uzbekistan,Uzbekistan,2889923
1914,venezuela-rb,Venezuela,85566
1914,viet-nam,Vietnam,1645136
1914,zimbabwe,Zimbabwe,842720
1915,argentina,Argentina,5521730
1915,armenia,Armenia,225394
1915,australia,Australia,22269420
1915,austria,Austria,35342944
1915,azerbaijan,Azerbaijan,1357699
1915,belarus,Belarus,2842482
1915,belgium,Belgium,34419616
1915,bolivia-plurinational-state-of,Bolivia,26020
1915,brazil,Brazil,3211753
1915,bulgaria,Bulgaria,762112
1915,canada,Canada,61115520
1915,chile,Chile,3595898
1915,china,China,25420578
1915,colombia,Colombia,41601
1915,cuba,Cuba,3134791
1915,czech-republic,Czechia,42615636
1915,denmark,Denmark,10453392
1915,ecuador,Ecuador,24476
1915,egypt-arab-rep,Egypt,91600
1915,estonia,Estonia,1027075.06
1915,finland,Finland,106256
1915,france,France,103233200
1915,georgia,Georgia,376094
1915,germany,Germany,462906100
1915,greece,Greece,21984
1915,guatemala,Guatemala,47018
1915,haiti,Haiti,2136
1915,hungary,Hungary,11765104
1915,india,India,33141220
1915,indonesia,Indonesia,6030944
1915,iran-islamic-rep,Iran,1403312
1915,ireland,Ireland,227168
1915,italy,Italy,23779360
1915,japan,Japan,52842210
1915,kazakhstan,Kazakhstan,6763069
1915,korea-dem-people-s-rep,North Korea,576212
1915,korea-rep,South Korea,32012
1915,latvia,Latvia,680908
1915,lithuania,Lithuania,1062017
1915,malaysia,Malaysia,205184
1915,mexico,Mexico,15777556
1915,netherlands,Netherlands,24534144
1915,new-zealand,New Zealand,4931744
1915,nigeria,Nigeria,18320
1915,norway,Norway,8449184
1915,panama,Panama,12011
1915,peru,Peru,1920770
1915,philippines,Philippines,54960
1915,poland,Poland,94743710
1915,portugal,Portugal,3085088
1915,romania,Romania,5144256
1915,russian-federation,Russia,62330136
1915,slovak-republic,Slovakia,13707374
1915,south-africa,South Africa,18510528
1915,spain,Spain,15311856
1915,sweden,Sweden,15101660
1915,switzerland,Switzerland,8925504
1915,taiwan,Taiwan,1014928
1915,turkiye,Turkey,1036911.94
1915,ukraine,Ukraine,19769530
1915,united-kingdom,United Kingdom,489481100
1915,united-states,United States,1375451600
1915,uruguay,Uruguay,1242910
1915,uzbekistan,Uzbekistan,2652561
1915,venezuela-rb,Venezuela,89920
1915,viet-nam,Vietnam,1707424
1915,zimbabwe,Zimbabwe,985616
1916,algeria,Algeria,3664
1916,argentina,Argentina,4215235
1916,armenia,Armenia,240232
1916,australia,Australia,19853626
1916,austria,Austria,9086720
1916,azerbaijan,Azerbaijan,1447074
1916,belarus,Belarus,3029597
1916,belgium,Belgium,45792670
1916,bolivia-plurinational-state-of,Bolivia,110386
1916,brazil,Brazil,2735087
1916,bulgaria,Bulgaria,923328
1916,canada,Canada,76456690
1916,chile,Chile,4366451
1916,china,China,30130690
1916,colombia,Colombia,52817
1916,cuba,Cuba,3641798
1916,czech-republic,Czechia,45357428
1916,denmark,Denmark,10215232
1916,ecuador,Ecuador,49667
1916,egypt-arab-rep,Egypt,179536
1916,estonia,Estonia,1094685
1916,finland,Finland,179536
1916,france,France,109689170
1916,georgia,Georgia,400852
1916,germany,Germany,500696600
1916,greece,Greece,65952
1916,guatemala,Guatemala,28698
1916,haiti,Haiti,969
1916,hungary,Hungary,11834720
1916,india,India,33517002
1916,indonesia,Indonesia,6763744
1916,iran-islamic-rep,Iran,2007872.1
1916,ireland,Ireland,241824
1916,italy,Italy,23511888
1916,japan,Japan,58598350
1916,kazakhstan,Kazakhstan,7208267
1916,korea-dem-people-s-rep,North Korea,479020
1916,korea-rep,South Korea,26612
1916,latvia,Latvia,725731
1916,lithuania,Lithuania,1131927
1916,malaysia,Malaysia,549600
1916,mexico,Mexico,18407630
1916,netherlands,Netherlands,22398032
1916,new-zealand,New Zealand,5038000
1916,nigeria,Nigeria,65952
1916,norway,Norway,7895920
1916,panama,Panama,14658
1916,peru,Peru,2173128
1916,philippines,Philippines,51296
1916,poland,Poland,108776830
1916,portugal,Portugal,2989824
1916,romania,Romania,2997152
1916,russian-federation,Russia,66433188
1916,slovak-republic,Slovakia,14589276
1916,south-africa,South Africa,21811792
1916,spain,Spain,17865664
1916,sweden,Sweden,15931912
1916,switzerland,Switzerland,8482160
1916,taiwan,Taiwan,1384992
1916,tunisia,Tunisia,10992
1916,turkiye,Turkey,512960.03
1916,ukraine,Ukraine,21070914
1916,united-kingdom,United Kingdom,507071970
1916,united-states,United States,1527240000
1916,uruguay,Uruguay,824301
1916,uzbekistan,Uzbekistan,2827173
1916,venezuela-rb,Venezuela,119772
1916,viet-nam,Vietnam,1817344
1916,zimbabwe,Zimbabwe,1183472
1917,algeria,Algeria,7328
1917,argentina,Argentina,2411352
1917,armenia,Armenia,221091
1917,australia,Australia,21334476
1917,austria,Austria,3451488
1917,azerbaijan,Azerbaijan,1331780
1917,belarus,Belarus,2788218
1917,belgium,Belgium,36247950
1917,bolivia-plurinational-state-of,Bolivia,91112
1917,brazil,Brazil,2840131
1917,bulgaria,Bulgaria,1139504
1917,canada,Canada,85242960
1917,chile,Chile,4483332
1917,china,China,32023448
1917,colombia,Colombia,72597
1917,cuba,Cuba,3983881
1917,czech-republic,Czechia,42651670
1917,denmark,Denmark,7434256
1917,ecuador,Ecuador,62194
1917,egypt-arab-rep,Egypt,421360
1917,estonia,Estonia,1007468
1917,finland,Finland,120912
1917,france,France,121604500
1917,georgia,Georgia,368915
1917,germany,Germany,524578560
1917,greece,Greece,91600
1917,guatemala,Guatemala,2526
1917,haiti,Haiti,3555
1917,hungary,Hungary,11717472
1917,india,India,35019230
1917,indonesia,Indonesia,7137472
1917,iran-islamic-rep,Iran,2799296
1917,ireland,Ireland,256480.02
1917,italy,Italy,16121599
1917,japan,Japan,67483550
1917,kazakhstan,Kazakhstan,6633960
1917,latvia,Latvia,667909
1917,lithuania,Lithuania,1041741.94
1917,malaysia,Malaysia,652192
1917,mexico,Mexico,27475374
1917,netherlands,Netherlands,8654368
1917,new-zealand,New Zealand,4616640
1917,nigeria,Nigeria,223504
1917,norway,Norway,3495456
1917,panama,Panama,16722
1917,peru,Peru,2241069
1917,philippines,Philippines,10992
1917,poland,Poland,120882690
1917,portugal,Portugal,1656128
1917,romania,Romania,2513504
1917,russian-federation,Russia,61140228
1917,slovak-republic,Slovakia,13718966
1917,south-africa,South Africa,23339680
1917,spain,Spain,15850464
1917,sweden,Sweden,6903629
1917,switzerland,Switzerland,6107888
1917,taiwan,Taiwan,1799024
1917,tunisia,Tunisia,29312
1917,turkiye,Turkey,392048
1917,ukraine,Ukraine,19392120
1917,united-kingdom,United Kingdom,501169250
1917,united-states,United States,1679331300
1917,uruguay,Uruguay,788909
1917,uzbekistan,Uzbekistan,2601922
1917,venezuela-rb,Venezuela,95738
1917,viet-nam,Vietnam,1736736
1917,zimbabwe,Zimbabwe,1322704
1918,algeria,Algeria,18320
1918,argentina,Argentina,1569276
1918,armenia,Armenia,88172
1918,australia,Australia,23364628
1918,austria,Austria,3337904
1918,azerbaijan,Azerbaijan,531121
1918,belarus,Belarus,1111956
1918,belgium,Belgium,33723456
1918,bolivia-plurinational-state-of,Bolivia,92641
1918,brazil,Brazil,2656656
1918,bulgaria,Bulgaria,1421632
1918,canada,Canada,89518850
1918,chile,Chile,4017440.8
1918,china,China,34747964
1918,colombia,Colombia,65243
1918,cuba,Cuba,3893284
1918,czech-republic,Czechia,36364120
1918,denmark,Denmark,8676352
1918,ecuador,Ecuador,31470
1918,egypt-arab-rep,Egypt,864704
1918,estonia,Estonia,401783
1918,finland,Finland,73280
1918,france,France,108450740
1918,georgia,Georgia,147125
1918,germany,Germany,503422600
1918,greece,Greece,124576
1918,guatemala,Guatemala,708
1918,haiti,Haiti,2365
1918,hungary,Hungary,10651248
1918,india,India,39358704
1918,indonesia,Indonesia,7130144
1918,iran-islamic-rep,Iran,3447824
1918,ireland,Ireland,245488
1918,italy,Italy,18979520
1918,japan,Japan,71543260
1918,kazakhstan,Kazakhstan,2645657
1918,korea-dem-people-s-rep,North Korea,472077
1918,korea-rep,South Korea,26227
1918,latvia,Latvia,266366
1918,lithuania,Lithuania,415452
1918,malaysia,Malaysia,670512
1918,mexico,Mexico,32390640
1918,netherlands,Netherlands,14527760
1918,new-zealand,New Zealand,4543360
1918,nigeria,Nigeria,399376
1918,norway,Norway,4451760
1918,panama,Panama,14753
1918,peru,Peru,2028328
1918,philippines,Philippines,29312
1918,poland,Poland,101525780
1918,portugal,Portugal,1095536
1918,romania,Romania,3187680
1918,russian-federation,Russia,24383038
1918,slovak-republic,Slovakia,11696567
1918,south-africa,South Africa,22222160
1918,spain,Spain,16733488
1918,sweden,Sweden,8115357.5
1918,switzerland,Switzerland,5745152
1918,taiwan,Taiwan,2143440
1918,tunisia,Tunisia,40304
1918,turkiye,Turkey,458000
1918,ukraine,Ukraine,7733678
1918,united-kingdom,United Kingdom,466848580
1918,united-states,United States,1754117200
1918,uruguay,Uruguay,1028525.94
1918,uzbekistan,Uzbekistan,1037660
1918,venezuela-rb,Venezuela,160614
1918,viet-nam,Vietnam,1689104
1918,zimbabwe,Zimbabwe,1179808
1919,algeria,Algeria,18320
1919,argentina,Argentina,3410035
1919,armenia,Armenia,75312
1919,australia,Australia,22185334
1919,austria,Austria,3015472
1919,azerbaijan,Azerbaijan,453657
1919,belarus,Belarus,949776
1919,belgium,Belgium,44869344
1919,bolivia-plurinational-state-of,Bolivia,63819.996
1919,brazil,Brazil,2967940
1919,bulgaria,Bulgaria,835392
1919,canada,Canada,76090290
1919,chile,Chile,3592072
1919,china,China,37997296
1919,colombia,Colombia,123157
1919,croatia,Croatia,501971
1919,cuba,Cuba,2687464
1919,czech-republic,Czechia,34354210
1919,denmark,Denmark,8236672.5
1919,ecuador,Ecuador,33486
1919,egypt-arab-rep,Egypt,688832
1919,estonia,Estonia,343183
1919,finland,Finland,238160
1919,france,France,116141470
1919,georgia,Georgia,125667.01
1919,germany,Germany,387427700
1919,greece,Greece,106256
1919,guatemala,Guatemala,10418
1919,haiti,Haiti,10
1919,hungary,Hungary,4755872
1919,india,India,42974096
1919,indonesia,Indonesia,7635776
1919,iran-islamic-rep,Iran,4319856
1919,ireland,Ireland,249152
1919,italy,Italy,18609456
1919,japan,Japan,79193700
1919,kazakhstan,Kazakhstan,2259787
1919,korea-dem-people-s-rep,North Korea,558856
1919,korea-rep,South Korea,31048
1919,latvia,Latvia,227516
1919,lithuania,Lithuania,354858
1919,malaysia,Malaysia,769440
1919,mexico,Mexico,42360896
1919,netherlands,Netherlands,21980336
1919,new-zealand,New Zealand,4129327.8
1919,nigeria,Nigeria,370064
1919,norway,Norway,5290816
1919,panama,Panama,2565
1919,peru,Peru,2170677
1919,philippines,Philippines,58624
1919,poland,Poland,2729680
1919,portugal,Portugal,2158096
1919,romania,Romania,4664272
1919,russian-federation,Russia,20826758
1919,serbia,Serbia,1329384
1919,slovak-republic,Slovakia,11050077
1919,slovenia,Slovenia,380709
1919,south-africa,South Africa,23138160
1919,spain,Spain,15927408
1919,sweden,Sweden,7797207
1919,switzerland,Switzerland,4605648
1919,taiwan,Taiwan,2909216
1919,turkiye,Turkey,937984
1919,ukraine,Ukraine,6605716
1919,united-kingdom,United Kingdom,456131360
1919,united-states,United States,1486433300
1919,uruguay,Uruguay,1059183
1919,uzbekistan,Uzbekistan,886317
1919,venezuela-rb,Venezuela,210363
1919,viet-nam,Vietnam,1766048
1919,zimbabwe,Zimbabwe,1227440
1920,algeria,Algeria,21984
1920,argentina,Argentina,5608900
1920,armenia,Armenia,68676
1920,australia,Australia,26306108
1920,austria,Austria,14527760
1920,azerbaijan,Azerbaijan,413680
1920,belarus,Belarus,866081
1920,belgium,Belgium,55154190
1920,bolivia-plurinational-state-of,Bolivia,102928
1920,brazil,Brazil,3964006
1920,bulgaria,Bulgaria,1099200
1920,canada,Canada,84378260
1920,chile,Chile,2894949
1920,china,China,40278456
1920,colombia,Colombia,106280
1920,congo-dem-rep,Democratic Republic of the Congo,3664
1920,croatia,Croatia,666420
1920,cuba,Cuba,3629566
1920,czech-republic,Czechia,34071436
1920,denmark,Denmark,7192432
1920,ecuador,Ecuador,39239
1920,egypt-arab-rep,Egypt,454336
1920,estonia,Estonia,312941
1920,finland,Finland,274800
1920,france,France,151777540
1920,georgia,Georgia,114593
1920,germany,Germany,429208300
1920,greece,Greece,677840
1920,guatemala,Guatemala,5196
1920,haiti,Haiti,13
1920,hungary,Hungary,5587600
1920,india,India,34867452
1920,indonesia,Indonesia,8262319.5
1920,iran-islamic-rep,Iran,5437376
1920,ireland,Ireland,293120
1920,italy,Italy,17869328
1920,japan,Japan,74280270
1920,kazakhstan,Kazakhstan,2060651.1
1920,korea-dem-people-s-rep,North Korea,725472
1920,korea-rep,South Korea,40304
1920,latvia,Latvia,207467
1920,lithuania,Lithuania,323588
1920,malaysia,Malaysia,1110192
1920,mexico,Mexico,77665340
1920,netherlands,Netherlands,22170864
1920,new-zealand,New Zealand,3557744
1920,nigeria,Nigeria,487312
1920,norway,Norway,5301808
1920,panama,Panama,4912
1920,peru,Peru,2255411
1920,philippines,Philippines,102592
1920,poland,Poland,76379740
1920,portugal,Portugal,2103136
1920,romania,Romania,5485008
1920,russian-federation,Russia,18991476
1920,serbia,Serbia,1764900
1920,slovak-republic,Slovakia,10959122
1920,slovenia,Slovenia,505432
1920,south-africa,South Africa,25666320
1920,spain,Spain,14055104
1920,sweden,Sweden,10542065
1920,switzerland,Switzerland,7232736
1920,taiwan,Taiwan,3044784
1920,tunisia,Tunisia,29312
1920,turkiye,Turkey,1403312
1920,ukraine,Ukraine,6023612
1920,united-kingdom,United Kingdom,480472480
1920,united-states,United States,1747166700
1920,uruguay,Uruguay,999521
1920,uzbekistan,Uzbekistan,808213
1920,venezuela-rb,Venezuela,138485
1920,viet-nam,Vietnam,1857648
1920,zimbabwe,Zimbabwe,1388656
1921,algeria,Algeria,25648
1921,argentina,Argentina,4760872
1921,armenia,Armenia,74478
1921,australia,Australia,23785314
1921,austria,Austria,19338592
1921,azerbaijan,Azerbaijan,448629
1921,belarus,Belarus,939251
1921,belgium,Belgium,50533890
1921,bolivia-plurinational-state-of,Bolivia,71553
1921,brazil,Brazil,2886595
1921,bulgaria,Bulgaria,1366672
1921,canada,Canada,80483420
1921,chile,Chile,3904677
1921,china,China,38762732
1921,colombia,Colombia,160661
1921,congo-dem-rep,Democratic Republic of the Congo,7328
1921,croatia,Croatia,709534
1921,cuba,Cuba,1512693
1921,czech-republic,Czechia,32721332
1921,denmark,Denmark,6793056
1921,ecuador,Ecuador,36805
1921,egypt-arab-rep,Egypt,560592
1921,estonia,Estonia,339380
1921,finland,Finland,282128
1921,france,France,137909300
1921,georgia,Georgia,124274
1921,germany,Germany,473179970
1921,greece,Greece,743792
1921,guatemala,Guatemala,7292
1921,haiti,Haiti,192
1921,hungary,Hungary,9236944
1921,india,India,37504950
1921,indonesia,Indonesia,8756960
1921,iran-islamic-rep,Iran,7254720
1921,ireland,Ireland,238160
1921,italy,Italy,21881408
1921,japan,Japan,66809380
1921,kazakhstan,Kazakhstan,2234743
1921,korea-dem-people-s-rep,North Korea,781011
1921,korea-rep,South Korea,43389
1921,latvia,Latvia,224995
1921,lithuania,Lithuania,350926
1921,malaysia,Malaysia,1414304
1921,mexico,Mexico,91419170
1921,netherlands,Netherlands,23233424
1921,new-zealand,New Zealand,3499120
1921,nigeria,Nigeria,571584
1921,norway,Norway,3374544
1921,panama,Panama,7133
1921,peru,Peru,2546784
1921,philippines,Philippines,69616
1921,poland,Poland,74947120
1921,portugal,Portugal,2147104
1921,romania,Romania,5917360
1921,russian-federation,Russia,20595948
1921,serbia,Serbia,1879080
1921,slovak-republic,Slovakia,10524859
1921,slovenia,Slovenia,538131
1921,south-africa,South Africa,25413504
1921,spain,Spain,14846528
1921,sweden,Sweden,6133385
1921,switzerland,Switzerland,4466416
1921,taiwan,Taiwan,2755328
1921,tunisia,Tunisia,21984
1921,turkiye,Turkey,842720
1921,ukraine,Ukraine,6532509
1921,united-kingdom,United Kingdom,332187780
1921,united-states,United States,1432479000
1921,uruguay,Uruguay,821180
1921,uzbekistan,Uzbekistan,876494
1921,venezuela-rb,Venezuela,187828
1921,viet-nam,Vietnam,2443888
1921,zimbabwe,Zimbabwe,1384992
1922,algeria,Algeria,25648
1922,argentina,Argentina,6055772
1922,armenia,Armenia,90830
1922,australia,Australia,24921644
1922,austria,Austria,18587472
1922,azerbaijan,Azerbaijan,547131
1922,belarus,Belarus,1145475
1922,belgium,Belgium,55908976
1922,bolivia-plurinational-state-of,Bolivia,57218
1922,brazil,Brazil,4026874
1922,bulgaria,Bulgaria,1509568
1922,canada,Canada,69209300
1922,chile,Chile,2449184
1922,china,China,39971524
1922,colombia,Colombia,294540
1922,congo-dem-rep,Democratic Republic of the Congo,80608
1922,croatia,Croatia,1031042
1922,cuba,Cuba,1380852
1922,czech-republic,Czechia,29203296
1922,denmark,Denmark,9650976
1922,ecuador,Ecuador,36454
1922,egypt-arab-rep,Egypt,531280
1922,estonia,Estonia,413895
1922,finland,Finland,710816
1922,france,France,163150600
1922,georgia,Georgia,151560
1922,germany,Germany,455460830
1922,greece,Greece,677840
1922,guatemala,Guatemala,2077
1922,haiti,Haiti,8
1922,hungary,Hungary,11010320
1922,india,India,36902812
1922,indonesia,Indonesia,8298959.5
1922,iran-islamic-rep,Iran,9225952
1922,italy,Italy,25699296
1922,japan,Japan,71429680
1922,kazakhstan,Kazakhstan,2725409
1922,korea-dem-people-s-rep,North Korea,798366
1922,korea-rep,South Korea,44354
1922,latvia,Latvia,274395
1922,lithuania,Lithuania,427976
1922,malaysia,Malaysia,2004208.1
1922,mexico,Mexico,86504696
1922,netherlands,Netherlands,27271152
1922,new-zealand,New Zealand,3561408
1922,nigeria,Nigeria,304112
1922,norway,Norway,6481616
1922,panama,Panama,3534
1922,peru,Peru,3074222
1922,philippines,Philippines,76944
1922,poland,Poland,71770430
1922,portugal,Portugal,2960512
1922,romania,Romania,7141136
1922,russian-federation,Russia,25118048
1922,serbia,Serbia,2730538
1922,slovak-republic,Slovakia,9393279
1922,slovenia,Slovenia,781971
1922,south-africa,South Africa,21786144
1922,spain,Spain,14941792
1922,sweden,Sweden,10126600
1922,switzerland,Switzerland,6151856
1922,taiwan,Taiwan,3572400
1922,turkiye,Turkey,1011263.94
1922,ukraine,Ukraine,7966804
1922,united-kingdom,United Kingdom,439608350
1922,united-states,United States,1446013000
1922,uruguay,Uruguay,1297537
1922,uzbekistan,Uzbekistan,1068940
1922,venezuela-rb,Venezuela,246527
1922,viet-nam,Vietnam,2627088
1922,zimbabwe,Zimbabwe,1242096
1923,algeria,Algeria,14656
1923,argentina,Argentina,7343099
1923,armenia,Armenia,100336
1923,australia,Australia,25684384
1923,austria,Austria,17777728
1923,azerbaijan,Azerbaijan,604387
1923,belarus,Belarus,1265347
1923,belgium,Belgium,71884020
1923,bolivia-plurinational-state-of,Bolivia,70411
1923,brazil,Brazil,4792903
1923,bulgaria,Bulgaria,1604832
1923,canada,Canada,92981330
1923,chile,Chile,2775124
1923,china,China,46517556
1923,colombia,Colombia,314201
1923,congo-dem-rep,Democratic Republic of the Congo,161216
1923,croatia,Croatia,1124661
1923,cuba,Cuba,1796696
1923,czech-republic,Czechia,30866670
1923,denmark,Denmark,10526672
1923,ecuador,Ecuador,42188
1923,egypt-arab-rep,Egypt,468992
1923,estonia,Estonia,457208
1923,finland,Finland,1476592
1923,france,France,184189280
1923,georgia,Georgia,167420
1923,germany,Germany,331929100
1923,greece,Greece,919664
1923,guatemala,Guatemala,857
1923,haiti,Haiti,7320
1923,hungary,Hungary,11860368
1923,india,India,37971310
1923,indonesia,Indonesia,9588688
1923,iran-islamic-rep,Iran,11578240
1923,italy,Italy,26824144
1923,japan,Japan,75907090
1923,kazakhstan,Kazakhstan,3010618
1923,korea-dem-people-s-rep,North Korea,954568
1923,korea-rep,South Korea,53032
1923,latvia,Latvia,303110
1923,lithuania,Lithuania,472762
1923,malaysia,Malaysia,2583120
1923,mexico,Mexico,73320120
1923,netherlands,Netherlands,27197872
1923,new-zealand,New Zealand,3836208
1923,nigeria,Nigeria,472656
1923,norway,Norway,6793056
1923,panama,Panama,634
1923,peru,Peru,3057655
1923,philippines,Philippines,76944
1923,poland,Poland,52549090
1923,portugal,Portugal,2678384
1923,romania,Romania,8474832
1923,russian-federation,Russia,27746602
1923,serbia,Serbia,2978472
1923,slovak-republic,Slovakia,9928305
1923,slovenia,Slovenia,852975
1923,south-africa,South Africa,26443088
1923,spain,Spain,17213472
1923,sweden,Sweden,12294173
1923,switzerland,Switzerland,7665088
1923,taiwan,Taiwan,3832544
1923,turkiye,Turkey,1472928
1923,ukraine,Ukraine,8800514
1923,united-kingdom,United Kingdom,466067230
1923,united-states,United States,1909034400
1923,uruguay,Uruguay,1122885
1923,uzbekistan,Uzbekistan,1180802
1923,venezuela-rb,Venezuela,385764
1923,viet-nam,Vietnam,2802960
1923,zimbabwe,Zimbabwe,1483920
1924,algeria,Algeria,29312
1924,argentina,Argentina,9863518
1924,armenia,Armenia,119540
1924,australia,Australia,28190650
1924,austria,Austria,20093376
1924,azerbaijan,Azerbaijan,720071
1924,belarus,Belarus,1507543
1924,belgium,Belgium,76255170
1924,bolivia-plurinational-state-of,Bolivia,71219
1924,brazil,Brazil,5319118
1924,bulgaria,Bulgaria,1842992
1924,canada,Canada,77383680
1924,chile,Chile,3993635
1924,china,China,48846084
1924,colombia,Colombia,340608
1924,congo-dem-rep,Democratic Republic of the Congo,216176
1924,croatia,Croatia,1152993
1924,cuba,Cuba,1571502
1924,czech-republic,Czechia,37886108
1924,denmark,Denmark,12340352
1924,ecuador,Ecuador,52137
1924,egypt-arab-rep,Egypt,498304
1924,estonia,Estonia,544721
1924,finland,Finland,1744064
1924,france,France,206634940
1924,georgia,Georgia,199466
1924,germany,Germany,451793180
1924,greece,Greece,1297056
1924,guatemala,Guatemala,1762
1924,haiti,Haiti,664
1924,hungary,Hungary,11263136
1924,india,India,40627332
1924,indonesia,Indonesia,10585296
1924,iran-islamic-rep,Iran,13505504
1924,ireland,Ireland,6686800
1924,italy,Italy,32180912
1924,japan,Japan,79347580
1924,kazakhstan,Kazakhstan,3586870
1924,korea-dem-people-s-rep,North Korea,1003165
1924,korea-rep,South Korea,55731
1924,latvia,Latvia,361127
1924,lithuania,Lithuania,563252
1924,malaysia,Malaysia,2506176
1924,mexico,Mexico,68933880
1924,netherlands,Netherlands,30594400
1924,new-zealand,New Zealand,3990096
1924,nigeria,Nigeria,542272
1924,norway,Norway,7727376
1924,panama,Panama,8000.0005
1924,peru,Peru,3702117
1924,philippines,Philippines,84272
1924,poland,Poland,47837184
1924,portugal,Portugal,3030128
1924,romania,Romania,10006384
1924,russian-federation,Russia,33057492
1924,serbia,Serbia,3053505
1924,slovak-republic,Slovakia,12186116
1924,slovenia,Slovenia,874462
1924,south-africa,South Africa,27776784
1924,spain,Spain,18389616
1924,sweden,Sweden,14642477
1924,switzerland,Switzerland,7232736
1924,taiwan,Taiwan,3993760
1924,turkiye,Turkey,2451216
1924,ukraine,Ukraine,10484993
1924,united-kingdom,United Kingdom,488240160
1924,united-states,United States,1711686500
1924,uruguay,Uruguay,1254351
1924,uzbekistan,Uzbekistan,1406816
1924,venezuela-rb,Venezuela,340754
1924,viet-nam,Vietnam,3279280
1924,zimbabwe,Zimbabwe,1568192
1925,algeria,Algeria,32976
1925,argentina,Argentina,10156537
1925,armenia,Armenia,117985
1925,australia,Australia,29631932
1925,austria,Austria,18990512
1925,azerbaijan,Azerbaijan,710699
1925,belarus,Belarus,1487922
1925,belgium,Belgium,78039540
1925,bolivia-plurinational-state-of,Bolivia,40288
1925,brazil,Brazil,5341588
1925,bulgaria,Bulgaria,1810016
1925,canada,Canada,75247570
1925,chile,Chile,3835620
1925,china,China,45954840
1925,colombia,Colombia,625632
1925,congo-dem-rep,Democratic Republic of the Congo,172208
1925,croatia,Croatia,1265705
1925,cuba,Cuba,1703763
1925,czech-republic,Czechia,35654416
1925,denmark,Denmark,10720864
1925,ecuador,Ecuador,72507
1925,egypt-arab-rep,Egypt,553264
1925,estonia,Estonia,537631
1925,finland,Finland,1711088
1925,france,France,213827380
1925,georgia,Georgia,196870
1925,germany,Germany,458065950
1925,greece,Greece,1978560
1925,guatemala,Guatemala,0
1925,haiti,Haiti,382
1925,hungary,Hungary,10130960
1925,india,India,40084310
1925,indonesia,Indonesia,11079936
1925,iran-islamic-rep,Iran,14201664
1925,ireland,Ireland,6034608
1925,italy,Italy,30968128
1925,japan,Japan,82011310
1925,kazakhstan,Kazakhstan,3540187
1925,korea-dem-people-s-rep,North Korea,1600204
1925,korea-rep,South Korea,88900
1925,latvia,Latvia,356427
1925,lithuania,Lithuania,555922
1925,malaysia,Malaysia,2964176
1925,mexico,Mexico,57506010
1925,netherlands,Netherlands,33591550
1925,new-zealand,New Zealand,4089024
1925,nigeria,Nigeria,644864
1925,norway,Norway,7595472
1925,panama,Panama,11475
1925,peru,Peru,4861794
1925,philippines,Philippines,84272
1925,poland,Poland,48075344
1925,portugal,Portugal,3121728
1925,romania,Romania,11710144
1925,russian-federation,Russia,32627244
1925,serbia,Serbia,3352005
1925,slovak-republic,Slovakia,11468289
1925,slovenia,Slovenia,959947
1925,south-africa,South Africa,28952928
1925,spain,Spain,19052800
1925,sweden,Sweden,13119573
1925,switzerland,Switzerland,7536848
1925,taiwan,Taiwan,4488400
1925,turkiye,Turkey,2366944
1925,ukraine,Ukraine,10348529
1925,united-kingdom,United Kingdom,460999000
1925,united-states,United States,1758185500
1925,uruguay,Uruguay,904148
1925,uzbekistan,Uzbekistan,1388506
1925,venezuela-rb,Venezuela,627298
1925,viet-nam,Vietnam,3616368
1925,zimbabwe,Zimbabwe,1828336
1926,algeria,Algeria,40304
1926,argentina,Argentina,10323330
1926,armenia,Armenia,170948
1926,australia,Australia,29587222
1926,austria,Austria,18620448
1926,azerbaijan,Azerbaijan,1029732.94
1926,belarus,Belarus,2155851
1926,belgium,Belgium,77684130
1926,bolivia-plurinational-state-of,Bolivia,60342
1926,brazil,Brazil,5469600
1926,bulgaria,Bulgaria,1780704
1926,canada,Canada,84755650
1926,chile,Chile,3743749
1926,china,China,43660164
1926,colombia,Colombia,1104439
1926,congo-dem-rep,Democratic Republic of the Congo,238160
1926,croatia,Croatia,1232446
1926,cuba,Cuba,1636035
1926,czech-republic,Czechia,36150652
1926,denmark,Denmark,10468048
1926,ecuador,Ecuador,112844
1926,egypt-arab-rep,Egypt,531280
1926,estonia,Estonia,778975
1926,finland,Finland,1597504
1926,france,France,213732110
1926,georgia,Georgia,285245
1926,germany,Germany,413236900
1926,greece,Greece,1821008
1926,guatemala,Guatemala,0
1926,haiti,Haiti,382
1926,hungary,Hungary,11772432
1926,india,India,39941964
1926,indonesia,Indonesia,11098256
1926,iran-islamic-rep,Iran,15059040
1926,ireland,Ireland,8097440
1926,italy,Italy,35841250
1926,japan,Japan,82604880
1926,kazakhstan,Kazakhstan,5129380
1926,korea-dem-people-s-rep,North Korea,1718223
1926,korea-rep,South Korea,95457
1926,latvia,Latvia,516428
1926,lithuania,Lithuania,805476
1926,malaysia,Malaysia,3400192
1926,mexico,Mexico,45134012
1926,netherlands,Netherlands,34328016
1926,new-zealand,New Zealand,4272224
1926,nigeria,Nigeria,875696
1926,norway,Norway,6360704
1926,panama,Panama,17123
1926,peru,Peru,4800699
1926,philippines,Philippines,51296
1926,poland,Poland,48130304
1926,portugal,Portugal,3136384
1926,romania,Romania,14502112
1926,russian-federation,Russia,47273650
1926,serbia,Serbia,3263923
1926,slovak-republic,Slovakia,11627905
1926,slovenia,Slovenia,934722
1926,south-africa,South Africa,30429520
1926,spain,Spain,18378624
1926,sweden,Sweden,12769362
1926,switzerland,Switzerland,7456240
1926,taiwan,Taiwan,4752208
1926,turkiye,Turkey,3008144
1926,ukraine,Ukraine,14993995
1926,united-kingdom,United Kingdom,261066020
1926,united-states,United States,1906048500
1926,uruguay,Uruguay,829218
1926,uzbekistan,Uzbekistan,2011807
1926,venezuela-rb,Venezuela,1061922
1926,viet-nam,Vietnam,3422176
1926,zimbabwe,Zimbabwe,2322976
1927,algeria,Algeria,58624
1927,argentina,Argentina,12499041
1927,armenia,Armenia,212534
1927,australia,Australia,31269102
1927,austria,Austria,20122688
1927,azerbaijan,Azerbaijan,1280235
1927,belarus,Belarus,2680303
1927,belgium,Belgium,90475150
1927,bolivia-plurinational-state-of,Bolivia,77757
1927,brazil,Brazil,6038804
1927,bulgaria,Bulgaria,1817344
1927,canada,Canada,91999380
1927,chile,Chile,3697813
1927,china,China,45808580
1927,colombia,Colombia,1028916.94
1927,congo-dem-rep,Democratic Republic of the Congo,230832
1927,croatia,Croatia,1392584
1927,cuba,Cuba,1652342
1927,czech-republic,Czechia,38795416
1927,denmark,Denmark,13325968
1927,ecuador,Ecuador,235360
1927,egypt-arab-rep,Egypt,567920
1927,estonia,Estonia,968475
1927,finland,Finland,2850592
1927,france,France,213039620
1927,georgia,Georgia,354636
1927,germany,Germany,481185800
1927,greece,Greece,2315648
1927,guatemala,Guatemala,382
1927,haiti,Haiti,305
1927,hungary,Hungary,13087808
1927,india,India,41883140
1927,indonesia,Indonesia,12886288
1927,iran-islamic-rep,Iran,16700512
1927,iraq,Iraq,139232
1927,ireland,Ireland,6730768
1927,italy,Italy,40384610
1927,japan,Japan,89482210
1927,kazakhstan,Kazakhstan,6377199
1927,korea-dem-people-s-rep,North Korea,1780704
1927,korea-rep,South Korea,98928
1927,latvia,Latvia,642059
1927,lithuania,Lithuania,1001423
1927,malaysia,Malaysia,3378208
1927,mexico,Mexico,32859714
1927,mozambique,Mozambique,43968
1927,netherlands,Netherlands,37966370
1927,new-zealand,New Zealand,4495728
1927,nigeria,Nigeria,967296
1927,norway,Norway,8667718
1927,panama,Panama,13278
1927,peru,Peru,4785192
1927,philippines,Philippines,40304
1927,poland,Poland,60668510
1927,portugal,Portugal,3631024
1927,romania,Romania,16125263
1927,russian-federation,Russia,58773852
1927,serbia,Serbia,3688021
1927,slovak-republic,Slovakia,12478597
1927,slovenia,Slovenia,1056175
1927,south-africa,South Africa,29561152
1927,spain,Spain,21445392
1927,sweden,Sweden,17874824
1927,switzerland,Switzerland,8595744
1927,taiwan,Taiwan,4928080
1927,turkiye,Turkey,3279280
1927,ukraine,Ukraine,18641568
1927,united-kingdom,United Kingdom,481344130
1927,united-states,United States,1862839200
1927,uruguay,Uruguay,754033
1927,uzbekistan,Uzbekistan,2501218
1927,venezuela-rb,Venezuela,1042024
1927,viet-nam,Vietnam,3957120
1927,zimbabwe,Zimbabwe,2410912
1928,algeria,Algeria,73072
1928,argentina,Argentina,12190790
1928,armenia,Armenia,233329
1928,australia,Australia,29018580
1928,austria,Austria,21190466
1928,azerbaijan,Azerbaijan,1409964
1928,belarus,Belarus,2970066
1928,belgium,Belgium,88246130
1928,bolivia-plurinational-state-of,Bolivia,92291
1928,brazil,Brazil,6083169
1928,bulgaria,Bulgaria,2139330
1928,canada,Canada,93776640
1928,chile,Chile,3472942
1928,china,China,47591444
1928,colombia,Colombia,1324178
1928,congo-dem-rep,Democratic Republic of the Congo,281950
1928,croatia,Croatia,1559792
1928,cuba,Cuba,1594829
1928,czech-republic,Czechia,40846910
1928,denmark,Denmark,12557042
1928,ecuador,Ecuador,474280
1928,egypt-arab-rep,Egypt,868010
1928,estonia,Estonia,1088079
1928,finland,Finland,3127927
1928,france,France,211619150
1928,georgia,Georgia,388654
1928,germany,Germany,505010900
1928,greece,Greece,2373678
1928,guatemala,Guatemala,1149
1928,haiti,Haiti,767
1928,hungary,Hungary,13749268
1928,india,India,40072296
1928,indonesia,Indonesia,14831872
1928,iran-islamic-rep,Iran,17678800
1928,iraq,Iraq,289456
1928,ireland,Ireland,6485280
1928,italy,Italy,38148140
1928,japan,Japan,92390570
1928,kazakhstan,Kazakhstan,7103472
1928,korea-dem-people-s-rep,North Korea,2051454.1
1928,korea-rep,South Korea,113970
1928,latvia,Latvia,708716
1928,lithuania,Lithuania,1102934
1928,malaysia,Malaysia,3806896
1928,mexico,Mexico,24456444
1928,morocco,Morocco,29074
1928,mozambique,Mozambique,21925
1928,myanmar,Myanmar,3158368
1928,netherlands,Netherlands,38006670
1928,new-zealand,New Zealand,4714737
1928,nigeria,Nigeria,967296
1928,norway,Norway,8453624
1928,panama,Panama,12483
1928,peru,Peru,5407921
1928,philippines,Philippines,80341
1928,poland,Poland,62888132
1928,portugal,Portugal,3993463
1928,romania,Romania,18271030
1928,russian-federation,Russia,65292970
1928,serbia,Serbia,4197640
1928,slovak-republic,Slovakia,13138463
1928,slovenia,Slovenia,1193688
1928,south-africa,South Africa,29623440
1928,spain,Spain,21508768
1928,sweden,Sweden,16244894
1928,switzerland,Switzerland,8963252
1928,taiwan,Taiwan,4202608
1928,turkiye,Turkey,3125154
1928,ukraine,Ukraine,20708890
1928,united-kingdom,United Kingdom,454453470
1928,united-states,United States,1830965000
1928,uruguay,Uruguay,621536
1928,uzbekistan,Uzbekistan,2688993
1928,venezuela-rb,Venezuela,1939800
1928,viet-nam,Vietnam,5297490
1928,zimbabwe,Zimbabwe,2905552
1929,algeria,Algeria,80381
1929,argentina,Argentina,12606970
1929,armenia,Armenia,251329.98
1929,australia,Australia,26906062
1929,austria,Austria,24172726
1929,azerbaijan,Azerbaijan,1519208
1929,belarus,Belarus,3200218
1929,belgium,Belgium,96954620
1929,bolivia-plurinational-state-of,Bolivia,60205
1929,brazil,Brazil,6337248
1929,bulgaria,Bulgaria,2483568
1929,canada,Canada,99030050
1929,chile,Chile,3831680
1929,china,China,48281828
1929,colombia,Colombia,1305532
1929,congo-dem-rep,Democratic Republic of the Congo,303874
1929,croatia,Croatia,1725178
1929,cuba,Cuba,860162
1929,czech-republic,Czechia,45692876
1929,denmark,Denmark,15125417
1929,ecuador,Ecuador,601363
1929,egypt-arab-rep,Egypt,922615
1929,estonia,Estonia,1169576
1929,finland,Finland,3351431
1929,france,France,234282100
1929,georgia,Georgia,418441
1929,germany,Germany,539234750
1929,greece,Greece,2703408
1929,guatemala,Guatemala,2298
1929,haiti,Haiti,382
1929,hungary,Hungary,15112366
1929,india,India,41707188
1929,indonesia,Indonesia,18539246
1929,iran-islamic-rep,Iran,17022944
1929,iraq,Iraq,370064
1929,ireland,Ireland,9999056
1929,italy,Italy,44027132
1929,japan,Japan,94880340
1929,kazakhstan,Kazakhstan,7651669
1929,korea-dem-people-s-rep,North Korea,2356916
1929,korea-rep,South Korea,130940.01
1929,latvia,Latvia,762956
1929,lithuania,Lithuania,1188519
1929,malaysia,Malaysia,4114672.2
1929,mexico,Mexico,22482310
1929,morocco,Morocco,32708.998
1929,mozambique,Mozambique,10903
1929,myanmar,Myanmar,3048448
1929,netherlands,Netherlands,41266770
1929,new-zealand,New Zealand,4894302
1929,nigeria,Nigeria,930656
1929,norway,Norway,9520614
1929,panama,Panama,15499
1929,peru,Peru,7144172
1929,philippines,Philippines,69302
1929,poland,Poland,72689690
1929,portugal,Portugal,3967755
1929,romania,Romania,20491474
1929,russian-federation,Russia,70315310
1929,serbia,Serbia,4568840
1929,slovak-republic,Slovakia,14697173
1929,slovenia,Slovenia,1308424
1929,south-africa,South Africa,30768816
1929,spain,Spain,23969846
1929,sweden,Sweden,19369774
1929,switzerland,Switzerland,10263735
1929,taiwan,Taiwan,4191616
1929,turkiye,Turkey,3550149
1929,ukraine,Ukraine,22302652
1929,united-kingdom,United Kingdom,478205950
1929,united-states,United States,1963506200
1929,uruguay,Uruguay,873884
1929,uzbekistan,Uzbekistan,2893517
1929,venezuela-rb,Venezuela,2012340.1
1929,viet-nam,Vietnam,5323049
1929,zimbabwe,Zimbabwe,2751664
1930,algeria,Algeria,84005
1930,argentina,Argentina,12338452
1930,armenia,Armenia,343219
1930,australia,Australia,25899494
1930,austria,Austria,18863498
1930,azerbaijan,Azerbaijan,2072706
1930,belarus,Belarus,4358864
1930,belgium,Belgium,93672490
1930,bolivia-plurinational-state-of,Bolivia,82668
1930,brazil,Brazil,5787529
1930,bulgaria,Bulgaria,2402871
1930,canada,Canada,94347740
1930,chile,Chile,3532702
1930,china,China,49558456
1930,colombia,Colombia,733378
1930,congo-dem-rep,Democratic Republic of the Congo,388117
1930,croatia,Croatia,1623552
1930,cuba,Cuba,1298420
1930,czech-republic,Czechia,40310730
1930,denmark,Denmark,13806466
1930,ecuador,Ecuador,678153
1930,egypt-arab-rep,Egypt,1021042
1930,estonia,Estonia,1583100
1930,finland,Finland,2648241
1930,france,France,237634190
1930,georgia,Georgia,571227
1930,germany,Germany,462091780
1930,greece,Greece,2853542
1930,guatemala,Guatemala,1149
1930,haiti,Haiti,77
1930,hungary,Hungary,12514887
1930,india,India,42398796
1930,indonesia,Indonesia,18084938
1930,iran-islamic-rep,Iran,18514192
1930,iraq,Iraq,370064
1930,ireland,Ireland,9552048
1930,israel,Israel,39977
1930,italy,Italy,39549784
1930,japan,Japan,86165784
1930,kazakhstan,Kazakhstan,10395429
1930,korea-dem-people-s-rep,North Korea,2221541
1930,korea-rep,South Korea,123419
1930,latvia,Latvia,1043018
1930,lithuania,Lithuania,1622475
1930,malaysia,Malaysia,3671328
1930,mexico,Mexico,20718980
1930,morocco,Morocco,40007
1930,mozambique,Mozambique,10903
1930,myanmar,Myanmar,3085088
1930,netherlands,Netherlands,40779430
1930,new-zealand,New Zealand,4865019
1930,nigeria,Nigeria,937984
1930,norway,Norway,8726636
1930,panama,Panama,11198
1930,peru,Peru,5659205
1930,philippines,Philippines,87520
1930,poland,Poland,56565140
1930,portugal,Portugal,4323133
1930,romania,Romania,23242812
1930,russian-federation,Russia,95588780
1930,serbia,Serbia,4299701
1930,slovak-republic,Slovakia,12910678
1930,slovenia,Slovenia,1231348
1930,south-africa,South Africa,28722096
1930,spain,Spain,23636364
1930,sweden,Sweden,18932354
1930,switzerland,Switzerland,9556195
1930,taiwan,Taiwan,4242912
1930,turkiye,Turkey,3971538
1930,ukraine,Ukraine,30322612
1930,united-kingdom,United Kingdom,460804770
1930,united-states,United States,1744916200
1930,uruguay,Uruguay,729660
1930,uzbekistan,Uzbekistan,3969521
1930,venezuela-rb,Venezuela,60198
1930,viet-nam,Vietnam,5271813
1930,zimbabwe,Zimbabwe,2491520
1931,algeria,Algeria,98619
1931,argentina,Argentina,12465657
1931,armenia,Armenia,412689
1931,australia,Australia,22551372
1931,austria,Austria,18102606
1931,azerbaijan,Azerbaijan,2491565
1931,belarus,Belarus,5236817
1931,belgium,Belgium,84122810
1931,bolivia-plurinational-state-of,Bolivia,16533
1931,brazil,Brazil,4772610
1931,bulgaria,Bulgaria,2274928
1931,canada,Canada,75849256
1931,chile,Chile,2730455
1931,china,China,51904660
1931,colombia,Colombia,757869
1931,congo-dem-rep,Democratic Republic of the Congo,248974
1931,croatia,Croatia,1476965
1931,cuba,Cuba,959853
1931,czech-republic,Czechia,37718612
1931,denmark,Denmark,14320526
1931,ecuador,Ecuador,766925
1931,egypt-arab-rep,Egypt,1006619
1931,estonia,Estonia,1900376
1931,finland,Finland,3011154
1931,france,France,217493550
1931,georgia,Georgia,687075
1931,germany,Germany,385964900
1931,greece,Greece,2728878
1931,guatemala,Guatemala,1149
1931,haiti,Haiti,231
1931,hungary,Hungary,11188667
1931,india,India,38850388
1931,indonesia,Indonesia,16894168
1931,iran-islamic-rep,Iran,17924288
1931,iraq,Iraq,366400
1931,ireland,Ireland,9841504
1931,israel,Israel,39977
1931,italy,Italy,34172700
1931,japan,Japan,77904010
1931,kazakhstan,Kazakhstan,12485385
1931,korea-dem-people-s-rep,North Korea,2353445
1931,korea-rep,South Korea,130747.01
1931,latvia,Latvia,1253526
1931,lithuania,Lithuania,1950122
1931,malaysia,Malaysia,2707696
1931,mexico,Mexico,16948686
1931,morocco,Morocco,90981
1931,mozambique,Mozambique,10903
1931,myanmar,Myanmar,2934864
1931,netherlands,Netherlands,44956480
1931,new-zealand,New Zealand,4238625
1931,nigeria,Nigeria,883024
1931,norway,Norway,8086297
1931,panama,Panama,8774
1931,peru,Peru,4592557
1931,philippines,Philippines,80222
1931,poland,Poland,54825896
1931,portugal,Portugal,3920094
1931,romania,Romania,25848718
1931,russian-federation,Russia,114837200
1931,serbia,Serbia,3983129
1931,slovak-republic,Slovakia,12076943
1931,slovenia,Slovenia,1131502
1931,south-africa,South Africa,25567392
1931,spain,Spain,22530666
1931,sweden,Sweden,18944282
1931,switzerland,Switzerland,10094537
1931,syrian-arab-republic,Syria,3634
1931,taiwan,Taiwan,3773920
1931,thailand,Thailand,29074
1931,turkiye,Turkey,3938384
1931,ukraine,Ukraine,36428120
1931,united-kingdom,United Kingdom,430978720
1931,united-states,United States,1484959100
1931,uruguay,Uruguay,852850
1931,uzbekistan,Uzbekistan,4783091
1931,venezuela-rb,Venezuela,57700
1931,viet-nam,Vietnam,4656320
1931,zimbabwe,Zimbabwe,1557200
1932,algeria,Algeria,113227
1932,argentina,Argentina,12897623
1932,armenia,Armenia,464280
1932,australia,Australia,23050902
1932,austria,Austria,15171198
1932,azerbaijan,Azerbaijan,2803983
1932,belarus,Belarus,5895352
1932,belgium,Belgium,67713210
1932,bolivia-plurinational-state-of,Bolivia,50976
1932,brazil,Brazil,4780363
1932,bulgaria,Bulgaria,2637515
1932,canada,Canada,70206600
1932,chile,Chile,2638391
1932,china,China,50269150
1932,colombia,Colombia,611109
1932,congo-dem-rep,Democratic Republic of the Congo,51237
1932,croatia,Croatia,1350314
1932,cuba,Cuba,773249
1932,czech-republic,Czechia,32875306
1932,denmark,Denmark,13426895
1932,ecuador,Ecuador,711965
1932,egypt-arab-rep,Egypt,951659
1932,estonia,Estonia,2139047
1932,finland,Finland,3022177
1932,france,France,191775420
1932,georgia,Georgia,773263
1932,germany,Germany,347485760
1932,greece,Greece,2681246
1932,guatemala,Guatemala,1149
1932,haiti,Haiti,382
1932,hungary,Hungary,10210766
1932,india,India,36128884
1932,indonesia,Indonesia,16586601
1932,iran-islamic-rep,Iran,20089712
1932,iraq,Iraq,373728
1932,ireland,Ireland,6426656
1932,israel,Israel,50880
1932,italy,Italy,28064604
1932,japan,Japan,77980500
1932,kazakhstan,Kazakhstan,14069241
1932,korea-dem-people-s-rep,North Korea,2773455
1932,korea-rep,South Korea,154081
1932,latvia,Latvia,1409196
1932,lithuania,Lithuania,2193778
1932,malaysia,Malaysia,1795360
1932,mexico,Mexico,16326145
1932,morocco,Morocco,149333
1932,mozambique,Mozambique,62199
1932,myanmar,Myanmar,2978832
1932,netherlands,Netherlands,41416816
1932,new-zealand,New Zealand,3538830
1932,nigeria,Nigeria,677840
1932,norway,Norway,8643426
1932,panama,Panama,6876
1932,peru,Peru,4152478.2
1932,philippines,Philippines,87480
1932,poland,Poland,41977020
1932,portugal,Portugal,3388725
1932,romania,Romania,27358226
1932,russian-federation,Russia,129387880
1932,serbia,Serbia,3630065
1932,slovak-republic,Slovakia,10524562
1932,slovenia,Slovenia,1032645
1932,south-africa,South Africa,23455768
1932,spain,Spain,21175820
1932,sweden,Sweden,18736918
1932,switzerland,Switzerland,10222985
1932,syrian-arab-republic,Syria,10903
1932,taiwan,Taiwan,3594384
1932,thailand,Thailand,25440
1932,turkiye,Turkey,4000642.8
1932,ukraine,Ukraine,41040800
1932,united-kingdom,United Kingdom,414564930
1932,united-states,United States,1257814100
1932,uruguay,Uruguay,726466
1932,uzbekistan,Uzbekistan,5377270
1932,venezuela-rb,Venezuela,3850679
1932,viet-nam,Vietnam,4626949
1932,zimbabwe,Zimbabwe,1161488
1933,albania,Albania,7328
1933,algeria,Algeria,120615
1933,argentina,Argentina,13524040
1933,armenia,Armenia,519633
1933,australia,Australia,24781530
1933,austria,Austria,14229847
1933,azerbaijan,Azerbaijan,3136463
1933,belarus,Belarus,6587938
1933,belgium,Belgium,72656570
1933,bolivia-plurinational-state-of,Bolivia,63373
1933,brazil,Brazil,5177471
1933,bulgaria,Bulgaria,2348148
1933,canada,Canada,69482550
1933,chile,Chile,3548672
1933,china,China,54111180
1933,colombia,Colombia,954165
1933,congo-dem-rep,Democratic Republic of the Congo,3634
1933,croatia,Croatia,1248693
1933,cuba,Cuba,757937
1933,czech-republic,Czechia,30064200
1933,denmark,Denmark,13371371
1933,ecuador,Ecuador,726621
1933,egypt-arab-rep,Egypt,870873
1933,estonia,Estonia,2389522
1933,finland,Finland,3223666
1933,france,France,199387060
1933,georgia,Georgia,866040
1933,germany,Germany,364980800
1933,greece,Greece,2300188
1933,guatemala,Guatemala,1531
1933,haiti,Haiti,77
1933,hungary,Hungary,10005641
1933,india,India,35466760
1933,indonesia,Indonesia,17861704
1933,iran-islamic-rep,Iran,22086592
1933,iraq,Iraq,351744
1933,ireland,Ireland,9266256
1933,israel,Israel,65417
1933,italy,Italy,30473790
1933,japan,Japan,91342500
1933,kazakhstan,Kazakhstan,15715148
1933,korea-dem-people-s-rep,North Korea,3269831
1933,korea-rep,South Korea,181657
1933,latvia,Latvia,1573192
1933,lithuania,Lithuania,2453391
1933,madagascar,Madagascar,3634
1933,malaysia,Malaysia,1590176
1933,mexico,Mexico,17630242
1933,morocco,Morocco,175070
1933,mozambique,Mozambique,51213
1933,myanmar,Myanmar,2997152
1933,netherlands,Netherlands,38569470
1933,new-zealand,New Zealand,3546040
1933,nigeria,Nigeria,633872
1933,norway,Norway,9179236
1933,panama,Panama,5386
1933,peru,Peru,6706794
1933,philippines,Philippines,76558
1933,poland,Poland,43204224
1933,portugal,Portugal,3996770
1933,romania,Romania,27310566
1933,russian-federation,Russia,144604200
1933,serbia,Serbia,3359120
1933,slovak-republic,Slovakia,9630734
1933,slovenia,Slovenia,955226
1933,south-africa,South Africa,25331648
1933,spain,Spain,18706372
1933,sweden,Sweden,19517262
1933,switzerland,Switzerland,9566704
1933,syrian-arab-republic,Syria,14537
1933,taiwan,Taiwan,4195280
1933,thailand,Thailand,21806
1933,tunisia,Tunisia,18171
1933,turkiye,Turkey,4663797
1933,ukraine,Ukraine,45865548
1933,united-kingdom,United Kingdom,412268770
1933,united-states,United States,1348876800
1933,uruguay,Uruguay,790868
1933,uzbekistan,Uzbekistan,6041873
1933,venezuela-rb,Venezuela,2872904
1933,viet-nam,Vietnam,4275442
1933,zimbabwe,Zimbabwe,1282400
1934,albania,Albania,7328
1934,algeria,Algeria,138846
1934,argentina,Argentina,14660483
1934,armenia,Armenia,627919
1934,australia,Australia,26208724
1934,austria,Austria,13753408
1934,azerbaijan,Azerbaijan,3790901
1934,belarus,Belarus,7966201
1934,belgium,Belgium,74957770
1934,bolivia-plurinational-state-of,Bolivia,86099
1934,brazil,Brazil,5158075
1934,bulgaria,Bulgaria,2439749
1934,canada,Canada,79913280
1934,chile,Chile,4155498
1934,china,China,62382628
1934,colombia,Colombia,808117
1934,congo-dem-rep,Democratic Republic of the Congo,18290
1934,croatia,Croatia,1299503
1934,cuba,Cuba,815358
1934,czech-republic,Czechia,30032006
1934,denmark,Denmark,14641888
1934,ecuador,Ecuador,733949
1934,egypt-arab-rep,Egypt,823211
1934,estonia,Estonia,2889864
1934,finland,Finland,3952535
1934,france,France,201350060
1934,georgia,Georgia,1046502.94
1934,germany,Germany,408619780
1934,greece,Greece,2831262
1934,guatemala,Guatemala,1913
1934,haiti,Haiti,38
1934,hungary,Hungary,10573383
1934,india,India,39610384
1934,indonesia,Indonesia,19235554
1934,iran-islamic-rep,Iran,23493568
1934,iraq,Iraq,2865248
1934,ireland,Ireland,9482432
1934,israel,Israel,69051
1934,italy,Italy,39660990
1934,japan,Japan,101202820
1934,kazakhstan,Kazakhstan,19012654
1934,korea-dem-people-s-rep,North Korea,4348516
1934,korea-rep,South Korea,241584
1934,latvia,Latvia,1899606
1934,lithuania,Lithuania,2965089
1934,madagascar,Madagascar,7269
1934,malaysia,Malaysia,1733072
1934,mexico,Mexico,19065008
1934,morocco,Morocco,189785
1934,mozambique,Mozambique,65893
1934,myanmar,Myanmar,3063104
1934,netherlands,Netherlands,38627948
1934,new-zealand,New Zealand,3982768
1934,nigeria,Nigeria,699824
1934,norway,Norway,9485086
1934,panama,Panama,4222
1934,peru,Peru,6810378
1934,philippines,Philippines,87550
1934,poland,Poland,45214510
1934,portugal,Portugal,4095608.2
1934,romania,Romania,31659346
1934,russian-federation,Russia,174916260
1934,serbia,Serbia,3496361
1934,slovak-republic,Slovakia,9618395
1934,slovenia,Slovenia,994305
1934,south-africa,South Africa,28870568
1934,spain,Spain,20245432
1934,sweden,Sweden,21732500
1934,switzerland,Switzerland,9555712
1934,syrian-arab-republic,Syria,10903
1934,taiwan,Taiwan,4173296
1934,thailand,Thailand,25440
1934,tunisia,Tunisia,18171
1934,turkiye,Turkey,5792101
1934,ukraine,Ukraine,55479268
1934,united-kingdom,United Kingdom,445277200
1934,united-states,United States,1436238600
1934,uruguay,Uruguay,740621
1934,uzbekistan,Uzbekistan,7291220
1934,venezuela-rb,Venezuela,5278050
1934,viet-nam,Vietnam,4282741
1934,zimbabwe,Zimbabwe,1707424
1935,albania,Albania,18320
1935,algeria,Algeria,131644
1935,argentina,Argentina,14432186
1935,armenia,Armenia,709677
1935,australia,Australia,28957930
1935,austria,Austria,13921714
1935,azerbaijan,Azerbaijan,4285813
1935,belarus,Belarus,9012832
1935,belgium,Belgium,71640630
1935,bolivia-plurinational-state-of,Bolivia,78204
1935,brazil,Brazil,5378230
1935,bulgaria,Bulgaria,2472784
1935,canada,Canada,78795750
1935,chile,Chile,4180139
1935,china,China,72645970
1935,colombia,Colombia,2501804
1935,congo-dem-rep,Democratic Republic of the Congo,32946
1935,croatia,Croatia,1358412
1935,cuba,Cuba,792390
1935,czech-republic,Czechia,30917798
1935,denmark,Denmark,15250171
1935,ecuador,Ecuador,785186
1935,egypt-arab-rep,Egypt,745911
1935,estonia,Estonia,3272330
1935,finland,Finland,3516342
1935,france,France,195372340
1935,georgia,Georgia,1182703
1935,germany,Germany,452332830
1935,greece,Greece,2911779
1935,guatemala,Guatemala,382
1935,haiti,Haiti,77
1935,hungary,Hungary,11078807
1935,india,India,41392524
1935,indonesia,Indonesia,20001212
1935,iran-islamic-rep,Iran,23339680
1935,iraq,Iraq,5723168
1935,ireland,Ireland,9533728
1935,israel,Israel,90857
1935,italy,Italy,45376240
1935,japan,Japan,106382490
1935,kazakhstan,Kazakhstan,21527010
1935,korea-dem-people-s-rep,North Korea,5114713
1935,korea-rep,South Korea,284151
1935,latvia,Latvia,2149230
1935,lithuania,Lithuania,3351958
1935,madagascar,Madagascar,3634
1935,malaysia,Malaysia,1806352
1935,mexico,Mexico,21662626
1935,morocco,Morocco,233723
1935,mozambique,Mozambique,47573
1935,myanmar,Myanmar,3026464
1935,netherlands,Netherlands,37265090
1935,new-zealand,New Zealand,4150807
1935,nigeria,Nigeria,696160
1935,norway,Norway,9781810
1935,panama,Panama,3309
1935,peru,Peru,7241789
1935,philippines,Philippines,98482
1935,poland,Poland,46148330
1935,portugal,Portugal,4377618
1935,romania,Romania,31530840
1935,russian-federation,Russia,197995140
1935,serbia,Serbia,3660714
1935,slovak-republic,Slovakia,9900622
1935,slovenia,Slovenia,1040205
1935,south-africa,South Africa,32156788
1935,spain,Spain,22454852
1935,sweden,Sweden,22864024
1935,switzerland,Switzerland,9475104
1935,syrian-arab-republic,Syria,14537
1935,taiwan,Taiwan,4363824
1935,thailand,Thailand,25440
1935,tunisia,Tunisia,18171
1935,turkiye,Turkey,5935145
1935,ukraine,Ukraine,62798430
1935,united-kingdom,United Kingdom,451205500
1935,united-states,United States,1492320900
1935,uruguay,Uruguay,831528
1935,uzbekistan,Uzbekistan,8223217
1935,venezuela-rb,Venezuela,6028249
1935,viet-nam,Vietnam,4762754
1935,zimbabwe,Zimbabwe,1842992
1936,albania,Albania,128209.99
1936,algeria,Algeria,51029
1936,argentina,Argentina,15316796
1936,armenia,Armenia,812362
1936,australia,Australia,31513688
1936,austria,Austria,13591954
1936,azerbaijan,Azerbaijan,4907672
1936,belarus,Belarus,10329386
1936,belgium,Belgium,75003560
1936,bolivia-plurinational-state-of,Bolivia,49683
1936,brazil,Brazil,5617306
1936,bulgaria,Bulgaria,2513058
1936,canada,Canada,86163110
1936,chile,Chile,4579226
1936,china,China,75477250
1936,colombia,Colombia,2889746
1936,congo-dem-rep,Democratic Republic of the Congo,40274
1936,croatia,Croatia,1342894
1936,cuba,Cuba,922541
1936,czech-republic,Czechia,33592620
1936,denmark,Denmark,15777639
1936,ecuador,Ecuador,876845
1936,egypt-arab-rep,Egypt,727769
1936,estonia,Estonia,3754632
1936,finland,Finland,4963383
1936,france,France,198079070
1936,georgia,Georgia,1353718
1936,germany,Germany,499634430
1936,greece,Greece,3366087
1936,guatemala,Guatemala,1531
1936,haiti,Haiti,77
1936,hungary,Hungary,11899810
1936,iceland,Iceland,21984
1936,india,India,40683816
1936,indonesia,Indonesia,21767288
1936,iran-islamic-rep,Iran,25552736
1936,iraq,Iraq,5792784
1936,ireland,Ireland,10145616
1936,israel,Israel,76320
1936,italy,Italy,31989586
1936,japan,Japan,116849070
1936,kazakhstan,Kazakhstan,24692850
1936,korea-dem-people-s-rep,North Korea,6002934
1936,korea-rep,South Korea,333496
1936,latvia,Latvia,2458921
1936,lithuania,Lithuania,3838049
1936,malaysia,Malaysia,2048176
1936,mexico,Mexico,22212920
1936,morocco,Morocco,211858
1936,mozambique,Mozambique,51237
1936,myanmar,Myanmar,3110736
1936,netherlands,Netherlands,39892000
1936,new-zealand,New Zealand,4176335.8
1936,nigeria,Nigeria,787760
1936,norway,Norway,10441182
1936,panama,Panama,2593
1936,peru,Peru,7457412
1936,philippines,Philippines,120377
1936,poland,Poland,49895770
1936,portugal,Portugal,4128347
1936,romania,Romania,33154018
1936,russian-federation,Russia,227038910
1936,saudi-arabia,Saudi Arabia,7328
1936,serbia,Serbia,3608630
1936,slovak-republic,Slovakia,10756589
1936,slovenia,Slovenia,1026726
1936,south-africa,South Africa,35251944
1936,spain,Spain,8054700
1936,sweden,Sweden,25047560
1936,switzerland,Switzerland,9920062
1936,syrian-arab-republic,Syria,29074
1936,taiwan,Taiwan,4733888
1936,thailand,Thailand,29074
1936,tunisia,Tunisia,25440
1936,turkiye,Turkey,5865499
1936,ukraine,Ukraine,72009350
1936,united-kingdom,United Kingdom,476535360
1936,united-states,United States,1713411700
1936,uruguay,Uruguay,890749
1936,uzbekistan,Uzbekistan,9390243
1936,venezuela-rb,Venezuela,3207243
1936,viet-nam,Vietnam,5872798
1936,zimbabwe,Zimbabwe,1868640
1937,albania,Albania,296725
1937,algeria,Algeria,69349
1937,argentina,Argentina,16408022
1937,armenia,Armenia,831618
1937,australia,Australia,33755788
1937,austria,Austria,15258836
1937,azerbaijan,Azerbaijan,5022835
1937,belarus,Belarus,10565591
1937,belgium,Belgium,90298120
1937,bolivia-plurinational-state-of,Bolivia,58757
1937,brazil,Brazil,6731251
1937,bulgaria,Bulgaria,2787769
1937,canada,Canada,93483010
1937,chile,Chile,4998650
1937,china,China,70968650
1937,colombia,Colombia,2871423
1937,congo-dem-rep,Democratic Republic of the Congo,102561
1937,croatia,Croatia,1497436
1937,cuba,Cuba,983788
1937,czech-republic,Czechia,40691670
1937,denmark,Denmark,16294739
1937,ecuador,Ecuador,975773
1937,egypt-arab-rep,Egypt,687495
1937,estonia,Estonia,3840876
1937,finland,Finland,6780401
1937,france,France,217705010
1937,georgia,Georgia,1385951
1937,germany,Germany,563512600
1937,greece,Greece,3585897
1937,guatemala,Guatemala,1913
1937,haiti,Haiti,77
1937,hungary,Hungary,13621177
1937,iceland,Iceland,18320
1937,india,India,45066548
1937,indonesia,Indonesia,25343888
1937,iran-islamic-rep,Iran,31689936
1937,iraq,Iraq,6243456
1937,ireland,Ireland,10354464
1937,israel,Israel,79954
1937,italy,Italy,45174150
1937,japan,Japan,125430960
1937,kazakhstan,Kazakhstan,25243852
1937,korea-dem-people-s-rep,North Korea,6422578
1937,korea-rep,South Korea,356810
1937,latvia,Latvia,2513352
1937,lithuania,Lithuania,3928133
1937,malaysia,Malaysia,2344960
1937,mexico,Mexico,25130572
1937,morocco,Morocco,369440
1937,mozambique,Mozambique,58565
1937,myanmar,Myanmar,3216992
1937,netherlands,Netherlands,43999190
1937,new-zealand,New Zealand,4381431
1937,nigeria,Nigeria,978288
1937,norway,Norway,11760133
1937,panama,Panama,2031.0001
1937,peru,Peru,8835484
1937,philippines,Philippines,120318
1937,poland,Poland,56336130
1937,portugal,Portugal,4930705
1937,romania,Romania,28463774
1937,russian-federation,Russia,232156980
1937,saudi-arabia,Saudi Arabia,25648
1937,serbia,Serbia,4019429.2
1937,slovak-republic,Slovakia,13025853
1937,slovenia,Slovenia,1144575
1937,south-africa,South Africa,36816148
1937,spain,Spain,5245303
1937,sweden,Sweden,28942064
1937,switzerland,Switzerland,10464384
1937,syrian-arab-republic,Syria,61783
1937,taiwan,Taiwan,5250512
1937,thailand,Thailand,36343
1937,tunisia,Tunisia,29074
1937,turkiye,Turkey,4245714
1937,ukraine,Ukraine,73633110
1937,united-kingdom,United Kingdom,491703230
1937,united-states,United States,1792609900
1937,uruguay,Uruguay,792343
1937,uzbekistan,Uzbekistan,9629676
1937,venezuela-rb,Venezuela,9446700
1937,viet-nam,Vietnam,6238841
1937,zimbabwe,Zimbabwe,2733344
1938,albania,Albania,348080
1938,algeria,Algeria,32976
1938,argentina,Argentina,16175169
1938,armenia,Armenia,877843
1938,australia,Australia,33696736
1938,austria,Austria,5786503
1938,azerbaijan,Azerbaijan,5301856
1938,belarus,Belarus,11151948
1938,belgium,Belgium,79119070
1938,bolivia-plurinational-state-of,Bolivia,150078
1938,brazil,Brazil,7179338
1938,bulgaria,Bulgaria,3172310
1938,canada,Canada,85543540
1938,chile,Chile,5070026
1938,china,China,61365520
1938,colombia,Colombia,3081546
1938,congo-dem-rep,Democratic Republic of the Congo,120851
1938,croatia,Croatia,1413568
1938,cuba,Cuba,884261
1938,czech-republic,Czechia,46588324
1938,denmark,Denmark,14631431
1938,ecuador,Ecuador,1030733
1938,egypt-arab-rep,Egypt,877844
1938,estonia,Estonia,4055551
1938,finland,Finland,5695588
1938,france,France,201798460
1938,georgia,Georgia,1462978
1938,germany,Germany,601272640
1938,greece,Greece,2842018
1938,guatemala,Guatemala,767
1938,haiti,Haiti,77
1938,hong-kong-sar-china,Hong Kong,54514
1938,hungary,Hungary,14771643
1938,india,India,50378828
1938,indonesia,Indonesia,26732544
1938,iran-islamic-rep,Iran,31777872
1938,iraq,Iraq,5917360
1938,ireland,Ireland,9965634
1938,israel,Israel,47246
1938,italy,Italy,44978956
1938,japan,Japan,131735120
1938,kazakhstan,Kazakhstan,26643024
1938,korea-dem-people-s-rep,North Korea,8594587
1938,korea-rep,South Korea,477477
1938,latvia,Latvia,2647774
1938,lithuania,Lithuania,4146428
1938,malaysia,Malaysia,1912608
1938,mexico,Mexico,24476150
1938,morocco,Morocco,464674
1938,mozambique,Mozambique,40206
1938,myanmar,Myanmar,3088752
1938,netherlands,Netherlands,43306636
1938,new-zealand,New Zealand,4245685
1938,nigeria,Nigeria,974624
1938,norway,Norway,10477702
1938,panama,Panama,1590
1938,peru,Peru,8037337.5
1938,philippines,Philippines,156869
1938,poland,Poland,59936084
1938,portugal,Portugal,4117266.2
1938,romania,Romania,26712412
1938,russian-federation,Russia,245030510
1938,saudi-arabia,Saudi Arabia,205184
1938,serbia,Serbia,3808251
1938,slovak-republic,Slovakia,14985195
1938,slovenia,Slovenia,1083227
1938,south-africa,South Africa,38699296
1938,spain,Spain,13220969
1938,sweden,Sweden,26134964
1938,switzerland,Switzerland,10458105
1938,syrian-arab-republic,Syria,61783
1938,taiwan,Taiwan,5899040
1938,thailand,Thailand,39977
1938,tunisia,Tunisia,32708.998
1938,turkiye,Turkey,4633889
1938,ukraine,Ukraine,77716296
1938,united-kingdom,United Kingdom,472755740
1938,united-states,United States,1515749900
1938,uruguay,Uruguay,727074
1938,uzbekistan,Uzbekistan,10166209
1938,venezuela-rb,Venezuela,6176634
1938,viet-nam,Vietnam,6352306
1938,zimbabwe,Zimbabwe,2769984
1939,albania,Albania,432352
1939,algeria,Algeria,161216
1939,argentina,Argentina,16484650
1939,armenia,Armenia,888652
1939,australia,Australia,37983664
1939,austria,Austria,6335720
1939,azerbaijan,Azerbaijan,5366987
1939,belarus,Belarus,11288673
1939,belgium,Belgium,73709370
1939,bolivia-plurinational-state-of,Bolivia,153175
1939,brazil,Brazil,5614746
1939,bulgaria,Bulgaria,3483750
1939,canada,Canada,95003840
1939,chile,Chile,4668863
1939,china,China,74426990
1939,colombia,Colombia,4809575
1939,congo-dem-rep,Democratic Republic of the Congo,87793
1939,croatia,Croatia,1484990
1939,cuba,Cuba,704345
1939,czech-republic,Czechia,51191668
1939,denmark,Denmark,16301977
1939,ecuador,Ecuador,1070211
1939,egypt-arab-rep,Egypt,2226199
1939,estonia,Estonia,4103941
1939,finland,Finland,4870834
1939,france,France,194617020
1939,georgia,Georgia,1481021
1939,germany,Germany,648625500
1939,greece,Greece,251419
1939,guatemala,Guatemala,1531
1939,haiti,Haiti,115
1939,hong-kong-sar-china,Hong Kong,54514
1939,hungary,Hungary,14443488
1939,india,India,49311412
1939,indonesia,Indonesia,29201396
1939,iran-islamic-rep,Iran,30052128
1939,iraq,Iraq,12157152
1939,ireland,Ireland,11529568
1939,israel,Israel,54514
1939,italy,Italy,46120100
1939,japan,Japan,127746840
1939,kazakhstan,Kazakhstan,26969240
1939,korea-dem-people-s-rep,North Korea,11217663
1939,korea-rep,South Korea,623204
1939,latvia,Latvia,2678962
1939,lithuania,Lithuania,4197372
1939,malaysia,Malaysia,1703760
1939,mexico,Mexico,22826158
1939,morocco,Morocco,318768
1939,mozambique,Mozambique,65833
1939,myanmar,Myanmar,3231648
1939,netherlands,Netherlands,40701176
1939,new-zealand,New Zealand,4461801
1939,nigeria,Nigeria,820736
1939,norway,Norway,12514649
1939,panama,Panama,1246
1939,peru,Peru,5867372
1939,philippines,Philippines,84272
1939,poland,Poland,51900560
1939,portugal,Portugal,4751019
1939,romania,Romania,25187860
1939,russian-federation,Russia,248035660
1939,saudi-arabia,Saudi Arabia,1652464
1939,serbia,Serbia,3995308
1939,slovak-republic,Slovakia,16452713
1939,slovenia,Slovenia,1137282
1939,south-africa,South Africa,40157270
1939,spain,Spain,15713746
1939,sweden,Sweden,29299888
1939,switzerland,Switzerland,11860368
1939,syrian-arab-republic,Syria,58149
1939,taiwan,Taiwan,7181440
1939,thailand,Thailand,47246
1939,tunisia,Tunisia,32735.002
1939,turkiye,Turkey,4904937
1939,ukraine,Ukraine,78669360
1939,united-kingdom,United Kingdom,474288770
1939,united-states,United States,1670920400
1939,uruguay,Uruguay,845160
1939,uzbekistan,Uzbekistan,10292550
1939,venezuela-rb,Venezuela,7047976
1939,viet-nam,Vietnam,7092256
1939,zimbabwe,Zimbabwe,2967840
1940,albania,Albania,692496
1940,algeria,Algeria,238160
1940,argentina,Argentina,15647855
1940,armenia,Armenia,1065485
1940,australia,Australia,35346490
1940,austria,Austria,7343022
1940,azerbaijan,Azerbaijan,6432842
1940,belarus,Belarus,13528873
1940,belgium,Belgium,62103940
1940,bolivia-plurinational-state-of,Bolivia,181742
1940,brazil,Brazil,5654414
1940,bulgaria,Bulgaria,4100016
1940,canada,Canada,108621770
1940,chile,Chile,5402670
1940,china,China,90790530
1940,colombia,Colombia,4299906
1940,congo-dem-rep,Democratic Republic of the Congo,76850
1940,croatia,Croatia,1731953
1940,cuba,Cuba,681378
1940,czech-republic,Czechia,57693830
1940,denmark,Denmark,14822761
1940,ecuador,Ecuador,1088531
1940,egypt-arab-rep,Egypt,3028672
1940,estonia,Estonia,4905333
1940,finland,Finland,2314430
1940,france,France,137737090
1940,georgia,Georgia,1776513
1940,germany,Germany,654325000
1940,greece,Greece,237387
1940,guatemala,Guatemala,767
1940,haiti,Haiti,154
1940,hungary,Hungary,15824816
1940,iceland,Iceland,425008
1940,india,India,52308668
1940,indonesia,Indonesia,28733088
1940,iran-islamic-rep,Iran,27127988
1940,iraq,Iraq,7690736
1940,ireland,Ireland,11522181
1940,israel,Israel,72686
1940,italy,Italy,49030564
1940,japan,Japan,153244270
1940,kazakhstan,Kazakhstan,32325200
1940,korea-dem-people-s-rep,North Korea,14429603
1940,korea-rep,South Korea,801645
1940,latvia,Latvia,3245701
1940,lithuania,Lithuania,5030329
1940,malaysia,Malaysia,2568464
1940,mexico,Mexico,23378442
1940,morocco,Morocco,395712
1940,mozambique,Mozambique,65833
1940,myanmar,Myanmar,3173024
1940,netherlands,Netherlands,33437664
1940,new-zealand,New Zealand,4758645
1940,nigeria,Nigeria,835392
1940,norway,Norway,6509561
1940,panama,Panama,977
1940,peru,Peru,5307257
1940,philippines,Philippines,113584
1940,poland,Poland,167246940
1940,portugal,Portugal,3897397
1940,romania,Romania,23946298
1940,russian-federation,Russia,297361760
1940,saudi-arabia,Saudi Arabia,2147104
1940,serbia,Serbia,4586782
1940,slovak-republic,Slovakia,18547246
1940,slovenia,Slovenia,1313562
1940,south-africa,South Africa,41517090
1940,spain,Spain,21618628
1940,sweden,Sweden,18474730
1940,switzerland,Switzerland,8311001
1940,syrian-arab-republic,Syria,21806
1940,taiwan,Taiwan,7767680
1940,thailand,Thailand,58149
1940,tunisia,Tunisia,58370
1940,turkiye,Turkey,5469282
1940,ukraine,Ukraine,94321496
1940,united-kingdom,United Kingdom,500083070
1940,united-states,United States,1874985100
1940,uruguay,Uruguay,941052
1940,uzbekistan,Uzbekistan,12358568
1940,venezuela-rb,Venezuela,12386424
1940,viet-nam,Vietnam,6769943
1940,zimbabwe,Zimbabwe,3425840
1941,albania,Albania,626485
1941,algeria,Algeria,311440
1941,argentina,Argentina,13940459
1941,armenia,Armenia,936020
1941,australia,Australia,39334720
1941,austria,Austria,7973112
1941,azerbaijan,Azerbaijan,5651822
1941,belarus,Belarus,11890851
1941,belgium,Belgium,65183670
1941,bolivia-plurinational-state-of,Bolivia,217179
1941,brazil,Brazil,6280670
1941,bulgaria,Bulgaria,4422448
1941,canada,Canada,120151840
1941,chile,Chile,5269272
1941,china,China,113978570
1941,colombia,Colombia,3952726
1941,congo-dem-rep,Democratic Republic of the Congo,102414
1941,cuba,Cuba,562473
1941,czech-republic,Czechia,58073036
1941,denmark,Denmark,17398642
1941,ecuador,Ecuador,729459
1941,egypt-arab-rep,Egypt,3951762
1941,estonia,Estonia,4310077
1941,ethiopia,Ethiopia,10903
1941,finland,Finland,3245056
1941,france,France,119927290
1941,georgia,Georgia,1559539
1941,germany,Germany,660793200
1941,greece,Greece,135301
1941,guatemala,Guatemala,12052
1941,haiti,Haiti,77
1941,hong-kong-sar-china,Hong Kong,54514
1941,hungary,Hungary,17851968
1941,iceland,Iceland,412226
1941,india,India,53580236
1941,indonesia,Indonesia,26486372
1941,iran-islamic-rep,Iran,20822304
1941,iraq,Iraq,4807168
1941,ireland,Ireland,8447995
1941,israel,Israel,58149
1941,italy,Italy,42894144
1941,japan,Japan,154604580
1941,kazakhstan,Kazakhstan,28405022
1941,korea-dem-people-s-rep,North Korea,16090748
1941,korea-rep,South Korea,893930
1941,latvia,Latvia,2852255
1941,lithuania,Lithuania,4421838
1941,malaysia,Malaysia,2183744
1941,mexico,Mexico,22710594
1941,morocco,Morocco,388384
1941,mozambique,Mozambique,58505
1941,myanmar,Myanmar,3184016
1941,netherlands,Netherlands,37125440
1941,new-zealand,New Zealand,5000469
1941,nigeria,Nigeria,989280
1941,norway,Norway,4813218
1941,panama,Panama,767
1941,peru,Peru,5252282
1941,philippines,Philippines,90857
1941,poland,Poland,164803060
1941,portugal,Portugal,3780149
1941,romania,Romania,22545760
1941,russian-federation,Russia,261240080
1941,saudi-arabia,Saudi Arabia,1810016
1941,slovak-republic,Slovakia,18665074
1941,south-africa,South Africa,44327200
1941,spain,Spain,21508380
1941,sweden,Sweden,15041770
1941,switzerland,Switzerland,6625295
1941,syrian-arab-republic,Syria,21806
1941,taiwan,Taiwan,7935362
1941,thailand,Thailand,58149
1941,tunisia,Tunisia,135330
1941,turkiye,Turkey,5619476
1941,ukraine,Ukraine,82861064
1941,united-kingdom,United Kingdom,499796060
1941,united-states,United States,2043585000
1941,uruguay,Uruguay,768600
1941,uzbekistan,Uzbekistan,10829191
1941,venezuela-rb,Venezuela,15093673
1941,viet-nam,Vietnam,6326510
1941,zimbabwe,Zimbabwe,3744608
1942,albania,Albania,743792
1942,algeria,Algeria,498304
1942,argentina,Argentina,13479180
1942,armenia,Armenia,513580.97
1942,australia,Australia,42027110
1942,austria,Austria,8545348
1942,azerbaijan,Azerbaijan,3093641
1942,belarus,Belarus,6476854
1942,belgium,Belgium,61076828
1942,bolivia-plurinational-state-of,Bolivia,212036
1942,brazil,Brazil,5866699
1942,bulgaria,Bulgaria,5349440
1942,canada,Canada,131077410
1942,chile,Chile,5326383
1942,china,China,127613384
1942,colombia,Colombia,4272118
1942,congo-dem-rep,Democratic Republic of the Congo,142629
1942,cuba,Cuba,470214
1942,czech-republic,Czechia,62634000
1942,denmark,Denmark,16471592
1942,ecuador,Ecuador,1051861
1942,egypt-arab-rep,Egypt,3834514
1942,estonia,Estonia,2340284
1942,ethiopia,Ethiopia,10903
1942,finland,Finland,2809575
1942,france,France,122495736
1942,georgia,Georgia,856965
1942,germany,Germany,667899400
1942,greece,Greece,227047
1942,guatemala,Guatemala,11285
1942,haiti,Haiti,38
1942,hungary,Hungary,18837346
1942,iceland,Iceland,437523
1942,india,India,53528676
1942,indonesia,Indonesia,9456784
1942,iran-islamic-rep,Iran,29531632
1942,iraq,Iraq,7961872
1942,ireland,Ireland,7015757
1942,israel,Israel,109029
1942,italy,Italy,41888780
1942,japan,Japan,147791840
1942,kazakhstan,Kazakhstan,15410267
1942,korea-dem-people-s-rep,North Korea,17764324
1942,korea-rep,South Korea,986907
1942,latvia,Latvia,1551511
1942,lithuania,Lithuania,2419901
1942,malaysia,Malaysia,659520
1942,mexico,Mexico,19116282
1942,morocco,Morocco,329760
1942,mozambique,Mozambique,29223
1942,myanmar,Myanmar,1025920.06
1942,netherlands,Netherlands,34594000
1942,new-zealand,New Zealand,5095733
1942,nigeria,Nigeria,1242096
1942,norway,Norway,4626115
1942,panama,Panama,767
1942,peru,Peru,6035904
1942,poland,Poland,181613490
1942,portugal,Portugal,3025483
1942,romania,Romania,23671618
1942,russian-federation,Russia,142024860
1942,saudi-arabia,Saudi Arabia,1901616
1942,slovak-republic,Slovakia,20131072
1942,south-africa,South Africa,48423256
1942,spain,Spain,23058224
1942,sweden,Sweden,13022192
1942,switzerland,Switzerland,5838634
1942,syrian-arab-republic,Syria,54514
1942,taiwan,Taiwan,6418406
1942,tunisia,Tunisia,160978
1942,turkiye,Turkey,4945538
1942,ukraine,Ukraine,45046664
1942,united-kingdom,United Kingdom,492995900
1942,united-states,United States,2198264800
1942,uruguay,Uruguay,555009
1942,uzbekistan,Uzbekistan,6044100
1942,venezuela-rb,Venezuela,11587860
1942,viet-nam,Vietnam,3384823
1942,zimbabwe,Zimbabwe,4140319.8
1943,albania,Albania,461664
1943,algeria,Algeria,468665
1943,argentina,Argentina,14076890
1943,armenia,Armenia,536003
1943,australia,Australia,41193708
1943,austria,Austria,9611216
1943,azerbaijan,Azerbaijan,3228703
1943,belarus,Belarus,6759620
1943,belgium,Belgium,57852690
1943,bolivia-plurinational-state-of,Bolivia,223030
1943,brazil,Brazil,6474923
1943,bulgaria,Bulgaria,5811104
1943,canada,Canada,138062140
1943,chile,Chile,5582778
1943,china,China,108994540
1943,colombia,Colombia,3937994
1943,congo-dem-rep,Democratic Republic of the Congo,219573
1943,croatia,Croatia,61241
1943,cuba,Cuba,734342
1943,czech-republic,Czechia,69152376
1943,denmark,Denmark,20622070
1943,ecuador,Ecuador,1055495
1943,egypt-arab-rep,Egypt,4102373
1943,estonia,Estonia,2442456
1943,ethiopia,Ethiopia,10903
1943,finland,Finland,3945176
1943,france,France,125245670
1943,georgia,Georgia,894378
1943,germany,Germany,679430140
1943,greece,Greece,212512
1943,guatemala,Guatemala,11670
1943,haiti,Haiti,77
1943,hungary,Hungary,19207528
1943,iceland,Iceland,472023
1943,india,India,46643676
1943,indonesia,Indonesia,19027152
1943,iran-islamic-rep,Iran,30455018
1943,iraq,Iraq,10959024
1943,ireland,Ireland,7110814
1943,israel,Israel,83589
1943,italy,Italy,7112232
1943,japan,Japan,150637470
1943,kazakhstan,Kazakhstan,16083048
1943,korea-dem-people-s-rep,North Korea,17215064
1943,korea-rep,South Korea,956392
1943,latvia,Latvia,1619247
1943,lithuania,Lithuania,2525549
1943,malaysia,Malaysia,1319040
1943,mexico,Mexico,19197288
1943,morocco,Morocco,354843
1943,mozambique,Mozambique,51168
1943,myanmar,Myanmar,410368
1943,netherlands,Netherlands,34927456
1943,new-zealand,New Zealand,5370503
1943,nigeria,Nigeria,1363008
1943,norway,Norway,5443456
1943,panama,Panama,382
1943,peru,Peru,6509864
1943,poland,Poland,197786380
1943,portugal,Portugal,2941183
1943,romania,Romania,22106734
1943,russian-federation,Russia,148225390
1943,saudi-arabia,Saudi Arabia,1993216
1943,serbia,Serbia,163729
1943,slovak-republic,Slovakia,22226332
1943,slovenia,Slovenia,46525
1943,south-africa,South Africa,48764124
1943,spain,Spain,23849440
1943,sweden,Sweden,15835729
1943,switzerland,Switzerland,6172353
1943,syrian-arab-republic,Syria,36343
1943,taiwan,Taiwan,6425409
1943,thailand,Thailand,32708.998
1943,tunisia,Tunisia,51200
1943,turkiye,Turkey,6118197
1943,ukraine,Ukraine,47013308
1943,united-kingdom,United Kingdom,490218620
1943,united-states,United States,2272059100
1943,uruguay,Uruguay,804215
1943,uzbekistan,Uzbekistan,6307974
1943,venezuela-rb,Venezuela,10367799
1943,viet-nam,Vietnam,2769479
1943,zimbabwe,Zimbabwe,4719232
1944,albania,Albania,153888
1944,algeria,Algeria,497921
1944,argentina,Argentina,13951808
1944,armenia,Armenia,777305
1944,australia,Australia,41026970
1944,austria,Austria,9390832
1944,azerbaijan,Azerbaijan,4682220
1944,belarus,Belarus,9802706
1944,belgium,Belgium,33138442
1944,bolivia-plurinational-state-of,Bolivia,234814
1944,brazil,Brazil,5895771
1944,bulgaria,Bulgaria,4388967
1944,canada,Canada,140407200
1944,chile,Chile,5479811
1944,china,China,103003570
1944,colombia,Colombia,4913481
1944,congo-dem-rep,Democratic Republic of the Congo,171851
1944,croatia,Croatia,15398
1944,cuba,Cuba,527440
1944,czech-republic,Czechia,65925040
1944,denmark,Denmark,20281288
1944,ecuador,Ecuador,1326602
1944,egypt-arab-rep,Egypt,4358438
1944,estonia,Estonia,3542015
1944,finland,Finland,2725303
1944,france,France,79986440
1944,georgia,Georgia,1297015
1944,germany,Germany,600273150
1944,greece,Greece,109920
1944,guatemala,Guatemala,11670
1944,haiti,Haiti,38
1944,hungary,Hungary,15857168
1944,iceland,Iceland,453026
1944,india,India,47695224
1944,indonesia,Indonesia,8771616
1944,iran-islamic-rep,Iran,41659532
1944,iraq,Iraq,12772704
1944,ireland,Ireland,6356149
1944,israel,Israel,87223
1944,italy,Italy,3577930
1944,japan,Japan,138732700
1944,kazakhstan,Kazakhstan,23323412
1944,korea-dem-people-s-rep,North Korea,18188508
1944,korea-rep,South Korea,1010473
1944,latvia,Latvia,2348210
1944,lithuania,Lithuania,3662516
1944,malaysia,Malaysia,1102864
1944,mexico,Mexico,20265532
1944,morocco,Morocco,420914
1944,mozambique,Mozambique,54849
1944,myanmar,Myanmar,307776
1944,netherlands,Netherlands,23335154
1944,new-zealand,New Zealand,5469431
1944,nigeria,Nigeria,1656128
1944,norway,Norway,4879141
1944,panama,Panama,382
1944,peru,Peru,6429258
1944,poland,Poland,189040420
1944,portugal,Portugal,3245322
1944,romania,Romania,15057732
1944,russian-federation,Russia,214954380
1944,saudi-arabia,Saudi Arabia,3260960
1944,serbia,Serbia,40779
1944,slovak-republic,Slovakia,21204876
1944,slovenia,Slovenia,11678
1944,south-africa,South Africa,54567100
1944,spain,Spain,25790766
1944,sweden,Sweden,12442329
1944,switzerland,Switzerland,4450036
1944,syrian-arab-republic,Syria,18171
1944,taiwan,Taiwan,4630315
1944,thailand,Thailand,14537
1944,tunisia,Tunisia,91362
1944,turkiye,Turkey,7022729
1944,ukraine,Ukraine,68178050
1944,united-kingdom,United Kingdom,489670370
1944,united-states,United States,2444903700
1944,uruguay,Uruguay,703139
1944,uzbekistan,Uzbekistan,9147735
1944,venezuela-rb,Venezuela,15148633
1944,viet-nam,Vietnam,1425296
1944,zimbabwe,Zimbabwe,4796176
1945,albania,Albania,120912
1945,algeria,Algeria,615136
1945,argentina,Argentina,13665986
1945,armenia,Armenia,819320
1945,australia,Australia,39159604
1945,austria,Austria,4561680
1945,azerbaijan,Azerbaijan,4939774
1945,belarus,Belarus,10364529
1945,belgium,Belgium,38755176
1945,bolivia-plurinational-state-of,Bolivia,210534
1945,brazil,Brazil,6822912
1945,bulgaria,Bulgaria,5209227
1945,canada,Canada,130520904
1945,chile,Chile,5233465
1945,china,China,55892210
1945,colombia,Colombia,4764170
1945,congo-dem-rep,Democratic Republic of the Congo,171904
1945,croatia,Croatia,869929
1945,cuba,Cuba,556902
1945,czech-republic,Czechia,34986292
1945,denmark,Denmark,14043221
1945,ecuador,Ecuador,1227674
1945,egypt-arab-rep,Egypt,4354743
1945,estonia,Estonia,3751763
1945,finland,Finland,640077
1945,france,France,107165640
1945,georgia,Georgia,1366935
1945,germany,Germany,116064530
1945,greece,Greece,65744
1945,guatemala,Guatemala,15304
1945,haiti,Haiti,154
1945,hungary,Hungary,8199883.5
1945,iceland,Iceland,432367
1945,india,India,52873180
1945,indonesia,Indonesia,3806896
1945,iran-islamic-rep,Iran,52897080
1945,iraq,Iraq,14132048
1945,ireland,Ireland,6832587
1945,israel,Israel,72686
1945,italy,Italy,4351886
1945,japan,Japan,76635160
1945,kazakhstan,Kazakhstan,24712652
1945,korea-dem-people-s-rep,North Korea,65417
1945,korea-rep,South Korea,3634
1945,latvia,Latvia,2484793
1945,lithuania,Lithuania,3863223
1945,luxembourg,Luxembourg,25440
1945,madagascar,Madagascar,7328
1945,malaysia,Malaysia,611888
1945,mexico,Mexico,22768986
1945,morocco,Morocco,523655
1945,mozambique,Mozambique,47494
1945,myanmar,Myanmar,296784
1945,netherlands,Netherlands,14651415
1945,new-zealand,New Zealand,5619624
1945,nigeria,Nigeria,1381328
1945,norway,Norway,4011515.2
1945,panama,Panama,382
1945,peru,Peru,6192759
1945,philippines,Philippines,14537
1945,poland,Poland,59458176
1945,portugal,Portugal,3336834
1945,romania,Romania,18905230
1945,russian-federation,Russia,227572200
1945,saudi-arabia,Saudi Arabia,8811920
1945,serbia,Serbia,2319319
1945,slovak-republic,Slovakia,11253387
1945,slovenia,Slovenia,662782
1945,south-africa,South Africa,55868090
1945,spain,Spain,28267302
1945,sweden,Sweden,4549445
1945,switzerland,Switzerland,1621488
1945,syrian-arab-republic,Syria,18171
1945,taiwan,Taiwan,2187408
1945,tunisia,Tunisia,95026
1945,turkiye,Turkey,7088681
1945,ukraine,Ukraine,72185270
1945,united-kingdom,United Kingdom,453074080
1945,united-states,United States,2359551500
1945,uruguay,Uruguay,855483
1945,uzbekistan,Uzbekistan,9580882
1945,venezuela-rb,Venezuela,15782344
1945,viet-nam,Vietnam,615522
1945,zimbabwe,Zimbabwe,4462485
1946,albania,Albania,483648
1946,algeria,Algeria,761639
1946,argentina,Argentina,13702418
1946,armenia,Armenia,918206
1946,australia,Australia,42740160
1946,austria,Austria,12760137
1946,azerbaijan,Azerbaijan,5539265
1946,bangladesh,Bangladesh,117474
1946,belarus,Belarus,11638443
1946,belgium,Belgium,56410636
1946,bolivia-plurinational-state-of,Bolivia,218515
1946,brazil,Brazil,7460241
1946,bulgaria,Bulgaria,4975712
1946,canada,Canada,138422140
1946,chile,Chile,5259635
1946,china,China,36107050
1946,colombia,Colombia,5775751
1946,congo-dem-rep,Democratic Republic of the Congo,311113
1946,croatia,Croatia,1709434
1946,cuba,Cuba,477541
1946,czech-republic,Czechia,43566916
1946,denmark,Denmark,17643802
1946,ecuador,Ecuador,1103098
1946,egypt-arab-rep,Egypt,4222215
1946,estonia,Estonia,4217711
1946,finland,Finland,3281607
1946,france,France,165245170
1946,georgia,Georgia,1531724
1946,germany,Germany,271682430
1946,greece,Greece,124160
1946,guatemala,Guatemala,15304
1946,haiti,Haiti,95
1946,hungary,Hungary,10797154
1946,iceland,Iceland,509880
1946,india,India,52224150
1946,indonesia,Indonesia,1344688
1946,iran-islamic-rep,Iran,60232320
1946,iraq,Iraq,14355552
1946,ireland,Ireland,8195150.5
1946,israel,Israel,130834
1946,italy,Italy,22166356
1946,japan,Japan,52706560
1946,kazakhstan,Kazakhstan,27787980
1946,korea-dem-people-s-rep,North Korea,72686
1946,korea-rep,South Korea,487282
1946,kuwait,Kuwait,2454880
1946,latvia,Latvia,2791612
1946,lithuania,Lithuania,4331518
1946,luxembourg,Luxembourg,36343
1946,malaysia,Malaysia,604560
1946,mexico,Mexico,25623044
1946,morocco,Morocco,684459
1946,mozambique,Mozambique,54849
1946,myanmar,Myanmar,7328
1946,netherlands,Netherlands,31102062
1946,new-zealand,New Zealand,5531719
1946,nigeria,Nigeria,1637808
1946,norway,Norway,7073431
1946,pakistan,Pakistan,633646
1946,panama,Panama,382
1946,peru,Peru,5625049
1946,philippines,Philippines,113346
1946,poland,Poland,104594220
1946,portugal,Portugal,3889861
1946,romania,Romania,17465010
1946,russian-federation,Russia,255750450
1946,saudi-arabia,Saudi Arabia,25153360
1946,serbia,Serbia,4586664
1946,slovak-republic,Slovakia,13970608
1946,slovenia,Slovenia,1307330
1946,south-africa,South Africa,56043452
1946,spain,Spain,28086876
1946,sweden,Sweden,17376102
1946,switzerland,Switzerland,5764343
1946,syrian-arab-republic,Syria,21806
1946,taiwan,Taiwan,2861584
1946,tunisia,Tunisia,131568
1946,turkiye,Turkey,7022581
1946,ukraine,Ukraine,81127200
1946,united-kingdom,United Kingdom,464411970
1946,united-states,United States,2257493800
1946,uruguay,Uruguay,516937.03
1946,uzbekistan,Uzbekistan,10693859
1946,venezuela-rb,Venezuela,17973588
1946,viet-nam,Vietnam,714331
1946,zimbabwe,Zimbabwe,4312261
1947,albania,Albania,926992
1947,algeria,Algeria,743287
1947,argentina,Argentina,14514933
1947,armenia,Armenia,1104409
1947,australia,Australia,44776696
1947,austria,Austria,17630040
1947,azerbaijan,Azerbaijan,6664238
1947,bangladesh,Bangladesh,121485
1947,belarus,Belarus,14010009
1947,belgium,Belgium,82030070
1947,bolivia-plurinational-state-of,Bolivia,191363
1947,brazil,Brazil,8947467
1947,bulgaria,Bulgaria,5910032
1947,canada,Canada,143547860
1947,chile,Chile,5450451
1947,china,China,41836136
1947,colombia,Colombia,5864887
1947,congo-dem-rep,Democratic Republic of the Congo,325626
1947,croatia,Croatia,2369832
1947,cuba,Cuba,556883
1947,czech-republic,Czechia,49450468
1947,denmark,Denmark,21453828
1947,ecuador,Ecuador,1158087
1947,egypt-arab-rep,Egypt,4412505
1947,estonia,Estonia,5079543
1947,finland,Finland,5450338
1947,france,France,183624110
1947,georgia,Georgia,1842233
1947,germany,Germany,317660030
1947,greece,Greece,167801
1947,guatemala,Guatemala,15304
1947,haiti,Haiti,95
1947,hong-kong-sar-china,Hong Kong,18171
1947,hungary,Hungary,13838096
1947,iceland,Iceland,599716
1947,india,India,53179404
1947,indonesia,Indonesia,4056018
1947,iran-islamic-rep,Iran,63467628
1947,iraq,Iraq,14425168
1947,ireland,Ireland,8810732
1947,israel,Israel,163543
1947,italy,Italy,36786412
1947,japan,Japan,70032370
1947,kazakhstan,Kazakhstan,33469296
1947,korea-dem-people-s-rep,North Korea,72686
1947,korea-rep,South Korea,897620
1947,kuwait,Kuwait,6749088
1947,latvia,Latvia,3361152
1947,lithuania,Lithuania,5210923
1947,luxembourg,Luxembourg,43611
1947,madagascar,Madagascar,3634
1947,malaysia,Malaysia,685168
1947,mexico,Mexico,29351926
1947,morocco,Morocco,830840
1947,mozambique,Mozambique,58484
1947,myanmar,Myanmar,25648
1947,netherlands,Netherlands,44603428
1947,new-zealand,New Zealand,5451141
1947,nigeria,Nigeria,1560864
1947,norway,Norway,10627362
1947,pakistan,Pakistan,655283
1947,panama,Panama,382
1947,peru,Peru,5812075
1947,philippines,Philippines,197321
1947,poland,Poland,91546216
1947,portugal,Portugal,5541908
1947,romania,Romania,16347075
1947,russian-federation,Russia,307964200
1947,saudi-arabia,Saudi Arabia,37731870
1947,serbia,Serbia,6386210
1947,slovak-republic,Slovakia,15840862
1947,slovenia,Slovenia,1816099
1947,south-africa,South Africa,55834308
1947,spain,Spain,31171814
1947,sweden,Sweden,25092130
1947,switzerland,Switzerland,9445593
1947,syrian-arab-republic,Syria,25440
1947,taiwan,Taiwan,3619259
1947,thailand,Thailand,29074
1947,tunisia,Tunisia,127765
1947,turkiye,Turkey,7476798
1947,ukraine,Ukraine,97692344
1947,united-kingdom,United Kingdom,485231840
1947,united-states,United States,2485854500
1947,uruguay,Uruguay,428700
1947,uzbekistan,Uzbekistan,12841248
1947,venezuela-rb,Venezuela,20530604
1947,viet-nam,Vietnam,710667
1947,zimbabwe,Zimbabwe,4037430.8
1948,albania,Albania,703488
1948,algeria,Algeria,801884
1948,argentina,Argentina,17391620
1948,armenia,Armenia,1172923
1948,australia,Australia,47012696
1948,austria,Austria,24487262
1948,azerbaijan,Azerbaijan,7081391
1948,bangladesh,Bangladesh,134077
1948,belarus,Belarus,14900760
1948,belgium,Belgium,85057290
1948,bolivia-plurinational-state-of,Bolivia,224174
1948,brazil,Brazil,7847465
1948,bulgaria,Bulgaria,6220165
1948,canada,Canada,158506560
1948,chile,Chile,5754760
1948,china,China,38400104
1948,colombia,Colombia,5179687
1948,congo-dem-rep,Democratic Republic of the Congo,373223
1948,croatia,Croatia,2675123
1948,cuba,Cuba,419375
1948,czech-republic,Czechia,53448484
1948,denmark,Denmark,17071120
1948,ecuador,Ecuador,1286682
1948,egypt-arab-rep,Egypt,6148766
1948,estonia,Estonia,5406622
1948,ethiopia,Ethiopia,3634
1948,finland,Finland,8457918
1948,france,France,196500540
1948,georgia,Georgia,1956200
1948,germany,Germany,377816400
1948,greece,Greece,1350890
1948,guatemala,Guatemala,15686
1948,haiti,Haiti,38
1948,hong-kong-sar-china,Hong Kong,25440
1948,hungary,Hungary,16380526
1948,iceland,Iceland,721747
1948,india,India,53203210
1948,indonesia,Indonesia,15494907
1948,iran-islamic-rep,Iran,77951336
1948,iraq,Iraq,0
1948,ireland,Ireland,8443915
1948,israel,Israel,79954
1948,italy,Italy,35528084
1948,japan,Japan,88082370
1948,kazakhstan,Kazakhstan,35630964
1948,korea-dem-people-s-rep,North Korea,1403312
1948,korea-rep,South Korea,1670725
1948,kuwait,Kuwait,337088
1948,latvia,Latvia,3576019
1948,lithuania,Lithuania,5536428
1948,luxembourg,Luxembourg,50880
1948,madagascar,Madagascar,3634
1948,malaysia,Malaysia,1190262
1948,mexico,Mexico,30509422
1948,morocco,Morocco,940578
1948,mozambique,Mozambique,43819
1948,myanmar,Myanmar,153888
1948,netherlands,Netherlands,47263220
1948,new-zealand,New Zealand,5502318
1948,nigeria,Nigeria,1637808
1948,norway,Norway,10982533
1948,pakistan,Pakistan,722012
1948,panama,Panama,22188
1948,peru,Peru,6338495
1948,philippines,Philippines,215701
1948,poland,Poland,88925240
1948,portugal,Portugal,5252155
1948,romania,Romania,23374508
1948,russian-federation,Russia,327703600
1948,saudi-arabia,Saudi Arabia,17942608
1948,serbia,Serbia,7196473
1948,slovak-republic,Slovakia,17115756
1948,slovenia,Slovenia,2048500
1948,south-africa,South Africa,57098150
1948,spain,Spain,32713764
1948,sweden,Sweden,30800910
1948,switzerland,Switzerland,10211101
1948,syrian-arab-republic,Syria,25440
1948,taiwan,Taiwan,4538746
1948,thailand,Thailand,39977
1948,tunisia,Tunisia,145906
1948,turkiye,Turkey,7700331
1948,ukraine,Ukraine,103957230
1948,united-kingdom,United Kingdom,503510100
1948,united-states,United States,2582558700
1948,uruguay,Uruguay,459294
1948,uzbekistan,Uzbekistan,13597884
1948,venezuela-rb,Venezuela,25590480
1948,viet-nam,Vietnam,999886
1948,zimbabwe,Zimbabwe,4535735
1949,afghanistan,Afghanistan,14656
1949,albania,Albania,1014928
1949,algeria,Algeria,908165
1949,argentina,Argentina,15364626
1949,armenia,Armenia,1332696
1949,australia,Australia,48064290
1949,austria,Austria,26574256
1949,azerbaijan,Azerbaijan,8046942.5
1949,bangladesh,Bangladesh,190233
1949,belarus,Belarus,16937430
1949,belgium,Belgium,80772050
1949,bolivia-plurinational-state-of,Bolivia,319904
1949,brazil,Brazil,7366800
1949,bulgaria,Bulgaria,7452576
1949,canada,Canada,145021900
1949,chile,Chile,5184088
1949,china,China,62081100
1949,colombia,Colombia,5866705
1949,congo-dem-rep,Democratic Republic of the Congo,475726
1949,croatia,Croatia,3057775
1949,cuba,Cuba,338900
1949,czech-republic,Czechia,56186892
1949,denmark,Denmark,16880354
1949,ecuador,Ecuador,1302043
1949,egypt-arab-rep,Egypt,7459972
1949,estonia,Estonia,6146514
1949,ethiopia,Ethiopia,3634
1949,finland,Finland,4932763
1949,france,France,229050910
1949,georgia,Georgia,2222380
1949,germany,Germany,432148030
1949,greece,Greece,1640135
1949,guatemala,Guatemala,20085
1949,haiti,Haiti,77
1949,hong-kong-sar-china,Hong Kong,29074
1949,hungary,Hungary,20409916
1949,iceland,Iceland,742837
1949,india,India,56186924
1949,indonesia,Indonesia,21903392
1949,iran-islamic-rep,Iran,8129619.5
1949,iraq,Iraq,1128482
1949,ireland,Ireland,8344839
1949,israel,Israel,119931
1949,italy,Italy,39771060
1949,japan,Japan,98420104
1949,kazakhstan,Kazakhstan,40509256
1949,korea-dem-people-s-rep,North Korea,1780704
1949,korea-rep,South Korea,2176327
1949,kuwait,Kuwait,1062560
1949,latvia,Latvia,4065028.2
1949,lithuania,Lithuania,6291710
1949,luxembourg,Luxembourg,58149
1949,madagascar,Madagascar,3634
1949,malaysia,Malaysia,1220112
1949,mexico,Mexico,28958958
1949,morocco,Morocco,1087138
1949,mozambique,Mozambique,58434
1949,myanmar,Myanmar,102592
1949,netherlands,Netherlands,50498684
1949,new-zealand,New Zealand,5608545
1949,nigeria,Nigeria,1483920
1949,norway,Norway,10407017
1949,pakistan,Pakistan,1024536
1949,panama,Panama,25822
1949,peru,Peru,6593429
1949,philippines,Philippines,317966
1949,poland,Poland,105425784
1949,portugal,Portugal,5519538
1949,qatar,Qatar,260144
1949,romania,Romania,23113918
1949,russian-federation,Russia,372516130
1949,saudi-arabia,Saudi Arabia,18385952
1949,senegal,Senegal,0
1949,serbia,Serbia,8220273
1949,slovak-republic,Slovakia,17992512
1949,slovenia,Slovenia,2340658
1949,south-africa,South Africa,60586070
1949,spain,Spain,35755212
1949,sweden,Sweden,26831936
1949,switzerland,Switzerland,8529504
1949,syrian-arab-republic,Syria,29074
1949,taiwan,Taiwan,4472556
1949,thailand,Thailand,61783
1949,tunisia,Tunisia,127556.99
1949,turkiye,Turkey,7967684
1949,ukraine,Ukraine,118174690
1949,united-kingdom,United Kingdom,507551520
1949,united-states,United States,2164862200
1949,uruguay,Uruguay,459293
1949,uzbekistan,Uzbekistan,15434241
1949,venezuela-rb,Venezuela,28774856
1949,viet-nam,Vietnam,1076592
1949,zimbabwe,Zimbabwe,5129273
1950,afghanistan,Afghanistan,84272
1950,albania,Albania,296725
1950,algeria,Algeria,3783605
1950,angola,Angola,186864
1950,argentina,Argentina,29921192
1950,armenia,Armenia,1483024
1950,australia,Australia,55635580
1950,austria,Austria,20945440
1950,azerbaijan,Azerbaijan,8958562
1950,bangladesh,Bangladesh,993068
1950,belarus,Belarus,18870222
1950,belgium,Belgium,76204230
1950,benin,Benin,137812
1950,bolivia-plurinational-state-of,Bolivia,516896
1950,brazil,Brazil,19659072
1950,bulgaria,Bulgaria,7497770
1950,burkina-faso,Burkina Faso,4053
1950,burundi,Burundi,8794
1950,cameroon,Cameroon,139232
1950,canada,Canada,154133800
1950,chad,Chad,29602
1950,chile,Chile,9384277
1950,china,China,78835304
1950,colombia,Colombia,7261834
1950,congo-dem-rep,Democratic Republic of the Congo,1479543
1950,cote-d-ivoire,Cote d Ivoire,551249
1950,croatia,Croatia,2938796
1950,cuba,Cuba,5641091
1950,cyprus,Cyprus,267472
1950,czech-republic,Czechia,57851024
1950,denmark,Denmark,22006112
1950,ecuador,Ecuador,740272
1950,egypt-arab-rep,Egypt,10233085
1950,estonia,Estonia,6852989
1950,ethiopia,Ethiopia,87907
1950,finland,Finland,6544772
1950,france,France,202450910
1950,georgia,Georgia,2472999
1950,germany,Germany,510498620
1950,ghana,Ghana,637536
1950,greece,Greece,4127723.2
1950,guatemala,Guatemala,622100
1950,guinea,Guinea,182399
1950,haiti,Haiti,113699
1950,hong-kong-sar-china,Hong Kong,1318773
1950,hungary,Hungary,18390042
1950,iceland,Iceland,740128
1950,india,India,60942560
1950,indonesia,Indonesia,9830512
1950,iran-islamic-rep,Iran,9600773
1950,iraq,Iraq,1648533
1950,ireland,Ireland,9726138
1950,israel,Israel,1669239
1950,italy,Italy,41430596
1950,japan,Japan,102540984
1950,jordan,Jordan,172208
1950,kazakhstan,Kazakhstan,45172436
1950,kenya,Kenya,908672
1950,korea-dem-people-s-rep,North Korea,780432
1950,korea-rep,South Korea,2183685
1950,kuwait,Kuwait,384720
1950,latvia,Latvia,4530368
1950,lithuania,Lithuania,7002975
1950,luxembourg,Luxembourg,7426393
1950,madagascar,Madagascar,304082
1950,malawi,Malawi,234550
1950,malaysia,Malaysia,3655348
1950,mexico,Mexico,30507610
1950,mongolia,Mongolia,285792
1950,morocco,Morocco,2559830
1950,mozambique,Mozambique,901137
1950,myanmar,Myanmar,802416
1950,nepal,Nepal,25648
1950,netherlands,Netherlands,51300924
1950,new-zealand,New Zealand,8569056
1950,niger,Niger,28373
1950,nigeria,Nigeria,2257024
1950,norway,Norway,8432180
1950,pakistan,Pakistan,5354962
1950,panama,Panama,710990
1950,peru,Peru,4545396
1950,philippines,Philippines,3604187
1950,poland,Poland,111866456
1950,portugal,Portugal,5618258
1950,qatar,Qatar,351744
1950,romania,Romania,19416586
1950,russian-federation,Russia,415234050
1950,rwanda,Rwanda,16854
1950,saudi-arabia,Saudi Arabia,5140592
1950,senegal,Senegal,361720
1950,serbia,Serbia,7875720
1950,singapore,Singapore,1913932
1950,slovak-republic,Slovakia,18522230
1950,slovenia,Slovenia,2242563
1950,somalia,Somalia,47632
1950,south-africa,South Africa,60913868
1950,spain,Spain,33013576
1950,sri-lanka,Sri Lanka,1626816
1950,sudan,Sudan,505354
1950,sweden,Sweden,28659138
1950,switzerland,Switzerland,10251167
1950,syrian-arab-republic,Syria,413762
1950,taiwan,Taiwan,3783573
1950,tanzania-united-rep,Tanzania,498304
1950,thailand,Thailand,955618
1950,tunisia,Tunisia,1219429
1950,turkiye,Turkey,9488155
1950,ukraine,Ukraine,131730610
1950,united-kingdom,United Kingdom,499227600
1950,united-states,United States,2541485300
1950,uruguay,Uruguay,2508232
1950,uzbekistan,Uzbekistan,17139578
1950,venezuela-rb,Venezuela,38341028
1950,viet-nam,Vietnam,1479660
1950,yemen-rep,Yemen,58624
1950,zambia,Zambia,2330187
1950,zimbabwe,Zimbabwe,3179810
1951,afghanistan,Afghanistan,91600
1951,albania,Albania,402981
1951,algeria,Algeria,4131178.8
1951,angola,Angola,249152
1951,argentina,Argentina,34962916
1951,armenia,Armenia,1605536
1951,australia,Australia,61051396
1951,austria,Austria,23322830
1951,azerbaijan,Azerbaijan,9700539
1951,bangladesh,Bangladesh,1226293
1951,belarus,Belarus,20444678
1951,belgium,Belgium,89457100
1951,benin,Benin,115233
1951,bolivia-plurinational-state-of,Bolivia,461515
1951,brazil,Brazil,21659348
1951,bulgaria,Bulgaria,8164502
1951,burkina-faso,Burkina Faso,3389
1951,burundi,Burundi,8794
1951,cameroon,Cameroon,183200
1951,canada,Canada,162681650
1951,chad,Chad,39470
1951,chile,Chile,9981577
1951,china,China,102115210
1951,colombia,Colombia,8164442
1951,congo-dem-rep,Democratic Republic of the Congo,1746896
1951,cote-d-ivoire,Cote d Ivoire,460931
1951,croatia,Croatia,2781516
1951,cuba,Cuba,6469079
1951,cyprus,Cyprus,282128
1951,czech-republic,Czechia,61648584
1951,denmark,Denmark,21932386
1951,ecuador,Ecuador,703543
1951,egypt-arab-rep,Egypt,10558736
1951,estonia,Estonia,7428262
1951,ethiopia,Ethiopia,62258
1951,finland,Finland,7976833
1951,france,France,228945170
1951,georgia,Georgia,2677116
1951,germany,Germany,576631100
1951,ghana,Ghana,875696
1951,greece,Greece,4574584
1951,guatemala,Guatemala,637298
1951,guinea,Guinea,152514
1951,haiti,Haiti,131904
1951,hong-kong-sar-china,Hong Kong,1556903
1951,hungary,Hungary,22185350
1951,iceland,Iceland,644864
1951,india,India,63805724
1951,indonesia,Indonesia,9390416
1951,iran-islamic-rep,Iran,6913701
1951,iraq,Iraq,2428935
1951,ireland,Ireland,10506628
1951,israel,Israel,2918425
1951,italy,Italy,48822436
1951,japan,Japan,123380700
1951,jordan,Jordan,161216
1951,kazakhstan,Kazakhstan,48969176
1951,kenya,Kenya,1392231
1951,korea-dem-people-s-rep,North Korea,995984
1951,korea-rep,South Korea,2923842
1951,kuwait,Kuwait,117248
1951,latvia,Latvia,4909369
1951,lithuania,Lithuania,7582757
1951,luxembourg,Luxembourg,9020233
1951,madagascar,Madagascar,245458
1951,malawi,Malawi,258634
1951,malaysia,Malaysia,5220367
1951,mexico,Mexico,34889400
1951,mongolia,Mongolia,293120
1951,morocco,Morocco,2926020
1951,mozambique,Mozambique,930329
1951,myanmar,Myanmar,915941
1951,nepal,Nepal,29312
1951,netherlands,Netherlands,54986490
1951,new-zealand,New Zealand,8170066
1951,niger,Niger,23724
1951,nigeria,Nigeria,1685440
1951,norway,Norway,9475946
1951,pakistan,Pakistan,6612636
1951,panama,Panama,750823
1951,peru,Peru,4772736
1951,philippines,Philippines,3552832
1951,poland,Poland,121908720
1951,portugal,Portugal,5394485
1951,qatar,Qatar,388384
1951,romania,Romania,22503346
1951,russian-federation,Russia,450021700
1951,rwanda,Rwanda,16854
1951,saudi-arabia,Saudi Arabia,0
1951,senegal,Senegal,302211
1951,serbia,Serbia,7454236
1951,singapore,Singapore,2825777
1951,slovak-republic,Slovakia,19734444
1951,slovenia,Slovenia,2122482
1951,somalia,Somalia,47632
1951,south-africa,South Africa,65068396
1951,spain,Spain,33060330
1951,sri-lanka,Sri Lanka,1545941
1951,sudan,Sudan,663698
1951,sweden,Sweden,33480728
1951,switzerland,Switzerland,12320571
1951,syrian-arab-republic,Syria,380789
1951,taiwan,Taiwan,4908185
1951,tanzania-united-rep,Tanzania,447008
1951,thailand,Thailand,1090624
1951,tunisia,Tunisia,1376921
1951,turkiye,Turkey,10184316
1951,ukraine,Ukraine,142771400
1951,united-kingdom,United Kingdom,543790900
1951,united-states,United States,2618704400
1951,uruguay,Uruguay,2622206
1951,uzbekistan,Uzbekistan,18527002
1951,venezuela-rb,Venezuela,47380350
1951,viet-nam,Vietnam,1285202
1951,yemen-rep,Yemen,40304
1951,zambia,Zambia,2569435
1951,zimbabwe,Zimbabwe,3506294
1952,afghanistan,Afghanistan,91600
1952,albania,Albania,373669
1952,algeria,Algeria,3889207
1952,angola,Angola,311440
1952,argentina,Argentina,36098704
1952,armenia,Armenia,1718954
1952,australia,Australia,62406330
1952,austria,Austria,22117730
1952,azerbaijan,Azerbaijan,10387678
1952,bangladesh,Bangladesh,1295057
1952,belarus,Belarus,21895726
1952,belgium,Belgium,83467630
1952,benin,Benin,128858
1952,bolivia-plurinational-state-of,Bolivia,512811
1952,brazil,Brazil,24934310
1952,bulgaria,Bulgaria,9428402
1952,burkina-faso,Burkina Faso,3790
1952,burundi,Burundi,16331
1952,cameroon,Cameroon,282128
1952,canada,Canada,159408780
1952,chad,Chad,51187
1952,chile,Chile,10603982
1952,china,China,128002990
1952,colombia,Colombia,8633225
1952,congo-dem-rep,Democratic Republic of the Congo,2083837
1952,cote-d-ivoire,Cote d Ivoire,515433
1952,croatia,Croatia,2788662
1952,cuba,Cuba,6282067
1952,cyprus,Cyprus,315104
1952,czech-republic,Czechia,65915640
1952,denmark,Denmark,22913514
1952,ecuador,Ecuador,894808
1952,egypt-arab-rep,Egypt,10892903
1952,estonia,Estonia,7955301
1952,ethiopia,Ethiopia,98898
1952,finland,Finland,8658547
1952,france,France,227217330
1952,georgia,Georgia,2865641
1952,germany,Germany,610757060
1952,ghana,Ghana,868368
1952,greece,Greece,4797435
1952,guatemala,Guatemala,644626
1952,guinea,Guinea,170548
1952,haiti,Haiti,146560
1952,hong-kong-sar-china,Hong Kong,1534949
1952,hungary,Hungary,27208248
1952,iceland,Iceland,776768
1952,india,India,67249430
1952,indonesia,Indonesia,12720844
1952,iran-islamic-rep,Iran,4092480.2
1952,iraq,Iraq,1959824
1952,ireland,Ireland,9619792
1952,israel,Israel,3658523
1952,italy,Italy,50620580
1952,japan,Japan,130362000
1952,jordan,Jordan,194192
1952,kazakhstan,Kazakhstan,52446890
1952,kenya,Kenya,1590057
1952,korea-dem-people-s-rep,North Korea,889758
1952,korea-rep,South Korea,3462331
1952,kuwait,Kuwait,0
1952,latvia,Latvia,5257662
1952,lithuania,Lithuania,8120311
1952,luxembourg,Luxembourg,9412370
1952,madagascar,Madagascar,307776
1952,malawi,Malawi,290925
1952,malaysia,Malaysia,6370886
1952,mexico,Mexico,37212196
1952,mongolia,Mongolia,300448
1952,morocco,Morocco,3563319
1952,mozambique,Mozambique,1073225
1952,myanmar,Myanmar,1131998
1952,nepal,Nepal,29312
1952,netherlands,Netherlands,54733170
1952,new-zealand,New Zealand,9320146
1952,niger,Niger,26530
1952,nigeria,Nigeria,2180080
1952,norway,Norway,9684764
1952,pakistan,Pakistan,6983431
1952,panama,Panama,908286
1952,peru,Peru,5186739
1952,philippines,Philippines,4051136
1952,poland,Poland,127855490
1952,portugal,Portugal,5350162
1952,qatar,Qatar,194192
1952,romania,Romania,26631218
1952,russian-federation,Russia,481900860
1952,rwanda,Rwanda,31301
1952,saudi-arabia,Saudi Arabia,0
1952,senegal,Senegal,326541
1952,serbia,Serbia,7488415
1952,singapore,Singapore,3441306
1952,slovak-republic,Slovakia,21101080
1952,slovenia,Slovenia,2130740
1952,somalia,Somalia,47632
1952,south-africa,South Africa,70831610
1952,spain,Spain,37555016
1952,sri-lanka,Sri Lanka,1938019
1952,sudan,Sudan,697389
1952,sweden,Sweden,34564944
1952,switzerland,Switzerland,11239231
1952,syrian-arab-republic,Syria,475696
1952,taiwan,Taiwan,6391866
1952,tanzania-united-rep,Tanzania,538608
1952,thailand,Thailand,1277729
1952,tunisia,Tunisia,1442784
1952,turkiye,Turkey,10473534
1952,ukraine,Ukraine,152885230
1952,united-kingdom,United Kingdom,527412700
1952,united-states,United States,2551215900
1952,uruguay,Uruguay,3153486
1952,uzbekistan,Uzbekistan,19818876
1952,venezuela-rb,Venezuela,50743012
1952,viet-nam,Vietnam,1864055
1952,yemen-rep,Yemen,58624
1952,zambia,Zambia,2890347
1952,zimbabwe,Zimbabwe,3944184
1953,afghanistan,Afghanistan,106256
1953,albania,Albania,413973
1953,algeria,Algeria,3999006
1953,angola,Angola,274681
1953,argentina,Argentina,35134740
1953,armenia,Armenia,1818004
1953,australia,Australia,63002892
1953,austria,Austria,21758514
1953,azerbaijan,Azerbaijan,10988576
1953,bangladesh,Bangladesh,1317977
1953,belarus,Belarus,23166014
1953,belgium,Belgium,82381010
1953,benin,Benin,107057
1953,bolivia-plurinational-state-of,Bolivia,538459
1953,brazil,Brazil,25218440
1953,bulgaria,Bulgaria,10586137
1953,burkina-faso,Burkina Faso,3149
1953,burundi,Burundi,15075
1953,cameroon,Cameroon,201520
1953,canada,Canada,160611790
1953,chad,Chad,43170
1953,chile,Chile,10402670
1953,china,China,133786500
1953,colombia,Colombia,10761296
1953,congo-dem-rep,Democratic Republic of the Congo,2288991
1953,cote-d-ivoire,Cote d Ivoire,428230
1953,croatia,Croatia,2773925
1953,cuba,Cuba,6190526
1953,cyprus,Cyprus,366400
1953,czech-republic,Czechia,68319160
1953,denmark,Denmark,23158728
1953,ecuador,Ecuador,820762
1953,egypt-arab-rep,Egypt,10778724
1953,estonia,Estonia,8417320
1953,ethiopia,Ethiopia,183170
1953,finland,Finland,7566274
1953,france,France,214771790
1953,georgia,Georgia,3030271
1953,germany,Germany,623250200
1953,ghana,Ghana,1018592
1953,greece,Greece,4884772
1953,guatemala,Guatemala,681266
1953,guinea,Guinea,141694
1953,haiti,Haiti,157552
1953,hong-kong-sar-china,Hong Kong,1729140
1953,hungary,Hungary,31766266
1953,iceland,Iceland,916000
1953,india,India,68607650
1953,indonesia,Indonesia,13079886
1953,iran-islamic-rep,Iran,3828612
1953,iraq,Iraq,2527448
1953,ireland,Ireland,9535490
1953,israel,Israel,4039519.8
1953,italy,Italy,55998240
1953,japan,Japan,145868600
1953,jordan,Jordan,212512
1953,kazakhstan,Kazakhstan,55497036
1953,kenya,Kenya,1513083
1953,korea-dem-people-s-rep,North Korea,1735518
1953,korea-rep,South Korea,4693406
1953,kuwait,Kuwait,0
1953,latvia,Latvia,5562746
1953,lithuania,Lithuania,8589954
1953,luxembourg,Luxembourg,8661102
1953,madagascar,Madagascar,252815.98
1953,malawi,Malawi,317085
1953,malaysia,Malaysia,6498899
1953,mexico,Mexico,36706536
1953,mongolia,Mongolia,304112
1953,morocco,Morocco,4170829.8
1953,mozambique,Mozambique,1080523
1953,myanmar,Myanmar,1304206
1953,nepal,Nepal,36640
1953,netherlands,Netherlands,55275320
1953,new-zealand,New Zealand,8550647
1953,niger,Niger,22041
1953,nigeria,Nigeria,2436560
1953,norway,Norway,9783482
1953,pakistan,Pakistan,7106796
1953,panama,Panama,816925
1953,peru,Peru,5512507
1953,philippines,Philippines,4032875
1953,poland,Poland,139031820
1953,portugal,Portugal,5928896
1953,qatar,Qatar,366400
1953,romania,Romania,30627036
1953,russian-federation,Russia,509826180
1953,rwanda,Rwanda,28893
1953,saudi-arabia,Saudi Arabia,476320
1953,senegal,Senegal,274221
1953,serbia,Serbia,7436010
1953,singapore,Singapore,3481713
1953,slovak-republic,Slovakia,21869260
1953,slovenia,Slovenia,2116056
1953,somalia,Somalia,47632
1953,south-africa,South Africa,70974080
1953,spain,Spain,38902332
1953,sri-lanka,Sri Lanka,2066229.1
1953,sudan,Sudan,764769
1953,sweden,Sweden,32559788
1953,switzerland,Switzerland,10351739
1953,syrian-arab-republic,Syria,512069
1953,taiwan,Taiwan,6472178
1953,tanzania-united-rep,Tanzania,527616
1953,thailand,Thailand,1643977
1953,tunisia,Tunisia,1376743
1953,turkiye,Turkey,12964756
1953,ukraine,Ukraine,161744820
1953,united-kingdom,United Kingdom,539100540
1953,united-states,United States,2612971300
1953,uruguay,Uruguay,3505259
1953,uzbekistan,Uzbekistan,20943594
1953,venezuela-rb,Venezuela,47855188
1953,viet-nam,Vietnam,1750203
1953,yemen-rep,Yemen,69616
1953,zambia,Zambia,3150334
1953,zimbabwe,Zimbabwe,4298938
1954,afghanistan,Afghanistan,106256
1954,albania,Albania,501909.03
1954,algeria,Algeria,4152301.8
1954,angola,Angola,347904
1954,argentina,Argentina,36750356
1954,armenia,Armenia,1983702
1954,australia,Australia,67920610
1954,austria,Austria,24542354
1954,azerbaijan,Azerbaijan,11993061
1954,bangladesh,Bangladesh,1338604
1954,belarus,Belarus,25296262
1954,belgium,Belgium,85741900
1954,benin,Benin,126132.99
1954,bolivia-plurinational-state-of,Bolivia,787641
1954,brazil,Brazil,29675626
1954,bulgaria,Bulgaria,11391890
1954,burkina-faso,Burkina Faso,3710
1954,burundi,Burundi,6281
1954,cameroon,Cameroon,230832
1954,canada,Canada,162967660
1954,chad,Chad,45637
1954,chile,Chile,11080480
1954,china,China,160881020
1954,colombia,Colombia,9621435
1954,congo-dem-rep,Democratic Republic of the Congo,2816219
1954,cote-d-ivoire,Cote d Ivoire,504533
1954,croatia,Croatia,3311699
1954,cuba,Cuba,5948642
1954,cyprus,Cyprus,443344
1954,czech-republic,Czechia,72957440
1954,denmark,Denmark,25591770
1954,ecuador,Ecuador,963246
1954,egypt-arab-rep,Egypt,11664430
1954,estonia,Estonia,9194613
1954,ethiopia,Ethiopia,271016
1954,finland,Finland,9155812
1954,france,France,226601010
1954,georgia,Georgia,3305938
1954,germany,Germany,659493700
1954,ghana,Ghana,1003936.06
1954,greece,Greece,5082185
1954,guatemala,Guatemala,743554
1954,guinea,Guinea,166941
1954,haiti,Haiti,216176
1954,hong-kong-sar-china,Hong Kong,1798608
1954,hungary,Hungary,34009080
1954,iceland,Iceland,780432
1954,india,India,72306530
1954,indonesia,Indonesia,14747006
1954,iran-islamic-rep,Iran,1043973
1954,iraq,Iraq,3047647
1954,ireland,Ireland,9091640
1954,israel,Israel,4324896
1954,italy,Italy,64945404
1954,japan,Japan,142662190
1954,jordan,Jordan,252549
1954,kazakhstan,Kazakhstan,60628756
1954,kenya,Kenya,1699799
1954,korea-dem-people-s-rep,North Korea,4786826
1954,korea-rep,South Korea,5158674
1954,kuwait,Kuwait,1403312
1954,latvia,Latvia,6075159
1954,lithuania,Lithuania,9375104
1954,luxembourg,Luxembourg,8789312
1954,madagascar,Madagascar,289456
1954,malawi,Malawi,348631
1954,malaysia,Malaysia,7004164
1954,mexico,Mexico,36270280
1954,mongolia,Mongolia,487312
1954,morocco,Morocco,3584382
1954,mozambique,Mozambique,1142753
1954,myanmar,Myanmar,1461698
1954,nepal,Nepal,40304
1954,netherlands,Netherlands,58411228
1954,new-zealand,New Zealand,9070691
1954,niger,Niger,25969
1954,nigeria,Nigeria,2572128
1954,norway,Norway,9882352
1954,pakistan,Pakistan,7217736
1954,panama,Panama,717847
1954,peru,Peru,6234168
1954,philippines,Philippines,5329872
1954,poland,Poland,147462200
1954,portugal,Portugal,5789634
1954,qatar,Qatar,608224
1954,romania,Romania,33504468
1954,russian-federation,Russia,556805060
1954,rwanda,Rwanda,12039
1954,saudi-arabia,Saudi Arabia,1238432
1954,senegal,Senegal,317440
1954,serbia,Serbia,8872656
1954,singapore,Singapore,3771295
1954,slovak-republic,Slovakia,23350690
1954,slovenia,Slovenia,2526262
1954,somalia,Somalia,47632
1954,south-africa,South Africa,73879490
1954,spain,Spain,39695212
1954,sri-lanka,Sri Lanka,1784041
1954,sudan,Sudan,751293
1954,sweden,Sweden,34504924
1954,switzerland,Switzerland,12611478
1954,syrian-arab-republic,Syria,577895
1954,taiwan,Taiwan,6486776
1954,tanzania-united-rep,Tanzania,538608
1954,thailand,Thailand,2050292
1954,tunisia,Tunisia,1405814
1954,turkiye,Turkey,13433034
1954,ukraine,Ukraine,176653220
1954,united-kingdom,United Kingdom,552031400
1954,united-states,United States,2489462300
1954,uruguay,Uruguay,3736091
1954,uzbekistan,Uzbekistan,22816716
1954,venezuela-rb,Venezuela,51199496
1954,viet-nam,Vietnam,2670016
1954,yemen-rep,Yemen,4455424
1954,zambia,Zambia,3463825
1954,zimbabwe,Zimbabwe,4726705
1955,afghanistan,Afghanistan,153888
1955,albania,Albania,663006
1955,algeria,Algeria,4606578
1955,angola,Angola,413735
1955,argentina,Argentina,39559988
1955,armenia,Armenia,2249097
1955,australia,Australia,71946230
1955,austria,Austria,29110290
1955,azerbaijan,Azerbaijan,13599574
1955,bangladesh,Bangladesh,1379291
1955,belarus,Belarus,28685956
1955,belgium,Belgium,92024380
1955,benin,Benin,125744
1955,bolivia-plurinational-state-of,Bolivia,930507
1955,brazil,Brazil,34023692
1955,bulgaria,Bulgaria,12091595
1955,burkina-faso,Burkina Faso,3698
1955,burundi,Burundi,7537
1955,cambodia,Cambodia,102592
1955,cameroon,Cameroon,234466
1955,canada,Canada,169476780
1955,chad,Chad,45020
1955,chile,Chile,11596985
1955,china,China,190521500
1955,colombia,Colombia,11944084
1955,congo-dem-rep,Democratic Republic of the Congo,3387566
1955,cote-d-ivoire,Cote d Ivoire,502976
1955,croatia,Croatia,3792789
1955,cuba,Cuba,6776647
1955,cyprus,Cyprus,450672
1955,czech-republic,Czechia,75746110
1955,denmark,Denmark,27079206
1955,ecuador,Ecuador,1197534
1955,egypt-arab-rep,Egypt,10642057
1955,estonia,Estonia,10426756
1955,ethiopia,Ethiopia,227049
1955,finland,Finland,10929156
1955,france,France,239267600
1955,georgia,Georgia,3747885
1955,germany,Germany,723231040
1955,ghana,Ghana,1187136
1955,greece,Greece,5953088
1955,guatemala,Guatemala,915673
1955,guinea,Guinea,166426
1955,haiti,Haiti,267353
1955,hong-kong-sar-china,Hong Kong,1879157
1955,hungary,Hungary,35693540
1955,iceland,Iceland,912336
1955,india,India,78693850
1955,indonesia,Indonesia,20843902
1955,iran-islamic-rep,Iran,15813289
1955,iraq,Iraq,4098736.8
1955,ireland,Ireland,11714768
1955,israel,Israel,4815486
1955,italy,Italy,73273290
1955,japan,Japan,142006910
1955,jordan,Jordan,380699
1955,kazakhstan,Kazakhstan,68757180
1955,kenya,Kenya,1985353
1955,korea-dem-people-s-rep,North Korea,7344864
1955,korea-rep,South Korea,6444738
1955,kuwait,Kuwait,1846656
1955,latvia,Latvia,6889179
1955,lithuania,Lithuania,10630504
1955,luxembourg,Luxembourg,9895840
1955,madagascar,Madagascar,304112
1955,malawi,Malawi,411140
1955,malaysia,Malaysia,7429726
1955,mexico,Mexico,39661988
1955,mongolia,Mongolia,589904
1955,morocco,Morocco,3554802
1955,mozambique,Mozambique,1373434
1955,myanmar,Myanmar,1421394
1955,nepal,Nepal,43968
1955,netherlands,Netherlands,61004810
1955,new-zealand,New Zealand,9392832
1955,niger,Niger,25888
1955,nigeria,Nigeria,2696704
1955,norway,Norway,11413785
1955,pakistan,Pakistan,7437157
1955,panama,Panama,790956
1955,peru,Peru,6124009
1955,philippines,Philippines,6615580
1955,poland,Poland,154107070
1955,portugal,Portugal,6460148
1955,qatar,Qatar,417696
1955,romania,Romania,36782410
1955,russian-federation,Russia,631364300
1955,rwanda,Rwanda,14447
1955,saudi-arabia,Saudi Arabia,2114128
1955,senegal,Senegal,292283
1955,serbia,Serbia,10163188
1955,singapore,Singapore,4052795
1955,slovak-republic,Slovakia,24232922
1955,slovenia,Slovenia,2893971
1955,somalia,Somalia,65952
1955,south-africa,South Africa,82928800
1955,spain,Spain,40257380
1955,sri-lanka,Sri Lanka,1663159
1955,sudan,Sudan,852167
1955,sweden,Sweden,39106670
1955,switzerland,Switzerland,13632514
1955,syrian-arab-republic,Syria,1644066
1955,taiwan,Taiwan,7197383
1955,tanzania-united-rep,Tanzania,556928
1955,thailand,Thailand,2372727
1955,tunisia,Tunisia,1595959
1955,turkiye,Turkey,13619423
1955,ukraine,Ukraine,200307890
1955,united-kingdom,United Kingdom,576119940
1955,united-states,United States,2728508400
1955,uruguay,Uruguay,3919410
1955,uzbekistan,Uzbekistan,25860620
1955,venezuela-rb,Venezuela,59751004
1955,viet-nam,Vietnam,3523550
1955,yemen-rep,Yemen,2484192
1955,zambia,Zambia,4084932.8
1955,zimbabwe,Zimbabwe,5574249
1956,afghanistan,Afghanistan,183200
1956,albania,Albania,838789
1956,algeria,Algeria,4995053
1956,angola,Angola,501611
1956,argentina,Argentina,44296736
1956,armenia,Armenia,2468464
1956,australia,Australia,75471416
1956,austria,Austria,28245288
1956,azerbaijan,Azerbaijan,14926952
1956,bangladesh,Bangladesh,1634291
1956,belarus,Belarus,31465822
1956,belgium,Belgium,96787704
1956,benin,Benin,145598
1956,bolivia-plurinational-state-of,Bolivia,1106409
1956,brazil,Brazil,36608456
1956,bulgaria,Bulgaria,12967084
1956,burkina-faso,Burkina Faso,4282
1956,burundi,Burundi,8794
1956,cambodia,Cambodia,131904
1956,cameroon,Cameroon,238101
1956,canada,Canada,189802430
1956,chad,Chad,58588
1956,chile,Chile,11831599
1956,china,China,215827650
1956,colombia,Colombia,12599226
1956,congo-dem-rep,Democratic Republic of the Congo,3174846
1956,cote-d-ivoire,Cote d Ivoire,582393
1956,croatia,Croatia,4342407
1956,cuba,Cuba,5841673
1956,cyprus,Cyprus,674027
1956,czech-republic,Czechia,81285900
1956,denmark,Denmark,26383344
1956,ecuador,Ecuador,1296432
1956,egypt-arab-rep,Egypt,9942292
1956,estonia,Estonia,11431680
1956,ethiopia,Ethiopia,241705
1956,finland,Finland,12171579
1956,france,France,268807100
1956,georgia,Georgia,4113539.2
1956,germany,Germany,765941600
1956,ghana,Ghana,1077216
1956,greece,Greece,6286093
1956,guatemala,Guatemala,977961
1956,guinea,Guinea,192703
1956,haiti,Haiti,263630
1956,hong-kong-sar-china,Hong Kong,2120981
1956,hungary,Hungary,33162518
1956,iceland,Iceland,948976
1956,india,India,81618800
1956,indonesia,Indonesia,21811198
1956,iran-islamic-rep,Iran,22807508
1956,iraq,Iraq,6395353
1956,ireland,Ireland,10923165
1956,israel,Israel,4793710
1956,italy,Italy,83478720
1956,japan,Japan,160800780
1956,jordan,Jordan,450345
1956,kazakhstan,Kazakhstan,75382990
1956,kenya,Kenya,2219641
1956,korea-dem-people-s-rep,North Korea,8963401
1956,korea-rep,South Korea,7554990
1956,kuwait,Kuwait,1040576
1956,latvia,Latvia,7555135
1956,lithuania,Lithuania,11666252
1956,luxembourg,Luxembourg,10379458
1956,madagascar,Madagascar,318768
1956,malawi,Malawi,448222
1956,malaysia,Malaysia,7562529
1956,mexico,Mexico,42134116
1956,mongolia,Mongolia,688832
1956,morocco,Morocco,3518551
1956,mozambique,Mozambique,1552910
1956,myanmar,Myanmar,1655979
1956,nepal,Nepal,47632
1956,netherlands,Netherlands,65096870
1956,new-zealand,New Zealand,9674811
1956,niger,Niger,29976
1956,nigeria,Nigeria,3011808
1956,norway,Norway,11952007
1956,pakistan,Pakistan,8812264
1956,panama,Panama,739831
1956,peru,Peru,6310843
1956,philippines,Philippines,6252694
1956,poland,Poland,166332940
1956,portugal,Portugal,7162653
1956,qatar,Qatar,505631.97
1956,romania,Romania,40779180
1956,russian-federation,Russia,692229300
1956,rwanda,Rwanda,16854
1956,saudi-arabia,Saudi Arabia,1630480
1956,senegal,Senegal,341391
1956,serbia,Serbia,11621297
1956,singapore,Singapore,4095894.8
1956,slovak-republic,Slovakia,26003442
1956,slovenia,Slovenia,3311597
1956,somalia,Somalia,69616
1956,south-africa,South Africa,87251864
1956,spain,Spain,42322080
1956,sri-lanka,Sri Lanka,1417611
1956,sudan,Sudan,825221
1956,sweden,Sweden,43382680
1956,switzerland,Switzerland,17082932
1956,syrian-arab-republic,Syria,2002901.1
1956,taiwan,Taiwan,7684834
1956,tanzania-united-rep,Tanzania,659520
1956,thailand,Thailand,2618158
1956,tunisia,Tunisia,1559408
1956,turkiye,Turkey,14362498
1956,ukraine,Ukraine,219606880
1956,united-kingdom,United Kingdom,573744700
1956,united-states,United States,2859987500
1956,uruguay,Uruguay,4021704.2
1956,uzbekistan,Uzbekistan,28425960
1956,venezuela-rb,Venezuela,65008164
1956,viet-nam,Vietnam,2908414
1956,yemen-rep,Yemen,2330304
1956,zambia,Zambia,4453388
1956,zimbabwe,Zimbabwe,6077028
1957,afghanistan,Afghanistan,293120
1957,albania,Albania,1505607
1957,algeria,Algeria,5537086
1957,angola,Angola,618681
1957,argentina,Argentina,47607776
1957,armenia,Armenia,2702102
1957,australia,Australia,75474500
1957,austria,Austria,29222774
1957,azerbaijan,Azerbaijan,16344170
1957,bangladesh,Bangladesh,1688719
1957,belarus,Belarus,34438150
1957,belgium,Belgium,96494410
1957,benin,Benin,149102
1957,bolivia-plurinational-state-of,Bolivia,1003847
1957,brazil,Brazil,35977396
1957,bulgaria,Bulgaria,14388626
1957,burkina-faso,Burkina Faso,4385
1957,burundi,Burundi,10050
1957,cambodia,Cambodia,161216
1957,cameroon,Cameroon,256451.02
1957,canada,Canada,182815090
1957,chad,Chad,62905
1957,chile,Chile,11725522
1957,china,China,255788690
1957,colombia,Colombia,13650765
1957,congo-dem-rep,Democratic Republic of the Congo,3328704
1957,cote-d-ivoire,Cote d Ivoire,596408
1957,croatia,Croatia,4710605
1957,cuba,Cuba,13865625
1957,cyprus,Cyprus,816805
1957,czech-republic,Czechia,84897320
1957,denmark,Denmark,24906842
1957,ecuador,Ecuador,1131552
1957,egypt-arab-rep,Egypt,11916743
1957,estonia,Estonia,12510737
1957,ethiopia,Ethiopia,322343
1957,finland,Finland,12241255
1957,france,France,277881700
1957,georgia,Georgia,4503858
1957,germany,Germany,777665860
1957,ghana,Ghana,1293392
1957,greece,Greece,6813741
1957,guatemala,Guatemala,985230
1957,guinea,Guinea,197341
1957,haiti,Haiti,252696.98
1957,hong-kong-sar-china,Hong Kong,2362865
1957,hungary,Hungary,38446052
1957,iceland,Iceland,963632
1957,india,India,91617590
1957,indonesia,Indonesia,22411678
1957,iran-islamic-rep,Iran,21799522
1957,iraq,Iraq,5969883
1957,ireland,Ireland,9718482
1957,israel,Israel,5170656
1957,italy,Italy,87081630
1957,japan,Japan,188279260
1957,jordan,Jordan,494194
1957,kazakhstan,Kazakhstan,82503340
1957,kenya,Kenya,2281840
1957,korea-dem-people-s-rep,North Korea,11288823
1957,korea-rep,South Korea,8214302
1957,kuwait,Kuwait,2198400
1957,latvia,Latvia,8268586
1957,lithuania,Lithuania,12767945
1957,luxembourg,Luxembourg,10848331
1957,madagascar,Madagascar,315104
1957,malawi,Malawi,461358
1957,malaysia,Malaysia,3513331
1957,mexico,Mexico,49277788
1957,mongolia,Mongolia,762112
1957,morocco,Morocco,3053728
1957,mozambique,Mozambique,1769029
1957,myanmar,Myanmar,2099323
1957,nepal,Nepal,54960
1957,netherlands,Netherlands,64426124
1957,new-zealand,New Zealand,10304663
1957,niger,Niger,30697
1957,nigeria,Nigeria,3184016
1957,norway,Norway,11357963
1957,pakistan,Pakistan,9104665
1957,panama,Panama,915673
1957,peru,Peru,6673609
1957,philippines,Philippines,6728718
1957,poland,Poland,178601840
1957,portugal,Portugal,7782048
1957,qatar,Qatar,311440
1957,romania,Romania,45929720
1957,russian-federation,Russia,757514750
1957,rwanda,Rwanda,19262
1957,saudi-arabia,Saudi Arabia,2099472
1957,senegal,Senegal,346992
1957,serbia,Serbia,12622784
1957,singapore,Singapore,1729408
1957,slovak-republic,Slovakia,27143728
1957,slovenia,Slovenia,3593917
1957,somalia,Somalia,73280
1957,south-africa,South Africa,89644140
1957,spain,Spain,50213350
1957,sri-lanka,Sri Lanka,2319104
1957,sudan,Sudan,1061076
1957,sweden,Sweden,38846824
1957,switzerland,Switzerland,17716042
1957,syrian-arab-republic,Syria,1980946
1957,taiwan,Taiwan,8182938.5
1957,tanzania-united-rep,Tanzania,762112
1957,thailand,Thailand,2922236
1957,tunisia,Tunisia,1573886
1957,turkiye,Turkey,15969929
1957,ukraine,Ukraine,240305940
1957,united-kingdom,United Kingdom,570248800
1957,united-states,United States,2835772200
1957,uruguay,Uruguay,4431746
1957,uzbekistan,Uzbekistan,31159446
1957,venezuela-rb,Venezuela,69583330
1957,viet-nam,Vietnam,2875587
1957,yemen-rep,Yemen,2956848
1957,zambia,Zambia,4584043
1957,zimbabwe,Zimbabwe,6255279
1958,afghanistan,Afghanistan,329760
1958,albania,Albania,1201465
1958,algeria,Algeria,5214119
1958,angola,Angola,592885
1958,argentina,Argentina,44192510
1958,armenia,Armenia,2885781
1958,australia,Australia,77928984
1958,austria,Austria,28127150
1958,azerbaijan,Azerbaijan,17459154
1958,bangladesh,Bangladesh,1896161
1958,belarus,Belarus,36768036
1958,belgium,Belgium,87692430
1958,benin,Benin,124576
1958,bolivia-plurinational-state-of,Bolivia,915882
1958,brazil,Brazil,39053930
1958,bulgaria,Bulgaria,15626850
1958,burkina-faso,Burkina Faso,3664
1958,burundi,Burundi,10050
1958,cambodia,Cambodia,197856
1958,cameroon,Cameroon,278435
1958,canada,Canada,182155200
1958,chad,Chad,72155
1958,chile,Chile,12450994
1958,china,China,524624400
1958,colombia,Colombia,13976861
1958,congo-dem-rep,Democratic Republic of the Congo,2925963
1958,cote-d-ivoire,Cote d Ivoire,498304
1958,croatia,Croatia,4641472
1958,cuba,Cuba,17994686
1958,cyprus,Cyprus,765451
1958,czech-republic,Czechia,92773280
1958,denmark,Denmark,26801586
1958,ecuador,Ecuador,1322050
1958,egypt-arab-rep,Egypt,13682583
1958,estonia,Estonia,13354776
1958,ethiopia,Ethiopia,318649
1958,finland,Finland,10607200
1958,france,France,266527340
1958,georgia,Georgia,4811112
1958,germany,Germany,756119100
1958,ghana,Ghana,1363008
1958,greece,Greece,7447168
1958,guatemala,Guatemala,1128037
1958,guinea,Guinea,164880
1958,haiti,Haiti,274651
1958,hong-kong-sar-china,Hong Kong,2373648
1958,hungary,Hungary,39247172
1958,iceland,Iceland,1091753
1958,india,India,95801250
1958,indonesia,Indonesia,22206286
1958,iran-islamic-rep,Iran,25228640
1958,iraq,Iraq,6665776
1958,ireland,Ireland,8956370
1958,israel,Israel,5537086
1958,italy,Italy,87602310
1958,japan,Japan,181420860
1958,jordan,Jordan,523506
1958,kazakhstan,Kazakhstan,88075490
1958,kenya,Kenya,2087589
1958,korea-dem-people-s-rep,North Korea,15633019
1958,korea-rep,South Korea,9008587
1958,kuwait,Kuwait,3689648
1958,latvia,Latvia,8827382
1958,lithuania,Lithuania,13632305
1958,luxembourg,Luxembourg,10093554
1958,madagascar,Madagascar,373728
1958,malawi,Malawi,412111
1958,malaysia,Malaysia,3832099
1958,mexico,Mexico,54008100
1958,mongolia,Mongolia,1135840
1958,morocco,Morocco,3266652
1958,mozambique,Mozambique,1816631
1958,myanmar,Myanmar,2410763
1958,nepal,Nepal,58624
1958,netherlands,Netherlands,66708588
1958,new-zealand,New Zealand,10179998
1958,niger,Niger,25648
1958,nigeria,Nigeria,3722178
1958,norway,Norway,11185696
1958,pakistan,Pakistan,10223614
1958,panama,Panama,1121046
1958,peru,Peru,7373195
1958,philippines,Philippines,7559911
1958,poland,Poland,176690610
1958,portugal,Portugal,7554701
1958,qatar,Qatar,168544
1958,romania,Romania,49794348
1958,russian-federation,Russia,808559360
1958,rwanda,Rwanda,19262
1958,saudi-arabia,Saudi Arabia,1996880
1958,senegal,Senegal,354814
1958,serbia,Serbia,12435071
1958,singapore,Singapore,2297328
1958,slovak-republic,Slovakia,29658546
1958,slovenia,Slovenia,3540322
1958,somalia,Somalia,84272
1958,south-africa,South Africa,96253280
1958,spain,Spain,55865480
1958,sri-lanka,Sri Lanka,1948922
1958,sudan,Sudan,1185642
1958,sweden,Sweden,42074570
1958,switzerland,Switzerland,16306967
1958,syrian-arab-republic,Syria,2167513
1958,taiwan,Taiwan,9569933
1958,tanzania-united-rep,Tanzania,802416
1958,thailand,Thailand,3017294
1958,tunisia,Tunisia,1445887
1958,turkiye,Turkey,16034868
1958,ukraine,Ukraine,256474700
1958,united-kingdom,United Kingdom,555993400
1958,united-states,United States,2747107600
1958,uruguay,Uruguay,3977351
1958,uzbekistan,Uzbekistan,33334938
1958,venezuela-rb,Venezuela,54455160
1958,viet-nam,Vietnam,5014798
1958,yemen-rep,Yemen,1883296
1958,zambia,Zambia,4094899.2
1958,zimbabwe,Zimbabwe,5587747
1959,afghanistan,Afghanistan,384571
1959,albania,Albania,1443319
1959,algeria,Algeria,5657017
1959,angola,Angola,618592
1959,argentina,Argentina,48948800
1959,armenia,Armenia,3034020
1959,australia,Australia,83068130
1959,austria,Austria,27946542
1959,azerbaijan,Azerbaijan,18360296
1959,bangladesh,Bangladesh,1840007
1959,belarus,Belarus,38662124
1959,belgium,Belgium,88317430
1959,benin,Benin,102592
1959,bolivia-plurinational-state-of,Bolivia,948857
1959,brazil,Brazil,39017080
1959,bulgaria,Bulgaria,19622254
1959,burkina-faso,Burkina Faso,7328
1959,burundi,Burundi,38943
1959,cambodia,Cambodia,212512
1959,cameroon,Cameroon,278434
1959,canada,Canada,184481360
1959,chad,Chad,62288
1959,chile,Chile,12703364
1959,china,China,720162560
1959,colombia,Colombia,16086792
1959,congo-dem-rep,Democratic Republic of the Congo,2698971
1959,cote-d-ivoire,Cote d Ivoire,545936
1959,croatia,Croatia,5326171
1959,cuba,Cuba,15664738
1959,cyprus,Cyprus,831401
1959,czech-republic,Czechia,92879310
1959,denmark,Denmark,26041856
1959,ecuador,Ecuador,1292768
1959,egypt-arab-rep,Egypt,12706859
1959,estonia,Estonia,14043025
1959,ethiopia,Ethiopia,336999
1959,finland,Finland,13559246
1959,france,France,262329810
1959,georgia,Georgia,5058607
1959,germany,Germany,755483140
1959,ghana,Ghana,1322704
1959,greece,Greece,8120928
1959,guatemala,Guatemala,1237957
1959,guinea,Guinea,157552
1959,haiti,Haiti,252667.02
1959,hong-kong-sar-china,Hong Kong,2703467
1959,hungary,Hungary,41917628
1959,iceland,Iceland,1238105
1959,india,India,101436020
1959,indonesia,Indonesia,23862234
1959,iran-islamic-rep,Iran,25568708
1959,iraq,Iraq,7314334
1959,ireland,Ireland,12312178
1959,israel,Israel,5602770
1959,italy,Italy,94095600
1959,japan,Japan,192920450
1959,jordan,Jordan,655410
1959,kazakhstan,Kazakhstan,92625870
1959,kenya,Kenya,2208112
1959,korea-dem-people-s-rep,North Korea,19865750
1959,korea-rep,South Korea,11221376
1959,kuwait,Kuwait,3799568
1959,latvia,Latvia,9282293
1959,lithuania,Lithuania,14331127
1959,luxembourg,Luxembourg,10430635
1959,madagascar,Madagascar,373728
1959,malawi,Malawi,459741
1959,malaysia,Malaysia,3183244
1959,mali,Mali,47632
1959,mexico,Mexico,58286970
1959,mongolia,Mongolia,1344688
1959,morocco,Morocco,3368859
1959,mozambique,Mozambique,1794498
1959,myanmar,Myanmar,2777163
1959,nepal,Nepal,65952
1959,netherlands,Netherlands,67136320
1959,new-zealand,New Zealand,10319230
1959,niger,Niger,21984
1959,nigeria,Nigeria,3564567
1959,norway,Norway,11808160
1959,pakistan,Pakistan,9921033
1959,panama,Panama,1300467
1959,peru,Peru,7215732
1959,philippines,Philippines,7226130
1959,poland,Poland,189689440
1959,portugal,Portugal,7979696
1959,qatar,Qatar,183200
1959,romania,Romania,50643268
1959,russian-federation,Russia,850093000
1959,rwanda,Rwanda,74641
1959,saudi-arabia,Saudi Arabia,1853687
1959,senegal,Senegal,387701
1959,serbia,Serbia,14266417
1959,singapore,Singapore,1799024
1959,slovak-republic,Slovakia,29668822
1959,slovenia,Slovenia,4062086
1959,somalia,Somalia,87936
1959,south-africa,South Africa,94472870
1959,spain,Spain,52075268
1959,sri-lanka,Sri Lanka,2055116.9
1959,sudan,Sudan,1256352
1959,sweden,Sweden,42392060
1959,switzerland,Switzerland,16616386
1959,syrian-arab-republic,Syria,2225896
1959,taiwan,Taiwan,10991355
1959,tanzania-united-rep,Tanzania,688832
1959,thailand,Thailand,3321198
1959,tunisia,Tunisia,1588397
1959,turkiye,Turkey,17191804
1959,ukraine,Ukraine,269626080
1959,united-arab-emirates,United Arab Emirates,10992
1959,united-kingdom,United Kingdom,546364300
1959,united-states,United States,2831908400
1959,uruguay,Uruguay,4387778
1959,uzbekistan,Uzbekistan,35064384
1959,venezuela-rb,Venezuela,65149336
1959,viet-nam,Vietnam,6604647
1959,yemen-rep,Yemen,2601440
1959,zambia,Zambia,4567802
1959,zimbabwe,Zimbabwe,6233166
1960,afghanistan,Afghanistan,413885
1960,albania,Albania,2022231.1
1960,algeria,Algeria,6151241
1960,angola,Angola,548951
1960,argentina,Argentina,48764500
1960,armenia,Armenia,3159567
1960,australia,Australia,87440610
1960,austria,Austria,30824784
1960,azerbaijan,Azerbaijan,19123186
1960,bangladesh,Bangladesh,2211905
1960,belarus,Belarus,40263400
1960,belgium,Belgium,90915416
1960,benin,Benin,161216
1960,bolivia-plurinational-state-of,Bolivia,1003787.06
1960,brazil,Brazil,46851820
1960,bulgaria,Bulgaria,22270700
1960,burkina-faso,Burkina Faso,43968
1960,burundi,Burundi,36431
1960,cambodia,Cambodia,234496
1960,cameroon,Cameroon,271136
1960,canada,Canada,192716240
1960,chad,Chad,54960
1960,chile,Chile,13476468
1960,china,China,798810940
1960,colombia,Colombia,16390488
1960,congo-dem-rep,Democratic Republic of the Congo,2318510
1960,cote-d-ivoire,Cote d Ivoire,461664
1960,croatia,Croatia,5821392
1960,cuba,Cuba,13687099
1960,cyprus,Cyprus,886331
1960,czech-republic,Czechia,99081330
1960,denmark,Denmark,29760512
1960,ecuador,Ecuador,1761582
1960,egypt-arab-rep,Egypt,16032730
1960,estonia,Estonia,14623335
1960,ethiopia,Ethiopia,351625
1960,finland,Finland,15087087
1960,france,France,298395840
1960,georgia,Georgia,5268258
1960,germany,Germany,813602200
1960,ghana,Ghana,1461936
1960,greece,Greece,9391531
1960,guatemala,Guatemala,1344242
1960,guinea,Guinea,410368
1960,haiti,Haiti,285584
1960,hong-kong-sar-china,Hong Kong,2952589
1960,hungary,Hungary,45357690
1960,iceland,Iceland,1212488
1960,india,India,111320210
1960,indonesia,Indonesia,21385192
1960,iran-islamic-rep,Iran,37358600
1960,iraq,Iraq,8256160
1960,ireland,Ireland,11168414
1960,israel,Israel,6460027
1960,italy,Italy,109217740
1960,japan,Japan,232829570
1960,jordan,Jordan,743138
1960,kazakhstan,Kazakhstan,96467340
1960,kenya,Kenya,2424144
1960,korea-dem-people-s-rep,North Korea,23788438
1960,korea-rep,South Korea,12540118
1960,kuwait,Kuwait,7796992
1960,latvia,Latvia,9666607
1960,lithuania,Lithuania,14921524
1960,luxembourg,Luxembourg,11518754
1960,madagascar,Madagascar,399376
1960,malawi,Malawi,438347
1960,malaysia,Malaysia,4201450
1960,mali,Mali,120912
1960,mexico,Mexico,63052290
1960,mongolia,Mongolia,1293392
1960,morocco,Morocco,3636004
1960,mozambique,Mozambique,1882405
1960,myanmar,Myanmar,2714846
1960,nepal,Nepal,80608
1960,netherlands,Netherlands,73455920
1960,new-zealand,New Zealand,11531776
1960,niger,Niger,29312
1960,nigeria,Nigeria,3403173
1960,norway,Norway,13086807
1960,pakistan,Pakistan,11926437
1960,panama,Panama,1263634
1960,peru,Peru,8164620.5
1960,philippines,Philippines,8325063
1960,poland,Poland,199547760
1960,portugal,Portugal,8213507.5
1960,qatar,Qatar,175872
1960,romania,Romania,53394132
1960,russian-federation,Russia,885069800
1960,rwanda,Rwanda,69825
1960,saudi-arabia,Saudi Arabia,2674363
1960,senegal,Senegal,827381
1960,serbia,Serbia,15586529
1960,singapore,Singapore,1392320
1960,slovak-republic,Slovakia,31648492
1960,slovenia,Slovenia,4438241
1960,somalia,Somalia,84272
1960,south-africa,South Africa,97847120
1960,spain,Spain,48862124
1960,sri-lanka,Sri Lanka,2256667
1960,sudan,Sudan,1249577
1960,sweden,Sweden,49170520
1960,switzerland,Switzerland,19513184
1960,syrian-arab-republic,Syria,3218695
1960,taiwan,Taiwan,11873904
1960,tanzania-united-rep,Tanzania,828064
1960,thailand,Thailand,3709492
1960,tunisia,Tunisia,1724106
1960,turkiye,Turkey,16798536
1960,ukraine,Ukraine,280678530
1960,united-arab-emirates,United Arab Emirates,10992
1960,united-kingdom,United Kingdom,583902800
1960,united-states,United States,2897308000
1960,uruguay,Uruguay,4314528
1960,uzbekistan,Uzbekistan,36543150
1960,venezuela-rb,Venezuela,57016830
1960,viet-nam,Vietnam,7483918
1960,yemen-rep,Yemen,3631024
1960,zambia,Zambia,4355258
1960,zimbabwe,Zimbabwe,5943125
1961,afghanistan,Afghanistan,490798
1961,albania,Albania,2278533
1961,algeria,Algeria,6055920
1961,angola,Angola,453707
1961,argentina,Argentina,51126708
1961,armenia,Armenia,3262113
1961,australia,Australia,87008340
1961,austria,Austria,31860686
1961,azerbaijan,Azerbaijan,19740956
1961,bangladesh,Bangladesh,2290410
1961,belarus,Belarus,41541856
1961,belgium,Belgium,92702050
1961,benin,Benin,128240.01
1961,bolivia-plurinational-state-of,Bolivia,1040398
1961,brazil,Brazil,49134936
1961,bulgaria,Bulgaria,25945040
1961,burkina-faso,Burkina Faso,91600
1961,burundi,Burundi,47737
1961,cambodia,Cambodia,285792
1961,cameroon,Cameroon,282128
1961,canada,Canada,194000690
1961,chad,Chad,51296
1961,chile,Chile,14458242
1961,china,China,570641150
1961,colombia,Colombia,18196304
1961,congo-dem-rep,Democratic Republic of the Congo,2355388
1961,cote-d-ivoire,Cote d Ivoire,553264
1961,croatia,Croatia,6109371
1961,cuba,Cuba,12168303
1961,cyprus,Cyprus,864318
1961,czech-republic,Czechia,107527576
1961,denmark,Denmark,31712858
1961,ecuador,Ecuador,1644245
1961,egypt-arab-rep,Egypt,17065918
1961,estonia,Estonia,15080764
1961,ethiopia,Ethiopia,340633
1961,finland,Finland,14921697
1961,france,France,318161820
1961,georgia,Georgia,5440378
1961,germany,Germany,834506300
1961,ghana,Ghana,1344688
1961,greece,Greece,9808427
1961,guatemala,Guatemala,1406471
1961,guinea,Guinea,615552
1961,haiti,Haiti,296606
1961,hong-kong-sar-china,Hong Kong,3370137
1961,hungary,Hungary,48973816
1961,iceland,Iceland,1091575
1961,india,India,120399360
1961,indonesia,Indonesia,26001594
1961,iran-islamic-rep,Iran,36508760
1961,iraq,Iraq,8709218
1961,ireland,Ireland,12352601
1961,israel,Israel,7060775
1961,italy,Italy,124393220
1961,japan,Japan,283131330
1961,jordan,Jordan,977397
1961,kazakhstan,Kazakhstan,99489820
1961,kenya,Kenya,2398585
1961,korea-dem-people-s-rep,North Korea,26426608
1961,korea-rep,South Korea,14448706
1961,kuwait,Kuwait,9973408
1961,latvia,Latvia,9972120
1961,lithuania,Lithuania,15398499
1961,luxembourg,Luxembourg,11591975
1961,madagascar,Madagascar,355408
1961,malawi,Malawi,373318
1961,malaysia,Malaysia,4684919
1961,mali,Mali,117248
1961,mexico,Mexico,65239908
1961,mongolia,Mongolia,1392320
1961,morocco,Morocco,3771367
1961,mozambique,Mozambique,2629890
1961,myanmar,Myanmar,2590299
1961,nepal,Nepal,80608
1961,netherlands,Netherlands,75833440
1961,new-zealand,New Zealand,11755131
1961,niger,Niger,54960
1961,nigeria,Nigeria,4109552
1961,norway,Norway,13335483
1961,pakistan,Pakistan,12349572
1961,panama,Panama,1344092
1961,peru,Peru,8633641
1961,philippines,Philippines,8712524
1961,poland,Poland,207220750
1961,portugal,Portugal,9078034
1961,qatar,Qatar,161216
1961,romania,Romania,55716068
1961,russian-federation,Russia,912752600
1961,rwanda,Rwanda,91495
1961,saudi-arabia,Saudi Arabia,3568320
1961,senegal,Senegal,812665
1961,serbia,Serbia,16349285
1961,singapore,Singapore,2092144
1961,slovak-republic,Slovakia,34352468
1961,slovenia,Slovenia,4657205
1961,somalia,Somalia,87936
1961,south-africa,South Africa,102119840
1961,spain,Spain,53603416
1961,sri-lanka,Sri Lanka,2333641
1961,sudan,Sudan,1273266
1961,sweden,Sweden,48803060
1961,switzerland,Switzerland,20375598
1961,syrian-arab-republic,Syria,3060935
1961,taiwan,Taiwan,12528672
1961,tanzania-united-rep,Tanzania,703488
1961,thailand,Thailand,4141500
1961,tunisia,Tunisia,1764711
1961,turkiye,Turkey,17340838
1961,ukraine,Ukraine,289394050
1961,united-arab-emirates,United Arab Emirates,10992
1961,united-kingdom,United Kingdom,588578200
1961,united-states,United States,2886861800
1961,uruguay,Uruguay,4116761.2
1961,uzbekistan,Uzbekistan,37811520
1961,venezuela-rb,Venezuela,51879784
1961,viet-nam,Vietnam,7978350
1961,yemen-rep,Yemen,2663728
1961,zambia,Zambia,3708972
1961,zimbabwe,Zimbabwe,5061263
1962,afghanistan,Afghanistan,688594
1962,albania,Albania,2461733
1962,algeria,Algeria,5661010
1962,angola,Angola,1179127
1962,argentina,Argentina,53640124
1962,armenia,Armenia,3428950
1962,australia,Australia,90908610
1962,austria,Austria,33908950
1962,azerbaijan,Azerbaijan,20741828
1962,bangladesh,Bangladesh,2516756
1962,belarus,Belarus,43630440
1962,belgium,Belgium,98025630
1962,benin,Benin,135568
1962,bolivia-plurinational-state-of,Bolivia,1098992
1962,brazil,Brazil,53610856
1962,bulgaria,Bulgaria,30704012
1962,burkina-faso,Burkina Faso,84272
1962,burundi,Burundi,43968
1962,cambodia,Cambodia,307776
1962,cameroon,Cameroon,289456
1962,canada,Canada,206990770
1962,chad,Chad,84272
1962,chile,Chile,16707373
1962,china,China,459625400
1962,colombia,Colombia,19419486
1962,congo-dem-rep,Democratic Republic of the Congo,2171950
1962,cote-d-ivoire,Cote d Ivoire,586240
1962,croatia,Croatia,6268905
1962,cuba,Cuba,14154546
1962,cyprus,Cyprus,904622
1962,czech-republic,Czechia,114592020
1962,denmark,Denmark,36904540
1962,ecuador,Ecuador,1563666
1962,egypt-arab-rep,Egypt,18571110
1962,estonia,Estonia,15827216
1962,ethiopia,Ethiopia,395534
1962,finland,Finland,16793796
1962,france,France,335538270
1962,georgia,Georgia,5718646
1962,germany,Germany,882842560
1962,ghana,Ghana,1432624
1962,greece,Greece,10152143
1962,guatemala,Guatemala,1380853
1962,guinea,Guinea,659520
1962,haiti,Haiti,303874
1962,hong-kong-sar-china,Hong Kong,3681458
1962,hungary,Hungary,50545132
1962,iceland,Iceland,1197742
1962,india,India,132579760
1962,indonesia,Indonesia,22974894
1962,iran-islamic-rep,Iran,37428424
1962,iraq,Iraq,9020836
1962,ireland,Ireland,13106731
1962,israel,Israel,7932361
1962,italy,Italy,146269900
1962,japan,Japan,293278460
1962,jordan,Jordan,1046952.94
1962,kazakhstan,Kazakhstan,104415490
1962,kenya,Kenya,2622025
1962,korea-dem-people-s-rep,North Korea,30687394
1962,korea-rep,South Korea,17261588
1962,kuwait,Kuwait,14278608
1962,latvia,Latvia,10470946
1962,lithuania,Lithuania,16179802
1962,luxembourg,Luxembourg,11551671
1962,madagascar,Madagascar,395653
1962,malawi,Malawi,360614
1962,malaysia,Malaysia,4776549
1962,mali,Mali,139232
1962,mexico,Mexico,63743710
1962,mongolia,Mongolia,1971232
1962,morocco,Morocco,3074934
1962,mozambique,Mozambique,1985174
1962,myanmar,Myanmar,2879696
1962,nepal,Nepal,87936
1962,netherlands,Netherlands,83300220
1962,new-zealand,New Zealand,11198292
1962,niger,Niger,65952
1962,nigeria,Nigeria,4174999.2
1962,norway,Norway,14060391
1962,pakistan,Pakistan,13569882
1962,panama,Panama,1461431
1962,peru,Peru,9959593
1962,philippines,Philippines,10335915
1962,poland,Poland,216603520
1962,portugal,Portugal,9289892
1962,qatar,Qatar,190528
1962,romania,Romania,63812790
1962,russian-federation,Russia,957987460
1962,rwanda,Rwanda,84272
1962,saudi-arabia,Saudi Arabia,6249987
1962,senegal,Senegal,812665
1962,serbia,Serbia,16778708
1962,singapore,Singapore,2513415
1962,slovak-republic,Slovakia,36608612
1962,slovenia,Slovenia,4778336
1962,somalia,Somalia,106256
1962,south-africa,South Africa,105670040
1962,spain,Spain,59975850
1962,sri-lanka,Sri Lanka,2560779
1962,sudan,Sudan,1364169
1962,sweden,Sweden,51272696
1962,switzerland,Switzerland,24134640
1962,syrian-arab-republic,Syria,3199872
1962,taiwan,Taiwan,14164804
1962,tanzania-united-rep,Tanzania,765776
1962,thailand,Thailand,5028546
1962,tunisia,Tunisia,1793901
1962,turkiye,Turkey,21604546
1962,ukraine,Ukraine,303652960
1962,united-arab-emirates,United Arab Emirates,18320
1962,united-kingdom,United Kingdom,592920450
1962,united-states,United States,2993898500
1962,uruguay,Uruguay,4006902.2
1962,uzbekistan,Uzbekistan,39819424
1962,venezuela-rb,Venezuela,54056110
1962,viet-nam,Vietnam,9337664
1962,yemen-rep,Yemen,3883840
1962,zambia,Zambia,3582691
1962,zimbabwe,Zimbabwe,4888959
1963,afghanistan,Afghanistan,706736
1963,albania,Albania,2080617
1963,algeria,Algeria,5419154
1963,angola,Angola,1149723
1963,argentina,Argentina,50032660
1963,armenia,Armenia,3682205
1963,australia,Australia,95994510
1963,austria,Austria,36996856
1963,azerbaijan,Azerbaijan,22265128
1963,bangladesh,Bangladesh,2893242
1963,belarus,Belarus,46807244
1963,belgium,Belgium,105687304
1963,benin,Benin,120912
1963,bolivia-plurinational-state-of,Bolivia,1212547
1963,brazil,Brazil,55519376
1963,bulgaria,Bulgaria,34374060
1963,burkina-faso,Burkina Faso,87936
1963,burundi,Burundi,47632
1963,cambodia,Cambodia,388384
1963,cameroon,Cameroon,300448
1963,canada,Canada,210910780
1963,chad,Chad,91600
1963,chile,Chile,17336986
1963,china,China,456786780
1963,colombia,Colombia,21232780
1963,congo-dem-rep,Democratic Republic of the Congo,2292682
1963,cote-d-ivoire,Cote d Ivoire,622880
1963,croatia,Croatia,6974590
1963,cuba,Cuba,13025915
1963,cyprus,Cyprus,985230
1963,czech-republic,Czechia,120514520
1963,denmark,Denmark,40678836
1963,ecuador,Ecuador,1794320
1963,egypt-arab-rep,Egypt,21526860
1963,estonia,Estonia,16970784
1963,ethiopia,Ethiopia,421213
1963,finland,Finland,19336490
1963,france,France,340421950
1963,georgia,Georgia,6142414
1963,germany,Germany,945241540
1963,ghana,Ghana,1722080
1963,greece,Greece,12239481
1963,guatemala,Guatemala,1519936
1963,guinea,Guinea,696160
1963,haiti,Haiti,248944
1963,hong-kong-sar-china,Hong Kong,4245685
1963,hungary,Hungary,56260828
1963,iceland,Iceland,1303997
1963,india,India,142438960
1963,indonesia,Indonesia,22763096
1963,iran-islamic-rep,Iran,41304936
1963,iraq,Iraq,9383364
1963,ireland,Ireland,13447196
1963,israel,Israel,8199567
1963,italy,Italy,164574560
1963,japan,Japan,325267800
1963,jordan,Jordan,1218953
1963,kazakhstan,Kazakhstan,111949260
1963,kenya,Kenya,2852859
1963,korea-dem-people-s-rep,North Korea,32826546
1963,korea-rep,South Korea,21083172
1963,kuwait,Kuwait,17011952
1963,latvia,Latvia,11231453
1963,lithuania,Lithuania,17366368
1963,luxembourg,Luxembourg,11449168
1963,madagascar,Madagascar,461486
1963,malawi,Malawi,346705
1963,malaysia,Malaysia,5827968
1963,mali,Mali,175872
1963,mexico,Mexico,66292190
1963,mongolia,Mongolia,1601168
1963,morocco,Morocco,3954059
1963,mozambique,Mozambique,1659109
1963,myanmar,Myanmar,2633911
1963,nepal,Nepal,98928
1963,netherlands,Netherlands,91162904
1963,new-zealand,New Zealand,12216528
1963,niger,Niger,87936
1963,nigeria,Nigeria,5343636
1963,norway,Norway,14965280
1963,pakistan,Pakistan,15600216
1963,panama,Panama,1739835
1963,peru,Peru,10223164
1963,philippines,Philippines,11471815
1963,poland,Poland,231002450
1963,portugal,Portugal,10011581
1963,qatar,Qatar,6133536
1963,romania,Romania,69455450
1963,russian-federation,Russia,1027400260
1963,rwanda,Rwanda,84272
1963,saudi-arabia,Saudi Arabia,6938814
1963,senegal,Senegal,860267
1963,serbia,Serbia,18666488
1963,singapore,Singapore,3301367
1963,slovak-republic,Slovakia,38535790
1963,slovenia,Slovenia,5315445
1963,somalia,Somalia,102592
1963,south-africa,South Africa,109725200
1963,spain,Spain,58742904
1963,sri-lanka,Sri Lanka,2531527
1963,sudan,Sudan,1542684
1963,sweden,Sweden,55313170
1963,switzerland,Switzerland,29085016
1963,syrian-arab-republic,Syria,3606276
1963,taiwan,Taiwan,15108601
1963,tanzania-united-rep,Tanzania,802416
1963,thailand,Thailand,5564353
1963,tunisia,Tunisia,1944128
1963,turkiye,Turkey,22639942
1963,ukraine,Ukraine,325609340
1963,united-arab-emirates,United Arab Emirates,21984
1963,united-kingdom,United Kingdom,603382000
1963,united-states,United States,3126484000
1963,uruguay,Uruguay,4314824
1963,uzbekistan,Uzbekistan,42851396
1963,venezuela-rb,Venezuela,56151736
1963,viet-nam,Vietnam,9110377
1963,yemen-rep,Yemen,2916544
1963,zambia,Zambia,3444491
1963,zimbabwe,Zimbabwe,4700377
1964,afghanistan,Afghanistan,838551
1964,albania,Albania,2014694.9
1964,algeria,Algeria,5643044
1964,angola,Angola,1222914
1964,argentina,Argentina,55670040
1964,armenia,Armenia,3920262
1964,australia,Australia,103544750
1964,austria,Austria,38940580
1964,azerbaijan,Azerbaijan,23697204
1964,bangladesh,Bangladesh,2974612
1964,belarus,Belarus,49790092
1964,belgium,Belgium,103561320
1964,benin,Benin,142896
1964,bolivia-plurinational-state-of,Bolivia,1479989
1964,brazil,Brazil,56621016
1964,bulgaria,Bulgaria,42818064
1964,burkina-faso,Burkina Faso,109920
1964,burundi,Burundi,47632
1964,cambodia,Cambodia,337127
1964,cameroon,Cameroon,337088
1964,canada,Canada,237577730
1964,chad,Chad,98928
1964,chile,Chile,17505144
1964,china,China,460644400
1964,colombia,Colombia,21682948
1964,congo-dem-rep,Democratic Republic of the Congo,1973973
1964,cote-d-ivoire,Cote d Ivoire,762112
1964,croatia,Croatia,7907537
1964,cuba,Cuba,14279003
1964,cyprus,Cyprus,999975
1964,czech-republic,Czechia,125440470
1964,denmark,Denmark,43157836
1964,ecuador,Ecuador,2142281
1964,egypt-arab-rep,Egypt,25491248
1964,estonia,Estonia,18045588
1964,ethiopia,Ethiopia,406526
1964,finland,Finland,22831226
1964,france,France,371374000
1964,georgia,Georgia,6541424
1964,germany,Germany,968631740
1964,ghana,Ghana,1648800
1964,greece,Greece,13201597
1964,guatemala,Guatemala,1768969
1964,guinea,Guinea,699824
1964,haiti,Haiti,300210
1964,hong-kong-sar-china,Hong Kong,4220066
1964,hungary,Hungary,62385068
1964,iceland,Iceland,1307601
1964,india,India,139483200
1964,indonesia,Indonesia,22374266
1964,iran-islamic-rep,Iran,47519076
1964,iraq,Iraq,9063972
1964,ireland,Ireland,14215937
1964,israel,Israel,9137254
1964,italy,Italy,175743300
1964,japan,Japan,359352600
1964,jordan,Jordan,1240848
1964,kazakhstan,Kazakhstan,119029920
1964,kenya,Kenya,2823250
1964,korea-dem-people-s-rep,North Korea,35618188
1964,korea-rep,South Korea,22195154
1964,kuwait,Kuwait,25314576
1964,latvia,Latvia,11946009
1964,lithuania,Lithuania,18478924
1964,luxembourg,Luxembourg,12306544
1964,madagascar,Madagascar,483468
1964,malawi,Malawi,329641
1964,malaysia,Malaysia,7399409
1964,mali,Mali,175872
1964,mexico,Mexico,74200130
1964,mongolia,Mongolia,2044512
1964,morocco,Morocco,4415040
1964,mozambique,Mozambique,2139033
1964,myanmar,Myanmar,2857385
1964,nepal,Nepal,150224
1964,netherlands,Netherlands,96787544
1964,new-zealand,New Zealand,13091956
1964,niger,Niger,95264
1964,nigeria,Nigeria,7266700
1964,norway,Norway,16170321
1964,oman,Oman,10992
1964,pakistan,Pakistan,16038961
1964,panama,Panama,2033015
1964,peru,Peru,12252782
1964,philippines,Philippines,12822820
1964,poland,Poland,242869550
1964,portugal,Portugal,11007419
1964,qatar,Qatar,6269104
1964,romania,Romania,72037020
1964,russian-federation,Russia,1092664400
1964,rwanda,Rwanda,36640
1964,saudi-arabia,Saudi Arabia,7041168
1964,senegal,Senegal,922496
1964,serbia,Serbia,21146530
1964,singapore,Singapore,3601712
1964,slovak-republic,Slovakia,40107324
1964,slovenia,Slovenia,6023552
1964,somalia,Somalia,135568
1964,south-africa,South Africa,119546024
1964,spain,Spain,64323810
1964,sri-lanka,Sri Lanka,2271383
1964,sudan,Sudan,1707855
1964,sweden,Sweden,60368180
1964,switzerland,Switzerland,28143752
1964,syrian-arab-republic,Syria,4361268
1964,taiwan,Taiwan,16907178
1964,tanzania-united-rep,Tanzania,1033247.94
1964,thailand,Thailand,7474013
1964,tunisia,Tunisia,2753486
1964,turkiye,Turkey,26306422
1964,ukraine,Ukraine,346245000
1964,united-arab-emirates,United Arab Emirates,18320
1964,united-kingdom,United Kingdom,607866000
1964,united-states,United States,3264306400
1964,uruguay,Uruguay,4552718
1964,uzbekistan,Uzbekistan,45713976
1964,venezuela-rb,Venezuela,56550016
1964,viet-nam,Vietnam,11787840
1964,yemen-rep,Yemen,3631024
1964,zambia,Zambia,3274992
1964,zimbabwe,Zimbabwe,4469069
1965,afghanistan,Afghanistan,1006917
1965,albania,Albania,2172159
1965,algeria,Algeria,6588533
1965,angola,Angola,1186155
1965,argentina,Argentina,58804852
1965,armenia,Armenia,4160606.8
1965,australia,Australia,113606344
1965,austria,Austria,38184520
1965,azerbaijan,Azerbaijan,25146586
1965,bangladesh,Bangladesh,3121306
1965,belarus,Belarus,52824548
1965,belgium,Belgium,105334560
1965,benin,Benin,150224
1965,bolivia-plurinational-state-of,Bolivia,1509330
1965,brazil,Brazil,56272604
1965,bulgaria,Bulgaria,46269140
1965,burkina-faso,Burkina Faso,102592
1965,burundi,Burundi,36640
1965,cambodia,Cambodia,377392
1965,cameroon,Cameroon,311440
1965,canada,Canada,251917060
1965,chad,Chad,106256
1965,chile,Chile,17747296
1965,china,China,500293700
1965,colombia,Colombia,22858734
1965,congo-dem-rep,Democratic Republic of the Congo,2468527
1965,cote-d-ivoire,Cote d Ivoire,1172480
1965,croatia,Croatia,8143818
1965,cuba,Cuba,14594137
1965,cyprus,Cyprus,1150110
1965,czech-republic,Czechia,122230060
1965,denmark,Denmark,44304364
1965,ecuador,Ecuador,2274037
1965,egypt-arab-rep,Egypt,27609458
1965,estonia,Estonia,19142578
1965,ethiopia,Ethiopia,644480
1965,finland,Finland,25300086
1965,france,France,365844930
1965,georgia,Georgia,6943579
1965,germany,Germany,959842050
1965,ghana,Ghana,1703760
1965,greece,Greece,16998966
1965,guatemala,Guatemala,1973945
1965,guinea,Guinea,696160
1965,haiti,Haiti,303934
1965,hong-kong-sar-china,Hong Kong,4802523
1965,hungary,Hungary,61274436
1965,iceland,Iceland,1395538
1965,india,India,153696700
1965,indonesia,Indonesia,24668226
1965,iran-islamic-rep,Iran,53718388
1965,iraq,Iraq,19293088
1965,ireland,Ireland,13717431
1965,israel,Israel,12928839
1965,italy,Italy,189543020
1965,japan,Japan,386969630
1965,jordan,Jordan,1420414
1965,kazakhstan,Kazakhstan,126268980
1965,kenya,Kenya,2463914
1965,korea-dem-people-s-rep,North Korea,44222124
1965,korea-rep,South Korea,24978308
1965,kuwait,Kuwait,35390576
1965,latvia,Latvia,12674038
1965,lithuania,Lithuania,19603964
1965,luxembourg,Luxembourg,12203860
1965,madagascar,Madagascar,556779
1965,malawi,Malawi,347961
1965,malaysia,Malaysia,8380229
1965,mali,Mali,197856
1965,mexico,Mexico,75167900
1965,mongolia,Mongolia,1956576
1965,morocco,Morocco,4254388
1965,mozambique,Mozambique,2003317.1
1965,myanmar,Myanmar,2725481
1965,nepal,Nepal,179536
1965,netherlands,Netherlands,100414580
1965,new-zealand,New Zealand,13685286
1965,niger,Niger,91600
1965,nigeria,Nigeria,11750129
1965,norway,Norway,16389921
1965,oman,Oman,25648
1965,pakistan,Pakistan,16829590
1965,panama,Panama,2124291
1965,peru,Peru,11951530
1965,philippines,Philippines,13964649
1965,poland,Poland,246977200
1965,portugal,Portugal,11582457
1965,qatar,Qatar,6287424
1965,romania,Romania,78636910
1965,russian-federation,Russia,1159118800
1965,rwanda,Rwanda,47632
1965,saudi-arabia,Saudi Arabia,4216254
1965,senegal,Senegal,1692025
1965,serbia,Serbia,21759390
1965,singapore,Singapore,2425568
1965,slovak-republic,Slovakia,39065960
1965,slovenia,Slovenia,6198301
1965,somalia,Somalia,131904
1965,south-africa,South Africa,128140050
1965,spain,Spain,71020450
1965,sri-lanka,Sri Lanka,2656043
1965,sudan,Sudan,2230076
1965,sweden,Sweden,62565764
1965,switzerland,Switzerland,30339928
1965,syrian-arab-republic,Syria,3672258
1965,taiwan,Taiwan,17844806
1965,tanzania-united-rep,Tanzania,1161488
1965,thailand,Thailand,7444910
1965,tunisia,Tunisia,2460363
1965,turkiye,Turkey,27352956
1965,ukraine,Ukraine,367247500
1965,united-arab-emirates,United Arab Emirates,21984
1965,united-kingdom,United Kingdom,622115260
1965,united-states,United States,3399539200
1965,uruguay,Uruguay,5516290
1965,uzbekistan,Uzbekistan,48565380
1965,venezuela-rb,Venezuela,60729600
1965,viet-nam,Vietnam,13149927
1965,yemen-rep,Yemen,3927808
1965,zambia,Zambia,3912261
1965,zimbabwe,Zimbabwe,5209198
1966,afghanistan,Afghanistan,1091159
1966,albania,Albania,2549579
1966,algeria,Algeria,8420862
1966,angola,Angola,1552466
1966,argentina,Argentina,63072668
1966,armenia,Armenia,4395587
1966,australia,Australia,115736220
1966,austria,Austria,39245444
1966,azerbaijan,Azerbaijan,26562486
1966,bangladesh,Bangladesh,3176314
1966,belarus,Belarus,55796012
1966,belgium,Belgium,105103976
1966,benin,Benin,113584
1966,bolivia-plurinational-state-of,Bolivia,1688837
1966,brazil,Brazil,64153876
1966,bulgaria,Bulgaria,48716010
1966,burkina-faso,Burkina Faso,102592
1966,burundi,Burundi,47632
1966,cambodia,Cambodia,439680
1966,cameroon,Cameroon,344416
1966,canada,Canada,259074370
1966,chad,Chad,84272
1966,chile,Chile,18772474
1966,china,China,549466700
1966,colombia,Colombia,23474196
1966,congo-dem-rep,Democratic Republic of the Congo,2402514
1966,cote-d-ivoire,Cote d Ivoire,1238432
1966,croatia,Croatia,8072182.5
1966,cuba,Cuba,15169385
1966,cyprus,Cyprus,1241710
1966,czech-republic,Czechia,121569530
1966,denmark,Denmark,50085740
1966,ecuador,Ecuador,2416724
1966,egypt-arab-rep,Egypt,26532150
1966,estonia,Estonia,20215560
1966,ethiopia,Ethiopia,823984
1966,finland,Finland,29488840
1966,france,France,382835940
1966,georgia,Georgia,7335865
1966,germany,Germany,951154560
1966,ghana,Ghana,1439952
1966,greece,Greece,18620604
1966,guatemala,Guatemala,1739598
1966,guinea,Guinea,718144
1966,haiti,Haiti,303963
1966,hong-kong-sar-china,Hong Kong,5161566
1966,hungary,Hungary,61709560
1966,iceland,Iceland,1494437
1966,india,India,159371420
1966,indonesia,Indonesia,23374952
1966,iran-islamic-rep,Iran,64103364
1966,iraq,Iraq,27676082
1966,ireland,Ireland,15094724
1966,israel,Israel,13581386
1966,italy,Italy,213997100
1966,japan,Japan,419780260
1966,jordan,Jordan,1581332
1966,kazakhstan,Kazakhstan,133350820
1966,kenya,Kenya,2680084
1966,korea-dem-people-s-rep,North Korea,47599916
1966,korea-rep,South Korea,29982234
1966,kuwait,Kuwait,35123104
1966,latvia,Latvia,13386594
1966,lithuania,Lithuania,20706378
1966,luxembourg,Luxembourg,11617682
1966,madagascar,Madagascar,578704
1966,malawi,Malawi,428510
1966,malaysia,Malaysia,9834393
1966,mali,Mali,190528
1966,mexico,Mexico,80844570
1966,mongolia,Mongolia,1952912
1966,morocco,Morocco,5459547
1966,mozambique,Mozambique,2124199
1966,myanmar,Myanmar,2806059
1966,nepal,Nepal,190528
1966,netherlands,Netherlands,103564780
1966,new-zealand,New Zealand,14000272
1966,niger,Niger,135509
1966,nigeria,Nigeria,12893237
1966,norway,Norway,19540070
1966,oman,Oman,29312
1966,pakistan,Pakistan,17125746
1966,panama,Panama,2106239
1966,peru,Peru,13241052
1966,philippines,Philippines,16104099
1966,poland,Poland,252423660
1966,portugal,Portugal,11835094
1966,qatar,Qatar,6272768
1966,romania,Romania,84090540
1966,russian-federation,Russia,1224087400
1966,rwanda,Rwanda,43968
1966,saudi-arabia,Saudi Arabia,6407326
1966,senegal,Senegal,1717643
1966,serbia,Serbia,21563866
1966,singapore,Singapore,478923
1966,slovak-republic,Slovakia,38836710
1966,slovenia,Slovenia,6140956
1966,somalia,Somalia,139232
1966,south-africa,South Africa,128234936
1966,spain,Spain,77617016
1966,sri-lanka,Sri Lanka,2659737
1966,sudan,Sudan,2428788
1966,sweden,Sweden,72517360
1966,switzerland,Switzerland,31496590
1966,syrian-arab-republic,Syria,4910928
1966,taiwan,Taiwan,19461588
1966,tanzania-united-rep,Tanzania,1370129
1966,thailand,Thailand,9471130
1966,tunisia,Tunisia,2881636
1966,turkiye,Turkey,31505760
1966,ukraine,Ukraine,387781000
1966,united-arab-emirates,United Arab Emirates,25648
1966,united-kingdom,United Kingdom,618078340
1966,united-states,United States,3571417600
1966,uruguay,Uruguay,5398834
1966,uzbekistan,Uzbekistan,51334530
1966,venezuela-rb,Venezuela,56974000
1966,viet-nam,Vietnam,19181138
1966,yemen-rep,Yemen,3462480
1966,zambia,Zambia,3498229
1966,zimbabwe,Zimbabwe,6040926
1967,afghanistan,Afghanistan,1281865
1967,albania,Albania,2677493
1967,algeria,Algeria,8431587
1967,angola,Angola,991815
1967,argentina,Argentina,65475984
1967,armenia,Armenia,4601464
1967,australia,Australia,122280584
1967,austria,Austria,39955876
1967,azerbaijan,Azerbaijan,27792428
1967,bangladesh,Bangladesh,3371142
1967,belarus,Belarus,58374456
1967,belgium,Belgium,107364670
1967,benin,Benin,142896
1967,bolivia-plurinational-state-of,Bolivia,1890386
1967,brazil,Brazil,66021996
1967,bulgaria,Bulgaria,55107668
1967,burkina-faso,Burkina Faso,102592
1967,burundi,Burundi,47632
1967,cambodia,Cambodia,388384
1967,cameroon,Cameroon,458000
1967,canada,Canada,281637020
1967,chad,Chad,117248
1967,chile,Chile,19238336
1967,china,China,460233200
1967,colombia,Colombia,24686832
1967,congo-dem-rep,Democratic Republic of the Congo,2288811
1967,cote-d-ivoire,Cote d Ivoire,1359344
1967,croatia,Croatia,8161031
1967,cuba,Cuba,15736880
1967,cyprus,Cyprus,1362265
1967,czech-republic,Czechia,121311770
1967,denmark,Denmark,49033756
1967,ecuador,Ecuador,2588873
1967,egypt-arab-rep,Egypt,19649910
1967,estonia,Estonia,21135500
1967,ethiopia,Ethiopia,1072958
1967,finland,Finland,28587734
1967,france,France,407292540
1967,georgia,Georgia,7678109
1967,germany,Germany,936013200
1967,ghana,Ghana,1494912
1967,greece,Greece,19504190
1967,guatemala,Guatemala,1981333
1967,guinea,Guinea,725472
1967,haiti,Haiti,259995.02
1967,hong-kong-sar-china,Hong Kong,6052066
1967,hungary,Hungary,58811050
1967,iceland,Iceland,1443139
1967,india,India,159557100
1967,indonesia,Indonesia,24540046
1967,iran-islamic-rep,Iran,67880940
1967,iraq,Iraq,18372978
1967,ireland,Ireland,16394835
1967,israel,Israel,13527913
1967,italy,Italy,234148060
1967,japan,Japan,489915650
1967,jordan,Jordan,1412997
1967,kazakhstan,Kazakhstan,139409340
1967,kenya,Kenya,2698436
1967,korea-dem-people-s-rep,North Korea,52392036
1967,korea-rep,South Korea,35113236
1967,kuwait,Kuwait,25420832
1967,latvia,Latvia,14002162
1967,lithuania,Lithuania,21673964
1967,luxembourg,Luxembourg,11361292
1967,madagascar,Madagascar,842482
1967,malawi,Malawi,366222
1967,malaysia,Malaysia,10127602
1967,mali,Mali,223504
1967,mexico,Mexico,90005530
1967,mongolia,Mongolia,2150560
1967,morocco,Morocco,5408251
1967,mozambique,Mozambique,1871294
1967,myanmar,Myanmar,3615833
1967,nepal,Nepal,212512
1967,netherlands,Netherlands,106689430
1967,new-zealand,New Zealand,13626782
1967,niger,Niger,131815
1967,nigeria,Nigeria,12824484
1967,norway,Norway,19304238
1967,oman,Oman,135568
1967,pakistan,Pakistan,18175904
1967,panama,Panama,2150025
1967,peru,Peru,13640338
1967,philippines,Philippines,18208880
1967,poland,Poland,259014370
1967,portugal,Portugal,12391606
1967,qatar,Qatar,6683136
1967,romania,Romania,92028880
1967,russian-federation,Russia,1279968800
1967,rwanda,Rwanda,40304
1967,saudi-arabia,Saudi Arabia,25485478
1967,senegal,Senegal,699141
1967,serbia,Serbia,21782550
1967,singapore,Singapore,2821280
1967,slovak-republic,Slovakia,38742904
1967,slovenia,Slovenia,6202874
1967,somalia,Somalia,227168
1967,south-africa,South Africa,133760120
1967,spain,Spain,86393976
1967,sri-lanka,Sri Lanka,2945083
1967,sudan,Sudan,2927323
1967,sweden,Sweden,68929740
1967,switzerland,Switzerland,32527000
1967,syrian-arab-republic,Syria,4603211
1967,taiwan,Taiwan,21969916
1967,tanzania-united-rep,Tanzania,1758126
1967,thailand,Thailand,12156816
1967,tunisia,Tunisia,3083186
1967,turkiye,Turkey,33479114
1967,ukraine,Ukraine,405413340
1967,united-arab-emirates,United Arab Emirates,916000
1967,united-kingdom,United Kingdom,592064300
1967,united-states,United States,3705461000
1967,uruguay,Uruguay,4878754
1967,uzbekistan,Uzbekistan,53775972
1967,venezuela-rb,Venezuela,65752380
1967,viet-nam,Vietnam,22962178
1967,yemen-rep,Yemen,3052112
1967,zambia,Zambia,4787631
1967,zimbabwe,Zimbabwe,5294480
1968,afghanistan,Afghanistan,1223391
1968,albania,Albania,3069214
1968,algeria,Algeria,9050236
1968,angola,Angola,1669539
1968,argentina,Argentina,69009220
1968,armenia,Armenia,4736134
1968,australia,Australia,128768060
1968,austria,Austria,42330116
1968,azerbaijan,Azerbaijan,28591258
1968,bangladesh,Bangladesh,3865666
1968,belarus,Belarus,60043610
1968,belgium,Belgium,118441240
1968,benin,Benin,153888
1968,bolivia-plurinational-state-of,Bolivia,2176118
1968,brazil,Brazil,77210430
1968,bulgaria,Bulgaria,59463508
1968,burkina-faso,Burkina Faso,102592
1968,burundi,Burundi,54960
1968,cambodia,Cambodia,461664
1968,cameroon,Cameroon,505631.97
1968,canada,Canada,303261340
1968,chad,Chad,124576
1968,chile,Chile,21202238
1968,china,China,495513900
1968,colombia,Colombia,26572754
1968,congo-dem-rep,Democratic Republic of the Congo,3366027
1968,cote-d-ivoire,Cote d Ivoire,1597504
1968,croatia,Croatia,8729798
1968,cuba,Cuba,16019522
1968,cyprus,Cyprus,1622201
1968,czech-republic,Czechia,126921260
1968,denmark,Denmark,53280004
1968,ecuador,Ecuador,3112647
1968,egypt-arab-rep,Egypt,22872626
1968,estonia,Estonia,21725678
1968,ethiopia,Ethiopia,1725031
1968,finland,Finland,33281468
1968,france,France,421116100
1968,georgia,Georgia,7901873
1968,germany,Germany,984581950
1968,ghana,Ghana,1648800
1968,greece,Greece,22286276
1968,guatemala,Guatemala,2139063
1968,guinea,Guinea,747456
1968,haiti,Haiti,263630
1968,hong-kong-sar-china,Hong Kong,6197972
1968,hungary,Hungary,61129844
1968,iceland,Iceland,1593425
1968,india,India,174070540
1968,indonesia,Indonesia,27562608
1968,iran-islamic-rep,Iran,82329560
1968,iraq,Iraq,19695680
1968,ireland,Ireland,17798046
1968,israel,Israel,13794168
1968,italy,Italy,249186820
1968,japan,Japan,562568260
1968,jordan,Jordan,1503972
1968,kazakhstan,Kazakhstan,143288750
1968,kenya,Kenya,2815420
1968,korea-dem-people-s-rep,North Korea,59268980
1968,korea-rep,South Korea,37197144
1968,kuwait,Kuwait,23149272
1968,latvia,Latvia,14399615
1968,lithuania,Lithuania,22304778
1968,luxembourg,Luxembourg,12266300
1968,madagascar,Madagascar,912069
1968,malawi,Malawi,388148
1968,malaysia,Malaysia,10530226
1968,mali,Mali,197856
1968,mexico,Mexico,93887230
1968,mongolia,Mongolia,2480231
1968,morocco,Morocco,5620228
1968,mozambique,Mozambique,2776153
1968,myanmar,Myanmar,2926823
1968,nepal,Nepal,252815.98
1968,netherlands,Netherlands,113452820
1968,new-zealand,New Zealand,13473102
1968,niger,Niger,161127
1968,nigeria,Nigeria,6625858
1968,norway,Norway,21113690
1968,oman,Oman,161216
1968,pakistan,Pakistan,20841790
1968,panama,Panama,2600704
1968,peru,Peru,14486633
1968,philippines,Philippines,22222780
1968,poland,Poland,275793760
1968,portugal,Portugal,12992354
1968,qatar,Qatar,7075184
1968,romania,Romania,100075864
1968,russian-federation,Russia,1315942400
1968,rwanda,Rwanda,54960
1968,saudi-arabia,Saudi Arabia,29079118
1968,senegal,Senegal,98126
1968,serbia,Serbia,23300442
1968,singapore,Singapore,5133455
1968,slovak-republic,Slovakia,40545964
1968,slovenia,Slovenia,6632873
1968,somalia,Somalia,153888
1968,south-africa,South Africa,137953810
1968,spain,Spain,97006240
1968,sri-lanka,Sri Lanka,3238085
1968,sudan,Sudan,2853163
1968,sweden,Sweden,77609600
1968,switzerland,Switzerland,35988656
1968,syrian-arab-republic,Syria,5953950
1968,taiwan,Taiwan,24140614
1968,tanzania-united-rep,Tanzania,1651841
1968,thailand,Thailand,17083320
1968,tunisia,Tunisia,3592336
1968,turkiye,Turkey,36265490
1968,ukraine,Ukraine,416736670
1968,united-arab-emirates,United Arab Emirates,1242096
1968,united-kingdom,United Kingdom,606495600
1968,united-states,United States,3840923400
1968,uruguay,Uruguay,4878368
1968,uzbekistan,Uzbekistan,55395724
1968,venezuela-rb,Venezuela,65572068
1968,viet-nam,Vietnam,23600902
1968,yemen-rep,Yemen,11636864
1968,zambia,Zambia,4567642
1968,zimbabwe,Zimbabwe,6377657
1969,afghanistan,Afghanistan,941232
1969,albania,Albania,3241303
1969,algeria,Algeria,11262968
1969,angola,Angola,2783093
1969,argentina,Argentina,77248870
1969,armenia,Armenia,4936462
1969,australia,Australia,136413540
1969,austria,Austria,44675230
1969,azerbaijan,Azerbaijan,29789120
1969,bangladesh,Bangladesh,3749327
1969,belarus,Belarus,62553236
1969,belgium,Belgium,123495420
1969,benin,Benin,201520
1969,bolivia-plurinational-state-of,Bolivia,2546154
1969,brazil,Brazil,84071830
1969,bulgaria,Bulgaria,66307708
1969,burkina-faso,Burkina Faso,120912
1969,burundi,Burundi,73280
1969,cambodia,Cambodia,1315296
1969,cameroon,Cameroon,571584
1969,canada,Canada,307119260
1969,chad,Chad,161216
1969,chile,Chile,22531470
1969,china,China,607694340
1969,colombia,Colombia,28016278
1969,congo-dem-rep,Democratic Republic of the Congo,3648037
1969,cote-d-ivoire,Cote d Ivoire,1890624
1969,croatia,Croatia,9053721
1969,cuba,Cuba,17243298
1969,cyprus,Cyprus,1669803
1969,czech-republic,Czechia,134731730
1969,denmark,Denmark,59349916
1969,ecuador,Ecuador,3588876
1969,egypt-arab-rep,Egypt,19664752
1969,estonia,Estonia,22622810
1969,ethiopia,Ethiopia,1666435
1969,finland,Finland,37896828
1969,france,France,446577900
1969,georgia,Georgia,8235117
1969,germany,Germany,1051802900
1969,ghana,Ghana,1488020
1969,greece,Greece,25434256
1969,guatemala,Guatemala,2278117
1969,guinea,Guinea,747456
1969,haiti,Haiti,314896
1969,hong-kong-sar-china,Hong Kong,7751508
1969,hungary,Hungary,62380224
1969,iceland,Iceland,1263694
1969,india,India,177411300
1969,indonesia,Indonesia,33362214
1969,iran-islamic-rep,Iran,83038744
1969,iraq,Iraq,22601294
1969,ireland,Ireland,18494394
1969,israel,Israel,14800936
1969,italy,Italy,269675620
1969,japan,Japan,653852800
1969,jordan,Jordan,1756788
1969,kazakhstan,Kazakhstan,149192270
1969,kenya,Kenya,3126468
1969,korea-dem-people-s-rep,North Korea,64079370
1969,korea-rep,South Korea,42468220
1969,kuwait,Kuwait,26809488
1969,latvia,Latvia,14999000
1969,lithuania,Lithuania,23247304
1969,luxembourg,Luxembourg,13189539
1969,madagascar,Madagascar,849751
1969,malawi,Malawi,380756
1969,malaysia,Malaysia,9137758
1969,mali,Mali,161216
1969,mexico,Mexico,102176184
1969,mongolia,Mongolia,2681751
1969,morocco,Morocco,5817401
1969,mozambique,Mozambique,3237758
1969,myanmar,Myanmar,3212585
1969,nepal,Nepal,399376
1969,netherlands,Netherlands,115805730
1969,new-zealand,New Zealand,14257049
1969,niger,Niger,190439
1969,nigeria,Nigeria,12099904
1969,norway,Norway,22193766
1969,oman,Oman,234496
1969,pakistan,Pakistan,20213412
1969,panama,Panama,2384416
1969,peru,Peru,15285267
1969,philippines,Philippines,22829460
1969,poland,Poland,293372540
1969,portugal,Portugal,14592807
1969,qatar,Qatar,7166576
1969,romania,Romania,111523896
1969,russian-federation,Russia,1370467700
1969,rwanda,Rwanda,58624
1969,saudi-arabia,Saudi Arabia,35270950
1969,senegal,Senegal,490144
1969,serbia,Serbia,24160988
1969,singapore,Singapore,6888320
1969,slovak-republic,Slovakia,43049700
1969,slovenia,Slovenia,6877283
1969,somalia,Somalia,161216
1969,south-africa,South Africa,143142850
1969,spain,Spain,96729000
1969,sri-lanka,Sri Lanka,4315063
1969,sudan,Sudan,3843599
1969,sweden,Sweden,86384710
1969,switzerland,Switzerland,38054292
1969,syrian-arab-republic,Syria,7232626
1969,taiwan,Taiwan,26290996
1969,tanzania-united-rep,Tanzania,1794677
1969,thailand,Thailand,14548664
1969,tunisia,Tunisia,3852094
1969,turkiye,Turkey,38752696
1969,ukraine,Ukraine,433970100
1969,united-arab-emirates,United Arab Emirates,20507408
1969,united-kingdom,United Kingdom,628389900
1969,united-states,United States,4035156200
1969,uruguay,Uruguay,5589393
1969,uzbekistan,Uzbekistan,57767428
1969,venezuela-rb,Venezuela,68933176
1969,viet-nam,Vietnam,27055640
1969,yemen-rep,Yemen,4675264
1969,zambia,Zambia,4270887
1969,zimbabwe,Zimbabwe,6743879
1970,afghanistan,Afghanistan,1670397
1970,albania,Albania,3739486
1970,algeria,Algeria,15058960
1970,angola,Angola,3577917
1970,argentina,Argentina,82648000
1970,armenia,Armenia,5190815
1970,australia,Australia,147862780
1970,austria,Austria,50672004
1970,azerbaijan,Azerbaijan,31322516
1970,bangladesh,Bangladesh,3803195
1970,belarus,Belarus,65814240
1970,belgium,Belgium,125497690
1970,benin,Benin,282128
1970,bolivia-plurinational-state-of,Bolivia,2483717
1970,brazil,Brazil,93466984
1970,bulgaria,Bulgaria,61173972
1970,burkina-faso,Burkina Faso,142896
1970,burundi,Burundi,62288
1970,cambodia,Cambodia,1154160
1970,cameroon,Cameroon,637417
1970,canada,Canada,341232200
1970,chad,Chad,124576
1970,chile,Chile,24635802
1970,china,China,807963650
1970,colombia,Colombia,28370052
1970,congo-dem-rep,Democratic Republic of the Congo,2709666
1970,cote-d-ivoire,Cote d Ivoire,2242368
1970,croatia,Croatia,11841030
1970,cuba,Cuba,18654088
1970,cyprus,Cyprus,1702690
1970,czech-republic,Czechia,154465330
1970,denmark,Denmark,62043060
1970,ecuador,Ecuador,4278215
1970,egypt-arab-rep,Egypt,21654010
1970,estonia,Estonia,23799386
1970,ethiopia,Ethiopia,1651721
1970,finland,Finland,40355044
1970,france,France,463946460
1970,georgia,Georgia,8654407
1970,germany,Germany,1025802500
1970,ghana,Ghana,2403584
1970,greece,Greece,24126176
1970,guatemala,Guatemala,2296437
1970,guinea,Guinea,791424
1970,haiti,Haiti,384482
1970,hong-kong-sar-china,Hong Kong,8392500
1970,hungary,Hungary,69960136
1970,iceland,Iceland,1388300
1970,india,India,181723860
1970,indonesia,Indonesia,35791384
1970,iran-islamic-rep,Iran,91787460
1970,iraq,Iraq,23883784
1970,ireland,Ireland,19390076
1970,israel,Israel,16559357
1970,italy,Italy,296379200
1970,japan,Japan,769747650
1970,jordan,Jordan,1555684
1970,kazakhstan,Kazakhstan,156965000
1970,kenya,Kenya,3078215
1970,korea-dem-people-s-rep,North Korea,73476320
1970,korea-rep,South Korea,53716350
1970,kuwait,Kuwait,25021456
1970,latvia,Latvia,15779262
1970,lithuania,Lithuania,24462224
1970,luxembourg,Luxembourg,13742651
1970,madagascar,Madagascar,970663
1970,malawi,Malawi,454069
1970,malaysia,Malaysia,14585889
1970,mali,Mali,201520
1970,mexico,Mexico,113950680
1970,mongolia,Mongolia,2846542
1970,morocco,Morocco,7282020
1970,mozambique,Mozambique,2980891
1970,myanmar,Myanmar,4612293
1970,nepal,Nepal,227168
1970,netherlands,Netherlands,141810580
1970,new-zealand,New Zealand,14179986
1970,niger,Niger,216057
1970,nigeria,Nigeria,21519958
1970,norway,Norway,27978744
1970,oman,Oman,234496
1970,pakistan,Pakistan,20504408
1970,panama,Panama,2677403
1970,peru,Peru,17765824
1970,philippines,Philippines,24751418
1970,poland,Poland,304169120
1970,portugal,Portugal,15236482
1970,qatar,Qatar,7561456
1970,romania,Romania,119981360
1970,russian-federation,Russia,1441378600
1970,rwanda,Rwanda,58624
1970,saudi-arabia,Saudi Arabia,45251332
1970,senegal,Senegal,1307067
1970,serbia,Serbia,31562372
1970,singapore,Singapore,17832688
1970,slovak-republic,Slovakia,49369216
1970,slovenia,Slovenia,8992056
1970,somalia,Somalia,216176
1970,south-africa,South Africa,149621860
1970,spain,Spain,116766220
1970,sri-lanka,Sri Lanka,3593077
1970,sudan,Sudan,4460173
1970,sweden,Sweden,92287020
1970,switzerland,Switzerland,40251650
1970,syrian-arab-republic,Syria,6649929
1970,taiwan,Taiwan,28734026
1970,tanzania-united-rep,Tanzania,1765365
1970,thailand,Thailand,15362163
1970,tunisia,Tunisia,3738743
1970,turkiye,Turkey,42579228
1970,ukraine,Ukraine,456475800
1970,united-arab-emirates,United Arab Emirates,15234912
1970,united-kingdom,United Kingdom,652584700
1970,united-states,United States,4339704300
1970,uruguay,Uruguay,5735803
1970,uzbekistan,Uzbekistan,60627710
1970,venezuela-rb,Venezuela,74489350
1970,viet-nam,Vietnam,28172980
1970,yemen-rep,Yemen,2509840
1970,zambia,Zambia,3765879
1970,zimbabwe,Zimbabwe,8154132
1971,afghanistan,Afghanistan,1893554
1971,albania,Albania,4348023
1971,algeria,Algeria,18642006
1971,angola,Angola,3405383
1971,argentina,Argentina,88850160
1971,armenia,Armenia,5518527
1971,australia,Australia,151117890
1971,austria,Austria,52102070
1971,azerbaijan,Azerbaijan,33259742
1971,bangladesh,Bangladesh,3605832
1971,belarus,Belarus,69849470
1971,belgium,Belgium,121374170
1971,benin,Benin,293120
1971,bolivia-plurinational-state-of,Bolivia,3058935
1971,brazil,Brazil,102313960
1971,bulgaria,Bulgaria,64221556
1971,burkina-faso,Burkina Faso,150224
1971,burundi,Burundi,73280
1971,cambodia,Cambodia,219840
1971,cameroon,Cameroon,809179
1971,canada,Canada,352316700
1971,chad,Chad,150224
1971,chile,Chile,27055772
1971,china,China,909209860
1971,colombia,Colombia,30281818
1971,congo-dem-rep,Democratic Republic of the Congo,2958670
1971,cote-d-ivoire,Cote d Ivoire,2454880
1971,croatia,Croatia,12754926
1971,cuba,Cuba,19588660
1971,cyprus,Cyprus,1883533
1971,czech-republic,Czechia,162014350
1971,denmark,Denmark,57004340
1971,ecuador,Ecuador,4219443
1971,egypt-arab-rep,Egypt,22977164
1971,estonia,Estonia,25258762
1971,ethiopia,Ethiopia,1849458
1971,finland,Finland,40536760
1971,france,France,497045800
1971,georgia,Georgia,9203229
1971,germany,Germany,1037079230
1971,ghana,Ghana,2029856
1971,greece,Greece,27749512
1971,guatemala,Guatemala,2439303
1971,guinea,Guinea,813408
1971,haiti,Haiti,402743
1971,hong-kong-sar-china,Hong Kong,9150591
1971,hungary,Hungary,69246664
1971,iceland,Iceland,1472206
1971,india,India,191964860
1971,indonesia,Indonesia,38955104
1971,iran-islamic-rep,Iran,101627830
1971,iraq,Iraq,28831858
1971,ireland,Ireland,22476182
1971,israel,Israel,16218946
1971,italy,Italy,311060200
1971,japan,Japan,799647100
1971,jordan,Jordan,1654434
1971,kazakhstan,Kazakhstan,166437680
1971,kenya,Kenya,3678457
1971,korea-dem-people-s-rep,North Korea,107453010
1971,korea-rep,South Korea,58533736
1971,kuwait,Kuwait,27117264
1971,latvia,Latvia,16752617
1971,lithuania,Lithuania,26009888
1971,luxembourg,Luxembourg,13197676
1971,madagascar,Madagascar,1025624.06
1971,malawi,Malawi,501672.03
1971,malaysia,Malaysia,16662594
1971,mali,Mali,227168
1971,mexico,Mexico,126182310
1971,mongolia,Mongolia,3032441
1971,morocco,Morocco,8186280.5
1971,mozambique,Mozambique,3611010
1971,myanmar,Myanmar,5099486
1971,nepal,Nepal,197856
1971,netherlands,Netherlands,140669760
1971,new-zealand,New Zealand,15049003
1971,niger,Niger,230371
1971,nigeria,Nigeria,32248070
1971,norway,Norway,27166050
1971,oman,Oman,2092144
1971,pakistan,Pakistan,19440704
1971,panama,Panama,3078753
1971,peru,Peru,18590718
1971,philippines,Philippines,27551672
1971,poland,Poland,312888160
1971,portugal,Portugal,16375965
1971,qatar,Qatar,9144304
1971,romania,Romania,125660030
1971,russian-federation,Russia,1529596300
1971,rwanda,Rwanda,62288
1971,saudi-arabia,Saudi Arabia,59756500
1971,senegal,Senegal,1351035
1971,serbia,Serbia,34011860
1971,singapore,Singapore,16275421
1971,slovak-republic,Slovakia,51785710
1971,slovenia,Slovenia,9685128
1971,somalia,Somalia,186864
1971,south-africa,South Africa,168407150
1971,spain,Spain,128458560
1971,sri-lanka,Sri Lanka,3190437
1971,sudan,Sudan,4577987
1971,sweden,Sweden,84508860
1971,switzerland,Switzerland,41893804
1971,syrian-arab-republic,Syria,8874187
1971,taiwan,Taiwan,31474938
1971,tanzania-united-rep,Tanzania,2461495
1971,thailand,Thailand,19212778
1971,tunisia,Tunisia,4217535
1971,turkiye,Turkey,47644330
1971,ukraine,Ukraine,484371870
1971,united-arab-emirates,United Arab Emirates,21166928
1971,united-kingdom,United Kingdom,660395600
1971,united-states,United States,4365483500
1971,uruguay,Uruguay,5801934
1971,uzbekistan,Uzbekistan,64491944
1971,venezuela-rb,Venezuela,62500184
1971,viet-nam,Vietnam,24503596
1971,yemen-rep,Yemen,1971232
1971,zambia,Zambia,3790113
1971,zimbabwe,Zimbabwe,8732719
1972,afghanistan,Afghanistan,1530347
1972,albania,Albania,5637977
1972,algeria,Algeria,28308164
1972,angola,Angola,4500532
1972,argentina,Argentina,90072616
1972,armenia,Armenia,5813298
1972,australia,Australia,153598260
1972,austria,Austria,56100684
1972,azerbaijan,Azerbaijan,35009700
1972,bangladesh,Bangladesh,3505921
1972,belarus,Belarus,73510540
1972,belgium,Belgium,130641340
1972,benin,Benin,388384
1972,bolivia-plurinational-state-of,Bolivia,3568142
1972,brazil,Brazil,113992010
1972,bulgaria,Bulgaria,66078920
1972,burkina-faso,Burkina Faso,161216
1972,burundi,Burundi,73280
1972,cambodia,Cambodia,91600
1972,cameroon,Cameroon,860357
1972,canada,Canada,380813660
1972,chad,Chad,120912
1972,chile,Chile,28138996
1972,china,China,968635800
1972,colombia,Colombia,31426040
1972,congo-dem-rep,Democratic Republic of the Congo,3017204
1972,cote-d-ivoire,Cote d Ivoire,2711360
1972,croatia,Croatia,11937099
1972,cuba,Cuba,20777370
1972,cyprus,Cyprus,2405937
1972,czech-republic,Czechia,163482380
1972,denmark,Denmark,59579076
1972,ecuador,Ecuador,4589031
1972,egypt-arab-rep,Egypt,25406234
1972,estonia,Estonia,26582376
1972,ethiopia,Ethiopia,1406203
1972,finland,Finland,44106084
1972,france,France,517593100
1972,georgia,Georgia,9696458
1972,germany,Germany,1041356400
1972,ghana,Ghana,2216720
1972,greece,Greece,31477310
1972,guatemala,Guatemala,2706626
1972,guinea,Guinea,831728
1972,haiti,Haiti,391721
1972,hong-kong-sar-china,Hong Kong,9275585
1972,hungary,Hungary,69384310
1972,iceland,Iceland,1482832
1972,india,India,203037040
1972,indonesia,Indonesia,43305892
1972,iran-islamic-rep,Iran,106015140
1972,iraq,Iraq,29520482
1972,ireland,Ireland,22036418
1972,israel,Israel,16890886
1972,italy,Italy,328244800
1972,japan,Japan,861053600
1972,jordan,Jordan,1913598
1972,kazakhstan,Kazakhstan,175003420
1972,kenya,Kenya,3864626
1972,korea-dem-people-s-rep,North Korea,89504900
1972,korea-rep,South Korea,60247064
1972,kuwait,Kuwait,27611904
1972,latvia,Latvia,17636198
1972,lithuania,Lithuania,27418106
1972,luxembourg,Luxembourg,13500482
1972,madagascar,Madagascar,1285797
1972,malawi,Malawi,545572
1972,malaysia,Malaysia,17900626
1972,mali,Mali,245488
1972,mexico,Mexico,132260760
1972,mongolia,Mongolia,3275977
1972,morocco,Morocco,8027626
1972,mozambique,Mozambique,3295698
1972,myanmar,Myanmar,4894302
1972,nepal,Nepal,267472
1972,netherlands,Netherlands,157499020
1972,new-zealand,New Zealand,16189594
1972,niger,Niger,252013
1972,nigeria,Nigeria,41375724
1972,norway,Norway,29395056
1972,oman,Oman,2088480
1972,pakistan,Pakistan,18903050
1972,panama,Panama,3502346
1972,peru,Peru,18147972
1972,philippines,Philippines,26409366
1972,poland,Poland,329510140
1972,portugal,Portugal,18307310
1972,qatar,Qatar,10775408
1972,romania,Romania,132207890
1972,russian-federation,Russia,1609329400
1972,rwanda,Rwanda,65952
1972,saudi-arabia,Saudi Arabia,70281290
1972,senegal,Senegal,1453241
1972,serbia,Serbia,31877576
1972,singapore,Singapore,21720192
1972,slovak-republic,Slovakia,52265980
1972,slovenia,Slovenia,9062539
1972,somalia,Somalia,234496
1972,south-africa,South Africa,171557120
1972,spain,Spain,144716020
1972,sri-lanka,Sri Lanka,3531828
1972,sudan,Sudan,4941925
1972,sweden,Sweden,84703224
1972,switzerland,Switzerland,42916236
1972,syrian-arab-republic,Syria,7756279
1972,taiwan,Taiwan,35871812
1972,tanzania-united-rep,Tanzania,2164473
1972,thailand,Thailand,21771114
1972,tunisia,Tunisia,4752795
1972,turkiye,Turkey,53735628
1972,ukraine,Ukraine,509616450
1972,united-arab-emirates,United Arab Emirates,23434944
1972,united-kingdom,United Kingdom,648033600
1972,united-states,United States,4573033500
1972,uruguay,Uruguay,6069376
1972,uzbekistan,Uzbekistan,67863944
1972,venezuela-rb,Venezuela,62514096
1972,viet-nam,Vietnam,23034844
1972,yemen-rep,Yemen,1494912
1972,zambia,Zambia,4061415.2
1972,zimbabwe,Zimbabwe,8215826
1973,afghanistan,Afghanistan,1635454
1973,albania,Albania,5286406
1973,algeria,Algeria,38253790
1973,angola,Angola,4873664
1973,argentina,Argentina,93984430
1973,armenia,Armenia,6067397
1973,australia,Australia,170141920
1973,austria,Austria,60044836
1973,azerbaijan,Azerbaijan,36506640
1973,bangladesh,Bangladesh,4549694
1973,belarus,Belarus,76638616
1973,belgium,Belgium,138642740
1973,benin,Benin,381056
1973,bolivia-plurinational-state-of,Bolivia,3454469
1973,brazil,Brazil,132029210
1973,bulgaria,Bulgaria,68717270
1973,burkina-faso,Burkina Faso,168544
1973,burundi,Burundi,73280
1973,cambodia,Cambodia,87936
1973,cameroon,Cameroon,896911
1973,canada,Canada,381298850
1973,chad,Chad,161216
1973,chile,Chile,27588492
1973,china,China,1008268600
1973,colombia,Colombia,33632292
1973,congo-dem-rep,Democratic Republic of the Congo,3189175
1973,cote-d-ivoire,Cote d Ivoire,2876240
1973,croatia,Croatia,14279449
1973,cuba,Cuba,22375342
1973,cyprus,Cyprus,2503532
1973,czech-republic,Czechia,164133980
1973,denmark,Denmark,59197596
1973,ecuador,Ecuador,5255879
1973,egypt-arab-rep,Egypt,23663472
1973,estonia,Estonia,27711808
1973,ethiopia,Ethiopia,1750887
1973,finland,Finland,49320160
1973,france,France,542646300
1973,georgia,Georgia,10121846
1973,germany,Germany,1085602800
1973,ghana,Ghana,2257024
1973,greece,Greece,37131216
1973,guatemala,Guatemala,2933616
1973,guinea,Guinea,802416
1973,haiti,Haiti,420914
1973,hong-kong-sar-china,Hong Kong,9286457
1973,hungary,Hungary,73006824
1973,iceland,Iceland,1750026
1973,india,India,209096030
1973,indonesia,Indonesia,49097380
1973,iran-islamic-rep,Iran,129475310
1973,iraq,Iraq,30612708
1973,ireland,Ireland,22846356
1973,israel,Israel,19261170
1973,italy,Italy,353356260
1973,japan,Japan,914265900
1973,jordan,Jordan,2199568
1973,kazakhstan,Kazakhstan,182271620
1973,kenya,Kenya,3911642
1973,korea-dem-people-s-rep,North Korea,97325340
1973,korea-rep,South Korea,72974840
1973,kuwait,Kuwait,24222704
1973,latvia,Latvia,18392770
1973,lithuania,Lithuania,28633444
1973,luxembourg,Luxembourg,14179017
1973,madagascar,Madagascar,1073256
1973,malawi,Malawi,571115
1973,malaysia,Malaysia,17505126
1973,mali,Mali,267294
1973,mexico,Mexico,144040500
1973,mongolia,Mongolia,3472096
1973,morocco,Morocco,9612593
1973,mozambique,Mozambique,3558942
1973,myanmar,Myanmar,4106571.2
1973,nepal,Nepal,421360
1973,netherlands,Netherlands,165263500
1973,new-zealand,New Zealand,18200338
1973,niger,Niger,326897
1973,nigeria,Nigeria,49513264
1973,norway,Norway,30491832
1973,oman,Oman,2110464
1973,pakistan,Pakistan,20008478
1973,panama,Panama,3959178
1973,peru,Peru,19722846
1973,philippines,Philippines,31501326
1973,poland,Poland,335597200
1973,portugal,Portugal,19945068
1973,qatar,Qatar,12457184
1973,romania,Romania,144690800
1973,russian-federation,Russia,1677295900
1973,rwanda,Rwanda,69616
1973,saudi-arabia,Saudi Arabia,95052930
1973,senegal,Senegal,1548683
1973,serbia,Serbia,38067372
1973,singapore,Singapore,20690608
1973,slovak-republic,Slovakia,52475640
1973,slovenia,Slovenia,10827372
1973,somalia,Somalia,263808
1973,south-africa,South Africa,173352290
1973,spain,Spain,154957340
1973,sri-lanka,Sri Lanka,3674353
1973,sudan,Sudan,4985600
1973,sweden,Sweden,87289530
1973,switzerland,Switzerland,46204920
1973,syrian-arab-republic,Syria,7885176
1973,taiwan,Taiwan,40244864
1973,tanzania-united-rep,Tanzania,3182738
1973,thailand,Thailand,24357124
1973,tunisia,Tunisia,4850214
1973,turkiye,Turkey,59331964
1973,ukraine,Ukraine,531096600
1973,united-arab-emirates,United Arab Emirates,30605392
1973,united-kingdom,United Kingdom,659584400
1973,united-states,United States,4777725000
1973,uruguay,Uruguay,5768719
1973,uzbekistan,Uzbekistan,70769010
1973,venezuela-rb,Venezuela,66432756
1973,viet-nam,Vietnam,25067894
1973,yemen-rep,Yemen,2729621
1973,zambia,Zambia,4585665
1973,zimbabwe,Zimbabwe,9270850
1974,afghanistan,Afghanistan,1913152
1974,albania,Albania,4341512
1974,algeria,Algeria,31847248
1974,angola,Angola,4866398
1974,argentina,Argentina,95492190
1974,armenia,Armenia,6307709
1974,australia,Australia,166182740
1974,austria,Austria,57326936
1974,azerbaijan,Azerbaijan,37916876
1974,bangladesh,Bangladesh,4653084
1974,belarus,Belarus,79582660
1974,belgium,Belgium,134953760
1974,benin,Benin,406704
1974,bolivia-plurinational-state-of,Bolivia,3512944
1974,brazil,Brazil,142980540
1974,bulgaria,Bulgaria,71136530
1974,burkina-faso,Burkina Faso,205184
1974,burundi,Burundi,91600
1974,cambodia,Cambodia,47632
1974,cameroon,Cameroon,973762
1974,canada,Canada,389631550
1974,chad,Chad,150224
1974,chile,Chile,25877996
1974,china,China,1028063500
1974,colombia,Colombia,36396396
1974,congo-dem-rep,Democratic Republic of the Congo,3364690
1974,cote-d-ivoire,Cote d Ivoire,3242640
1974,croatia,Croatia,14334891
1974,cuba,Cuba,22888060
1974,cyprus,Cyprus,1928765
1974,czech-republic,Czechia,166025230
1974,denmark,Denmark,55013120
1974,ecuador,Ecuador,6083555
1974,egypt-arab-rep,Egypt,25971682
1974,estonia,Estonia,28773920
1974,ethiopia,Ethiopia,1736261
1974,finland,Finland,46608372
1974,france,France,524736700
1974,georgia,Georgia,10524658
1974,germany,Germany,1062510850
1974,ghana,Ghana,2674720
1974,greece,Greece,36061770
1974,guatemala,Guatemala,3065520
1974,guinea,Guinea,839056
1974,haiti,Haiti,472091
1974,hong-kong-sar-china,Hong Kong,10667250
1974,hungary,Hungary,74027600
1974,iceland,Iceland,1738479
1974,india,India,215854050
1974,indonesia,Indonesia,51225420
1974,iran-islamic-rep,Iran,143771800
1974,iraq,Iraq,30909492
1974,ireland,Ireland,23293276
1974,israel,Israel,19368960
1974,italy,Italy,358260260
1974,japan,Japan,914306240
1974,jordan,Jordan,2225305
1974,kazakhstan,Kazakhstan,189074980
1974,kenya,Kenya,4940146
1974,korea-dem-people-s-rep,North Korea,101611500
1974,korea-rep,South Korea,75550730
1974,kuwait,Kuwait,19312024
1974,latvia,Latvia,19106046
1974,lithuania,Lithuania,29785214
1974,luxembourg,Luxembourg,14427709
1974,madagascar,Madagascar,1186898
1974,malawi,Malawi,549090
1974,malaysia,Malaysia,19044680
1974,mali,Mali,303934
1974,mexico,Mexico,154701440
1974,mongolia,Mongolia,3740771
1974,morocco,Morocco,11098529
1974,mozambique,Mozambique,3145504
1974,myanmar,Myanmar,4670917
1974,nepal,Nepal,424875
1974,netherlands,Netherlands,159988820
1974,new-zealand,New Zealand,18759972
1974,niger,Niger,288341
1974,nigeria,Nigeria,62210356
1974,norway,Norway,27690220
1974,oman,Oman,2333968
1974,pakistan,Pakistan,21387398
1974,panama,Panama,3840496
1974,peru,Peru,21325154
1974,philippines,Philippines,30492320
1974,poland,Poland,346240320
1974,portugal,Portugal,20644926
1974,qatar,Qatar,10478535
1974,romania,Romania,150611440
1974,russian-federation,Russia,1741161700
1974,rwanda,Rwanda,73280
1974,saudi-arabia,Saudi Arabia,98700960
1974,senegal,Senegal,1848983
1974,serbia,Serbia,38223496
1974,singapore,Singapore,21427072
1974,slovak-republic,Slovakia,53076050
1974,slovenia,Slovenia,10865980
1974,somalia,Somalia,329760
1974,south-africa,South Africa,176547940
1974,spain,Spain,172665700
1974,sri-lanka,Sri Lanka,2914425
1974,sudan,Sudan,5221165
1974,sweden,Sweden,79822840
1974,switzerland,Switzerland,41424548
1974,syrian-arab-republic,Syria,9654411
1974,taiwan,Taiwan,39309716
1974,tanzania-united-rep,Tanzania,2303467
1974,thailand,Thailand,24116400
1974,tunisia,Tunisia,5428027
1974,turkiye,Turkey,60961276
1974,ukraine,Ukraine,551258400
1974,united-arab-emirates,United Arab Emirates,31301552
1974,united-kingdom,United Kingdom,617187260
1974,united-states,United States,4608462300
1974,uruguay,Uruguay,5677001
1974,uzbekistan,Uzbekistan,73506360
1974,venezuela-rb,Venezuela,75057576
1974,viet-nam,Vietnam,19058020
1974,yemen-rep,Yemen,2245794
1974,zambia,Zambia,4197161
1974,zimbabwe,Zimbabwe,9047019
1975,afghanistan,Afghanistan,2121383
1975,albania,Albania,4591172
1975,algeria,Algeria,31964160
1975,angola,Angola,4408811
1975,argentina,Argentina,94860450
1975,armenia,Armenia,6637796
1975,australia,Australia,173101520
1975,austria,Austria,54239144
1975,azerbaijan,Azerbaijan,39871480
1975,bangladesh,Bangladesh,4856723
1975,belarus,Belarus,83657496
1975,belgium,Belgium,121823130
1975,benin,Benin,443344
1975,bolivia-plurinational-state-of,Bolivia,4054978.8
1975,brazil,Brazil,150287150
1975,bulgaria,Bulgaria,72925750
1975,burkina-faso,Burkina Faso,219840
1975,burundi,Burundi,76944
1975,cambodia,Cambodia,47632
1975,cameroon,Cameroon,1160537
1975,canada,Canada,396790430
1975,chad,Chad,183200
1975,chile,Chile,22946678
1975,china,China,1183153500
1975,colombia,Colombia,35811224
1975,congo-dem-rep,Democratic Republic of the Congo,3232786
1975,cote-d-ivoire,Cote d Ivoire,3986432
1975,croatia,Croatia,14951388
1975,cuba,Cuba,27039482
1975,cyprus,Cyprus,1990826
1975,czech-republic,Czechia,173690880
1975,denmark,Denmark,55712320
1975,ecuador,Ecuador,7354905
1975,egypt-arab-rep,Egypt,30898892
1975,estonia,Estonia,30253766
1975,ethiopia,Ethiopia,1208526
1975,finland,Finland,46025676
1975,france,France,486023100
1975,georgia,Georgia,11079766
1975,germany,Germany,1002285760
1975,ghana,Ghana,2410912
1975,greece,Greece,38669764
1975,guatemala,Guatemala,3519529
1975,guinea,Guinea,842720
1975,haiti,Haiti,483024
1975,hong-kong-sar-china,Hong Kong,11008001
1975,hungary,Hungary,75300210
1975,iceland,Iceland,1613472
1975,india,India,234209710
1975,indonesia,Indonesia,53930784
1975,iran-islamic-rep,Iran,139213900
1975,iraq,Iraq,33120258
1975,ireland,Ireland,22051382
1975,israel,Israel,19540482
1975,italy,Italy,341056130
1975,japan,Japan,869814900
1975,jordan,Jordan,2489202
1975,kazakhstan,Kazakhstan,198610240
1975,kenya,Kenya,4964733
1975,korea-dem-people-s-rep,North Korea,107623760
1975,korea-rep,South Korea,81665790
1975,kuwait,Kuwait,16812936
1975,latvia,Latvia,20093566
1975,lithuania,Lithuania,31358656
1975,luxembourg,Luxembourg,11867550
1975,madagascar,Madagascar,1692530
1975,malawi,Malawi,578272
1975,malaysia,Malaysia,19445158
1975,mali,Mali,340544
1975,mexico,Mexico,164103730
1975,mongolia,Mongolia,4054571.2
1975,morocco,Morocco,11065450
1975,mozambique,Mozambique,2882439
1975,myanmar,Myanmar,4582922
1975,nepal,Nepal,351714
1975,netherlands,Netherlands,152529100
1975,new-zealand,New Zealand,18270304
1975,niger,Niger,332509
1975,nigeria,Nigeria,47316030
1975,norway,Norway,30602088
1975,oman,Oman,7251056
1975,pakistan,Pakistan,23187848
1975,panama,Panama,4765354
1975,peru,Peru,21927228
1975,philippines,Philippines,32482444
1975,poland,Poland,374783740
1975,portugal,Portugal,21275220
1975,qatar,Qatar,10947378
1975,romania,Romania,161861600
1975,russian-federation,Russia,1830213400
1975,rwanda,Rwanda,175872
1975,saudi-arabia,Saudi Arabia,83259630
1975,senegal,Senegal,2578000
1975,serbia,Serbia,39875268
1975,singapore,Singapore,23863632
1975,slovak-republic,Slovakia,55542624
1975,slovenia,Slovenia,11330426
1975,somalia,Somalia,501968.03
1975,south-africa,South Africa,185004800
1975,spain,Spain,181053860
1975,sri-lanka,Sri Lanka,2877567
1975,sudan,Sudan,3894011
1975,sweden,Sweden,80760184
1975,switzerland,Switzerland,39049480
1975,syrian-arab-republic,Syria,11171188
1975,taiwan,Taiwan,43454064
1975,tanzania-united-rep,Tanzania,2281601
1975,thailand,Thailand,24253886
1975,tunisia,Tunisia,5594051
1975,turkiye,Turkey,65463060
1975,ukraine,Ukraine,579427260
1975,united-arab-emirates,United Arab Emirates,31045072
1975,united-kingdom,United Kingdom,603254400
1975,united-states,United States,4414455300
1975,uruguay,Uruguay,5962407
1975,uzbekistan,Uzbekistan,77300480
1975,venezuela-rb,Venezuela,63754010
1975,viet-nam,Vietnam,21771390
1975,yemen-rep,Yemen,2168850
1975,zambia,Zambia,4076219
1975,zimbabwe,Zimbabwe,8310912
1976,afghanistan,Afghanistan,1980859
1976,albania,Albania,4947198
1976,algeria,Algeria,39067724
1976,angola,Angola,3280042
1976,argentina,Argentina,99718050
1976,armenia,Armenia,6895225
1976,australia,Australia,169803060
1976,austria,Austria,58229440
1976,azerbaijan,Azerbaijan,41410064
1976,bangladesh,Bangladesh,5555798
1976,belarus,Belarus,86838810
1976,belgium,Belgium,129681256
1976,benin,Benin,260144
1976,bolivia-plurinational-state-of,Bolivia,4575109
1976,brazil,Brazil,154561870
1976,bulgaria,Bulgaria,72968370
1976,burkina-faso,Burkina Faso,208848
1976,burundi,Burundi,87936
1976,cambodia,Cambodia,47632
1976,cameroon,Cameroon,1088970
1976,canada,Canada,398965920
1976,chad,Chad,183200
1976,chile,Chile,24028886
1976,china,China,1226339500
1976,colombia,Colombia,37982796
1976,congo-dem-rep,Democratic Republic of the Congo,3404885
1976,cote-d-ivoire,Cote d Ivoire,3960784
1976,croatia,Croatia,15426878
1976,cuba,Cuba,27197066
1976,cyprus,Cyprus,2487684
1976,czech-republic,Czechia,180427470
1976,denmark,Denmark,60056950
1976,ecuador,Ecuador,8101372
1976,egypt-arab-rep,Egypt,34272324
1976,estonia,Estonia,31417182
1976,ethiopia,Ethiopia,1174729
1976,finland,Finland,51198464
1976,france,France,527371840
1976,georgia,Georgia,11516771
1976,germany,Germany,1090807700
1976,ghana,Ghana,2106800
1976,greece,Greece,42655544
1976,guatemala,Guatemala,3304719
1976,guinea,Guinea,886688
1976,haiti,Haiti,672081
1976,hong-kong-sar-china,Hong Kong,12490384
1976,hungary,Hungary,79919500
1976,iceland,Iceland,1701313
1976,india,India,244749840
1976,indonesia,Indonesia,61784716
1976,iran-islamic-rep,Iran,156490420
1976,iraq,Iraq,48746876
1976,ireland,Ireland,22289698
1976,israel,Israel,19496744
1976,italy,Italy,365799140
1976,japan,Japan,909575100
1976,jordan,Jordan,2946837
1976,kazakhstan,Kazakhstan,206067310
1976,kenya,Kenya,4596803
1976,korea-dem-people-s-rep,North Korea,110030860
1976,korea-rep,South Korea,93104550
1976,kuwait,Kuwait,18457578
1976,latvia,Latvia,20867690
1976,lithuania,Lithuania,32584964
1976,luxembourg,Luxembourg,11865494
1976,madagascar,Madagascar,992234
1976,malawi,Malawi,581989
1976,malaysia,Malaysia,23897642
1976,mali,Mali,340257
1976,mexico,Mexico,183693500
1976,mongolia,Mongolia,4390020
1976,morocco,Morocco,11489691
1976,mozambique,Mozambique,2555417
1976,myanmar,Myanmar,4892791
1976,nepal,Nepal,281839
1976,netherlands,Netherlands,169130820
1976,new-zealand,New Zealand,19248512
1976,niger,Niger,330710
1976,nigeria,Nigeria,55156908
1976,norway,Norway,33332158
1976,oman,Oman,8320944
1976,pakistan,Pakistan,22788524
1976,panama,Panama,4617252
1976,peru,Peru,22400364
1976,philippines,Philippines,35059840
1976,poland,Poland,398126080
1976,portugal,Portugal,22325776
1976,qatar,Qatar,10375602
1976,romania,Romania,174278100
1976,russian-federation,Russia,1900700900
1976,rwanda,Rwanda,267472
1976,saudi-arabia,Saudi Arabia,101458120
1976,senegal,Senegal,1769696
1976,serbia,Serbia,41141396
1976,singapore,Singapore,29337648
1976,slovak-republic,Slovakia,57714040
1976,slovenia,Slovenia,11684040
1976,somalia,Somalia,479984
1976,south-africa,South Africa,192908700
1976,spain,Spain,197749380
1976,sri-lanka,Sri Lanka,2780990
1976,sudan,Sudan,3448778
1976,sweden,Sweden,88240910
1976,switzerland,Switzerland,40434612
1976,syrian-arab-republic,Syria,13741780
1976,taiwan,Taiwan,56100036
1976,tanzania-united-rep,Tanzania,2785968
1976,thailand,Thailand,28564168
1976,tunisia,Tunisia,5891313
1976,turkiye,Turkey,73420000
1976,ukraine,Ukraine,601716160
1976,united-arab-emirates,United Arab Emirates,39617840
1976,united-kingdom,United Kingdom,598533300
1976,united-states,United States,4621539000
1976,uruguay,Uruguay,5887946
1976,uzbekistan,Uzbekistan,80282970
1976,venezuela-rb,Venezuela,57277944
1976,viet-nam,Vietnam,13898657
1976,yemen-rep,Yemen,2564506
1976,zambia,Zambia,4019392
1976,zimbabwe,Zimbabwe,10854930
1977,afghanistan,Afghanistan,2384175
1977,albania,Albania,5717343
1977,algeria,Algeria,41753030
1977,angola,Angola,3527511
1977,argentina,Argentina,100728890
1977,armenia,Armenia,7132641
1977,australia,Australia,181912910
1977,austria,Austria,56015676
1977,azerbaijan,Azerbaijan,42823400
1977,bangladesh,Bangladesh,5784754
1977,belarus,Belarus,89766536
1977,belgium,Belgium,126199330
1977,benin,Benin,296784
1977,bolivia-plurinational-state-of,Bolivia,4475530
1977,brazil,Brazil,162313580
1977,bulgaria,Bulgaria,75795864
1977,burkina-faso,Burkina Faso,249152
1977,burundi,Burundi,98928
1977,cambodia,Cambodia,47632
1977,cameroon,Cameroon,1559048
1977,canada,Canada,407790500
1977,chad,Chad,197856
1977,chile,Chile,23016920
1977,china,China,1340715300
1977,colombia,Colombia,39244230
1977,congo-dem-rep,Democratic Republic of the Congo,3476971
1977,cote-d-ivoire,Cote d Ivoire,4052384
1977,croatia,Croatia,14995625
1977,cuba,Cuba,29374202
1977,cyprus,Cyprus,2700114
1977,czech-republic,Czechia,185803310
1977,denmark,Denmark,61769064
1977,ecuador,Ecuador,7473790
1977,egypt-arab-rep,Egypt,37616236
1977,estonia,Estonia,32484898
1977,ethiopia,Ethiopia,1046785.94
1977,finland,Finland,50136984
1977,france,France,511269060
1977,georgia,Georgia,11918989
1977,germany,Germany,1052513300
1977,ghana,Ghana,2696332
1977,greece,Greece,46657156
1977,guatemala,Guatemala,3804044
1977,guinea,Guinea,901344
1977,haiti,Haiti,703943
1977,hong-kong-sar-china,Hong Kong,14203904
1977,hungary,Hungary,83075160
1977,iceland,Iceland,1902662
1977,india,India,258962060
1977,indonesia,Indonesia,82410330
1977,iran-islamic-rep,Iran,163806430
1977,iraq,Iraq,43656004
1977,ireland,Ireland,23565180
1977,israel,Israel,19765916
1977,italy,Italy,354421280
1977,japan,Japan,935554000
1977,jordan,Jordan,3158660
1977,kazakhstan,Kazakhstan,212882820
1977,kenya,Kenya,5041415
1977,korea-dem-people-s-rep,North Korea,113665180
1977,korea-rep,South Korea,105459704
1977,kuwait,Kuwait,17204174
1977,latvia,Latvia,21580524
1977,lithuania,Lithuania,33721788
1977,luxembourg,Luxembourg,10957610
1977,madagascar,Madagascar,845601
1977,malawi,Malawi,636859
1977,malaysia,Malaysia,22620840
1977,mali,Mali,413473
1977,mexico,Mexico,192337710
1977,mongolia,Mongolia,4960706
1977,morocco,Morocco,12624541
1977,mozambique,Mozambique,2706439
1977,myanmar,Myanmar,5165654
1977,nepal,Nepal,336399
1977,netherlands,Netherlands,163609310
1977,new-zealand,New Zealand,20313414
1977,niger,Niger,363259
1977,nigeria,Nigeria,50468170
1977,norway,Norway,33309498
1977,oman,Oman,8500480
1977,pakistan,Pakistan,24319874
1977,panama,Panama,4579384
1977,peru,Peru,23295968
1977,philippines,Philippines,36664212
1977,poland,Poland,417962270
1977,portugal,Portugal,22604974
1977,qatar,Qatar,9917441
1977,romania,Romania,177832510
1977,russian-federation,Russia,1965350500
1977,rwanda,Rwanda,267472
1977,saudi-arabia,Saudi Arabia,118068504
1977,senegal,Senegal,2237336
1977,serbia,Serbia,39997190
1977,singapore,Singapore,27611904
1977,slovak-republic,Slovakia,59452210
1977,slovenia,Slovenia,11349432
1977,somalia,Somalia,798752
1977,south-africa,South Africa,199738260
1977,spain,Spain,194829090
1977,sri-lanka,Sri Lanka,2895595
1977,sudan,Sudan,3494992
1977,sweden,Sweden,85740390
1977,switzerland,Switzerland,41030724
1977,syrian-arab-republic,Syria,14644018
1977,taiwan,Taiwan,61129988
1977,tanzania-united-rep,Tanzania,2007622
1977,thailand,Thailand,31877632
1977,tunisia,Tunisia,6819224
1977,turkiye,Turkey,81199930
1977,ukraine,Ukraine,622134000
1977,united-arab-emirates,United Arab Emirates,38752944
1977,united-kingdom,United Kingdom,604369000
1977,united-states,United States,4749501000
1977,uruguay,Uruguay,5641373
1977,uzbekistan,Uzbekistan,83002850
1977,venezuela-rb,Venezuela,63658050
1977,viet-nam,Vietnam,15246793
1977,yemen-rep,Yemen,2978482
1977,zambia,Zambia,3734905
1977,zimbabwe,Zimbabwe,9284411
1978,afghanistan,Afghanistan,2153300
1978,albania,Albania,6491245
1978,algeria,Algeria,62298964
1978,angola,Angola,5399808
1978,argentina,Argentina,102583410
1978,armenia,Armenia,7382617
1978,australia,Australia,191051580
1978,austria,Austria,57248468
1978,azerbaijan,Azerbaijan,44305510
1978,bangladesh,Bangladesh,5984423
1978,belarus,Belarus,92850000
1978,belgium,Belgium,135450180
1978,benin,Benin,362736
1978,bolivia-plurinational-state-of,Bolivia,5021126
1978,brazil,Brazil,177060600
1978,bulgaria,Bulgaria,81207210
1978,burkina-faso,Burkina Faso,348080
1978,burundi,Burundi,102592
1978,cambodia,Cambodia,47632
1978,cameroon,Cameroon,1993205
1978,canada,Canada,415532320
1978,chad,Chad,194192
1978,chile,Chile,22842018
1978,china,China,1492517500
1978,colombia,Colombia,41538936
1978,congo-dem-rep,Democratic Republic of the Congo,3525975
1978,cote-d-ivoire,Cote d Ivoire,4814496
1978,croatia,Croatia,16763645
1978,cuba,Cuba,30661204
1978,cyprus,Cyprus,2845021
1978,czech-republic,Czechia,187483460
1978,denmark,Denmark,61028388
1978,ecuador,Ecuador,10409592
1978,egypt-arab-rep,Egypt,39053780
1978,estonia,Estonia,33595484
1978,ethiopia,Ethiopia,1368501
1978,finland,Finland,51825016
1978,france,France,532682500
1978,georgia,Georgia,12338841
1978,germany,Germany,1079066600
1978,ghana,Ghana,2718380
1978,greece,Greece,47681776
1978,guatemala,Guatemala,4116493.2
1978,guinea,Guinea,901344
1978,haiti,Haiti,750329
1978,hong-kong-sar-china,Hong Kong,15714096
1978,hungary,Hungary,88039896
1978,iceland,Iceland,1920842
1978,india,India,263149940
1978,indonesia,Indonesia,93928460
1978,iran-islamic-rep,Iran,162288690
1978,iraq,Iraq,42250740
1978,ireland,Ireland,23575976
1978,israel,Israel,21031664
1978,italy,Italy,371277500
1978,japan,Japan,905087550
1978,jordan,Jordan,3634438
1978,kazakhstan,Kazakhstan,219991650
1978,kenya,Kenya,5308186
1978,korea-dem-people-s-rep,North Korea,108209256
1978,korea-rep,South Korea,113119300
1978,kuwait,Kuwait,20979408
1978,latvia,Latvia,22326238
1978,lithuania,Lithuania,34921790
1978,luxembourg,Luxembourg,11884497
1978,madagascar,Madagascar,1017215.94
1978,malawi,Malawi,669734
1978,malaysia,Malaysia,23260444
1978,mali,Mali,394948
1978,mexico,Mexico,222047580
1978,mongolia,Mongolia,5763810
1978,morocco,Morocco,12991673
1978,mozambique,Mozambique,2865849
1978,myanmar,Myanmar,5146074
1978,nepal,Nepal,328981
1978,netherlands,Netherlands,169793040
1978,new-zealand,New Zealand,18024024
1978,niger,Niger,413413
1978,nigeria,Nigeria,48184590
1978,norway,Norway,32624504
1978,oman,Oman,7789664
1978,pakistan,Pakistan,26050556
1978,panama,Panama,3913282
1978,peru,Peru,22412698
1978,philippines,Philippines,37361770
1978,poland,Poland,430877380
1978,portugal,Portugal,22584778
1978,qatar,Qatar,10521584
1978,romania,Romania,193243920
1978,russian-federation,Russia,2032849200
1978,rwanda,Rwanda,289456
1978,saudi-arabia,Saudi Arabia,115021370
1978,senegal,Senegal,2619597
1978,serbia,Serbia,44675250
1978,singapore,Singapore,32463040
1978,slovak-republic,Slovakia,59990784
1978,slovenia,Slovenia,12680090
1978,somalia,Somalia,556928
1978,south-africa,South Africa,201879550
1978,spain,Spain,199513870
1978,sri-lanka,Sri Lanka,3409202
1978,sudan,Sudan,3156393
1978,sweden,Sweden,79476536
1978,switzerland,Switzerland,42165060
1978,syrian-arab-republic,Syria,15199352
1978,taiwan,Taiwan,71027624
1978,tanzania-united-rep,Tanzania,2197332
1978,thailand,Thailand,34760056
1978,tunisia,Tunisia,7602934
1978,turkiye,Turkey,76814310
1978,ukraine,Ukraine,643431500
1978,united-arab-emirates,United Arab Emirates,44769150
1978,united-kingdom,United Kingdom,604728060
1978,united-states,United States,4897339000
1978,uruguay,Uruguay,5731929
1978,uzbekistan,Uzbekistan,85864040
1978,venezuela-rb,Venezuela,68604510
1978,viet-nam,Vietnam,15387687
1978,yemen-rep,Yemen,3102951
1978,zambia,Zambia,3470873
1978,zimbabwe,Zimbabwe,9279682
1979,afghanistan,Afghanistan,2232754
1979,albania,Albania,7583971
1979,algeria,Algeria,45303360
1979,angola,Angola,5489191
1979,argentina,Argentina,110649040
1979,armenia,Armenia,7443525
1979,australia,Australia,192321940
1979,austria,Austria,61346972
1979,azerbaijan,Azerbaijan,44676224
1979,bangladesh,Bangladesh,6612648
1979,belarus,Belarus,93584760
1979,belgium,Belgium,139786620
1979,benin,Benin,366400
1979,bolivia-plurinational-state-of,Bolivia,4731349
1979,brazil,Brazil,187727740
1979,bulgaria,Bulgaria,78931440
1979,burkina-faso,Burkina Faso,406704
1979,burundi,Burundi,109920
1979,cambodia,Cambodia,29312
1979,cameroon,Cameroon,1815342
1979,canada,Canada,441684060
1979,chad,Chad,201520
1979,chile,Chile,24729668
1979,china,China,1525417300
1979,colombia,Colombia,44272470
1979,congo-dem-rep,Democratic Republic of the Congo,3740105
1979,cote-d-ivoire,Cote d Ivoire,5419056
1979,croatia,Croatia,18237566
1979,cuba,Cuba,31684546
1979,cyprus,Cyprus,3045442
1979,czech-republic,Czechia,182571250
1979,denmark,Denmark,62907830
1979,ecuador,Ecuador,12146036
1979,egypt-arab-rep,Egypt,42661572
1979,estonia,Estonia,33871120
1979,ethiopia,Ethiopia,1844135
1979,finland,Finland,54237020
1979,france,France,536053000
1979,georgia,Georgia,12447659
1979,germany,Germany,1117745500
1979,ghana,Ghana,2520832
1979,greece,Greece,50818708
1979,guatemala,Guatemala,4677066
1979,guinea,Guinea,945312
1979,haiti,Haiti,749511
1979,hong-kong-sar-china,Hong Kong,15837647
1979,hungary,Hungary,86058320
1979,iceland,Iceland,1983021
1979,india,India,276285000
1979,indonesia,Indonesia,95123190
1979,iran-islamic-rep,Iran,163137300
1979,iraq,Iraq,52908308
1979,ireland,Ireland,27399212
1979,israel,Israel,20864376
1979,italy,Italy,385259200
1979,japan,Japan,957147100
1979,jordan,Jordan,3787321
1979,kazakhstan,Kazakhstan,221656770
1979,kenya,Kenya,5024581
1979,korea-dem-people-s-rep,North Korea,110262984
1979,korea-rep,South Korea,132874240
1979,kuwait,Kuwait,17644994
1979,latvia,Latvia,22509984
1979,lithuania,Lithuania,35219756
1979,luxembourg,Luxembourg,12162284
1979,madagascar,Madagascar,1130237
1979,malawi,Malawi,636722
1979,malaysia,Malaysia,27305936
1979,mali,Mali,427912
1979,mexico,Mexico,240175380
1979,mongolia,Mongolia,6277336
1979,morocco,Morocco,15850193
1979,mozambique,Mozambique,2634568
1979,myanmar,Myanmar,5086024
1979,nepal,Nepal,512359.97
1979,netherlands,Netherlands,187007090
1979,new-zealand,New Zealand,16494432
1979,niger,Niger,475987
1979,nigeria,Nigeria,70142770
1979,norway,Norway,34625172
1979,oman,Oman,7716384
1979,pakistan,Pakistan,28134454
1979,panama,Panama,4190019.2
1979,peru,Peru,22217276
1979,philippines,Philippines,38008588
1979,poland,Poland,441312400
1979,portugal,Portugal,24855616
1979,qatar,Qatar,14346372
1979,romania,Romania,195323570
1979,russian-federation,Russia,2049708800
1979,rwanda,Rwanda,296784
1979,saudi-arabia,Saudi Arabia,138000320
1979,senegal,Senegal,2888139
1979,serbia,Serbia,48573390
1979,singapore,Singapore,35419820
1979,slovak-republic,Slovakia,58425500
1979,slovenia,Slovenia,13789691
1979,somalia,Somalia,487312
1979,south-africa,South Africa,218670830
1979,spain,Spain,202746540
1979,sri-lanka,Sri Lanka,3780396
1979,sudan,Sudan,3276787
1979,sweden,Sweden,84868580
1979,switzerland,Switzerland,39858028
1979,syrian-arab-republic,Syria,22515414
1979,taiwan,Taiwan,75765810
1979,tanzania-united-rep,Tanzania,2062789.9
1979,thailand,Thailand,36395600
1979,tunisia,Tunisia,8971873
1979,turkiye,Turkey,75139304
1979,ukraine,Ukraine,648771300
1979,united-arab-emirates,United Arab Emirates,36567700
1979,united-kingdom,United Kingdom,644509200
1979,united-states,United States,4908766000
1979,uruguay,Uruguay,6265830
1979,uzbekistan,Uzbekistan,86552840
1979,venezuela-rb,Venezuela,76467530
1979,viet-nam,Vietnam,16249706
1979,yemen-rep,Yemen,3219962
1979,zambia,Zambia,3596470
1979,zimbabwe,Zimbabwe,9431655
1980,afghanistan,Afghanistan,1756302
1980,albania,Albania,5170837
1980,algeria,Algeria,66123612
1980,angola,Angola,5334352
1980,argentina,Argentina,108695224
1980,armenia,Armenia,7734904
1980,australia,Australia,204370200
1980,austria,Austria,52054240
1980,azerbaijan,Azerbaijan,46427660
1980,bangladesh,Bangladesh,7597219
1980,belarus,Belarus,97225990
1980,belgium,Belgium,134835890
1980,benin,Benin,479826
1980,bolivia-plurinational-state-of,Bolivia,4660842
1980,brazil,Brazil,186127380
1980,bulgaria,Bulgaria,77254110
1980,burkina-faso,Burkina Faso,432352
1980,burundi,Burundi,146560
1980,cambodia,Cambodia,285792
1980,cameroon,Cameroon,3885945
1980,canada,Canada,442843200
1980,chad,Chad,208848
1980,chile,Chile,25099954
1980,china,China,1494297900
1980,colombia,Colombia,44180384
1980,congo-dem-rep,Democratic Republic of the Congo,3485020
1980,cote-d-ivoire,Cote d Ivoire,5569280
1980,croatia,Croatia,17925540
1980,cuba,Cuba,31374024
1980,cyprus,Cyprus,3260647
1980,czech-republic,Czechia,184691120
1980,denmark,Denmark,60289812
1980,ecuador,Ecuador,13416003
1980,egypt-arab-rep,Egypt,44918080
1980,estonia,Estonia,35207156
1980,ethiopia,Ethiopia,1817483
1980,finland,Finland,58142896
1980,france,France,514509470
1980,georgia,Georgia,12940391
1980,germany,Germany,1099901200
1980,ghana,Ghana,2410702
1980,greece,Greece,50888696
1980,guatemala,Guatemala,4491431
1980,guinea,Guinea,963632
1980,haiti,Haiti,744568
1980,hong-kong-sar-china,Hong Kong,16600216
1980,hungary,Hungary,86696860
1980,iceland,Iceland,1861846
1980,india,India,291714430
1980,indonesia,Indonesia,94853850
1980,iran-islamic-rep,Iran,120695336
1980,iraq,Iraq,45472990
1980,ireland,Ireland,26275082
1980,israel,Israel,20984618
1980,italy,Italy,386436670
1980,japan,Japan,948551700
1980,jordan,Jordan,4714848
1980,kazakhstan,Kazakhstan,230263420
1980,kenya,Kenya,6176564
1980,korea-dem-people-s-rep,North Korea,114082190
1980,korea-rep,South Korea,134524430
1980,kuwait,Kuwait,24643504
1980,latvia,Latvia,23394948
1980,lithuania,Lithuania,36613720
1980,luxembourg,Luxembourg,11077174
1980,madagascar,Madagascar,1613940
1980,malawi,Malawi,710076
1980,malaysia,Malaysia,28032596
1980,mali,Mali,391343
1980,mexico,Mexico,267644690
1980,mongolia,Mongolia,6855166
1980,morocco,Morocco,15817737
1980,mozambique,Mozambique,3198489
1980,myanmar,Myanmar,5508783
1980,nepal,Nepal,541295
1980,netherlands,Netherlands,176635440
1980,new-zealand,New Zealand,17482464
1980,niger,Niger,566275
1980,nigeria,Nigeria,67986780
1980,norway,Norway,31777006
1980,oman,Oman,6041936
1980,pakistan,Pakistan,31931550
1980,panama,Panama,3088200
1980,peru,Peru,24064700
1980,philippines,Philippines,36836760
1980,poland,Poland,463332830
1980,portugal,Portugal,26773498
1980,qatar,Qatar,13085990
1980,romania,Romania,195806610
1980,russian-federation,Russia,2130355200
1980,rwanda,Rwanda,494640
1980,saudi-arabia,Saudi Arabia,169233940
1980,senegal,Senegal,3336441
1980,serbia,Serbia,47741310
1980,singapore,Singapore,30433184
1980,slovak-republic,Slovakia,59116172
1980,slovenia,Slovenia,13544972
1980,somalia,Somalia,813408
1980,south-africa,South Africa,228201400
1980,spain,Spain,213915330
1980,sri-lanka,Sri Lanka,3359822
1980,sudan,Sudan,3437465
1980,sweden,Sweden,71713690
1980,switzerland,Switzerland,40481760
1980,syrian-arab-republic,Syria,20768284
1980,taiwan,Taiwan,83514630
1980,tanzania-united-rep,Tanzania,1873642
1980,thailand,Thailand,39750508
1980,tunisia,Tunisia,9783795
1980,turkiye,Turkey,75317610
1980,ukraine,Ukraine,674348900
1980,united-arab-emirates,United Arab Emirates,36859310
1980,united-kingdom,United Kingdom,579039040
1980,united-states,United States,4730218500
1980,uruguay,Uruguay,5823647
1980,uzbekistan,Uzbekistan,89878010
1980,venezuela-rb,Venezuela,90671410
1980,viet-nam,Vietnam,16789038
1980,yemen-rep,Yemen,3315206
1980,zambia,Zambia,3523262
1980,zimbabwe,Zimbabwe,9613952
1981,afghanistan,Afghanistan,1978463
1981,albania,Albania,7343090
1981,algeria,Algeria,45999270
1981,angola,Angola,5266774
1981,argentina,Argentina,102008616
1981,armenia,Armenia,7600476
1981,australia,Australia,213809920
1981,austria,Austria,55862204
1981,azerbaijan,Azerbaijan,45572824
1981,bangladesh,Bangladesh,7886136
1981,belarus,Belarus,95395336
1981,belgium,Belgium,123577290
1981,benin,Benin,387291
1981,bolivia-plurinational-state-of,Bolivia,4783898
1981,brazil,Brazil,171261920
1981,bulgaria,Bulgaria,80090340
1981,burkina-faso,Burkina Faso,556928
1981,burundi,Burundi,157552
1981,cambodia,Cambodia,300448
1981,cameroon,Cameroon,5319124
1981,canada,Canada,429622400
1981,chad,Chad,208848
1981,chile,Chile,24347142
1981,china,China,1476280000
1981,colombia,Colombia,44267244
1981,congo-dem-rep,Democratic Republic of the Congo,3755424
1981,cote-d-ivoire,Cote d Ivoire,3865520
1981,croatia,Croatia,19479716
1981,cuba,Cuba,32723480
1981,cyprus,Cyprus,3095654
1981,czech-republic,Czechia,182673310
1981,denmark,Denmark,51719536
1981,ecuador,Ecuador,16662224
1981,egypt-arab-rep,Egypt,50580076
1981,estonia,Estonia,34533976
1981,ethiopia,Ethiopia,1860007
1981,finland,Finland,51403344
1981,france,France,462596380
1981,georgia,Georgia,12720742
1981,germany,Germany,1048362200
1981,ghana,Ghana,2846690
1981,greece,Greece,50125424
1981,guatemala,Guatemala,3948185
1981,guinea,Guinea,989280
1981,haiti,Haiti,758342
1981,hong-kong-sar-china,Hong Kong,18616656
1981,hungary,Hungary,86437240
1981,iceland,Iceland,1748000
1981,india,India,314969280
1981,indonesia,Indonesia,100272300
1981,iran-islamic-rep,Iran,113273220
1981,iraq,Iraq,32041828
1981,ireland,Ireland,26061508
1981,israel,Israel,21017606
1981,italy,Italy,375307260
1981,japan,Japan,930377400
1981,jordan,Jordan,5849312
1981,kazakhstan,Kazakhstan,225577980
1981,kenya,Kenya,6504883
1981,korea-dem-people-s-rep,North Korea,114398610
1981,korea-rep,South Korea,139589740
1981,kuwait,Kuwait,25178484
1981,latvia,Latvia,22964624
1981,lithuania,Lithuania,35991404
1981,luxembourg,Luxembourg,9489622
1981,madagascar,Madagascar,1024539.94
1981,malawi,Malawi,603851
1981,malaysia,Malaysia,30877660
1981,mali,Mali,394884
1981,mexico,Mexico,283586700
1981,mongolia,Mongolia,6614668
1981,morocco,Morocco,15718117
1981,mozambique,Mozambique,2479035
1981,myanmar,Myanmar,5622979
1981,nepal,Nepal,453186
1981,netherlands,Netherlands,164113470
1981,new-zealand,New Zealand,16560961
1981,niger,Niger,680342
1981,nigeria,Nigeria,65750932
1981,norway,Norway,31804670
1981,oman,Oman,6012624
1981,pakistan,Pakistan,34232830
1981,panama,Panama,3304108
1981,peru,Peru,24026774
1981,philippines,Philippines,34493372
1981,poland,Poland,409004300
1981,portugal,Portugal,27000480
1981,qatar,Qatar,12847130
1981,romania,Romania,197322540
1981,russian-federation,Russia,2089791000
1981,rwanda,Rwanda,600896
1981,saudi-arabia,Saudi Arabia,175292940
1981,senegal,Senegal,3279857
1981,serbia,Serbia,51955384
1981,singapore,Singapore,25706624
1981,slovak-republic,Slovakia,58473610
1981,slovenia,Slovenia,14726261
1981,somalia,Somalia,274800
1981,south-africa,South Africa,257078910
1981,spain,Spain,206099620
1981,sri-lanka,Sri Lanka,3972083
1981,sudan,Sudan,3340071
1981,sweden,Sweden,69388504
1981,switzerland,Switzerland,38801984
1981,syrian-arab-republic,Syria,26592634
1981,taiwan,Taiwan,75051900
1981,tanzania-united-rep,Tanzania,2106825
1981,thailand,Thailand,37540532
1981,tunisia,Tunisia,10199789
1981,turkiye,Turkey,79321384
1981,ukraine,Ukraine,661273300
1981,united-arab-emirates,United Arab Emirates,36810030
1981,united-kingdom,United Kingdom,560547140
1981,united-states,United States,4543633400
1981,uruguay,Uruguay,5361622
1981,uzbekistan,Uzbekistan,88282840
1981,venezuela-rb,Venezuela,91828776
1981,viet-nam,Vietnam,17695350
1981,yemen-rep,Yemen,4227465
1981,zambia,Zambia,3358031
1981,zimbabwe,Zimbabwe,9405387
1982,afghanistan,Afghanistan,2094580.9
1982,albania,Albania,7307607
1982,algeria,Algeria,38807784
1982,angola,Angola,4635179
1982,argentina,Argentina,103388130
1982,armenia,Armenia,7745151
1982,australia,Australia,218000900
1982,austria,Austria,53598264
1982,azerbaijan,Azerbaijan,46435732
1982,bangladesh,Bangladesh,8552288
1982,belarus,Belarus,97167080
1982,belgium,Belgium,117109240
1982,benin,Benin,442545
1982,bolivia-plurinational-state-of,Bolivia,4340744
1982,brazil,Brazil,171439150
1982,bulgaria,Bulgaria,89844184
1982,burkina-faso,Burkina Faso,575248
1982,burundi,Burundi,157552
1982,cambodia,Cambodia,337088
1982,cameroon,Cameroon,6315888
1982,canada,Canada,414454880
1982,chad,Chad,205184
1982,chile,Chile,20475268
1982,china,China,1606239100
1982,colombia,Colombia,45687820
1982,congo-dem-rep,Democratic Republic of the Congo,3046965
1982,cote-d-ivoire,Cote d Ivoire,5554624
1982,croatia,Croatia,17890910
1982,cuba,Cuba,34527344
1982,cyprus,Cyprus,3157205
1982,czech-republic,Czechia,180876580
1982,denmark,Denmark,53619116
1982,ecuador,Ecuador,19249252
1982,egypt-arab-rep,Egypt,56000230
1982,estonia,Estonia,35186096
1982,ethiopia,Ethiopia,1473914
1982,finland,Finland,42980060
1982,france,France,443395520
1982,georgia,Georgia,12967407
1982,germany,Germany,1015499600
1982,ghana,Ghana,2894560
1982,greece,Greece,51508770
1982,guatemala,Guatemala,3605317
1982,guinea,Guinea,981952
1982,haiti,Haiti,816683
1982,hong-kong-sar-china,Hong Kong,19622766
1982,hungary,Hungary,86683830
1982,iceland,Iceland,1593849
1982,india,India,325383070
1982,indonesia,Indonesia,105554590
1982,iran-islamic-rep,Iran,138132320
1982,iraq,Iraq,30537960
1982,ireland,Ireland,25566268
1982,israel,Israel,23854860
1982,italy,Italy,366882900
1982,japan,Japan,900724400
1982,jordan,Jordan,6278894
1982,kazakhstan,Kazakhstan,229742240
1982,kenya,Kenya,4671812
1982,korea-dem-people-s-rep,North Korea,116884770
1982,korea-rep,South Korea,140781900
1982,kuwait,Kuwait,21135610
1982,latvia,Latvia,23396512
1982,lithuania,Lithuania,36680820
1982,luxembourg,Luxembourg,8931505
1982,madagascar,Madagascar,1013337
1982,malawi,Malawi,593091
1982,malaysia,Malaysia,30641940
1982,mali,Mali,365132
1982,mexico,Mexico,303763700
1982,mongolia,Mongolia,6712307
1982,morocco,Morocco,16904630
1982,mozambique,Mozambique,2523930
1982,myanmar,Myanmar,5579515
1982,nepal,Nepal,442361
1982,netherlands,Netherlands,133490750
1982,new-zealand,New Zealand,18270238
1982,niger,Niger,742202
1982,nigeria,Nigeria,65309068
1982,norway,Norway,30912102
1982,oman,Oman,5730496
1982,pakistan,Pakistan,37189620
1982,panama,Panama,3265476
1982,peru,Peru,23600102
1982,philippines,Philippines,34795250
1982,poland,Poland,420977760
1982,portugal,Portugal,28999878
1982,qatar,Qatar,12341568
1982,romania,Romania,194876910
1982,russian-federation,Russia,2129189500
1982,rwanda,Rwanda,608224
1982,saudi-arabia,Saudi Arabia,157874140
1982,senegal,Senegal,3036573
1982,serbia,Serbia,47704096
1982,singapore,Singapore,28381510
1982,slovak-republic,Slovakia,57917016
1982,slovenia,Slovenia,13509937
1982,somalia,Somalia,718144
1982,south-africa,South Africa,280437000
1982,spain,Spain,208594860
1982,sri-lanka,Sri Lanka,4431675
1982,sudan,Sudan,3509513
1982,sweden,Sweden,62256744
1982,switzerland,Switzerland,36574908
1982,syrian-arab-republic,Syria,24440308
1982,taiwan,Taiwan,70034650
1982,tanzania-united-rep,Tanzania,2148300
1982,thailand,Thailand,37357036
1982,tunisia,Tunisia,9877888
1982,turkiye,Turkey,86361280
1982,ukraine,Ukraine,673809200
1982,united-arab-emirates,United Arab Emirates,36817668
1982,united-kingdom,United Kingdom,548229400
1982,united-states,United States,4311918600
1982,uruguay,Uruguay,4859712
1982,uzbekistan,Uzbekistan,89966470
1982,venezuela-rb,Venezuela,93249400
1982,viet-nam,Vietnam,18341628
1982,yemen-rep,Yemen,5940481
1982,zambia,Zambia,3510781
1982,zimbabwe,Zimbabwe,8779857
1983,afghanistan,Afghanistan,2519954
1983,albania,Albania,7630809
1983,algeria,Algeria,52074204
1983,angola,Angola,5100535
1983,argentina,Argentina,105182110
1983,armenia,Armenia,7861092
1983,australia,Australia,207645390
1983,austria,Austria,51697550
1983,azerbaijan,Azerbaijan,47105884
1983,bangladesh,Bangladesh,8188282
1983,belarus,Belarus,98525040
1983,belgium,Belgium,101205500
1983,benin,Benin,404411
1983,bolivia-plurinational-state-of,Bolivia,4281503
1983,brazil,Brazil,165851310
1983,bulgaria,Bulgaria,90061304
1983,burkina-faso,Burkina Faso,593568
1983,burundi,Burundi,205184
1983,cambodia,Cambodia,366400
1983,cameroon,Cameroon,6554480
1983,canada,Canada,408334850
1983,chad,Chad,205184
1983,chile,Chile,20674086
1983,china,China,1693746700
1983,colombia,Colombia,49218310
1983,congo-dem-rep,Democratic Republic of the Congo,3998000
1983,cote-d-ivoire,Cote d Ivoire,4517712
1983,croatia,Croatia,19266562
1983,cuba,Cuba,30820618
1983,cyprus,Cyprus,3151348
1983,czech-republic,Czechia,181106670
1983,denmark,Denmark,50101824
1983,ecuador,Ecuador,19517044
1983,egypt-arab-rep,Egypt,56379560
1983,estonia,Estonia,35689556
1983,ethiopia,Ethiopia,1834754
1983,finland,Finland,41463372
1983,france,France,426039200
1983,georgia,Georgia,13169085
1983,germany,Germany,1011436300
1983,ghana,Ghana,3509969
1983,greece,Greece,54789372
1983,guatemala,Guatemala,3158417
1983,guinea,Guinea,952640
1983,haiti,Haiti,885320
1983,hong-kong-sar-china,Hong Kong,20912106
1983,hungary,Hungary,88945736
1983,iceland,Iceland,1542530
1983,india,India,352204860
1983,indonesia,Indonesia,105149100
1983,iran-islamic-rep,Iran,150028200
1983,iraq,Iraq,38652030
1983,ireland,Ireland,25725018
1983,israel,Israel,23709024
1983,italy,Italy,358409100
1983,japan,Japan,884423800
1983,jordan,Jordan,7342431
1983,kazakhstan,Kazakhstan,232791630
1983,kenya,Kenya,4638105
1983,korea-dem-people-s-rep,North Korea,125163144
1983,korea-rep,South Korea,149133600
1983,kuwait,Kuwait,21578792
1983,latvia,Latvia,23736738
1983,lithuania,Lithuania,37242828
1983,luxembourg,Luxembourg,8371279.5
1983,madagascar,Madagascar,650391
1983,malawi,Malawi,574535
1983,malaysia,Malaysia,38048304
1983,mali,Mali,416621
1983,mexico,Mexico,277430430
1983,mongolia,Mongolia,6969065
1983,morocco,Morocco,17626518
1983,mozambique,Mozambique,1954480
1983,myanmar,Myanmar,5753767
1983,nepal,Nepal,492418
1983,netherlands,Netherlands,137361000
1983,new-zealand,New Zealand,17998090
1983,niger,Niger,957925
1983,nigeria,Nigeria,59622080
1983,norway,Norway,31947258
1983,oman,Oman,7525856
1983,pakistan,Pakistan,40022190
1983,panama,Panama,3467277
1983,peru,Peru,20392858
1983,philippines,Philippines,35189280
1983,poland,Poland,421027420
1983,portugal,Portugal,29901626
1983,qatar,Qatar,11255085
1983,romania,Romania,199663380
1983,russian-federation,Russia,2159389000
1983,rwanda,Rwanda,696160
1983,saudi-arabia,Saudi Arabia,160813400
1983,senegal,Senegal,2611411
1983,serbia,Serbia,51364612
1983,singapore,Singapore,33397362
1983,slovak-republic,Slovakia,57998390
1983,slovenia,Slovenia,14551781
1983,somalia,Somalia,934320
1983,south-africa,South Africa,291905730
1983,spain,Spain,203446140
1983,sri-lanka,Sri Lanka,4826210
1983,sudan,Sudan,3581894
1983,sweden,Sweden,58268316
1983,switzerland,Switzerland,40010620
1983,syrian-arab-republic,Syria,27895590
1983,taiwan,Taiwan,76553360
1983,tanzania-united-rep,Tanzania,2196304
1983,thailand,Thailand,41784588
1983,tunisia,Tunisia,11920065
1983,turkiye,Turkey,89956500
1983,ukraine,Ukraine,683290200
1983,united-arab-emirates,United Arab Emirates,35289464
1983,united-kingdom,United Kingdom,545474100
1983,united-states,United States,4346381000
1983,uruguay,Uruguay,3807652
1983,uzbekistan,Uzbekistan,91260790
1983,venezuela-rb,Venezuela,92953120
1983,viet-nam,Vietnam,19269692
1983,yemen-rep,Yemen,6314086
1983,zambia,Zambia,3260766
1983,zimbabwe,Zimbabwe,10425096
1984,afghanistan,Afghanistan,2821540
1984,albania,Albania,7825903
1984,algeria,Algeria,70417010
1984,angola,Angola,4985847
1984,argentina,Argentina,106491760
1984,armenia,Armenia,7935474
1984,australia,Australia,217514610
1984,austria,Austria,54247024
1984,azerbaijan,Azerbaijan,47533536
1984,bangladesh,Bangladesh,9077160
1984,belarus,Belarus,99363976
1984,belgium,Belgium,104970210
1984,benin,Benin,448296
1984,bolivia-plurinational-state-of,Bolivia,4032625.2
1984,brazil,Brazil,167524240
1984,bulgaria,Bulgaria,87044930
1984,burkina-faso,Burkina Faso,465328
1984,burundi,Burundi,219840
1984,cambodia,Cambodia,410368
1984,cameroon,Cameroon,6052928
1984,canada,Canada,425237000
1984,chad,Chad,216176
1984,chile,Chile,22004684
1984,china,China,1844212700
1984,colombia,Colombia,48711976
1984,congo-dem-rep,Democratic Republic of the Congo,3931640
1984,cote-d-ivoire,Cote d Ivoire,5133264
1984,croatia,Croatia,20321102
1984,cuba,Cuba,32580692
1984,cyprus,Cyprus,3234557
1984,czech-republic,Czechia,187201040
1984,denmark,Denmark,50784364
1984,ecuador,Ecuador,21209358
1984,egypt-arab-rep,Egypt,62941860
1984,estonia,Estonia,36008836
1984,ethiopia,Ethiopia,1650281
1984,finland,Finland,42147212
1984,france,France,414655870
1984,georgia,Georgia,13302301
1984,germany,Germany,1033017500
1984,ghana,Ghana,2465710
1984,greece,Greece,56284932
1984,guatemala,Guatemala,3399495
1984,guinea,Guinea,978288
1984,haiti,Haiti,902327
1984,hong-kong-sar-china,Hong Kong,22224786
1984,hungary,Hungary,90664780
1984,iceland,Iceland,1809746
1984,india,India,361568800
1984,indonesia,Indonesia,112419730
1984,iran-islamic-rep,Iran,150400530
1984,iraq,Iraq,40071040
1984,ireland,Ireland,25549450
1984,israel,Israel,23498480
1984,italy,Italy,364604740
1984,japan,Japan,940541800
1984,jordan,Jordan,8321468.5
1984,kazakhstan,Kazakhstan,234663020
1984,kenya,Kenya,4298116
1984,korea-dem-people-s-rep,North Korea,134657970
1984,korea-rep,South Korea,160700450
1984,kuwait,Kuwait,28329722
1984,latvia,Latvia,23951808
1984,lithuania,Lithuania,37600516
1984,luxembourg,Luxembourg,9007821
1984,madagascar,Madagascar,866372
1984,malawi,Malawi,556183
1984,malaysia,Malaysia,34794430
1984,mali,Mali,434818
1984,mexico,Mexico,276491070
1984,mongolia,Mongolia,6424712
1984,morocco,Morocco,17645234
1984,mozambique,Mozambique,1510863
1984,myanmar,Myanmar,6548548
1984,nepal,Nepal,701424
1984,netherlands,Netherlands,144072860
1984,new-zealand,New Zealand,19336614
1984,niger,Niger,986810
1984,nigeria,Nigeria,69337910
1984,norway,Norway,33810250
1984,oman,Oman,8053471.5
1984,pakistan,Pakistan,42557330
1984,panama,Panama,2855398
1984,peru,Peru,20632454
1984,philippines,Philippines,30784570
1984,poland,Poland,432474620
1984,portugal,Portugal,28793810
1984,qatar,Qatar,12315985
1984,romania,Romania,188323360
1984,russian-federation,Russia,2178563300
1984,rwanda,Rwanda,633872
1984,saudi-arabia,Saudi Arabia,155490100
1984,senegal,Senegal,3284168
1984,serbia,Serbia,54165636
1984,singapore,Singapore,31968554
1984,slovak-republic,Slovakia,59973720
1984,slovenia,Slovenia,15349540
1984,somalia,Somalia,714480
1984,south-africa,South Africa,315596640
1984,spain,Spain,197707500
1984,sri-lanka,Sri Lanka,3822768
1984,sudan,Sudan,3211361
1984,sweden,Sweden,57308090
1984,switzerland,Switzerland,39111670
1984,syrian-arab-republic,Syria,33009784
1984,taiwan,Taiwan,77606270
1984,tanzania-united-rep,Tanzania,2346983
1984,thailand,Thailand,45154650
1984,tunisia,Tunisia,12193431
1984,turkiye,Turkey,95093280
1984,ukraine,Ukraine,689314370
1984,united-arab-emirates,United Arab Emirates,46306212
1984,united-kingdom,United Kingdom,529097200
1984,united-states,United States,4479379500
1984,uruguay,Uruguay,3441942
1984,uzbekistan,Uzbekistan,92106264
1984,venezuela-rb,Venezuela,93057576
1984,viet-nam,Vietnam,17495162
1984,yemen-rep,Yemen,7149197
1984,zambia,Zambia,2804441
1984,zimbabwe,Zimbabwe,9879639
1985,afghanistan,Afghanistan,3501422
1985,albania,Albania,7881540
1985,algeria,Algeria,71987780
1985,angola,Angola,4676114
1985,argentina,Argentina,100569300
1985,armenia,Armenia,8551112
1985,australia,Australia,224557460
1985,austria,Austria,54402960
1985,azerbaijan,Azerbaijan,51248280
1985,bangladesh,Bangladesh,10189161
1985,belarus,Belarus,107089720
1985,belgium,Belgium,104011816
1985,benin,Benin,686373
1985,bolivia-plurinational-state-of,Bolivia,4114618.8
1985,brazil,Brazil,180064830
1985,bulgaria,Bulgaria,89221336
1985,burkina-faso,Burkina Faso,476320
1985,burundi,Burundi,230832
1985,cambodia,Cambodia,417696
1985,cameroon,Cameroon,6470624
1985,canada,Canada,421726000
1985,chad,Chad,179536
1985,chile,Chile,21292252
1985,china,China,1997193300
1985,colombia,Colombia,48090920
1985,congo-dem-rep,Democratic Republic of the Congo,3611908
1985,cote-d-ivoire,Cote d Ivoire,6983584
1985,croatia,Croatia,20731470
1985,cuba,Cuba,32555866
1985,cyprus,Cyprus,3144994
1985,czech-republic,Czechia,184632940
1985,denmark,Denmark,59984216
1985,ecuador,Ecuador,19377638
1985,egypt-arab-rep,Egypt,63086584
1985,estonia,Estonia,38841516
1985,ethiopia,Ethiopia,1798710
1985,finland,Finland,49549076
1985,france,France,407801860
1985,georgia,Georgia,14340025
1985,germany,Germany,1043912800
1985,ghana,Ghana,3143712
1985,greece,Greece,59771930
1985,guatemala,Guatemala,3494651
1985,guinea,Guinea,992944
1985,haiti,Haiti,928422
1985,hong-kong-sar-china,Hong Kong,22881404
1985,hungary,Hungary,85936230
1985,iceland,Iceland,1622635
1985,india,India,397601120
1985,indonesia,Indonesia,121548010
1985,iran-islamic-rep,Iran,160485800
1985,iraq,Iraq,44529812
1985,ireland,Ireland,26746140
1985,israel,Israel,24613012
1985,italy,Italy,368986050
1985,japan,Japan,915276160
1985,jordan,Jordan,8505931
1985,kazakhstan,Kazakhstan,253150020
1985,kenya,Kenya,3752740
1985,korea-dem-people-s-rep,North Korea,144288370
1985,korea-rep,South Korea,168757680
1985,kuwait,Kuwait,29119912
1985,latvia,Latvia,25819072
1985,lithuania,Lithuania,40510932
1985,luxembourg,Luxembourg,9240506
1985,madagascar,Madagascar,1053031
1985,malawi,Malawi,556311
1985,malaysia,Malaysia,36329770
1985,mali,Mali,405383
1985,mexico,Mexico,287181100
1985,mongolia,Mongolia,8997952
1985,morocco,Morocco,17681776
1985,mozambique,Mozambique,1134944
1985,myanmar,Myanmar,6675517
1985,nepal,Nepal,676018
1985,netherlands,Netherlands,146980000
1985,new-zealand,New Zealand,21857954
1985,niger,Niger,990022
1985,nigeria,Nigeria,69561390
1985,norway,Norway,32285598
1985,oman,Oman,8645560
1985,pakistan,Pakistan,46813544
1985,panama,Panama,2714502
1985,peru,Peru,19454626
1985,philippines,Philippines,27855376
1985,poland,Poland,444511580
1985,portugal,Portugal,27132976
1985,qatar,Qatar,12391008
1985,romania,Romania,193449170
1985,russian-federation,Russia,2349517300
1985,rwanda,Rwanda,615552
1985,saudi-arabia,Saudi Arabia,172393710
1985,senegal,Senegal,2650504
1985,serbia,Serbia,55244290
1985,singapore,Singapore,32397088
1985,slovak-republic,Slovakia,59167052
1985,slovenia,Slovenia,15657944
1985,somalia,Somalia,857376
1985,south-africa,South Africa,323865000
1985,spain,Spain,199942610
1985,sri-lanka,Sri Lanka,3880360
1985,sudan,Sudan,3731697
1985,sweden,Sweden,62364010
1985,switzerland,Switzerland,39762296
1985,syrian-arab-republic,Syria,29568652
1985,taiwan,Taiwan,76449160
1985,tanzania-united-rep,Tanzania,2337900
1985,thailand,Thailand,47865170
1985,tunisia,Tunisia,12703786
1985,turkiye,Turkey,105877810
1985,ukraine,Ukraine,743672700
1985,united-arab-emirates,United Arab Emirates,49828110
1985,united-kingdom,United Kingdom,559634600
1985,united-states,United States,4495378400
1985,uruguay,Uruguay,3287839
1985,uzbekistan,Uzbekistan,99281900
1985,venezuela-rb,Venezuela,101093730
1985,viet-nam,Vietnam,21097420
1985,yemen-rep,Yemen,8631687
1985,zambia,Zambia,2732732
1985,zimbabwe,Zimbabwe,10213709
1986,afghanistan,Afghanistan,3133645
1986,albania,Albania,8058077
1986,algeria,Algeria,75381800
1986,angola,Angola,4633840
1986,argentina,Argentina,104198744
1986,armenia,Armenia,8142524.5
1986,australia,Australia,224040290
1986,austria,Austria,53765172
1986,azerbaijan,Azerbaijan,53371876
1986,bangladesh,Bangladesh,11405807
1986,belarus,Belarus,121533370
1986,belgium,Belgium,102374090
1986,benin,Benin,624003
1986,bolivia-plurinational-state-of,Bolivia,3767794
1986,brazil,Brazil,197183400
1986,bulgaria,Bulgaria,91172376
1986,burkina-faso,Burkina Faso,479984
1986,burundi,Burundi,234496
1986,cambodia,Cambodia,432352
1986,cameroon,Cameroon,1993216
1986,canada,Canada,404715230
1986,chad,Chad,186864
1986,chile,Chile,22022472
1986,china,China,2103429900
1986,colombia,Colombia,48767856
1986,congo-dem-rep,Democratic Republic of the Congo,3345663
1986,cote-d-ivoire,Cote d Ivoire,5576608
1986,croatia,Croatia,21657046
1986,cuba,Cuba,33546752
1986,cyprus,Cyprus,3606067
1986,czech-republic,Czechia,185887500
1986,denmark,Denmark,58801908
1986,ecuador,Ecuador,15222248
1986,egypt-arab-rep,Egypt,73377940
1986,estonia,Estonia,38839064
1986,ethiopia,Ethiopia,2195246
1986,finland,Finland,53217980
1986,france,France,392871740
1986,georgia,Georgia,14157218
1986,germany,Germany,1047233800
1986,ghana,Ghana,2934864
1986,greece,Greece,58274830
1986,guatemala,Guatemala,3661638
1986,guinea,Guinea,996608
1986,haiti,Haiti,829080
1986,hong-kong-sar-china,Hong Kong,25525918
1986,hungary,Hungary,83197760
1986,iceland,Iceland,1780225
1986,india,India,426318050
1986,indonesia,Indonesia,122108910
1986,iran-islamic-rep,Iran,148304880
1986,iraq,Iraq,47596268
1986,ireland,Ireland,28550302
1986,israel,Israel,26348256
1986,italy,Italy,363187620
1986,japan,Japan,914048900
1986,jordan,Jordan,9247445
1986,kazakhstan,Kazakhstan,258133600
1986,kenya,Kenya,4136123.2
1986,korea-dem-people-s-rep,North Korea,156835300
1986,korea-rep,South Korea,176297250
1986,kuwait,Kuwait,35276864
1986,latvia,Latvia,23608822
1986,lithuania,Lithuania,36062584
1986,luxembourg,Luxembourg,9114821
1986,madagascar,Madagascar,1137097
1986,malawi,Malawi,552455
1986,malaysia,Malaysia,40101890
1986,mali,Mali,379612
1986,mexico,Mexico,293219400
1986,mongolia,Mongolia,9595142
1986,morocco,Morocco,18683950
1986,mozambique,Mozambique,977139
1986,myanmar,Myanmar,6756346
1986,nepal,Nepal,697014
1986,netherlands,Netherlands,144014380
1986,new-zealand,New Zealand,22945982
1986,niger,Niger,894383
1986,nigeria,Nigeria,73107380
1986,norway,Norway,34785340
1986,oman,Oman,9856971
1986,pakistan,Pakistan,49058620
1986,panama,Panama,2720436
1986,peru,Peru,21775106
1986,philippines,Philippines,28969364
1986,poland,Poland,451856000
1986,portugal,Portugal,30221142
1986,qatar,Qatar,13281165
1986,romania,Romania,201073260
1986,russian-federation,Russia,2349904400
1986,rwanda,Rwanda,597232
1986,saudi-arabia,Saudi Arabia,204570510
1986,senegal,Senegal,2636446
1986,serbia,Serbia,57680092
1986,singapore,Singapore,34100850
1986,slovak-republic,Slovakia,59584010
1986,slovenia,Slovenia,16351864
1986,somalia,Somalia,923328
1986,south-africa,South Africa,330500770
1986,spain,Spain,189123660
1986,sri-lanka,Sri Lanka,3622832
1986,sudan,Sudan,3895185
1986,sweden,Sweden,62009780
1986,switzerland,Switzerland,42226090
1986,syrian-arab-republic,Syria,31266036
1986,taiwan,Taiwan,86161976
1986,tanzania-united-rep,Tanzania,2277593
1986,thailand,Thailand,48969828
1986,tunisia,Tunisia,12861158
1986,turkiye,Turkey,115872344
1986,ukraine,Ukraine,740756030
1986,united-arab-emirates,United Arab Emirates,47156028
1986,united-kingdom,United Kingdom,568568640
1986,united-states,United States,4498135600
1986,uruguay,Uruguay,3169651
1986,uzbekistan,Uzbekistan,95237900
1986,venezuela-rb,Venezuela,109320240
1986,viet-nam,Vietnam,20584666
1986,yemen-rep,Yemen,8245394
1986,zambia,Zambia,2865572
1986,zimbabwe,Zimbabwe,13068023
1987,afghanistan,Afghanistan,3113826
1987,albania,Albania,7447292
1987,algeria,Algeria,83019730
1987,angola,Angola,5786029
1987,argentina,Argentina,114935944
1987,armenia,Armenia,8169481.5
1987,australia,Australia,234598320
1987,austria,Austria,57406892
1987,azerbaijan,Azerbaijan,50586390
1987,bangladesh,Bangladesh,11799727
1987,belarus,Belarus,111861910
1987,belgium,Belgium,102592376
1987,benin,Benin,473696
1987,bolivia-plurinational-state-of,Bolivia,4017859
1987,brazil,Brazil,205911790
1987,bulgaria,Bulgaria,91276710
1987,burkina-faso,Burkina Faso,516623.97
1987,burundi,Burundi,249152
1987,cambodia,Cambodia,436016
1987,cameroon,Cameroon,1842992
1987,canada,Canada,430982050
1987,chad,Chad,197856
1987,chile,Chile,22410186
1987,china,China,2256629500
1987,colombia,Colombia,50138300
1987,congo-dem-rep,Democratic Republic of the Congo,3815863
1987,cote-d-ivoire,Cote d Ivoire,7349984
1987,croatia,Croatia,21139226
1987,cuba,Cuba,33933260
1987,cyprus,Cyprus,4184954.2
1987,czech-republic,Czechia,183677340
1987,denmark,Denmark,58245904
1987,ecuador,Ecuador,15055008
1987,egypt-arab-rep,Egypt,73377290
1987,estonia,Estonia,37907796
1987,ethiopia,Ethiopia,2554381
1987,finland,Finland,57533444
1987,france,France,390134660
1987,georgia,Georgia,14515792
1987,germany,Germany,1032266940
1987,ghana,Ghana,3147376
1987,greece,Greece,62576332
1987,guatemala,Guatemala,3911808
1987,guinea,Guinea,992944
1987,haiti,Haiti,897548
1987,hong-kong-sar-china,Hong Kong,28085646
1987,hungary,Hungary,84114870
1987,iceland,Iceland,1845061
1987,india,India,455354720
1987,indonesia,Indonesia,123812710
1987,iran-islamic-rep,Iran,159340080
1987,iraq,Iraq,52683630
1987,ireland,Ireland,30226336
1987,israel,Israel,27068916
1987,italy,Italy,380098750
1987,japan,Japan,902207500
1987,jordan,Jordan,9619477
1987,kazakhstan,Kazakhstan,256684910
1987,kenya,Kenya,5146062
1987,korea-dem-people-s-rep,North Korea,175625980
1987,korea-rep,South Korea,185358380
1987,kuwait,Kuwait,31428694
1987,latvia,Latvia,19294130
1987,lithuania,Lithuania,36071370
1987,luxembourg,Luxembourg,8812367
1987,madagascar,Madagascar,1282418
1987,malawi,Malawi,545095
1987,malaysia,Malaysia,40877684
1987,mali,Mali,357505
1987,mexico,Mexico,305790180
1987,mongolia,Mongolia,10482516
1987,morocco,Morocco,19904884
1987,mozambique,Mozambique,976747
1987,myanmar,Myanmar,4943397
1987,nepal,Nepal,860680
1987,netherlands,Netherlands,151484030
1987,new-zealand,New Zealand,24165260
1987,niger,Niger,992855
1987,nigeria,Nigeria,58942336
1987,norway,Norway,33207004
1987,oman,Oman,9443774
1987,pakistan,Pakistan,52988736
1987,panama,Panama,3164139
1987,peru,Peru,25693674
1987,philippines,Philippines,32439126
1987,poland,Poland,463736300
1987,portugal,Portugal,31198344
1987,qatar,Qatar,11485625
1987,romania,Romania,211024290
1987,russian-federation,Russia,2358795300
1987,rwanda,Rwanda,611419
1987,saudi-arabia,Saudi Arabia,190414300
1987,senegal,Senegal,2424574
1987,serbia,Serbia,56297600
1987,singapore,Singapore,31810848
1987,slovak-republic,Slovakia,58886020
1987,slovenia,Slovenia,15935209
1987,somalia,Somalia,992944
1987,south-africa,South Africa,328672000
1987,spain,Spain,189515380
1987,sri-lanka,Sri Lanka,3988183
1987,sudan,Sudan,3070497
1987,sweden,Sweden,59694708
1987,switzerland,Switzerland,40182140
1987,syrian-arab-republic,Syria,36136612
1987,taiwan,Taiwan,90519460
1987,tanzania-united-rep,Tanzania,2367510
1987,thailand,Thailand,53814388
1987,tunisia,Tunisia,12717348
1987,turkiye,Turkey,128747544
1987,ukraine,Ukraine,734118500
1987,united-arab-emirates,United Arab Emirates,47605804
1987,united-kingdom,United Kingdom,571649300
1987,united-states,United States,4691930000
1987,uruguay,Uruguay,3548703
1987,uzbekistan,Uzbekistan,97685224
1987,venezuela-rb,Venezuela,110754360
1987,viet-nam,Vietnam,23296900
1987,yemen-rep,Yemen,8664593
1987,zambia,Zambia,2673762
1987,zimbabwe,Zimbabwe,15170106
1988,afghanistan,Afghanistan,2856896
1988,albania,Albania,7329222
1988,algeria,Algeria,82838620
1988,angola,Angola,5049306
1988,argentina,Argentina,121464450
1988,armenia,Armenia,9298551
1988,australia,Australia,240737040
1988,austria,Austria,52962868
1988,azerbaijan,Azerbaijan,51596316
1988,bangladesh,Bangladesh,13478441
1988,belarus,Belarus,114892630
1988,belgium,Belgium,99750140
1988,benin,Benin,508050.03
1988,bolivia-plurinational-state-of,Bolivia,4294312
1988,brazil,Brazil,207640260
1988,bulgaria,Bulgaria,86916990
1988,burkina-faso,Burkina Faso,553264
1988,burundi,Burundi,227168
1988,cambodia,Cambodia,450672
1988,cameroon,Cameroon,2153961
1988,canada,Canada,455672830
1988,chad,Chad,65952
1988,chile,Chile,26600006
1988,china,China,2424444200
1988,colombia,Colombia,52151852
1988,congo-dem-rep,Democratic Republic of the Congo,3977992
1988,cote-d-ivoire,Cote d Ivoire,8804592
1988,croatia,Croatia,21820488
1988,cuba,Cuba,35616450
1988,cyprus,Cyprus,4197559
1988,czech-republic,Czechia,180664260
1988,denmark,Denmark,55013980
1988,ecuador,Ecuador,17204934
1988,egypt-arab-rep,Egypt,72846950
1988,estonia,Estonia,38014030
1988,ethiopia,Ethiopia,2640066
1988,finland,Finland,52058084
1988,france,France,387601180
1988,georgia,Georgia,15133000
1988,germany,Germany,1028701630
1988,ghana,Ghana,3209664
1988,greece,Greece,67051870
1988,guatemala,Guatemala,4070957.2
1988,guinea,Guinea,1025920.06
1988,haiti,Haiti,1006320
1988,hong-kong-sar-china,Hong Kong,29284780
1988,hungary,Hungary,78030710
1988,iceland,Iceland,1841119
1988,india,India,491700100
1988,indonesia,Indonesia,132649250
1988,iran-islamic-rep,Iran,175958340
1988,iraq,Iraq,67698500
1988,ireland,Ireland,29883636
1988,israel,Israel,29702602
1988,italy,Italy,385962240
1988,japan,Japan,984698500
1988,jordan,Jordan,9276380
1988,kazakhstan,Kazakhstan,273732860
1988,kenya,Kenya,4761761
1988,korea-dem-people-s-rep,North Korea,199234110
1988,korea-rep,South Korea,210953460
1988,kuwait,Kuwait,32873398
1988,latvia,Latvia,18865442
1988,lithuania,Lithuania,36467444
1988,luxembourg,Luxembourg,9103279
1988,madagascar,Madagascar,1285795
1988,malawi,Malawi,541487
1988,malaysia,Malaysia,42869204
1988,mali,Mali,383030
1988,mexico,Mexico,305418270
1988,mongolia,Mongolia,11492876
1988,morocco,Morocco,20930808
1988,mozambique,Mozambique,1006193.06
1988,myanmar,Myanmar,4086656
1988,nepal,Nepal,975970
1988,netherlands,Netherlands,145602780
1988,new-zealand,New Zealand,25445732
1988,niger,Niger,983004
1988,nigeria,Nigeria,70347070
1988,norway,Norway,35591656
1988,oman,Oman,10563666
1988,pakistan,Pakistan,57607376
1988,panama,Panama,2904736
1988,peru,Peru,25018144
1988,philippines,Philippines,37409076
1988,poland,Poland,444240900
1988,portugal,Portugal,32567554
1988,qatar,Qatar,11914023
1988,romania,Romania,211567800
1988,russian-federation,Russia,2437800700
1988,rwanda,Rwanda,692307
1988,saudi-arabia,Saudi Arabia,202208000
1988,senegal,Senegal,2710809
1988,serbia,Serbia,58081636
1988,singapore,Singapore,35280656
1988,slovak-republic,Slovakia,57919548
1988,slovenia,Slovenia,16514572
1988,somalia,Somalia,1003656
1988,south-africa,South Africa,342662000
1988,spain,Spain,197461570
1988,sri-lanka,Sri Lanka,3429972
1988,sudan,Sudan,4443235
1988,sweden,Sweden,57425120
1988,switzerland,Switzerland,40639790
1988,syrian-arab-republic,Syria,36859892
1988,taiwan,Taiwan,106379700
1988,tanzania-united-rep,Tanzania,2271686
1988,thailand,Thailand,60731536
1988,tunisia,Tunisia,13436447
1988,turkiye,Turkey,125064780
1988,ukraine,Ukraine,727528300
1988,united-arab-emirates,United Arab Emirates,48273984
1988,united-kingdom,United Kingdom,570279040
1988,united-states,United States,4897776000
1988,uruguay,Uruguay,4793143
1988,uzbekistan,Uzbekistan,101107220
1988,venezuela-rb,Venezuela,115854200
1988,viet-nam,Vietnam,23072536
1988,yemen-rep,Yemen,9585350
1988,zambia,Zambia,3109022
1988,zimbabwe,Zimbabwe,16029461
1989,afghanistan,Afghanistan,2764855
1989,albania,Albania,8986169
1989,algeria,Algeria,78942136
1989,angola,Angola,4922750
1989,argentina,Argentina,117066980
1989,armenia,Armenia,9418273
1989,australia,Australia,256838110
1989,austria,Austria,53718110
1989,azerbaijan,Azerbaijan,51586880
1989,bangladesh,Bangladesh,13382363
1989,belarus,Belarus,109199576
1989,belgium,Belgium,106792200
1989,benin,Benin,570164
1989,bolivia-plurinational-state-of,Bolivia,4977477
1989,brazil,Brazil,212015970
1989,bulgaria,Bulgaria,86467180
1989,burkina-faso,Burkina Faso,820736
1989,burundi,Burundi,267472
1989,cambodia,Cambodia,450672
1989,cameroon,Cameroon,7577693
1989,canada,Canada,462888830
1989,chad,Chad,102592
1989,chile,Chile,32017860
1989,china,China,2462150000
1989,colombia,Colombia,53100070
1989,congo-dem-rep,Democratic Republic of the Congo,4351992
1989,cote-d-ivoire,Cote d Ivoire,8265983.5
1989,croatia,Croatia,21752126
1989,cuba,Cuba,35719060
1989,cyprus,Cyprus,4429735
1989,czech-republic,Czechia,172367140
1989,denmark,Denmark,48685212
1989,ecuador,Ecuador,20193758
1989,egypt-arab-rep,Egypt,69939700
1989,estonia,Estonia,38944670
1989,ethiopia,Ethiopia,2794114
1989,finland,Finland,52451540
1989,france,France,401469220
1989,georgia,Georgia,15043332
1989,germany,Germany,1008565250
1989,ghana,Ghana,3059440
1989,greece,Greece,73227450
1989,guatemala,Guatemala,4183066
1989,guinea,Guinea,1044240
1989,haiti,Haiti,1021837.94
1989,hong-kong-sar-china,Hong Kong,30141178
1989,hungary,Hungary,75909400
1989,iceland,Iceland,1896457
1989,india,India,540661900
1989,indonesia,Indonesia,131586056
1989,iran-islamic-rep,Iran,191114460
1989,iraq,Iraq,72973680
1989,ireland,Ireland,30061098
1989,israel,Israel,31394252
1989,italy,Italy,404741950
1989,japan,Japan,1021297860
1989,jordan,Jordan,9192353
1989,kazakhstan,Kazakhstan,264606140
1989,kenya,Kenya,5164357
1989,korea-dem-people-s-rep,North Korea,209252460
1989,korea-rep,South Korea,223510380
1989,kuwait,Kuwait,35836540
1989,latvia,Latvia,17943096
1989,lithuania,Lithuania,36816680
1989,luxembourg,Luxembourg,9849941
1989,madagascar,Madagascar,925801
1989,malawi,Malawi,563351
1989,malaysia,Malaysia,50083868
1989,mali,Mali,415882
1989,mexico,Mexico,323215970
1989,mongolia,Mongolia,10459013
1989,morocco,Morocco,22660664
1989,mozambique,Mozambique,1034531
1989,myanmar,Myanmar,4425299
1989,nepal,Nepal,893564
1989,netherlands,Netherlands,161664200
1989,new-zealand,New Zealand,25453206
1989,niger,Niger,1033957.94
1989,nigeria,Nigeria,42046410
1989,norway,Norway,34147852
1989,oman,Oman,10041137
1989,pakistan,Pakistan,60316616
1989,panama,Panama,2502445
1989,peru,Peru,21762108
1989,philippines,Philippines,38834464
1989,poland,Poland,422243800
1989,portugal,Portugal,40822224
1989,qatar,Qatar,14309990
1989,romania,Romania,212969520
1989,russian-federation,Russia,2405696800
1989,rwanda,Rwanda,684247
1989,saudi-arabia,Saudi Arabia,203375440
1989,senegal,Senegal,3661877
1989,serbia,Serbia,57896628
1989,singapore,Singapore,41003824
1989,slovak-republic,Slovakia,55271864
1989,slovenia,Slovenia,16434435
1989,somalia,Somalia,952072
1989,south-africa,South Africa,340714720
1989,spain,Spain,224892960
1989,sri-lanka,Sri Lanka,3419502
1989,sudan,Sudan,3441250
1989,sweden,Sweden,55520856
1989,switzerland,Switzerland,39388520
1989,syrian-arab-republic,Syria,34475828
1989,taiwan,Taiwan,115009890
1989,tanzania-united-rep,Tanzania,2161598
1989,thailand,Thailand,71695896
1989,tunisia,Tunisia,14272725
1989,turkiye,Turkey,137932800
1989,ukraine,Ukraine,683856060
1989,united-arab-emirates,United Arab Emirates,54384260
1989,united-kingdom,United Kingdom,581561500
1989,united-states,United States,4960237600
1989,uruguay,Uruguay,4862585
1989,uzbekistan,Uzbekistan,104126840
1989,venezuela-rb,Venezuela,108651310
1989,viet-nam,Vietnam,17397910
1989,yemen-rep,Yemen,9975881
1989,zambia,Zambia,2570005
1989,zimbabwe,Zimbabwe,16113653
1990,afghanistan,Afghanistan,2024326.1
1990,albania,Albania,5520602
1990,algeria,Algeria,75892110
1990,angola,Angola,5089864
1990,argentina,Argentina,112188296
1990,armenia,Armenia,9003210
1990,australia,Australia,278061000
1990,austria,Austria,62191450
1990,azerbaijan,Azerbaijan,51344710
1990,bangladesh,Bangladesh,14081596
1990,belarus,Belarus,108458880
1990,belgium,Belgium,120335410
1990,benin,Benin,579346
1990,bolivia-plurinational-state-of,Bolivia,10017548
1990,brazil,Brazil,218657680
1990,bulgaria,Bulgaria,76637944
1990,burkina-faso,Burkina Faso,593568
1990,burundi,Burundi,208848
1990,cambodia,Cambodia,1260416
1990,cameroon,Cameroon,2604793
1990,canada,Canada,458017860
1990,chad,Chad,377392
1990,chile,Chile,32908154
1990,china,China,2483534300
1990,colombia,Colombia,56856930
1990,congo-dem-rep,Democratic Republic of the Congo,4248965
1990,cote-d-ivoire,Cote d Ivoire,4781520
1990,croatia,Croatia,22885220
1990,cuba,Cuba,29637756
1990,cyprus,Cyprus,4647757
1990,czech-republic,Czechia,164252300
1990,denmark,Denmark,53476972
1990,ecuador,Ecuador,16500732
1990,egypt-arab-rep,Egypt,72883700
1990,estonia,Estonia,36906188
1990,ethiopia,Ethiopia,2986507
1990,finland,Finland,56921000
1990,france,France,394904320
1990,georgia,Georgia,14850285
1990,germany,Germany,1054795900
1990,ghana,Ghana,3513776
1990,greece,Greece,83436790
1990,guatemala,Guatemala,4657699
1990,guinea,Guinea,967296
1990,haiti,Haiti,993752
1990,hong-kong-sar-china,Hong Kong,27147690
1990,hungary,Hungary,73427330
1990,iceland,Iceland,2221979
1990,india,India,577986560
1990,indonesia,Indonesia,154990690
1990,iran-islamic-rep,Iran,211074610
1990,iraq,Iraq,49683310
1990,ireland,Ireland,32945302
1990,israel,Israel,35824360
1990,italy,Italy,438208030
1990,japan,Japan,1154853200
1990,jordan,Jordan,10590403
1990,kazakhstan,Kazakhstan,267405360
1990,kenya,Kenya,5788842
1990,korea-dem-people-s-rep,North Korea,118382584
1990,korea-rep,South Korea,250510830
1990,kuwait,Kuwait,37863400
1990,latvia,Latvia,19661604
1990,lithuania,Lithuania,35737676
1990,luxembourg,Luxembourg,11809167
1990,madagascar,Madagascar,944296
1990,malawi,Malawi,736906
1990,malaysia,Malaysia,54269364
1990,mali,Mali,422243
1990,mexico,Mexico,316745800
1990,mongolia,Mongolia,9791058
1990,morocco,Morocco,22297998
1990,mozambique,Mozambique,1025375.94
1990,myanmar,Myanmar,4235719
1990,nepal,Nepal,721436
1990,netherlands,Netherlands,163032750
1990,new-zealand,New Zealand,25490110
1990,niger,Niger,598802
1990,nigeria,Nigeria,38785600
1990,norway,Norway,35009000
1990,oman,Oman,11285067
1990,pakistan,Pakistan,67827370
1990,panama,Panama,2617690
1990,peru,Peru,21400794
1990,philippines,Philippines,40774044
1990,poland,Poland,376341540
1990,portugal,Portugal,45310736
1990,qatar,Qatar,11427918
1990,romania,Romania,176535100
1990,russian-federation,Russia,2536283600
1990,rwanda,Rwanda,523863.97
1990,saudi-arabia,Saudi Arabia,181971100
1990,senegal,Senegal,2929956
1990,serbia,Serbia,57537920
1990,singapore,Singapore,43535576
1990,slovak-republic,Slovakia,61528540
1990,slovenia,Slovenia,15097327
1990,somalia,Somalia,782197
1990,south-africa,South Africa,312933900
1990,spain,Spain,229382620
1990,sri-lanka,Sri Lanka,3802257
1990,sudan,Sudan,4783365
1990,sweden,Sweden,57416508
1990,switzerland,Switzerland,44148692
1990,syrian-arab-republic,Syria,37264530
1990,taiwan,Taiwan,124258000
1990,tanzania-united-rep,Tanzania,2112309
1990,thailand,Thailand,86563260
1990,tunisia,Tunisia,14622028
1990,turkiye,Turkey,154572100
1990,ukraine,Ukraine,706525700
1990,united-arab-emirates,United Arab Emirates,51907936
1990,united-kingdom,United Kingdom,601945100
1990,united-states,United States,5131760600
1990,uruguay,Uruguay,3976825
1990,uzbekistan,Uzbekistan,103123460
1990,venezuela-rb,Venezuela,120863880
1990,viet-nam,Vietnam,21298646
1990,yemen-rep,Yemen,9572039
1990,zambia,Zambia,2407113
1990,zimbabwe,Zimbabwe,15537013
1991,afghanistan,Afghanistan,1914301
1991,albania,Albania,4290226
1991,algeria,Algeria,77975864
1991,angola,Angola,5064054
1991,argentina,Argentina,117726930
1991,armenia,Armenia,7382952
1991,australia,Australia,279437380
1991,austria,Austria,65790084
1991,azerbaijan,Azerbaijan,50074016
1991,bangladesh,Bangladesh,14752975
1991,belarus,Belarus,104185950
1991,belgium,Belgium,123396216
1991,benin,Benin,619650
1991,bolivia-plurinational-state-of,Bolivia,10505752
1991,brazil,Brazil,229393580
1991,bulgaria,Bulgaria,61520710
1991,burkina-faso,Burkina Faso,637536
1991,burundi,Burundi,238160
1991,cambodia,Cambodia,1304384
1991,cameroon,Cameroon,2668440
1991,canada,Canada,449776450
1991,chad,Chad,388384
1991,chile,Chile,30891790
1991,china,China,2619143400
1991,colombia,Colombia,56609030
1991,congo-dem-rep,Democratic Republic of the Congo,3132604
1991,cote-d-ivoire,Cote d Ivoire,4308864
1991,croatia,Croatia,16999432
1991,cuba,Cuba,26961236
1991,cyprus,Cyprus,5136100
1991,czech-republic,Czechia,148886190
1991,denmark,Denmark,64104610
1991,ecuador,Ecuador,16198458
1991,egypt-arab-rep,Egypt,74446760
1991,estonia,Estonia,34135428
1991,ethiopia,Ethiopia,2958472
1991,finland,Finland,55195000
1991,france,France,419118720
1991,georgia,Georgia,14601507
1991,germany,Germany,1016929540
1991,ghana,Ghana,3901860
1991,greece,Greece,83406250
1991,guatemala,Guatemala,4756469
1991,guinea,Guinea,989280
1991,haiti,Haiti,974190
1991,hong-kong-sar-china,Hong Kong,28463072
1991,hungary,Hungary,69824900
1991,iceland,Iceland,2103066
1991,india,India,615388160
1991,indonesia,Indonesia,174754220
1991,iran-islamic-rep,Iran,223042000
1991,iraq,Iraq,45505268
1991,ireland,Ireland,33675164
1991,israel,Israel,36148456
1991,italy,Italy,437741820
1991,japan,Japan,1166552400
1991,jordan,Jordan,9991096
1991,kazakhstan,Kazakhstan,260420500
1991,kenya,Kenya,4804756
1991,korea-dem-people-s-rep,North Korea,112818820
1991,korea-rep,South Korea,275688220
1991,kuwait,Kuwait,492979420
1991,latvia,Latvia,17919586
1991,lithuania,Lithuania,37820376
1991,luxembourg,Luxembourg,12420411
1991,madagascar,Madagascar,1024866
1991,malawi,Malawi,787355
1991,malaysia,Malaysia,65785132
1991,mali,Mali,425894
1991,mexico,Mexico,329831040
1991,mongolia,Mongolia,11959794
1991,morocco,Morocco,23688164
1991,mozambique,Mozambique,941464
1991,myanmar,Myanmar,4137416
1991,nepal,Nepal,1026311.06
1991,netherlands,Netherlands,171469150
1991,new-zealand,New Zealand,26169858
1991,niger,Niger,566288
1991,nigeria,Nigeria,41841452
1991,norway,Norway,33466000
1991,oman,Oman,11658472
1991,pakistan,Pakistan,67477100
1991,panama,Panama,3088691
1991,peru,Peru,20757894
1991,philippines,Philippines,42874456
1991,poland,Poland,373366000
1991,portugal,Portugal,46879396
1991,qatar,Qatar,17414184
1991,romania,Romania,142258080
1991,russian-federation,Russia,2407641600
1991,rwanda,Rwanda,472136
1991,saudi-arabia,Saudi Arabia,244533900
1991,senegal,Senegal,3108070
1991,serbia,Serbia,40577030
1991,singapore,Singapore,44235470
1991,slovak-republic,Slovakia,53333930
1991,slovenia,Slovenia,13976541
1991,somalia,Somalia,707587
1991,south-africa,South Africa,326030370
1991,spain,Spain,239290670
1991,sri-lanka,Sri Lanka,4106687
1991,sudan,Sudan,4480046
1991,sweden,Sweden,57663956
1991,switzerland,Switzerland,46130730
1991,syrian-arab-republic,Syria,42424696
1991,taiwan,Taiwan,133631000
1991,tanzania-united-rep,Tanzania,2255268
1991,thailand,Thailand,95044824
1991,tunisia,Tunisia,16755327
1991,turkiye,Turkey,161125940
1991,ukraine,Ukraine,633193860
1991,united-arab-emirates,United Arab Emirates,56895576
1991,united-kingdom,United Kingdom,609412700
1991,united-states,United States,5076412400
1991,uruguay,Uruguay,4536652
1991,uzbekistan,Uzbekistan,102324080
1991,venezuela-rb,Venezuela,114220530
1991,viet-nam,Vietnam,21375534
1991,yemen-rep,Yemen,9181747
1991,zambia,Zambia,2381811
1991,zimbabwe,Zimbabwe,15490552
1992,afghanistan,Afghanistan,1482054
1992,albania,Albania,2517116
1992,algeria,Algeria,79284180
1992,angola,Angola,5164449
1992,argentina,Argentina,121514170
1992,armenia,Armenia,5723698
1992,australia,Australia,284433440
1992,austria,Austria,60291068
1992,azerbaijan,Azerbaijan,56174400
1992,bangladesh,Bangladesh,15390896
1992,belarus,Belarus,93596920
1992,belgium,Belgium,122519256
1992,benin,Benin,670946
1992,bolivia-plurinational-state-of,Bolivia,11025174
1992,brazil,Brazil,233600860
1992,bulgaria,Bulgaria,57355644
1992,burkina-faso,Burkina Faso,633872
1992,burundi,Burundi,216176
1992,cambodia,Cambodia,1348352
1992,cameroon,Cameroon,2712299
1992,canada,Canada,463392770
1992,chad,Chad,403040
1992,chile,Chile,32000672
1992,china,China,2731290400
1992,colombia,Colombia,61340670
1992,congo-dem-rep,Democratic Republic of the Congo,2808223
1992,cote-d-ivoire,Cote d Ivoire,3843536
1992,croatia,Croatia,16379164
1992,cuba,Cuba,20754494
1992,cyprus,Cyprus,5508841
1992,czech-republic,Czechia,145708180
1992,denmark,Denmark,58326548
1992,ecuador,Ecuador,21997534
1992,egypt-arab-rep,Egypt,77419350
1992,estonia,Estonia,24413122
1992,ethiopia,Ethiopia,2936737
1992,finland,Finland,54272000
1992,france,France,408433000
1992,georgia,Georgia,14126711
1992,germany,Germany,969464450
1992,ghana,Ghana,3242640
1992,greece,Greece,84973990
1992,guatemala,Guatemala,5791402
1992,guinea,Guinea,1014928
1992,haiti,Haiti,886651
1992,hong-kong-sar-china,Hong Kong,32922138
1992,hungary,Hungary,62280756
1992,iceland,Iceland,2249322
1992,india,India,655423550
1992,indonesia,Indonesia,199298020
1992,iran-islamic-rep,Iran,228193820
1992,iraq,Iraq,59019990
1992,ireland,Ireland,33496132
1992,israel,Israel,42082496
1992,italy,Italy,437936500
1992,japan,Japan,1175454300
1992,jordan,Jordan,12188864
1992,kazakhstan,Kazakhstan,233523400
1992,kenya,Kenya,5504709
1992,korea-dem-people-s-rep,North Korea,97985270
1992,korea-rep,South Korea,299905440
1992,kuwait,Kuwait,29683202
1992,latvia,Latvia,14193533
1992,lithuania,Lithuania,21168442
1992,luxembourg,Luxembourg,12189432
1992,madagascar,Madagascar,1002845.06
1992,malawi,Malawi,787089
1992,malaysia,Malaysia,72961016
1992,mali,Mali,462522
1992,mexico,Mexico,332453400
1992,mongolia,Mongolia,10942613
1992,morocco,Morocco,24736784
1992,mozambique,Mozambique,1027205.94
1992,myanmar,Myanmar,4841915
1992,nepal,Nepal,1232929
1992,netherlands,Netherlands,171277390
1992,new-zealand,New Zealand,28153966
1992,niger,Niger,520943
1992,nigeria,Nigeria,46161516
1992,norway,Norway,34402000
1992,oman,Oman,11956003
1992,pakistan,Pakistan,72014920
1992,panama,Panama,4097877
1992,peru,Peru,20985784
1992,philippines,Philippines,47771740
1992,poland,Poland,364282660
1992,portugal,Portugal,50956710
1992,qatar,Qatar,26815866
1992,romania,Romania,132002824
1992,russian-federation,Russia,1963458400
1992,rwanda,Rwanda,479486
1992,saudi-arabia,Saudi Arabia,276011360
1992,senegal,Senegal,3165871
1992,serbia,Serbia,43635704
1992,singapore,Singapore,47441470
1992,slovak-republic,Slovakia,48930976
1992,slovenia,Slovenia,13885939
1992,somalia,Somalia,666088
1992,south-africa,South Africa,301329060
1992,spain,Spain,247686580
1992,sri-lanka,Sri Lanka,5035799
1992,sudan,Sudan,4001423
1992,sweden,Sweden,57509810
1992,switzerland,Switzerland,46018068
1992,syrian-arab-republic,Syria,42803370
1992,taiwan,Taiwan,142432000
1992,tanzania-united-rep,Tanzania,2177588
1992,thailand,Thailand,105513450
1992,tunisia,Tunisia,15843426
1992,turkiye,Turkey,167234000
1992,ukraine,Ukraine,589505200
1992,united-arab-emirates,United Arab Emirates,58005216
1992,united-kingdom,United Kingdom,593845950
1992,united-states,United States,5178769400
1992,uruguay,Uruguay,5151301
1992,uzbekistan,Uzbekistan,110990940
1992,venezuela-rb,Venezuela,104738600
1992,viet-nam,Vietnam,21466460
1992,yemen-rep,Yemen,9925889
1992,zambia,Zambia,2424693
1992,zimbabwe,Zimbabwe,16702375
1993,afghanistan,Afghanistan,1486943
1993,albania,Albania,2337999
1993,algeria,Algeria,81305970
1993,angola,Angola,5748389
1993,argentina,Argentina,118020980
1993,armenia,Armenia,2510247
1993,australia,Australia,288780400
1993,austria,Austria,60710530
1993,azerbaijan,Azerbaijan,48406096
1993,bangladesh,Bangladesh,16073917
1993,belarus,Belarus,80674480
1993,belgium,Belgium,121451200
1993,benin,Benin,807422
1993,bolivia-plurinational-state-of,Bolivia,11561578
1993,brazil,Brazil,244305540
1993,bulgaria,Bulgaria,58389170
1993,burkina-faso,Burkina Faso,633872
1993,burundi,Burundi,227168
1993,cambodia,Cambodia,1384992
1993,cameroon,Cameroon,2865801
1993,canada,Canada,464071580
1993,chad,Chad,399376
1993,chile,Chile,34097864
1993,china,China,2914284500
1993,colombia,Colombia,63260200
1993,congo-dem-rep,Democratic Republic of the Congo,2662330
1993,cote-d-ivoire,Cote d Ivoire,5092960
1993,croatia,Croatia,16811040
1993,cuba,Cuba,19789710
1993,cyprus,Cyprus,5752779
1993,czech-republic,Czechia,140126130
1993,denmark,Denmark,60573716
1993,ecuador,Ecuador,24121470
1993,egypt-arab-rep,Egypt,90834730
1993,estonia,Estonia,19433166
1993,ethiopia,Ethiopia,2993623
1993,finland,Finland,56320000
1993,france,France,388889700
1993,georgia,Georgia,9883731
1993,germany,Germany,959385860
1993,ghana,Ghana,3817888
1993,greece,Greece,84283290
1993,guatemala,Guatemala,5571562
1993,guinea,Guinea,1044240
1993,haiti,Haiti,683106
1993,hong-kong-sar-china,Hong Kong,34777844
1993,hungary,Hungary,62991350
1993,iceland,Iceland,2400140
1993,india,India,677262100
1993,indonesia,Indonesia,214962850
1993,iran-islamic-rep,Iran,236992530
1993,iraq,Iraq,63263100
1993,ireland,Ireland,33717148
1993,israel,Israel,44234508
1993,italy,Italy,430267780
1993,japan,Japan,1169328000
1993,jordan,Jordan,12008472
1993,kazakhstan,Kazakhstan,207558720
1993,kenya,Kenya,6311647
1993,korea-dem-people-s-rep,North Korea,89585224
1993,korea-rep,South Korea,330173950
1993,kuwait,Kuwait,49162756
1993,latvia,Latvia,11921674
1993,lithuania,Lithuania,16319714
1993,luxembourg,Luxembourg,12338294
1993,madagascar,Madagascar,1028456
1993,malawi,Malawi,878576
1993,malaysia,Malaysia,86612380
1993,mali,Mali,502812.97
1993,mexico,Mexico,337721920
1993,mongolia,Mongolia,9193024
1993,morocco,Morocco,26782156
1993,mozambique,Mozambique,1140326
1993,myanmar,Myanmar,5303029
1993,nepal,Nepal,1397333
1993,netherlands,Netherlands,171185020
1993,new-zealand,New Zealand,27745960
1993,niger,Niger,602075
1993,nigeria,Nigeria,44704576
1993,norway,Norway,35948000
1993,oman,Oman,13291398
1993,pakistan,Pakistan,77175720
1993,panama,Panama,3749194
1993,peru,Peru,23884756
1993,philippines,Philippines,48341996
1993,poland,Poland,364957820
1993,portugal,Portugal,49468972
1993,qatar,Qatar,30720746
1993,romania,Romania,122709180
1993,russian-federation,Russia,1866524800
1993,rwanda,Rwanda,482945
1993,saudi-arabia,Saudi Arabia,297754200
1993,senegal,Senegal,3286192
1993,serbia,Serbia,37996972
1993,singapore,Singapore,49661856
1993,slovak-republic,Slovakia,46394332
1993,slovenia,Slovenia,14254250
1993,somalia,Somalia,625768
1993,south-africa,South Africa,320352640
1993,spain,Spain,239099310
1993,sri-lanka,Sri Lanka,4912021
1993,sudan,Sudan,2754720
1993,sweden,Sweden,57516756
1993,switzerland,Switzerland,43609670
1993,syrian-arab-republic,Syria,45521532
1993,taiwan,Taiwan,154046000
1993,tanzania-united-rep,Tanzania,2426036
1993,thailand,Thailand,121855060
1993,tunisia,Tunisia,17179850
1993,turkiye,Turkey,174291140
1993,ukraine,Ukraine,510495400
1993,united-arab-emirates,United Arab Emirates,65832140
1993,united-kingdom,United Kingdom,579612540
1993,united-states,United States,5279520300
1993,uruguay,Uruguay,4447071
1993,uzbekistan,Uzbekistan,115619100
1993,venezuela-rb,Venezuela,123051510
1993,viet-nam,Vietnam,22853002
1993,yemen-rep,Yemen,8678741
1993,zambia,Zambia,2466007
1993,zimbabwe,Zimbabwe,16031956
1994,afghanistan,Afghanistan,1453829
1994,albania,Albania,1923806
1994,algeria,Algeria,87848480
1994,angola,Angola,11353248
1994,argentina,Argentina,118506770
1994,armenia,Armenia,2684702
1994,australia,Australia,293613280
1994,austria,Austria,61080120
1994,azerbaijan,Azerbaijan,41944856
1994,bangladesh,Bangladesh,17552698
1994,belarus,Belarus,67989830
1994,belgium,Belgium,124833050
1994,benin,Benin,911527
1994,bolivia-plurinational-state-of,Bolivia,9649576
1994,brazil,Brazil,254002260
1994,bulgaria,Bulgaria,56382556
1994,burkina-faso,Burkina Faso,659520
1994,burundi,Burundi,234496
1994,cambodia,Cambodia,1425296
1994,cameroon,Cameroon,4879764
1994,canada,Canada,478467870
1994,chad,Chad,415769
1994,chile,Chile,37974876
1994,china,China,3093890800
1994,colombia,Colombia,66981812
1994,congo-dem-rep,Democratic Republic of the Congo,2750982
1994,cote-d-ivoire,Cote d Ivoire,4132991.8
1994,croatia,Croatia,16054554
1994,cuba,Cuba,21426368
1994,cyprus,Cyprus,5994995
1994,czech-republic,Czechia,132670150
1994,denmark,Denmark,64673270
1994,ecuador,Ecuador,14338388
1994,egypt-arab-rep,Egypt,87482984
1994,estonia,Estonia,20038918
1994,ethiopia,Ethiopia,2197201
1994,finland,Finland,61739000
1994,france,France,381903100
1994,georgia,Georgia,5897420
1994,germany,Germany,943227650
1994,ghana,Ghana,4539696
1994,greece,Greece,86429010
1994,guatemala,Guatemala,6638779
1994,guinea,Guinea,1084544
1994,haiti,Haiti,183200
1994,hong-kong-sar-china,Hong Kong,31079292
1994,hungary,Hungary,61880370
1994,iceland,Iceland,2349279
1994,india,India,714042800
1994,indonesia,Indonesia,219199950
1994,iran-islamic-rep,Iran,264821940
1994,iraq,Iraq,76572620
1994,ireland,Ireland,34838990
1994,israel,Israel,47474584
1994,italy,Italy,424506720
1994,japan,Japan,1223158300
1994,jordan,Jordan,13521499
1994,kazakhstan,Kazakhstan,174671120
1994,kenya,Kenya,6522694
1994,korea-dem-people-s-rep,North Korea,81584010
1994,korea-rep,South Korea,355694820
1994,kuwait,Kuwait,57264612
1994,latvia,Latvia,10370181
1994,lithuania,Lithuania,15767042
1994,luxembourg,Luxembourg,11523991
1994,madagascar,Madagascar,1152219
1994,malawi,Malawi,901750
1994,malaysia,Malaysia,87497430
1994,mali,Mali,548393
1994,mexico,Mexico,351533920
1994,mongolia,Mongolia,7864772
1994,morocco,Morocco,28123800
1994,mozambique,Mozambique,1098034
1994,myanmar,Myanmar,6173965
1994,nepal,Nepal,1619432
1994,netherlands,Netherlands,171951920
1994,new-zealand,New Zealand,27885176
1994,niger,Niger,577108
1994,nigeria,Nigeria,80360184
1994,norway,Norway,37863000
1994,oman,Oman,17465970
1994,pakistan,Pakistan,84018296
1994,panama,Panama,4135693
1994,peru,Peru,24176558
1994,philippines,Philippines,53478676
1994,poland,Poland,359990980
1994,portugal,Portugal,50242740
1994,qatar,Qatar,32375302
1994,romania,Romania,120868470
1994,russian-federation,Russia,1646876200
1994,rwanda,Rwanda,462123
1994,saudi-arabia,Saudi Arabia,291208500
1994,senegal,Senegal,3635729
1994,serbia,Serbia,36967044
1994,singapore,Singapore,60085936
1994,slovak-republic,Slovakia,43803520
1994,slovenia,Slovenia,14639140
1994,somalia,Somalia,618425
1994,south-africa,South Africa,338701250
1994,spain,Spain,251388200
1994,sri-lanka,Sri Lanka,5341534
1994,sudan,Sudan,3837880
1994,sweden,Sweden,59997400
1994,switzerland,Switzerland,42667984
1994,syrian-arab-republic,Syria,45956020
1994,taiwan,Taiwan,161564000
1994,tanzania-united-rep,Tanzania,2063123
1994,thailand,Thailand,136870030
1994,tunisia,Tunisia,16760534
1994,turkiye,Turkey,170592420
1994,ukraine,Ukraine,419630270
1994,united-arab-emirates,United Arab Emirates,75350420
1994,united-kingdom,United Kingdom,574016900
1994,united-states,United States,5361863000
1994,uruguay,Uruguay,4040712
1994,uzbekistan,Uzbekistan,109786616
1994,venezuela-rb,Venezuela,119060250
1994,viet-nam,Vietnam,27362152
1994,yemen-rep,Yemen,9964473
1994,zambia,Zambia,2393258
1994,zimbabwe,Zimbabwe,17382598
1995,afghanistan,Afghanistan,1417327
1995,albania,Albania,2089065.1
1995,algeria,Algeria,95905704
1995,angola,Angola,12616650
1995,argentina,Argentina,125415496
1995,armenia,Armenia,3362694
1995,australia,Australia,304962300
1995,austria,Austria,64063036
1995,azerbaijan,Azerbaijan,33309350
1995,bangladesh,Bangladesh,21056370
1995,belarus,Belarus,61014530
1995,belgium,Belgium,125969300
1995,benin,Benin,956267
1995,bolivia-plurinational-state-of,Bolivia,9028558
1995,brazil,Brazil,268677540
1995,bulgaria,Bulgaria,57916560
1995,burkina-faso,Burkina Faso,660750
1995,burundi,Burundi,238160
1995,cambodia,Cambodia,1498576
1995,cameroon,Cameroon,5374671
1995,canada,Canada,491305340
1995,chad,Chad,427411
1995,chile,Chile,41562676
1995,china,China,3351197200
1995,colombia,Colombia,59349884
1995,congo-dem-rep,Democratic Republic of the Congo,3096173
1995,cote-d-ivoire,Cote d Ivoire,6225337
1995,croatia,Croatia,16814490
1995,cuba,Cuba,22868304
1995,cyprus,Cyprus,5865764
1995,czech-republic,Czechia,131623810
1995,denmark,Denmark,61653396
1995,ecuador,Ecuador,23533636
1995,egypt-arab-rep,Egypt,97968230
1995,estonia,Estonia,18053452
1995,ethiopia,Ethiopia,2505953
1995,finland,Finland,58122000
1995,france,France,386958820
1995,georgia,Georgia,2265662
1995,germany,Germany,939933600
1995,ghana,Ghana,4623968
1995,greece,Greece,86962370
1995,guatemala,Guatemala,7085017
1995,guinea,Guinea,1121184
1995,haiti,Haiti,875696
1995,hong-kong-sar-china,Hong Kong,31270612
1995,hungary,Hungary,61464130
1995,iceland,Iceland,2468948
1995,india,India,760480200
1995,indonesia,Indonesia,222225300
1995,iran-islamic-rep,Iran,270875330
1995,iraq,Iraq,79841260
1995,ireland,Ireland,35853360
1995,israel,Israel,49865530
1995,italy,Italy,448595840
1995,japan,Japan,1235873200
1995,jordan,Jordan,13451244
1995,kazakhstan,Kazakhstan,168467980
1995,kenya,Kenya,7515300
1995,korea-dem-people-s-rep,North Korea,76085464
1995,korea-rep,South Korea,383665470
1995,kuwait,Kuwait,56262870
1995,latvia,Latvia,9133941
1995,lithuania,Lithuania,15057343
1995,luxembourg,Luxembourg,9134483
1995,madagascar,Madagascar,1192441
1995,malawi,Malawi,903090
1995,malaysia,Malaysia,109595210
1995,mali,Mali,595200
1995,mexico,Mexico,330905300
1995,mongolia,Mongolia,7837062
1995,morocco,Morocco,28750270
1995,mozambique,Mozambique,1130973
1995,myanmar,Myanmar,6892622
1995,nepal,Nepal,2308915
1995,netherlands,Netherlands,173482380
1995,new-zealand,New Zealand,27989446
1995,niger,Niger,558041
1995,nigeria,Nigeria,84230400
1995,norway,Norway,38469000
1995,oman,Oman,18816350
1995,pakistan,Pakistan,83614360
1995,panama,Panama,3608348
1995,peru,Peru,25143060
1995,philippines,Philippines,59219920
1995,poland,Poland,362482900
1995,portugal,Portugal,54502868
1995,qatar,Qatar,33170074
1995,romania,Romania,125675384
1995,russian-federation,Russia,1618286200
1995,rwanda,Rwanda,451097
1995,saudi-arabia,Saudi Arabia,274604480
1995,senegal,Senegal,2990441
1995,serbia,Serbia,39046988
1995,singapore,Singapore,40545824
1995,slovak-republic,Slovakia,44194172
1995,slovenia,Slovenia,15356992
1995,somalia,Somalia,585433
1995,south-africa,South Africa,361711940
1995,spain,Spain,265068580
1995,sri-lanka,Sri Lanka,5717072
1995,sudan,Sudan,3962518
1995,sweden,Sweden,59487264
1995,switzerland,Switzerland,43413744
1995,syrian-arab-republic,Syria,46391916
1995,taiwan,Taiwan,170064000
1995,tanzania-united-rep,Tanzania,2433890
1995,thailand,Thailand,153650030
1995,tunisia,Tunisia,16623121
1995,turkiye,Turkey,184674720
1995,ukraine,Ukraine,390173470
1995,united-arab-emirates,United Arab Emirates,72873750
1995,united-kingdom,United Kingdom,566158900
1995,united-states,United States,5425837600
1995,uruguay,Uruguay,4565265
1995,uzbekistan,Uzbekistan,104804136
1995,venezuela-rb,Venezuela,124830390
1995,viet-nam,Vietnam,30088472
1995,yemen-rep,Yemen,11137874
1995,zambia,Zambia,2142313
1995,zimbabwe,Zimbabwe,15017400
1996,afghanistan,Afghanistan,1370104
1996,albania,Albania,2017508
1996,algeria,Algeria,99559530
1996,angola,Angola,15248957
1996,argentina,Argentina,131445544
1996,armenia,Armenia,2500312
1996,australia,Australia,311850880
1996,austria,Austria,67410310
1996,azerbaijan,Azerbaijan,31242310
1996,bangladesh,Bangladesh,21507472
1996,belarus,Belarus,61843570
1996,belgium,Belgium,129503280
1996,benin,Benin,1183806
1996,bolivia-plurinational-state-of,Bolivia,10027261
1996,brazil,Brazil,289310900
1996,bulgaria,Bulgaria,58460404
1996,burkina-faso,Burkina Faso,726684
1996,burundi,Burundi,241824
1996,cambodia,Cambodia,1516896
1996,cameroon,Cameroon,5974660
1996,canada,Canada,507775200
1996,chad,Chad,443217
1996,chile,Chile,48226290
1996,china,China,3499310600
1996,colombia,Colombia,59628172
1996,congo-dem-rep,Democratic Republic of the Congo,3472628
1996,cote-d-ivoire,Cote d Ivoire,7526009
1996,croatia,Croatia,17338434
1996,cuba,Cuba,23303738
1996,cyprus,Cyprus,6215677
1996,czech-republic,Czechia,135019230
1996,denmark,Denmark,74899650
1996,ecuador,Ecuador,25337244
1996,egypt-arab-rep,Egypt,97042340
1996,estonia,Estonia,19032882
1996,ethiopia,Ethiopia,2794189
1996,finland,Finland,64040000
1996,france,France,403351940
1996,georgia,Georgia,4045672
1996,germany,Germany,959690100
1996,ghana,Ghana,4858464
1996,greece,Greece,89114104
1996,guatemala,Guatemala,6539781
1996,guinea,Guinea,1183472
1996,haiti,Haiti,1018592
1996,hong-kong-sar-china,Hong Kong,28908528
1996,hungary,Hungary,63083060
1996,iceland,Iceland,2523004
1996,india,India,823602200
1996,indonesia,Indonesia,252855740
1996,iran-islamic-rep,Iran,276620320
1996,iraq,Iraq,74822970
1996,ireland,Ireland,37469464
1996,israel,Israel,51935750
1996,italy,Italy,442842900
1996,japan,Japan,1248690000
1996,jordan,Jordan,14073579
1996,kazakhstan,Kazakhstan,154715700
1996,kenya,Kenya,9283094
1996,korea-dem-people-s-rep,North Korea,66291536
1996,korea-rep,South Korea,420996060
1996,kuwait,Kuwait,51768196
1996,latvia,Latvia,9211659
1996,lithuania,Lithuania,15739963
1996,luxembourg,Luxembourg,9185693
1996,madagascar,Madagascar,1249003
1996,malawi,Malawi,919530
1996,malaysia,Malaysia,110108470
1996,mali,Mali,646081
1996,mexico,Mexico,341543740
1996,mongolia,Mongolia,7935414
1996,morocco,Morocco,29524522
1996,mozambique,Mozambique,1091814
1996,myanmar,Myanmar,7187982
1996,nepal,Nepal,2352779
1996,netherlands,Netherlands,182542600
1996,new-zealand,New Zealand,29287784
1996,niger,Niger,638863
1996,nigeria,Nigeria,97767470
1996,norway,Norway,41540000
1996,oman,Oman,18197204
1996,pakistan,Pakistan,93542460
1996,panama,Panama,4396612
1996,peru,Peru,24717086
1996,philippines,Philippines,60436716
1996,poland,Poland,377118620
1996,portugal,Portugal,51799536
1996,qatar,Qatar,34472460
1996,romania,Romania,129117050
1996,russian-federation,Russia,1586632700
1996,rwanda,Rwanda,464039
1996,saudi-arabia,Saudi Arabia,269498400
1996,senegal,Senegal,3242787
1996,serbia,Serbia,45695570
1996,singapore,Singapore,48012940
1996,slovak-republic,Slovakia,44075516
1996,slovenia,Slovenia,16002613
1996,somalia,Somalia,575248
1996,south-africa,South Africa,363732320
1996,spain,Spain,252561920
1996,sri-lanka,Sri Lanka,6862750
1996,sudan,Sudan,4096000.2
1996,sweden,Sweden,63349024
1996,switzerland,Switzerland,44106828
1996,syrian-arab-republic,Syria,47445684
1996,taiwan,Taiwan,178059000
1996,tanzania-united-rep,Tanzania,2526706
1996,thailand,Thailand,173565810
1996,tunisia,Tunisia,17211026
1996,turkiye,Turkey,203097950
1996,ukraine,Ukraine,351834200
1996,united-arab-emirates,United Arab Emirates,75836120
1996,united-kingdom,United Kingdom,586760700
1996,united-states,United States,5601094000
1996,uruguay,Uruguay,5413614
1996,uzbekistan,Uzbekistan,108188860
1996,venezuela-rb,Venezuela,118346770
1996,viet-nam,Vietnam,35481510
1996,yemen-rep,Yemen,11375245
1996,zambia,Zambia,1837995
1996,zimbabwe,Zimbabwe,14894246
1997,afghanistan,Afghanistan,1304152
1997,albania,Albania,1543009
1997,algeria,Algeria,87516910
1997,angola,Angola,15884249
1997,argentina,Argentina,136617010
1997,armenia,Armenia,3252761
1997,australia,Australia,320242530
1997,austria,Austria,67304890
1997,azerbaijan,Azerbaijan,29842898
1997,bangladesh,Bangladesh,23144114
1997,belarus,Belarus,61697460
1997,belgium,Belgium,124017384
1997,benin,Benin,1223975
1997,bolivia-plurinational-state-of,Bolivia,11732910
1997,brazil,Brazil,306949060
1997,bulgaria,Bulgaria,55806190
1997,burkina-faso,Burkina Faso,763703
1997,burundi,Burundi,249152
1997,cambodia,Cambodia,1465600
1997,cameroon,Cameroon,5378781
1997,canada,Canada,522018700
1997,chad,Chad,453097
1997,chile,Chile,55942020
1997,china,China,3512350000
1997,colombia,Colombia,65095604
1997,congo-dem-rep,Democratic Republic of the Congo,3089412
1997,cote-d-ivoire,Cote d Ivoire,7211238
1997,croatia,Croatia,18569168
1997,cuba,Cuba,24823734
1997,cyprus,Cyprus,6302385
1997,czech-republic,Czechia,130942000
1997,denmark,Denmark,65437820
1997,ecuador,Ecuador,19461390
1997,egypt-arab-rep,Egypt,110934080
1997,estonia,Estonia,18673228
1997,ethiopia,Ethiopia,2980158
1997,finland,Finland,62703000
1997,france,France,396023140
1997,georgia,Georgia,4412001
1997,germany,Germany,931508100
1997,ghana,Ghana,5514320
1997,greece,Greece,93801120
1997,guatemala,Guatemala,7460356
1997,guinea,Guinea,1238432
1997,haiti,Haiti,1348352
1997,hong-kong-sar-china,Hong Kong,30496980
1997,hungary,Hungary,61675956
1997,iceland,Iceland,2618382
1997,india,India,857975740
1997,indonesia,Indonesia,279695600
1997,iran-islamic-rep,Iran,269262880
1997,iraq,Iraq,76296350
1997,ireland,Ireland,38804936
1997,israel,Israel,54865704
1997,italy,Italy,448570940
1997,japan,Japan,1240980400
1997,jordan,Jordan,14308130
1997,kazakhstan,Kazakhstan,147293120
1997,kenya,Kenya,8226742
1997,korea-dem-people-s-rep,North Korea,63678850
1997,korea-rep,South Korea,444967600
1997,kuwait,Kuwait,56764860
1997,latvia,Latvia,8679916
1997,lithuania,Lithuania,15162846
1997,luxembourg,Luxembourg,8547978
1997,madagascar,Madagascar,1535182
1997,malawi,Malawi,918222
1997,malaysia,Malaysia,118471340
1997,mali,Mali,723001
1997,mexico,Mexico,362465900
1997,mongolia,Mongolia,7615103
1997,morocco,Morocco,29977578
1997,mozambique,Mozambique,1170237
1997,myanmar,Myanmar,7419640
1997,nepal,Nepal,2641111
1997,netherlands,Netherlands,175466190
1997,new-zealand,New Zealand,31261426
1997,niger,Niger,647858
1997,nigeria,Nigeria,95648950
1997,norway,Norway,41644000
1997,oman,Oman,18144510
1997,pakistan,Pakistan,93788160
1997,panama,Panama,4572321
1997,peru,Peru,27747166
1997,philippines,Philippines,69147080
1997,poland,Poland,367199100
1997,portugal,Portugal,54669410
1997,qatar,Qatar,42232244
1997,romania,Romania,118114570
1997,russian-federation,Russia,1481963500
1997,rwanda,Rwanda,482528
1997,saudi-arabia,Saudi Arabia,227148660
1997,senegal,Senegal,3182368
1997,serbia,Serbia,49097884
1997,singapore,Singapore,56737040
1997,slovak-republic,Slovakia,44147080
1997,slovenia,Slovenia,16512503
1997,somalia,Somalia,534944
1997,south-africa,South Africa,385215420
1997,spain,Spain,264899440
1997,sri-lanka,Sri Lanka,7400961
1997,sudan,Sudan,5022669
1997,sweden,Sweden,58355300
1997,switzerland,Switzerland,43046316
1997,syrian-arab-republic,Syria,49605196
1997,taiwan,Taiwan,190782000
1997,tanzania-united-rep,Tanzania,2824358
1997,thailand,Thailand,181202740
1997,tunisia,Tunisia,17809592
1997,turkiye,Turkey,215511520
1997,ukraine,Ukraine,340586000
1997,united-arab-emirates,United Arab Emirates,73297510
1997,united-kingdom,United Kingdom,562708160
1997,united-states,United States,5673144000
1997,uruguay,Uruguay,5522419
1997,uzbekistan,Uzbekistan,109029016
1997,venezuela-rb,Venezuela,129754620
1997,viet-nam,Vietnam,45502070
1997,yemen-rep,Yemen,12260347
1997,zambia,Zambia,2354102
1997,zimbabwe,Zimbabwe,13900992
1998,afghanistan,Afghanistan,1278504
1998,albania,Albania,1754709
1998,algeria,Algeria,105740130
1998,angola,Angola,16513294
1998,argentina,Argentina,139505300
1998,armenia,Armenia,3419094
1998,australia,Australia,334037800
1998,austria,Austria,66936904
1998,azerbaijan,Azerbaijan,31784872
1998,bangladesh,Bangladesh,23216120
1998,belarus,Belarus,60184024
1998,belgium,Belgium,130255750
1998,benin,Benin,1113856
1998,bolivia-plurinational-state-of,Bolivia,11264037
1998,brazil,Brazil,317359420
1998,bulgaria,Bulgaria,53113840
1998,burkina-faso,Burkina Faso,847950
1998,burundi,Burundi,249152
1998,cambodia,Cambodia,1875968
1998,cameroon,Cameroon,5373172
1998,canada,Canada,529614820
1998,chad,Chad,463839
1998,chile,Chile,57258430
1998,china,China,3355336000
1998,colombia,Colombia,65559572
1998,congo-dem-rep,Democratic Republic of the Congo,2733258
1998,cote-d-ivoire,Cote d Ivoire,6748157
1998,croatia,Croatia,19040028
1998,cuba,Cuba,24308508
1998,cyprus,Cyprus,6596848
1998,czech-republic,Czechia,125716776
1998,denmark,Denmark,61238296
1998,ecuador,Ecuador,23116696
1998,egypt-arab-rep,Egypt,124256280
1998,estonia,Estonia,16933114
1998,ethiopia,Ethiopia,3147422
1998,finland,Finland,59358000
1998,france,France,414357000
1998,georgia,Georgia,4863530
1998,germany,Germany,923498700
1998,ghana,Ghana,5583936
1998,greece,Greece,98621380
1998,guatemala,Guatemala,8620270
1998,guinea,Guinea,1311712
1998,haiti,Haiti,1234768
1998,hong-kong-sar-china,Hong Kong,38924984
1998,hungary,Hungary,61255404
1998,iceland,Iceland,2638281
1998,india,India,875783360
1998,indonesia,Indonesia,244315330
1998,iran-islamic-rep,Iran,305641630
1998,iraq,Iraq,80983930
1998,ireland,Ireland,40708444
1998,israel,Israel,56009770
1998,italy,Italy,460824400
1998,japan,Japan,1201334400
1998,jordan,Jordan,14447417
1998,kazakhstan,Kazakhstan,145621870
1998,kenya,Kenya,9998502
1998,korea-dem-people-s-rep,North Korea,58749300
1998,korea-rep,South Korea,378037800
1998,kuwait,Kuwait,52910390
1998,latvia,Latvia,8306022.5
1998,lithuania,Lithuania,15997053
1998,luxembourg,Luxembourg,7656827
1998,madagascar,Madagascar,1619053
1998,malawi,Malawi,901754
1998,malaysia,Malaysia,109781690
1998,mali,Mali,930656
1998,mexico,Mexico,381101800
1998,mongolia,Mongolia,7621516
1998,morocco,Morocco,30881156
1998,mozambique,Mozambique,1111895
1998,myanmar,Myanmar,8046166.5
1998,nepal,Nepal,2223327
1998,netherlands,Netherlands,176396200
1998,new-zealand,New Zealand,29837288
1998,niger,Niger,696173
1998,nigeria,Nigeria,86338210
1998,norway,Norway,41838000
1998,oman,Oman,18543088
1998,pakistan,Pakistan,96740740
1998,panama,Panama,5835110
1998,peru,Peru,28065826
1998,philippines,Philippines,67378680
1998,poland,Poland,338980030
1998,portugal,Portugal,59210880
1998,qatar,Qatar,36960010
1998,romania,Romania,104783420
1998,russian-federation,Russia,1465858700
1998,rwanda,Rwanda,481522
1998,saudi-arabia,Saudi Arabia,218914960
1998,senegal,Senegal,3333565
1998,serbia,Serbia,51690776
1998,singapore,Singapore,47412160
1998,slovak-republic,Slovakia,43877524
1998,slovenia,Slovenia,16044565
1998,somalia,Somalia,505631.97
1998,south-africa,South Africa,377273440
1998,spain,Spain,273649820
1998,sri-lanka,Sri Lanka,7621323
1998,sudan,Sudan,4372377
1998,sweden,Sweden,58767172
1998,switzerland,Switzerland,44622480
1998,syrian-arab-republic,Syria,53496292
1998,taiwan,Taiwan,200546000
1998,tanzania-united-rep,Tanzania,2480937
1998,thailand,Thailand,159704030
1998,tunisia,Tunisia,18292140
1998,turkiye,Turkey,215585820
1998,ukraine,Ukraine,328877980
1998,united-arab-emirates,United Arab Emirates,80624520
1998,united-kingdom,United Kingdom,568543700
1998,united-states,United States,5736360000
1998,uruguay,Uruguay,5650996
1998,uzbekistan,Uzbekistan,120976110
1998,venezuela-rb,Venezuela,134993220
1998,viet-nam,Vietnam,47866350
1998,yemen-rep,Yemen,12930947
1998,zambia,Zambia,2278458
1998,zimbabwe,Zimbabwe,14127475
1999,afghanistan,Afghanistan,1091640
1999,albania,Albania,2986196
1999,algeria,Algeria,90612900
1999,angola,Angola,17261278
1999,argentina,Argentina,148344580
1999,armenia,Armenia,3040204
1999,australia,Australia,343876200
1999,austria,Austria,65667700
1999,azerbaijan,Azerbaijan,28821594
1999,bangladesh,Bangladesh,25093308
1999,belarus,Belarus,58075780
1999,belgium,Belgium,124718600
1999,benin,Benin,1461936
1999,bolivia-plurinational-state-of,Bolivia,10950275
1999,brazil,Brazil,327255650
1999,bulgaria,Bulgaria,46371320
1999,burkina-faso,Burkina Faso,1040182
1999,burundi,Burundi,252815.98
1999,cambodia,Cambodia,1894288
1999,cameroon,Cameroon,5219450
1999,canada,Canada,543859500
1999,chad,Chad,473581
1999,chile,Chile,61407972
1999,china,China,3549949000
1999,colombia,Colombia,55285852
1999,congo-dem-rep,Democratic Republic of the Congo,2199437
1999,cote-d-ivoire,Cote d Ivoire,6095407
1999,croatia,Croatia,20082224
1999,cuba,Cuba,24489204
1999,cyprus,Cyprus,6863432
1999,czech-republic,Czechia,116668900
1999,denmark,Denmark,58652804
1999,ecuador,Ecuador,21996848
1999,egypt-arab-rep,Egypt,126987200
1999,estonia,Estonia,15929513
1999,ethiopia,Ethiopia,3094276
1999,finland,Finland,58874000
1999,france,France,413070240
1999,georgia,Georgia,4245797
1999,germany,Germany,895442050
1999,ghana,Ghana,5613248
1999,greece,Greece,97934380
1999,guatemala,Guatemala,8873891
1999,guinea,Guinea,1384992
1999,haiti,Haiti,1271408
1999,hong-kong-sar-china,Hong Kong,42549016
1999,hungary,Hungary,61575150
1999,iceland,Iceland,2840944
1999,india,India,961193860
1999,indonesia,Indonesia,291770660
1999,iran-islamic-rep,Iran,374452260
1999,iraq,Iraq,82416240
1999,ireland,Ireland,42440316
1999,israel,Israel,54756052
1999,italy,Italy,465507840
1999,japan,Japan,1238121000
1999,jordan,Jordan,14467326
1999,kazakhstan,Kazakhstan,118761624
1999,kenya,Kenya,10020533
1999,korea-dem-people-s-rep,North Korea,64143470
1999,korea-rep,South Korea,410518800
1999,kuwait,Kuwait,55085210
1999,latvia,Latvia,7717860
1999,lithuania,Lithuania,13449596
1999,luxembourg,Luxembourg,8119314
1999,madagascar,Madagascar,1766354
1999,malawi,Malawi,893264
1999,malaysia,Malaysia,103986550
1999,mali,Mali,970960
1999,mexico,Mexico,386036350
1999,mongolia,Mongolia,7487592
1999,morocco,Morocco,31989332
1999,mozambique,Mozambique,1168343
1999,myanmar,Myanmar,8933607
1999,nepal,Nepal,3191083
1999,netherlands,Netherlands,171053000
1999,new-zealand,New Zealand,31442578
1999,niger,Niger,681637
1999,nigeria,Nigeria,84837704
1999,norway,Norway,42609000
1999,oman,Oman,22076124
1999,pakistan,Pakistan,99389330
1999,panama,Panama,5551975
1999,peru,Peru,29562408
1999,philippines,Philippines,67295010
1999,poland,Poland,329204300
1999,portugal,Portugal,66878196
1999,qatar,Qatar,36324616
1999,romania,Romania,88898600
1999,russian-federation,Russia,1494087800
1999,rwanda,Rwanda,502407
1999,saudi-arabia,Saudi Arabia,237716380
1999,senegal,Senegal,3603593
1999,serbia,Serbia,35651524
1999,singapore,Singapore,49200190
1999,slovak-republic,Slovakia,43088350
1999,slovenia,Slovenia,15418648
1999,somalia,Somalia,487312
1999,south-africa,South Africa,374869020
1999,spain,Spain,297024900
1999,sri-lanka,Sri Lanka,8381354.5
1999,sudan,Sudan,4753427
1999,sweden,Sweden,55936620
1999,switzerland,Switzerland,44446548
1999,syrian-arab-republic,Syria,55534080
1999,taiwan,Taiwan,208022990
1999,tanzania-united-rep,Tanzania,2458755
1999,thailand,Thailand,167234700
1999,tunisia,Tunisia,18709196
1999,turkiye,Turkey,211238080
1999,ukraine,Ukraine,298635550
1999,united-arab-emirates,United Arab Emirates,77844060
1999,united-kingdom,United Kingdom,561649600
1999,united-states,United States,5800281000
1999,uruguay,Uruguay,6689290
1999,uzbekistan,Uzbekistan,123587700
1999,venezuela-rb,Venezuela,143125900
1999,viet-nam,Vietnam,48548324
1999,yemen-rep,Yemen,14796267
1999,zambia,Zambia,1777604
1999,zimbabwe,Zimbabwe,15724105
2000,afghanistan,Afghanistan,1047127.94
2000,albania,Albania,3024926
2000,algeria,Algeria,84552456
2000,angola,Angola,15995108
2000,argentina,Argentina,143354820
2000,armenia,Armenia,3491407
2000,australia,Australia,349897630
2000,austria,Austria,66204024
2000,azerbaijan,Azerbaijan,29765310
2000,bangladesh,Bangladesh,26539266
2000,belarus,Belarus,55014468
2000,belgium,Belgium,126775704
2000,benin,Benin,1472928
2000,bolivia-plurinational-state-of,Bolivia,8442282
2000,brazil,Brazil,340182820
2000,bulgaria,Bulgaria,45499310
2000,burkina-faso,Burkina Faso,930782
2000,burundi,Burundi,271136
2000,cambodia,Cambodia,1996880
2000,cameroon,Cameroon,5588569
2000,canada,Canada,566679900
2000,chad,Chad,487512
2000,chile,Chile,58502620
2000,china,China,3643809500
2000,colombia,Colombia,56212940
2000,congo-dem-rep,Democratic Republic of the Congo,1704731
2000,cote-d-ivoire,Cote d Ivoire,6630064
2000,croatia,Croatia,19652682
2000,cuba,Cuba,25299178
2000,cyprus,Cyprus,7106901
2000,czech-republic,Czechia,127233490
2000,denmark,Denmark,54306576
2000,ecuador,Ecuador,20949248
2000,egypt-arab-rep,Egypt,142836850
2000,estonia,Estonia,15470973
2000,ethiopia,Ethiopia,3462855
2000,finland,Finland,57017000
2000,france,France,407444640
2000,georgia,Georgia,4497437
2000,germany,Germany,898975740
2000,ghana,Ghana,5312800
2000,greece,Greece,102972760
2000,guatemala,Guatemala,9741985
2000,guinea,Guinea,1443616
2000,haiti,Haiti,1634144
2000,hong-kong-sar-china,Hong Kong,39765444
2000,hungary,Hungary,58244410
2000,iceland,Iceland,2932741
2000,india,India,987065100
2000,indonesia,Indonesia,281054430
2000,iran-islamic-rep,Iran,367213340
2000,iraq,Iraq,83721656
2000,ireland,Ireland,45249516
2000,israel,Israel,59519380
2000,italy,Italy,469598270
2000,japan,Japan,1260203000
2000,jordan,Jordan,15400890
2000,kazakhstan,Kazakhstan,142196980
2000,kenya,Kenya,10384895
2000,korea-dem-people-s-rep,North Korea,69165050
2000,korea-rep,South Korea,439980670
2000,kuwait,Kuwait,54979880
2000,latvia,Latvia,7081630
2000,lithuania,Lithuania,11843035
2000,luxembourg,Luxembourg,8702319
2000,madagascar,Madagascar,1955170
2000,malawi,Malawi,853982
2000,malaysia,Malaysia,122881384
2000,mali,Mali,1066224
2000,mexico,Mexico,391435260
2000,mongolia,Mongolia,7431864
2000,morocco,Morocco,33199036
2000,mozambique,Mozambique,1321945
2000,myanmar,Myanmar,10219368
2000,nepal,Nepal,3037431
2000,netherlands,Netherlands,172153890
2000,new-zealand,New Zealand,32221126
2000,niger,Niger,683499
2000,nigeria,Nigeria,96831040
2000,norway,Norway,42131000
2000,oman,Oman,23984356
2000,pakistan,Pakistan,103939720
2000,panama,Panama,5635844
2000,peru,Peru,28677526
2000,philippines,Philippines,71466690
2000,poland,Poland,317306200
2000,portugal,Portugal,65503640
2000,qatar,Qatar,40406484
2000,romania,Romania,93206264
2000,russian-federation,Russia,1480576400
2000,rwanda,Rwanda,515133.03
2000,saudi-arabia,Saudi Arabia,309639140
2000,senegal,Senegal,3902052
2000,serbia,Serbia,39606468
2000,singapore,Singapore,37368720
2000,slovak-republic,Slovakia,41187040
2000,slovenia,Slovenia,15059753
2000,somalia,Somalia,509296
2000,south-africa,South Africa,378332500
2000,spain,Spain,309259520
2000,sri-lanka,Sri Lanka,9990373
2000,sudan,Sudan,5291619
2000,sweden,Sweden,54892390
2000,switzerland,Switzerland,43620510
2000,syrian-arab-republic,Syria,54526780
2000,taiwan,Taiwan,226934000
2000,tanzania-united-rep,Tanzania,2571821
2000,thailand,Thailand,167352160
2000,tunisia,Tunisia,19435988
2000,turkiye,Turkey,232933970
2000,ukraine,Ukraine,285663500
2000,united-arab-emirates,United Arab Emirates,112276810
2000,united-kingdom,United Kingdom,569033660
2000,united-states,United States,6023158000
2000,uruguay,Uruguay,5276982
2000,uzbekistan,Uzbekistan,123478480
2000,venezuela-rb,Venezuela,142902340
2000,viet-nam,Vietnam,53935468
2000,yemen-rep,Yemen,15831746
2000,zambia,Zambia,1784113
2000,zimbabwe,Zimbabwe,13814538
2001,afghanistan,Afghanistan,1069098
2001,albania,Albania,3220656
2001,algeria,Algeria,86019190
2001,angola,Angola,15908461
2001,argentina,Argentina,135003970
2001,armenia,Armenia,3532701
2001,australia,Australia,357667780
2001,austria,Austria,70190730
2001,azerbaijan,Azerbaijan,28415460
2001,bangladesh,Bangladesh,31064220
2001,belarus,Belarus,54104692
2001,belgium,Belgium,126085030
2001,benin,Benin,1689104
2001,bolivia-plurinational-state-of,Bolivia,8752278
2001,brazil,Brazil,346165730
2001,bulgaria,Bulgaria,49019640
2001,burkina-faso,Burkina Faso,1064375
2001,burundi,Burundi,205184
2001,cambodia,Cambodia,2235040
2001,cameroon,Cameroon,5562424
2001,canada,Canada,558980600
2001,chad,Chad,505594
2001,chile,Chile,52918388
2001,china,China,3724114200
2001,colombia,Colombia,56465132
2001,congo-dem-rep,Democratic Republic of the Congo,1647457
2001,cote-d-ivoire,Cote d Ivoire,7653345
2001,croatia,Croatia,20775934
2001,cuba,Cuba,24680938
2001,cyprus,Cyprus,6979659
2001,czech-republic,Czechia,127165210
2001,denmark,Denmark,55896748
2001,ecuador,Ecuador,23435994
2001,egypt-arab-rep,Egypt,126372050
2001,estonia,Estonia,15869932
2001,ethiopia,Ethiopia,4264586
2001,finland,Finland,62520000
2001,france,France,411591650
2001,georgia,Georgia,3722914
2001,germany,Germany,915254800
2001,ghana,Ghana,5968656
2001,greece,Greece,105361460
2001,guatemala,Guatemala,10147467
2001,guinea,Guinea,1516896
2001,haiti,Haiti,1466420
2001,hong-kong-sar-china,Hong Kong,37288530
2001,hungary,Hungary,59827756
2001,iceland,Iceland,2864992
2001,india,India,1001198400
2001,indonesia,Indonesia,316759360
2001,iran-islamic-rep,Iran,389912400
2001,iraq,Iraq,96802000
2001,ireland,Ireland,47607710
2001,israel,Israel,63023570
2001,italy,Italy,469679260
2001,japan,Japan,1245935200
2001,jordan,Jordan,15857936
2001,kazakhstan,Kazakhstan,138036500
2001,kenya,Kenya,9223600
2001,korea-dem-people-s-rep,North Korea,71668020
2001,korea-rep,South Korea,455630660
2001,kuwait,Kuwait,59119360
2001,latvia,Latvia,7496506
2001,lithuania,Lithuania,12593737
2001,luxembourg,Luxembourg,9205365
2001,madagascar,Madagascar,1746684
2001,malawi,Malawi,777288
2001,malaysia,Malaysia,130890050
2001,mali,Mali,1161488
2001,mexico,Mexico,407484670
2001,mongolia,Mongolia,7803958
2001,morocco,Morocco,36808930
2001,mozambique,Mozambique,1553994
2001,myanmar,Myanmar,8855704
2001,nepal,Nepal,3236078
2001,netherlands,Netherlands,177464220
2001,new-zealand,New Zealand,34356280
2001,niger,Niger,646167
2001,nigeria,Nigeria,100218150
2001,norway,Norway,43519000
2001,oman,Oman,22511740
2001,pakistan,Pakistan,105400680
2001,panama,Panama,6909412
2001,peru,Peru,25260150
2001,philippines,Philippines,69798890
2001,poland,Poland,313267100
2001,portugal,Portugal,65187332
2001,qatar,Qatar,45914396
2001,romania,Romania,98928060
2001,russian-federation,Russia,1518081400
2001,rwanda,Rwanda,518995
2001,saudi-arabia,Saudi Arabia,324373630
2001,senegal,Senegal,4258100
2001,serbia,Serbia,42540980
2001,singapore,Singapore,38525220
2001,slovak-republic,Slovakia,43272724
2001,slovenia,Slovenia,16309183
2001,somalia,Somalia,542272
2001,south-africa,South Africa,371602000
2001,spain,Spain,311031300
2001,sri-lanka,Sri Lanka,10157687
2001,sudan,Sudan,6017579
2001,sweden,Sweden,55782308
2001,switzerland,Switzerland,45084900
2001,syrian-arab-republic,Syria,51342884
2001,taiwan,Taiwan,231430990
2001,tanzania-united-rep,Tanzania,3040810
2001,thailand,Thailand,172266830
2001,tunisia,Tunisia,20260558
2001,turkiye,Turkey,216872480
2001,ukraine,Ukraine,303876030
2001,united-arab-emirates,United Arab Emirates,101895540
2001,united-kingdom,United Kingdom,577970560
2001,united-states,United States,5903562000
2001,uruguay,Uruguay,5040513
2001,uzbekistan,Uzbekistan,126222536
2001,venezuela-rb,Venezuela,130617784
2001,viet-nam,Vietnam,60983388
2001,yemen-rep,Yemen,17194192
2001,zambia,Zambia,1885603
2001,zimbabwe,Zimbabwe,12508722
2002,afghanistan,Afghanistan,1341065
2002,albania,Albania,3748272
2002,algeria,Algeria,89658400
2002,angola,Angola,16080002
2002,argentina,Argentina,124930110
2002,armenia,Armenia,3076793
2002,australia,Australia,362424930
2002,austria,Austria,71988380
2002,azerbaijan,Azerbaijan,28570334
2002,bangladesh,Bangladesh,32006890
2002,belarus,Belarus,53944120
2002,belgium,Belgium,126883144
2002,benin,Benin,2110055
2002,bolivia-plurinational-state-of,Bolivia,10414980
2002,brazil,Brazil,347764960
2002,bulgaria,Bulgaria,46141040
2002,burkina-faso,Burkina Faso,1067265
2002,burundi,Burundi,212512
2002,cambodia,Cambodia,2154432
2002,cameroon,Cameroon,5350642
2002,canada,Canada,564256200
2002,chad,Chad,531213
2002,chile,Chile,54835612
2002,china,China,4098180600
2002,colombia,Colombia,55416708
2002,congo-dem-rep,Democratic Republic of the Congo,1734094
2002,cote-d-ivoire,Cote d Ivoire,7450165
2002,croatia,Croatia,21915520
2002,cuba,Cuba,25179234
2002,cyprus,Cyprus,7171937
2002,czech-republic,Czechia,123988120
2002,denmark,Denmark,55554384
2002,ecuador,Ecuador,24861360
2002,egypt-arab-rep,Egypt,128361896
2002,estonia,Estonia,15358015
2002,ethiopia,Ethiopia,4431687
2002,finland,Finland,65049004
2002,france,France,407026600
2002,georgia,Georgia,3346546
2002,germany,Germany,898834300
2002,ghana,Ghana,6483251
2002,greece,Greece,105000264
2002,guatemala,Guatemala,10693539
2002,guinea,Guinea,1579184
2002,haiti,Haiti,1777726
2002,hong-kong-sar-china,Hong Kong,39003280
2002,hungary,Hungary,58841980
2002,iceland,Iceland,2991995
2002,india,India,1032750340
2002,indonesia,Indonesia,308201300
2002,iran-islamic-rep,Iran,397031420
2002,iraq,Iraq,97090500
2002,ireland,Ireland,46081388
2002,israel,Israel,59304900
2002,italy,Italy,477136320
2002,japan,Japan,1275420300
2002,jordan,Jordan,16707088
2002,kazakhstan,Kazakhstan,156768220
2002,kenya,Kenya,7819113
2002,korea-dem-people-s-rep,North Korea,68641730
2002,korea-rep,South Korea,476064900
2002,kuwait,Kuwait,60113544
2002,latvia,Latvia,7520418
2002,lithuania,Lithuania,12666029
2002,luxembourg,Luxembourg,9978491
2002,madagascar,Madagascar,1232145
2002,malawi,Malawi,856235
2002,malaysia,Malaysia,132035230
2002,mali,Mali,1209120
2002,mexico,Mexico,410301060
2002,mongolia,Mongolia,8196567.5
2002,morocco,Morocco,37309516
2002,mozambique,Mozambique,1537057
2002,myanmar,Myanmar,9328067
2002,nepal,Nepal,2596383
2002,netherlands,Netherlands,176738240
2002,new-zealand,New Zealand,34519210
2002,niger,Niger,684661
2002,nigeria,Nigeria,89906310
2002,norway,Norway,42571000
2002,oman,Oman,26978980
2002,pakistan,Pakistan,110566250
2002,panama,Panama,5710004
2002,peru,Peru,25591744
2002,philippines,Philippines,69491704
2002,poland,Poland,305852400
2002,portugal,Portugal,69582590
2002,qatar,Qatar,45174640
2002,romania,Romania,99068890
2002,russian-federation,Russia,1508329900
2002,rwanda,Rwanda,511542.97
2002,saudi-arabia,Saudi Arabia,346930500
2002,senegal,Senegal,4436925
2002,serbia,Serbia,45486444
2002,singapore,Singapore,40208400
2002,slovak-republic,Slovakia,42033700
2002,slovenia,Slovenia,16570911
2002,somalia,Somalia,575248
2002,south-africa,South Africa,356501150
2002,spain,Spain,331028200
2002,sri-lanka,Sri Lanka,10786742
2002,sudan,Sudan,7633643
2002,sweden,Sweden,56633796
2002,switzerland,Switzerland,43467076
2002,syrian-arab-republic,Syria,40726880
2002,taiwan,Taiwan,238567000
2002,tanzania-united-rep,Tanzania,3485616
2002,thailand,Thailand,184665470
2002,tunisia,Tunisia,20380038
2002,turkiye,Turkey,224319760
2002,ukraine,Ukraine,295900900
2002,united-arab-emirates,United Arab Emirates,85213030
2002,united-kingdom,United Kingdom,560273200
2002,united-states,United States,5947819500
2002,uruguay,Uruguay,4569193
2002,uzbekistan,Uzbekistan,132576550
2002,venezuela-rb,Venezuela,164232910
2002,viet-nam,Vietnam,69530950
2002,yemen-rep,Yemen,16707197
2002,zambia,Zambia,1960891
2002,zimbabwe,Zimbabwe,11895839
2003,afghanistan,Afghanistan,1559679
2003,albania,Albania,4303499
2003,algeria,Algeria,94077930
2003,angola,Angola,17484428
2003,argentina,Argentina,134421000
2003,armenia,Armenia,3455560
2003,australia,Australia,370784420
2003,austria,Austria,77411930
2003,azerbaijan,Azerbaijan,30487584
2003,bangladesh,Bangladesh,33495934
2003,belarus,Belarus,55236252
2003,belgium,Belgium,128292040
2003,benin,Benin,2393998
2003,bolivia-plurinational-state-of,Bolivia,10983067
2003,brazil,Brazil,344644930
2003,bulgaria,Bulgaria,50491210
2003,burkina-faso,Burkina Faso,1184465
2003,burundi,Burundi,168544
2003,cambodia,Cambodia,2253360
2003,cameroon,Cameroon,5704622
2003,canada,Canada,581190400
2003,chad,Chad,882414
2003,chile,Chile,55100212
2003,china,China,4835251700
2003,colombia,Colombia,57033490
2003,congo-dem-rep,Democratic Republic of the Congo,2096084.1
2003,cote-d-ivoire,Cote d Ivoire,5300525
2003,croatia,Croatia,23226188
2003,cuba,Cuba,25554362
2003,cyprus,Cyprus,7560774
2003,czech-republic,Czechia,127591670
2003,denmark,Denmark,60645450
2003,ecuador,Ecuador,27112606
2003,egypt-arab-rep,Egypt,149954000
2003,estonia,Estonia,17250750
2003,ethiopia,Ethiopia,4870232
2003,finland,Finland,72658000
2003,france,France,412989100
2003,georgia,Georgia,3730516
2003,germany,Germany,894501100
2003,ghana,Ghana,6684573
2003,greece,Greece,109066560
2003,guatemala,Guatemala,10411405
2003,guinea,Guinea,1652464
2003,haiti,Haiti,1692084
2003,hong-kong-sar-china,Hong Kong,42733188
2003,hungary,Hungary,61611250
2003,iceland,Iceland,2985437
2003,india,India,1068397950
2003,indonesia,Indonesia,339023900
2003,iran-islamic-rep,Iran,410966720
2003,iraq,Iraq,101424340
2003,ireland,Ireland,45683964
2003,israel,Israel,62414676
2003,italy,Italy,495093800
2003,japan,Japan,1283845000
2003,jordan,Jordan,17273348
2003,kazakhstan,Kazakhstan,175021970
2003,kenya,Kenya,6716151
2003,korea-dem-people-s-rep,North Korea,70142750
2003,korea-rep,South Korea,485212800
2003,kuwait,Kuwait,62490804
2003,latvia,Latvia,7726040
2003,lithuania,Lithuania,12659431
2003,luxembourg,Luxembourg,10450939
2003,madagascar,Madagascar,1699386
2003,malawi,Malawi,914835
2003,malaysia,Malaysia,153384340
2003,mali,Mali,1245760
2003,mexico,Mexico,435968700
2003,mongolia,Mongolia,7934596
2003,morocco,Morocco,36570124
2003,mozambique,Mozambique,1855517
2003,myanmar,Myanmar,9997118
2003,nepal,Nepal,2810383
2003,netherlands,Netherlands,180168660
2003,new-zealand,New Zealand,36219564
2003,niger,Niger,743704
2003,nigeria,Nigeria,100029690
2003,norway,Norway,43919000
2003,oman,Oman,34563364
2003,pakistan,Pakistan,113141820
2003,panama,Panama,5928724
2003,peru,Peru,24914172
2003,philippines,Philippines,69500720
2003,poland,Poland,318732700
2003,portugal,Portugal,64482050
2003,qatar,Qatar,46630932
2003,romania,Romania,103707360
2003,russian-federation,Russia,1539006300
2003,rwanda,Rwanda,505436
2003,saudi-arabia,Saudi Arabia,351227680
2003,senegal,Senegal,4927512
2003,serbia,Serbia,48648700
2003,singapore,Singapore,39534044
2003,slovak-republic,Slovakia,42359228
2003,slovenia,Slovenia,16278082
2003,somalia,Somalia,604560
2003,south-africa,South Africa,404406050
2003,spain,Spain,335538900
2003,sri-lanka,Sri Lanka,10761433
2003,sudan,Sudan,8515383
2003,sweden,Sweden,57220990
2003,switzerland,Switzerland,44650652
2003,syrian-arab-republic,Syria,55377304
2003,taiwan,Taiwan,249129000
2003,tanzania-united-rep,Tanzania,3687241
2003,thailand,Thailand,191087740
2003,tunisia,Tunisia,21041520
2003,turkiye,Turkey,239848560
2003,ukraine,Ukraine,307245380
2003,united-arab-emirates,United Arab Emirates,107105830
2003,united-kingdom,United Kingdom,571618750
2003,united-states,United States,6006440000
2003,uruguay,Uruguay,4537120
2003,uzbekistan,Uzbekistan,130295820
2003,venezuela-rb,Venezuela,154364060
2003,viet-nam,Vietnam,77261060
2003,yemen-rep,Yemen,18609224
2003,zambia,Zambia,2074413
2003,zimbabwe,Zimbabwe,10609583
2004,afghanistan,Afghanistan,1237247
2004,albania,Albania,4176684
2004,algeria,Algeria,90852530
2004,angola,Angola,17015688
2004,argentina,Argentina,157235150
2004,armenia,Armenia,3691197
2004,australia,Australia,382004900
2004,austria,Austria,77715920
2004,azerbaijan,Azerbaijan,32253040
2004,bangladesh,Bangladesh,35978172
2004,belarus,Belarus,58372804
2004,belgium,Belgium,128811736
2004,benin,Benin,2593600
2004,bolivia-plurinational-state-of,Bolivia,11051123
2004,brazil,Brazil,361434020
2004,bulgaria,Bulgaria,49537290
2004,burkina-faso,Burkina Faso,1107473
2004,burundi,Burundi,197856
2004,cambodia,Cambodia,2238704
2004,cameroon,Cameroon,5698455
2004,canada,Canada,576286400
2004,chad,Chad,906195
2004,chile,Chile,59221090
2004,china,China,5210961400
2004,colombia,Colombia,54324040
2004,congo-dem-rep,Democratic Republic of the Congo,2027893.1
2004,cote-d-ivoire,Cote d Ivoire,7386261
2004,croatia,Croatia,22852690
2004,cuba,Cuba,24539812
2004,cyprus,Cyprus,7787102
2004,czech-republic,Czechia,128313656
2004,denmark,Denmark,55100010
2004,ecuador,Ecuador,29310272
2004,egypt-arab-rep,Egypt,151917090
2004,estonia,Estonia,17322094
2004,ethiopia,Ethiopia,5158551
2004,finland,Finland,68946000
2004,france,France,414073000
2004,georgia,Georgia,4277990
2004,germany,Germany,876569860
2004,ghana,Ghana,6450628
2004,greece,Greece,109484850
2004,guatemala,Guatemala,11055913
2004,guinea,Guinea,1722080
2004,haiti,Haiti,1643023
2004,hong-kong-sar-china,Hong Kong,41157750
2004,hungary,Hungary,59984924
2004,iceland,Iceland,3107170
2004,india,India,1134611000
2004,indonesia,Indonesia,342708600
2004,iran-islamic-rep,Iran,442119400
2004,iraq,Iraq,113015840
2004,ireland,Ireland,46166736
2004,israel,Israel,58679230
2004,italy,Italy,500687230
2004,japan,Japan,1279121500
2004,jordan,Jordan,19003282
2004,kazakhstan,Kazakhstan,185475840
2004,kenya,Kenya,7621342
2004,korea-dem-people-s-rep,North Korea,71721960
2004,korea-rep,South Korea,491389440
2004,kuwait,Kuwait,65855196
2004,latvia,Latvia,7731198
2004,lithuania,Lithuania,13254143
2004,luxembourg,Luxembourg,11815994
2004,madagascar,Madagascar,1804376
2004,malawi,Malawi,901678
2004,malaysia,Malaysia,169674400
2004,mali,Mali,1414304
2004,mexico,Mexico,438588450
2004,mongolia,Mongolia,8501100
2004,morocco,Morocco,42225556
2004,mozambique,Mozambique,1863973
2004,myanmar,Myanmar,12565488
2004,nepal,Nepal,2582410
2004,netherlands,Netherlands,182090420
2004,new-zealand,New Zealand,35805760
2004,niger,Niger,795380
2004,nigeria,Nigeria,94961840
2004,norway,Norway,44257000
2004,oman,Oman,29247372
2004,pakistan,Pakistan,124636830
2004,panama,Panama,5504644
2004,peru,Peru,28503630
2004,philippines,Philippines,71998710
2004,poland,Poland,323620770
2004,portugal,Portugal,67302350
2004,qatar,Qatar,47439570
2004,romania,Romania,103232620
2004,russian-federation,Russia,1545353200
2004,rwanda,Rwanda,515760
2004,saudi-arabia,Saudi Arabia,407702300
2004,senegal,Senegal,5238223
2004,serbia,Serbia,52942084
2004,singapore,Singapore,41000000
2004,slovak-republic,Slovakia,42856560
2004,slovenia,Slovenia,16710709
2004,somalia,Somalia,626544
2004,south-africa,South Africa,449321630
2004,spain,Spain,352139300
2004,sri-lanka,Sri Lanka,11908245
2004,sudan,Sudan,10866064
2004,sweden,Sweden,56427524
2004,switzerland,Switzerland,45231136
2004,syrian-arab-republic,Syria,51691510
2004,taiwan,Taiwan,259367000
2004,tanzania-united-rep,Tanzania,4221283
2004,thailand,Thailand,207330690
2004,tunisia,Tunisia,22144166
2004,turkiye,Turkey,247843060
2004,ukraine,Ukraine,310625760
2004,united-arab-emirates,United Arab Emirates,112468610
2004,united-kingdom,United Kingdom,573429760
2004,united-states,United States,6111545000
2004,uruguay,Uruguay,5574142
2004,uzbekistan,Uzbekistan,129099224
2004,venezuela-rb,Venezuela,142842060
2004,viet-nam,Vietnam,88939180
2004,yemen-rep,Yemen,20108794
2004,zambia,Zambia,2104131
2004,zimbabwe,Zimbabwe,9428642
2005,afghanistan,Afghanistan,1889507
2005,albania,Albania,4261413
2005,algeria,Algeria,109564424
2005,angola,Angola,15386819
2005,argentina,Argentina,161727950
2005,armenia,Armenia,4376169
2005,australia,Australia,385081500
2005,austria,Austria,79095480
2005,azerbaijan,Azerbaijan,34193560
2005,bangladesh,Bangladesh,37716676
2005,belarus,Belarus,59396210
2005,belgium,Belgium,125657690
2005,benin,Benin,2489730
2005,bolivia-plurinational-state-of,Bolivia,12336852
2005,brazil,Brazil,364370560
2005,bulgaria,Bulgaria,50600356
2005,burkina-faso,Burkina Faso,1103760
2005,burundi,Burundi,157552
2005,cambodia,Cambodia,2209392
2005,cameroon,Cameroon,5423858
2005,canada,Canada,570396100
2005,chad,Chad,929366
2005,chile,Chile,61116456
2005,china,China,5881990700
2005,colombia,Colombia,60256470
2005,congo-dem-rep,Democratic Republic of the Congo,2287396
2005,cote-d-ivoire,Cote d Ivoire,7568019
2005,croatia,Croatia,23295552
2005,cuba,Cuba,25706188
2005,cyprus,Cyprus,7951671
2005,czech-republic,Czechia,125713460
2005,denmark,Denmark,51534924
2005,ecuador,Ecuador,30651712
2005,egypt-arab-rep,Egypt,166933900
2005,estonia,Estonia,17089780
2005,ethiopia,Ethiopia,4956129
2005,finland,Finland,57064000
2005,france,France,416342900
2005,georgia,Georgia,5045534
2005,germany,Germany,867880500
2005,ghana,Ghana,6113072
2005,greece,Greece,113888810
2005,guatemala,Guatemala,12038359
2005,guinea,Guinea,1784368
2005,haiti,Haiti,1714766
2005,hong-kong-sar-china,Hong Kong,43334092
2005,hungary,Hungary,60142084
2005,iceland,Iceland,2976360
2005,india,India,1195393300
2005,indonesia,Indonesia,347361280
2005,iran-islamic-rep,Iran,466795330
2005,iraq,Iraq,114281864
2005,ireland,Ireland,48152990
2005,israel,Israel,56527670
2005,italy,Italy,501365470
2005,japan,Japan,1286412300
2005,jordan,Jordan,20790354
2005,kazakhstan,Kazakhstan,198448540
2005,kenya,Kenya,8454166
2005,korea-dem-people-s-rep,North Korea,75010104
2005,korea-rep,South Korea,498688300
2005,kuwait,Kuwait,74615270
2005,latvia,Latvia,7810764
2005,lithuania,Lithuania,13862545
2005,luxembourg,Luxembourg,12075892
2005,madagascar,Madagascar,1741218
2005,malawi,Malawi,845319
2005,malaysia,Malaysia,169978320
2005,mali,Mali,1458272
2005,mexico,Mexico,463435520
2005,mongolia,Mongolia,8515106
2005,morocco,Morocco,44660772
2005,mozambique,Mozambique,1769698
2005,myanmar,Myanmar,11547761
2005,nepal,Nepal,2986772
2005,netherlands,Netherlands,178129760
2005,new-zealand,New Zealand,37401250
2005,niger,Niger,691319
2005,nigeria,Nigeria,101666030
2005,norway,Norway,43279000
2005,oman,Oman,31835340
2005,pakistan,Pakistan,129947430
2005,panama,Panama,6741980
2005,peru,Peru,30321106
2005,philippines,Philippines,72333944
2005,poland,Poland,322576860
2005,portugal,Portugal,69639784
2005,qatar,Qatar,47681828
2005,romania,Romania,101336590
2005,russian-federation,Russia,1563980400
2005,rwanda,Rwanda,513908.03
2005,saudi-arabia,Saudi Arabia,412234430
2005,senegal,Senegal,5538919
2005,serbia,Serbia,50058260
2005,singapore,Singapore,39600000
2005,slovak-republic,Slovakia,42857268
2005,slovenia,Slovenia,16941976
2005,somalia,Somalia,648528
2005,south-africa,South Africa,416204860
2005,spain,Spain,367447070
2005,sri-lanka,Sri Lanka,11669749
2005,sudan,Sudan,10558223
2005,sweden,Sweden,53787480
2005,switzerland,Switzerland,45776116
2005,syrian-arab-republic,Syria,51161764
2005,taiwan,Taiwan,266888000
2005,tanzania-united-rep,Tanzania,5355817
2005,thailand,Thailand,214325150
2005,tunisia,Tunisia,22515908
2005,turkiye,Turkey,267710690
2005,ukraine,Ukraine,313512500
2005,united-arab-emirates,United Arab Emirates,115273290
2005,united-kingdom,United Kingdom,570338370
2005,united-states,United States,6126903300
2005,uruguay,Uruguay,5737104
2005,uzbekistan,Uzbekistan,121601640
2005,venezuela-rb,Venezuela,148408260
2005,viet-nam,Vietnam,95842056
2005,yemen-rep,Yemen,21797008
2005,zambia,Zambia,2242543
2005,zimbabwe,Zimbabwe,10698489
2006,afghanistan,Afghanistan,2159318
2006,albania,Albania,3910715
2006,algeria,Algeria,103797760
2006,angola,Angola,17144838
2006,argentina,Argentina,174341660
2006,armenia,Armenia,4401590
2006,australia,Australia,391372540
2006,austria,Austria,76796200
2006,azerbaijan,Azerbaijan,34521828
2006,bangladesh,Bangladesh,41725810
2006,belarus,Belarus,61809496
2006,belgium,Belgium,123900460
2006,benin,Benin,3351106
2006,bolivia-plurinational-state-of,Bolivia,12368667
2006,brazil,Brazil,368870940
2006,bulgaria,Bulgaria,51837492
2006,burkina-faso,Burkina Faso,1217233
2006,burundi,Burundi,186864
2006,cambodia,Cambodia,2846928
2006,cameroon,Cameroon,5485919
2006,canada,Canada,566315400
2006,chad,Chad,957287
2006,chile,Chile,64048280
2006,china,China,6486184400
2006,colombia,Colombia,62465710
2006,congo-dem-rep,Democratic Republic of the Congo,2351727
2006,cote-d-ivoire,Cote d Ivoire,6887238
2006,croatia,Croatia,23496198
2006,cuba,Cuba,26781428
2006,cyprus,Cyprus,8183131
2006,czech-republic,Czechia,126532560
2006,denmark,Denmark,59500240
2006,ecuador,Ecuador,29781034
2006,egypt-arab-rep,Egypt,178389280
2006,estonia,Estonia,16438181
2006,ethiopia,Ethiopia,5318177
2006,finland,Finland,68374000
2006,france,France,406669020
2006,georgia,Georgia,6272766
2006,germany,Germany,886434300
2006,ghana,Ghana,8523184
2006,greece,Greece,112419370
2006,guatemala,Guatemala,12175961
2006,guinea,Guinea,1846656
2006,haiti,Haiti,1745753
2006,hong-kong-sar-china,Hong Kong,41914810
2006,hungary,Hungary,59528564
2006,iceland,Iceland,3154382
2006,india,India,1293321500
2006,indonesia,Indonesia,346365760
2006,iran-islamic-rep,Iran,501014980
2006,iraq,Iraq,98838120
2006,ireland,Ireland,47597384
2006,israel,Israel,62148964
2006,italy,Italy,496074620
2006,japan,Japan,1263440400
2006,jordan,Jordan,20829494
2006,kazakhstan,Kazakhstan,219633150
2006,kenya,Kenya,9566836
2006,korea-dem-people-s-rep,North Korea,76170210
2006,korea-rep,South Korea,503478180
2006,kuwait,Kuwait,76221900
2006,latvia,Latvia,8310115
2006,lithuania,Lithuania,14195265
2006,luxembourg,Luxembourg,11905623
2006,madagascar,Madagascar,1674711
2006,malawi,Malawi,851328
2006,malaysia,Malaysia,170166450
2006,mali,Mali,1535216
2006,mexico,Mexico,474522560
2006,mongolia,Mongolia,9281176
2006,morocco,Morocco,46249416
2006,mozambique,Mozambique,1915622
2006,myanmar,Myanmar,12817119
2006,nepal,Nepal,2456469
2006,netherlands,Netherlands,173279360
2006,new-zealand,New Zealand,37304428
2006,niger,Niger,670964
2006,nigeria,Nigeria,90097150
2006,norway,Norway,43859000
2006,oman,Oman,40449716
2006,pakistan,Pakistan,137911580
2006,panama,Panama,7281958
2006,peru,Peru,28299266
2006,philippines,Philippines,65645516
2006,poland,Poland,336387230
2006,portugal,Portugal,64856124
2006,qatar,Qatar,59752804
2006,romania,Romania,104290000
2006,russian-federation,Russia,1623428500
2006,rwanda,Rwanda,514105.97
2006,saudi-arabia,Saudi Arabia,444977280
2006,senegal,Senegal,4429718
2006,serbia,Serbia,53721016
2006,singapore,Singapore,40600000
2006,slovak-republic,Slovakia,42639350
2006,slovenia,Slovenia,17184160
2006,somalia,Somalia,670512
2006,south-africa,South Africa,446744320
2006,spain,Spain,358869470
2006,sri-lanka,Sri Lanka,11502950
2006,sudan,Sudan,11544718
2006,sweden,Sweden,53650844
2006,switzerland,Switzerland,45364932
2006,syrian-arab-republic,Syria,54039970
2006,taiwan,Taiwan,276552000
2006,tanzania-united-rep,Tanzania,5876241
2006,thailand,Thailand,215824660
2006,tunisia,Tunisia,22914928
2006,turkiye,Turkey,285429400
2006,ukraine,Ukraine,333054200
2006,united-arab-emirates,United Arab Emirates,122723180
2006,united-kingdom,United Kingdom,567845600
2006,united-states,United States,6045326300
2006,uruguay,Uruguay,6610993
2006,uzbekistan,Uzbekistan,124898800
2006,venezuela-rb,Venezuela,155841230
2006,viet-nam,Vietnam,99655920
2006,yemen-rep,Yemen,23906082
2006,zambia,Zambia,2231118
2006,zimbabwe,Zimbabwe,10365461
2007,afghanistan,Afghanistan,2799909
2007,albania,Albania,4003596.8
2007,algeria,Algeria,107548696
2007,angola,Angola,17587936
2007,argentina,Argentina,173763580
2007,armenia,Armenia,5100210
2007,australia,Australia,398896260
2007,austria,Austria,74092160
2007,azerbaijan,Azerbaijan,30036786
2007,bangladesh,Bangladesh,42675104
2007,belarus,Belarus,60275660
2007,belgium,Belgium,120493400
2007,benin,Benin,3930960
2007,bolivia-plurinational-state-of,Bolivia,12740015
2007,brazil,Brazil,390573440
2007,bulgaria,Bulgaria,55669220
2007,burkina-faso,Burkina Faso,1616447
2007,burundi,Burundi,186864
2007,cambodia,Cambodia,3489462
2007,cameroon,Cameroon,7409373
2007,canada,Canada,589956200
2007,chad,Chad,1088955
2007,chile,Chile,70469250
2007,china,China,6974663000
2007,colombia,Colombia,60669936
2007,congo-dem-rep,Democratic Republic of the Congo,2622976
2007,cote-d-ivoire,Cote d Ivoire,6653270
2007,croatia,Croatia,24801760
2007,cuba,Cuba,25724220
2007,cyprus,Cyprus,8475067
2007,czech-republic,Czechia,128363630
2007,denmark,Denmark,54709350
2007,ecuador,Ecuador,34392656
2007,egypt-arab-rep,Egypt,189201140
2007,estonia,Estonia,19930490
2007,ethiopia,Ethiopia,5839596
2007,finland,Finland,66764000
2007,france,France,396461200
2007,georgia,Georgia,6609306
2007,germany,Germany,846152960
2007,ghana,Ghana,8981875
2007,greece,Greece,114545450
2007,guatemala,Guatemala,12117008
2007,guinea,Guinea,1927264
2007,haiti,Haiti,1766459
2007,hong-kong-sar-china,Hong Kong,43572436
2007,hungary,Hungary,58448584
2007,iceland,Iceland,3494320
2007,india,India,1393485200
2007,indonesia,Indonesia,387577250
2007,iran-islamic-rep,Iran,507771070
2007,iraq,Iraq,61361420
2007,ireland,Ireland,47658190
2007,israel,Israel,62799790
2007,italy,Italy,489793630
2007,japan,Japan,1298973600
2007,jordan,Jordan,21700136
2007,kazakhstan,Kazakhstan,225712400
2007,kenya,Kenya,9734023
2007,korea-dem-people-s-rep,North Korea,63478052
2007,korea-rep,South Korea,521708740
2007,kuwait,Kuwait,77294950
2007,latvia,Latvia,8637233
2007,lithuania,Lithuania,15473504
2007,luxembourg,Luxembourg,11302203
2007,madagascar,Madagascar,1727691
2007,malawi,Malawi,919179
2007,malaysia,Malaysia,175454450
2007,mali,Mali,1784368
2007,mexico,Mexico,473595230
2007,mongolia,Mongolia,11957832
2007,morocco,Morocco,48912716
2007,mozambique,Mozambique,2188943
2007,myanmar,Myanmar,12844723
2007,nepal,Nepal,2570341
2007,netherlands,Netherlands,173028180
2007,new-zealand,New Zealand,36382660
2007,niger,Niger,705882
2007,nigeria,Nigeria,82170030
2007,norway,Norway,45605000
2007,oman,Oman,45308412
2007,pakistan,Pakistan,148349010
2007,panama,Panama,7133544
2007,peru,Peru,34566920
2007,philippines,Philippines,70009960
2007,poland,Poland,335734660
2007,portugal,Portugal,62380100
2007,qatar,Qatar,59529844
2007,romania,Romania,108496600
2007,russian-federation,Russia,1624315400
2007,rwanda,Rwanda,542177
2007,saudi-arabia,Saudi Arabia,423314080
2007,senegal,Senegal,5195955
2007,serbia,Serbia,52159944
2007,singapore,Singapore,41100000
2007,slovak-republic,Slovakia,41031852
2007,slovenia,Slovenia,17349082
2007,somalia,Somalia,692496
2007,south-africa,South Africa,465033730
2007,spain,Spain,366468500
2007,sri-lanka,Sri Lanka,11843646
2007,sudan,Sudan,13563847
2007,sweden,Sweden,52878800
2007,switzerland,Switzerland,43359412
2007,syrian-arab-republic,Syria,66972530
2007,taiwan,Taiwan,280080000
2007,tanzania-united-rep,Tanzania,5706146
2007,thailand,Thailand,224082560
2007,tunisia,Tunisia,24725204
2007,turkiye,Turkey,316497400
2007,ukraine,Ukraine,336828770
2007,united-arab-emirates,United Arab Emirates,134103150
2007,united-kingdom,United Kingdom,559566460
2007,united-states,United States,6121542700
2007,uruguay,Uruguay,5959754
2007,uzbekistan,Uzbekistan,123822700
2007,venezuela-rb,Venezuela,154167490
2007,viet-nam,Vietnam,101432630
2007,yemen-rep,Yemen,23676344
2007,zambia,Zambia,2297559
2007,zimbabwe,Zimbabwe,9835161
2008,afghanistan,Afghanistan,4254490
2008,albania,Albania,4448339
2008,algeria,Algeria,108596090
2008,angola,Angola,18750156
2008,argentina,Argentina,187595540
2008,armenia,Armenia,5574790
2008,australia,Australia,404279300
2008,austria,Austria,73466480
2008,azerbaijan,Azerbaijan,33036510
2008,bangladesh,Bangladesh,45341492
2008,belarus,Belarus,62931132
2008,belgium,Belgium,120204350
2008,benin,Benin,3918994
2008,bolivia-plurinational-state-of,Bolivia,13027696
2008,brazil,Brazil,412637860
2008,bulgaria,Bulgaria,54025910
2008,burkina-faso,Burkina Faso,1817817
2008,burundi,Burundi,201520
2008,cambodia,Cambodia,3936332
2008,cameroon,Cameroon,7320619
2008,canada,Canada,574214340
2008,chad,Chad,872463
2008,chile,Chile,70549010
2008,china,China,7492404000
2008,colombia,Colombia,66982210
2008,congo-dem-rep,Democratic Republic of the Congo,2685120
2008,cote-d-ivoire,Cote d Ivoire,6712605
2008,croatia,Croatia,23515656
2008,cuba,Cuba,27738204
2008,cyprus,Cyprus,8691636
2008,czech-republic,Czechia,122927730
2008,denmark,Denmark,51256330
2008,ecuador,Ecuador,30487722
2008,egypt-arab-rep,Egypt,195859780
2008,estonia,Estonia,17814804
2008,ethiopia,Ethiopia,6417597
2008,finland,Finland,58625000
2008,france,France,389794300
2008,georgia,Georgia,5746696
2008,germany,Germany,856642500
2008,ghana,Ghana,8324322.5
2008,greece,Greece,111080040
2008,guatemala,Guatemala,10734758
2008,guinea,Guinea,1963904
2008,haiti,Haiti,1753709
2008,hong-kong-sar-china,Hong Kong,42794250
2008,hungary,Hungary,57184428
2008,iceland,Iceland,3811488
2008,india,India,1490366500
2008,indonesia,Indonesia,365384030
2008,iran-islamic-rep,Iran,528528200
2008,iraq,Iraq,94335400
2008,ireland,Ireland,47361076
2008,israel,Israel,67980280
2008,italy,Italy,478131970
2008,japan,Japan,1228686700
2008,jordan,Jordan,20987296
2008,kazakhstan,Kazakhstan,226102380
2008,kenya,Kenya,10098609
2008,korea-dem-people-s-rep,North Korea,70325970
2008,korea-rep,South Korea,532650750
2008,kuwait,Kuwait,84442376
2008,latvia,Latvia,8198058
2008,lithuania,Lithuania,14918791
2008,luxembourg,Luxembourg,11166763
2008,madagascar,Madagascar,1787286
2008,malawi,Malawi,998705
2008,malaysia,Malaysia,192847060
2008,mali,Mali,1956576
2008,mexico,Mexico,472981280
2008,mongolia,Mongolia,11917791
2008,morocco,Morocco,51372324
2008,mozambique,Mozambique,2179852
2008,myanmar,Myanmar,9772056
2008,nepal,Nepal,3355316
2008,netherlands,Netherlands,175903660
2008,new-zealand,New Zealand,37485452
2008,niger,Niger,792046
2008,nigeria,Nigeria,86488856
2008,norway,Norway,44692000
2008,oman,Oman,47435624
2008,pakistan,Pakistan,147901400
2008,panama,Panama,6809098
2008,peru,Peru,35572416
2008,philippines,Philippines,76605016
2008,poland,Poland,329428450
2008,portugal,Portugal,60009650
2008,qatar,Qatar,61870850
2008,romania,Romania,106997310
2008,russian-federation,Russia,1652731400
2008,rwanda,Rwanda,531483
2008,saudi-arabia,Saudi Arabia,469430400
2008,senegal,Senegal,4740295
2008,serbia,Serbia,51736810
2008,singapore,Singapore,40200000
2008,slovak-republic,Slovakia,41425300
2008,slovenia,Slovenia,18284604
2008,somalia,Somalia,721808
2008,south-africa,South Africa,494672540
2008,spain,Spain,335284450
2008,sri-lanka,Sri Lanka,11648252
2008,sudan,Sudan,14178917
2008,sweden,Sweden,50765440
2008,switzerland,Switzerland,44700870
2008,syrian-arab-republic,Syria,68084080
2008,taiwan,Taiwan,266975000
2008,tanzania-united-rep,Tanzania,5988669
2008,thailand,Thailand,224248750
2008,tunisia,Tunisia,25453210
2008,turkiye,Turkey,312628200
2008,ukraine,Ukraine,325983400
2008,united-arab-emirates,United Arab Emirates,155030380
2008,united-kingdom,United Kingdom,544932400
2008,united-states,United States,5919221000
2008,uruguay,Uruguay,8217578
2008,uzbekistan,Uzbekistan,128386856
2008,venezuela-rb,Venezuela,155758300
2008,viet-nam,Vietnam,114299576
2008,yemen-rep,Yemen,24537038
2008,zambia,Zambia,2553028
2008,zimbabwe,Zimbabwe,7720094
2009,afghanistan,Afghanistan,6388232
2009,albania,Albania,4369912
2009,algeria,Algeria,116327976
2009,angola,Angola,20668332
2009,argentina,Argentina,178378450
2009,armenia,Armenia,4363500
2009,australia,Australia,406977100
2009,austria,Austria,67301760
2009,azerbaijan,Azerbaijan,29102576
2009,bangladesh,Bangladesh,49188376
2009,belarus,Belarus,60628340
2009,belgium,Belgium,107806790
2009,benin,Benin,4224517
2009,bolivia-plurinational-state-of,Bolivia,13633147
2009,brazil,Brazil,389775330
2009,bulgaria,Bulgaria,45750250
2009,burkina-faso,Burkina Faso,1836305
2009,burundi,Burundi,216176
2009,cambodia,Cambodia,4579380
2009,cameroon,Cameroon,8554963
2009,canada,Canada,541129860
2009,chad,Chad,1219710
2009,chile,Chile,65959764
2009,china,China,7881491000
2009,colombia,Colombia,71770970
2009,congo-dem-rep,Democratic Republic of the Congo,2445967
2009,cote-d-ivoire,Cote d Ivoire,5659943
2009,croatia,Croatia,21752318
2009,cuba,Cuba,28260750
2009,cyprus,Cyprus,8437988
2009,czech-republic,Czechia,114972080
2009,denmark,Denmark,48851416
2009,ecuador,Ecuador,33814696
2009,egypt-arab-rep,Egypt,205242860
2009,estonia,Estonia,14404987
2009,ethiopia,Ethiopia,6453445
2009,finland,Finland,55921000
2009,france,France,371404200
2009,georgia,Georgia,6170558
2009,germany,Germany,789983940
2009,ghana,Ghana,6867658
2009,greece,Greece,104319480
2009,guatemala,Guatemala,11724694
2009,guinea,Guinea,2092144
2009,haiti,Haiti,1880965
2009,hong-kong-sar-china,Hong Kong,41583064
2009,hungary,Hungary,51457530
2009,iceland,Iceland,3730449
2009,india,India,1613327600
2009,indonesia,Indonesia,398624420
2009,iran-islamic-rep,Iran,543405950
2009,iraq,Iraq,105211460
2009,ireland,Ireland,42177070
2009,israel,Israel,63860948
2009,italy,Italy,424032030
2009,japan,Japan,1160252800
2009,jordan,Jordan,21545008
2009,kazakhstan,Kazakhstan,223189230
2009,kenya,Kenya,12184812
2009,korea-dem-people-s-rep,North Korea,67660150
2009,korea-rep,South Korea,537819840
2009,kuwait,Kuwait,88832100
2009,latvia,Latvia,7456196
2009,lithuania,Lithuania,12829125
2009,luxembourg,Luxembourg,10619787
2009,madagascar,Madagascar,1699051
2009,malawi,Malawi,1017604.94
2009,malaysia,Malaysia,192122740
2009,mali,Mali,1886960
2009,mexico,Mexico,460290180
2009,mongolia,Mongolia,13030046
2009,morocco,Morocco,50859732
2009,mozambique,Mozambique,2439006
2009,myanmar,Myanmar,10210863
2009,nepal,Nepal,4126129.2
2009,netherlands,Netherlands,170433400
2009,new-zealand,New Zealand,34594220
2009,niger,Niger,952182
2009,nigeria,Nigeria,77031380
2009,norway,Norway,43098000
2009,oman,Oman,44503908
2009,pakistan,Pakistan,148354980
2009,panama,Panama,8051362
2009,peru,Peru,39423844
2009,philippines,Philippines,75580700
2009,poland,Poland,315886300
2009,portugal,Portugal,57147000
2009,qatar,Qatar,65305370
2009,romania,Romania,87805750
2009,russian-federation,Russia,1545236500
2009,rwanda,Rwanda,554835
2009,saudi-arabia,Saudi Arabia,503969660
2009,senegal,Senegal,5257668
2009,serbia,Serbia,45919810
2009,singapore,Singapore,40800000
2009,slovak-republic,Slovakia,37681124
2009,slovenia,Slovenia,16209410
2009,somalia,Somalia,743792
2009,south-africa,South Africa,474512260
2009,spain,Spain,296159330
2009,sri-lanka,Sri Lanka,12572465
2009,sudan,Sudan,14805259
2009,sweden,Sweden,47143308
2009,switzerland,Switzerland,43525850
2009,syrian-arab-republic,Syria,63261240
2009,taiwan,Taiwan,253028000
2009,tanzania-united-rep,Tanzania,5807482
2009,thailand,Thailand,228836220
2009,tunisia,Tunisia,25353396
2009,turkiye,Turkey,318567940
2009,ukraine,Ukraine,277593340
2009,united-arab-emirates,United Arab Emirates,169088110
2009,united-kingdom,United Kingdom,494107700
2009,united-states,United States,5486104000
2009,uruguay,Uruguay,7990301
2009,uzbekistan,Uzbekistan,109229760
2009,venezuela-rb,Venezuela,152175700
2009,viet-nam,Vietnam,124493390
2009,yemen-rep,Yemen,26896530
2009,zambia,Zambia,2939884
2009,zimbabwe,Zimbabwe,8249769
2010,afghanistan,Afghanistan,8364803.5
2010,albania,Albania,4816841
2010,algeria,Algeria,117847360
2010,angola,Angola,22983320
2010,argentina,Argentina,186121300
2010,armenia,Armenia,4256414
2010,australia,Australia,405025950
2010,austria,Austria,72000250
2010,azerbaijan,Azerbaijan,27549052
2010,bangladesh,Bangladesh,54035524
2010,belarus,Belarus,62515440
2010,belgium,Belgium,114562660
2010,benin,Benin,4679390
2010,bolivia-plurinational-state-of,Bolivia,14808615
2010,brazil,Brazil,440269060
2010,bulgaria,Bulgaria,47815700
2010,burkina-faso,Burkina Faso,1985076
2010,burundi,Burundi,333424
2010,cambodia,Cambodia,5067388
2010,cameroon,Cameroon,8383322
2010,canada,Canada,554307460
2010,chad,Chad,1236006
2010,chile,Chile,71347480
2010,china,China,8610048000
2010,colombia,Colombia,75431170
2010,congo-dem-rep,Democratic Republic of the Congo,2735413
2010,cote-d-ivoire,Cote d Ivoire,6224746
2010,croatia,Croatia,20978134
2010,cuba,Cuba,33041988
2010,cyprus,Cyprus,8071821
2010,czech-republic,Czechia,117464090
2010,denmark,Denmark,49189692
2010,ecuador,Ecuador,36469476
2010,egypt-arab-rep,Egypt,202704240
2010,estonia,Estonia,18964736
2010,ethiopia,Ethiopia,6344199
2010,finland,Finland,64092004
2010,france,France,377079400
2010,georgia,Georgia,6289892
2010,germany,Germany,826704700
2010,ghana,Ghana,8942513
2010,greece,Greece,97354140
2010,guatemala,Guatemala,10817142
2010,guinea,Guinea,2458544
2010,haiti,Haiti,2129435
2010,hong-kong-sar-china,Hong Kong,40062904
2010,hungary,Hungary,51992716
2010,iceland,Iceland,3626637
2010,india,India,1678529500
2010,indonesia,Indonesia,445370080
2010,iran-islamic-rep,Iran,561496060
2010,iraq,Iraq,113983430
2010,ireland,Ireland,41790900
2010,israel,Israel,68286904
2010,italy,Italy,435672030
2010,japan,Japan,1211090300
2010,jordan,Jordan,20838342
2010,kazakhstan,Kazakhstan,248092770
2010,kenya,Kenya,11856819
2010,korea-dem-people-s-rep,North Korea,65355172
2010,korea-rep,South Korea,594339140
2010,kuwait,Kuwait,89721000
2010,latvia,Latvia,8554521
2010,lithuania,Lithuania,13801892
2010,luxembourg,Luxembourg,11190507
2010,madagascar,Madagascar,1871714
2010,malawi,Malawi,972162
2010,malaysia,Malaysia,199346400
2010,mali,Mali,2088480
2010,mexico,Mexico,456408960
2010,mongolia,Mongolia,13772353
2010,morocco,Morocco,54365200
2010,mozambique,Mozambique,2637635
2010,myanmar,Myanmar,13125187
2010,nepal,Nepal,4827968
2010,netherlands,Netherlands,182478750
2010,new-zealand,New Zealand,34786920
2010,niger,Niger,1159981
2010,nigeria,Nigeria,112049800
2010,norway,Norway,45659000
2010,oman,Oman,51429150
2010,pakistan,Pakistan,147503980
2010,panama,Panama,9059720
2010,peru,Peru,42505100
2010,philippines,Philippines,82245890
2010,poland,Poland,334027520
2010,portugal,Portugal,52889936
2010,qatar,Qatar,73651180
2010,romania,Romania,84487900
2010,russian-federation,Russia,1633147500
2010,rwanda,Rwanda,580977
2010,saudi-arabia,Saudi Arabia,555639740
2010,senegal,Senegal,6862391
2010,serbia,Serbia,45694396
2010,singapore,Singapore,44400000
2010,slovak-republic,Slovakia,38464356
2010,slovenia,Slovenia,16465506
2010,somalia,Somalia,776768
2010,south-africa,South Africa,467352500
2010,spain,Spain,282585100
2010,sri-lanka,Sri Lanka,12696774
2010,sudan,Sudan,15070048
2010,sweden,Sweden,53028584
2010,switzerland,Switzerland,45033684
2010,syrian-arab-republic,Syria,62057320
2010,taiwan,Taiwan,270717980
2010,tanzania-united-rep,Tanzania,7194109
2010,thailand,Thailand,241018980
2010,tunisia,Tunisia,27899698
2010,turkiye,Turkey,318710340
2010,ukraine,Ukraine,294365800
2010,united-arab-emirates,United Arab Emirates,185848400
2010,united-kingdom,United Kingdom,511904580
2010,united-states,United States,5669250000
2010,uruguay,Uruguay,6321844
2010,uzbekistan,Uzbekistan,107668240
2010,venezuela-rb,Venezuela,189581660
2010,viet-nam,Vietnam,139563840
2010,yemen-rep,Yemen,25817588
2010,zambia,Zambia,3120844
2010,zimbabwe,Zimbabwe,8754012
2011,afghanistan,Afghanistan,11409623
2011,albania,Albania,5175444
2011,algeria,Algeria,124715240
2011,angola,Angola,23397032
2011,argentina,Argentina,189883820
2011,armenia,Armenia,4968878
2011,australia,Australia,403874400
2011,austria,Austria,69891710
2011,azerbaijan,Azerbaijan,30210230
2011,bangladesh,Bangladesh,55592710
2011,belarus,Belarus,61353236
2011,belgium,Belgium,105158970
2011,benin,Benin,4479719
2011,bolivia-plurinational-state-of,Bolivia,16051197
2011,brazil,Brazil,461911330
2011,bulgaria,Bulgaria,53120460
2011,burkina-faso,Burkina Faso,2149253
2011,burundi,Burundi,414032
2011,cambodia,Cambodia,5271034
2011,cameroon,Cameroon,8105278
2011,canada,Canada,562832450
2011,chad,Chad,1276613
2011,chile,Chile,78071440
2011,china,China,9520154000
2011,colombia,Colombia,75191390
2011,congo-dem-rep,Democratic Republic of the Congo,3041045
2011,cote-d-ivoire,Cote d Ivoire,6523170
2011,croatia,Croatia,20614658
2011,cuba,Cuba,29075760
2011,cyprus,Cyprus,7792363
2011,czech-republic,Czechia,115178136
2011,denmark,Denmark,44236864
2011,ecuador,Ecuador,38480370
2011,egypt-arab-rep,Egypt,221675060
2011,estonia,Estonia,18948026
2011,ethiopia,Ethiopia,7354848
2011,finland,Finland,56646000
2011,france,France,355126820
2011,georgia,Georgia,7814204
2011,germany,Germany,804541600
2011,ghana,Ghana,10328553
2011,greece,Greece,94505224
2011,guatemala,Guatemala,10979266
2011,guinea,Guinea,2557472
2011,haiti,Haiti,2271659
2011,hong-kong-sar-china,Hong Kong,43149716
2011,hungary,Hungary,50156010
2011,iceland,Iceland,3503479
2011,india,India,1765694800
2011,indonesia,Indonesia,500457660
2011,iran-islamic-rep,Iran,576365700
2011,iraq,Iraq,123525610
2011,ireland,Ireland,38054388
2011,israel,Israel,68594740
2011,italy,Italy,423897120
2011,japan,Japan,1261180500
2011,jordan,Jordan,21409422
2011,kazakhstan,Kazakhstan,238156960
2011,kenya,Kenya,12217645
2011,korea-dem-people-s-rep,North Korea,47866716
2011,korea-rep,South Korea,623442800
2011,kuwait,Kuwait,87150870
2011,latvia,Latvia,7808430
2011,lithuania,Lithuania,13959649
2011,luxembourg,Luxembourg,11089509
2011,madagascar,Madagascar,2329853
2011,malawi,Malawi,1033844
2011,malaysia,Malaysia,203452770
2011,mali,Mali,2279008
2011,mexico,Mexico,483301600
2011,mongolia,Mongolia,21367836
2011,morocco,Morocco,54867636
2011,mozambique,Mozambique,3106628
2011,myanmar,Myanmar,15122017
2011,nepal,Nepal,5216765
2011,netherlands,Netherlands,169346110
2011,new-zealand,New Zealand,34241144
2011,niger,Niger,1313027
2011,nigeria,Nigeria,126115480
2011,norway,Norway,44775000
2011,oman,Oman,57305132
2011,pakistan,Pakistan,149488300
2011,panama,Panama,9899392
2011,peru,Peru,42326790
2011,philippines,Philippines,82980290
2011,poland,Poland,333406080
2011,portugal,Portugal,51783668
2011,qatar,Qatar,81809440
2011,romania,Romania,92390700
2011,russian-federation,Russia,1684989000
2011,rwanda,Rwanda,643356
2011,saudi-arabia,Saudi Arabia,540235840
2011,senegal,Senegal,7818837
2011,serbia,Serbia,48956180
2011,singapore,Singapore,47000000
2011,slovak-republic,Slovakia,38045108
2011,slovenia,Slovenia,16364208
2011,somalia,Somalia,809744
2011,south-africa,South Africa,474272770
2011,spain,Spain,283275040
2011,sri-lanka,Sri Lanka,14476176
2011,sudan,Sudan,14711459
2011,sweden,Sweden,49113770
2011,switzerland,Switzerland,40973228
2011,syrian-arab-republic,Syria,59078228
2011,taiwan,Taiwan,276771000
2011,tanzania-united-rep,Tanzania,8440309
2011,thailand,Thailand,244878160
2011,tunisia,Tunisia,26429208
2011,turkiye,Turkey,344214820
2011,ukraine,Ukraine,308376420
2011,united-arab-emirates,United Arab Emirates,198518190
2011,united-kingdom,United Kingdom,469713300
2011,united-states,United States,5538973000
2011,uruguay,Uruguay,7686493
2011,uzbekistan,Uzbekistan,116754600
2011,venezuela-rb,Venezuela,168712510
2011,viet-nam,Vietnam,152563940
2011,yemen-rep,Yemen,22625090
2011,zambia,Zambia,3379164
2011,zimbabwe,Zimbabwe,10363199
2012,afghanistan,Afghanistan,9731202
2012,albania,Albania,4930006
2012,algeria,Algeria,135593460
2012,angola,Angola,25940960
2012,argentina,Argentina,191714580
2012,armenia,Armenia,5748252
2012,australia,Australia,405005120
2012,austria,Austria,67260344
2012,azerbaijan,Azerbaijan,32770066
2012,bangladesh,Bangladesh,59703860
2012,belarus,Belarus,62591696
2012,belgium,Belgium,102486240
2012,benin,Benin,4402539
2012,bolivia-plurinational-state-of,Bolivia,17574666
2012,brazil,Brazil,497468200
2012,bulgaria,Bulgaria,48276560
2012,burkina-faso,Burkina Faso,2611586
2012,burundi,Burundi,392048
2012,cambodia,Cambodia,5572352
2012,cameroon,Cameroon,7607038
2012,canada,Canada,561769540
2012,chad,Chad,1746611
2012,chile,Chile,79620890
2012,china,China,9767310000
2012,colombia,Colombia,78674824
2012,congo-dem-rep,Democratic Republic of the Congo,2797330
2012,cote-d-ivoire,Cote d Ivoire,8540010
2012,croatia,Croatia,19050020
2012,cuba,Cuba,29475822
2012,cyprus,Cyprus,7261668
2012,czech-republic,Czechia,111275540
2012,denmark,Denmark,39861260
2012,ecuador,Ecuador,37492764
2012,egypt-arab-rep,Egypt,212524460
2012,estonia,Estonia,17761414
2012,ethiopia,Ethiopia,7988425
2012,finland,Finland,51154000
2012,france,France,358100260
2012,georgia,Georgia,8293624
2012,germany,Germany,814093000
2012,ghana,Ghana,12640586
2012,greece,Greece,91392590
2012,guatemala,Guatemala,11346780
2012,guinea,Guinea,2392592
2012,haiti,Haiti,2262254
2012,hong-kong-sar-china,Hong Kong,42738400
2012,hungary,Hungary,46720180
2012,iceland,Iceland,3499153
2012,india,India,1926986400
2012,indonesia,Indonesia,515769600
2012,iran-islamic-rep,Iran,599278340
2012,iraq,Iraq,134039550
2012,ireland,Ireland,38223920
2012,israel,Israel,74781190
2012,italy,Italy,403443520
2012,japan,Japan,1302112500
2012,jordan,Jordan,24069098
2012,kazakhstan,Kazakhstan,245262910
2012,kenya,Kenya,11245819
2012,korea-dem-people-s-rep,North Korea,46754656
2012,korea-rep,South Korea,627943040
2012,kuwait,Kuwait,101200580
2012,latvia,Latvia,7519718
2012,lithuania,Lithuania,14054137
2012,luxembourg,Luxembourg,10857971
2012,madagascar,Madagascar,2660200
2012,malawi,Malawi,1040751
2012,malaysia,Malaysia,212993630
2012,mali,Mali,2436560
2012,mexico,Mexico,501492300
2012,mongolia,Mongolia,34996204
2012,morocco,Morocco,56953540
2012,mozambique,Mozambique,3051742
2012,myanmar,Myanmar,11825691
2012,nepal,Nepal,5470253
2012,netherlands,Netherlands,165751870
2012,new-zealand,New Zealand,35918250
2012,niger,Niger,1851814
2012,nigeria,Nigeria,110124550
2012,norway,Norway,44258000
2012,oman,Oman,63104910
2012,pakistan,Pakistan,150555070
2012,panama,Panama,9540322
2012,peru,Peru,45508680
2012,philippines,Philippines,87476270
2012,poland,Poland,325777700
2012,portugal,Portugal,49931980
2012,qatar,Qatar,93738040
2012,romania,Romania,89847710
2012,russian-federation,Russia,1700104100
2012,rwanda,Rwanda,718466
2012,saudi-arabia,Saudi Arabia,605712260
2012,senegal,Senegal,7362129
2012,serbia,Serbia,43763544
2012,singapore,Singapore,46100000
2012,slovak-republic,Slovakia,35961410
2012,slovenia,Slovenia,15765101
2012,somalia,Somalia,831728
2012,south-africa,South Africa,461438400
2012,spain,Spain,277432160
2012,sri-lanka,Sri Lanka,15389400
2012,sudan,Sudan,15763022
2012,sweden,Sweden,46606916
2012,switzerland,Switzerland,42242188
2012,syrian-arab-republic,Syria,46338510
2012,taiwan,Taiwan,273282020
2012,tanzania-united-rep,Tanzania,10367499
2012,thailand,Thailand,262347660
2012,tunisia,Tunisia,28194274
2012,turkiye,Turkey,358644600
2012,ukraine,Ukraine,304429900
2012,united-arab-emirates,United Arab Emirates,208323570
2012,united-kingdom,United Kingdom,487476770
2012,united-states,United States,5331467300
2012,uruguay,Uruguay,8604564
2012,uzbekistan,Uzbekistan,118860370
2012,venezuela-rb,Venezuela,175845070
2012,viet-nam,Vietnam,144287540
2012,yemen-rep,Yemen,20467492
2012,zambia,Zambia,4176835
2012,zimbabwe,Zimbabwe,11257433
2013,afghanistan,Afghanistan,8891447
2013,albania,Albania,5346089
2013,algeria,Algeria,141534270
2013,angola,Angola,25709742
2013,argentina,Argentina,189524850
2013,armenia,Armenia,5535127
2013,australia,Australia,397849900
2013,austria,Austria,67758860
2013,azerbaijan,Azerbaijan,33558890
2013,bangladesh,Bangladesh,64762796
2013,belarus,Belarus,64151856
2013,belgium,Belgium,102815960
2013,benin,Benin,4565975
2013,bolivia-plurinational-state-of,Bolivia,17777708
2013,brazil,Brazil,531568830
2013,bulgaria,Bulgaria,42582988
2013,burkina-faso,Burkina Faso,2808880
2013,burundi,Burundi,436016
2013,cambodia,Cambodia,5625738
2013,cameroon,Cameroon,7853181
2013,canada,Canada,568589700
2013,chad,Chad,2082161
2013,chile,Chile,81733270
2013,china,China,9942371000
2013,colombia,Colombia,86445096
2013,congo-dem-rep,Democratic Republic of the Congo,3921089
2013,cote-d-ivoire,Cote d Ivoire,9679770
2013,croatia,Croatia,18401342
2013,cuba,Cuba,27893984
2013,cyprus,Cyprus,6578171
2013,czech-republic,Czechia,106710090
2013,denmark,Denmark,41763010
2013,ecuador,Ecuador,39684920
2013,egypt-arab-rep,Egypt,219086560
2013,estonia,Estonia,19633820
2013,ethiopia,Ethiopia,9743711
2013,finland,Finland,51719000
2013,france,France,360013340
2013,georgia,Georgia,8028035
2013,germany,Germany,831745540
2013,ghana,Ghana,12609988
2013,greece,Greece,81713256
2013,guatemala,Guatemala,12493455
2013,guinea,Guinea,2077488
2013,haiti,Haiti,2703215
2013,hong-kong-sar-china,Hong Kong,44310496
2013,hungary,Hungary,43486532
2013,iceland,Iceland,3488797
2013,india,India,1995337200
2013,indonesia,Indonesia,493435140
2013,iran-islamic-rep,Iran,609996540
2013,iraq,Iraq,141704380
2013,ireland,Ireland,37278704
2013,israel,Israel,63095308
2013,italy,Italy,369460540
2013,japan,Japan,1311875600
2013,jordan,Jordan,24060996
2013,kazakhstan,Kazakhstan,253532740
2013,kenya,Kenya,12162930
2013,korea-dem-people-s-rep,North Korea,36144310
2013,korea-rep,South Korea,634580700
2013,kuwait,Kuwait,83046690
2013,latvia,Latvia,7368746
2013,lithuania,Lithuania,13148174
2013,luxembourg,Luxembourg,10323408
2013,madagascar,Madagascar,3060920
2013,malawi,Malawi,1120229
2013,malaysia,Malaysia,241671090
2013,mali,Mali,2743394
2013,mexico,Mexico,495411550
2013,mongolia,Mongolia,43478044
2013,morocco,Morocco,56606420
2013,mozambique,Mozambique,3578664
2013,myanmar,Myanmar,12714823
2013,nepal,Nepal,6217840
2013,netherlands,Netherlands,164925380
2013,new-zealand,New Zealand,35219212
2013,niger,Niger,2078361
2013,nigeria,Nigeria,117400790
2013,norway,Norway,44539000
2013,oman,Oman,65586984
2013,pakistan,Pakistan,148183040
2013,panama,Panama,10273632
2013,peru,Peru,42717744
2013,philippines,Philippines,94825430
2013,poland,Poland,321757150
2013,portugal,Portugal,48146200
2013,qatar,Qatar,91433490
2013,romania,Romania,78795464
2013,russian-federation,Russia,1637547000
2013,rwanda,Rwanda,778846
2013,saudi-arabia,Saudi Arabia,583177900
2013,senegal,Senegal,7852669
2013,serbia,Serbia,44576068
2013,singapore,Singapore,47000000
2013,slovak-republic,Slovakia,35621708
2013,slovenia,Slovenia,15136785
2013,somalia,Somalia,857376
2013,south-africa,South Africa,456188000
2013,spain,Spain,252109170
2013,sri-lanka,Sri Lanka,14143107
2013,sudan,Sudan,17374260
2013,sweden,Sweden,45105884
2013,switzerland,Switzerland,43182930
2013,syrian-arab-republic,Syria,34256524
2013,taiwan,Taiwan,274576000
2013,tanzania-united-rep,Tanzania,11251474
2013,thailand,Thailand,263753500
2013,tunisia,Tunisia,28773252
2013,turkiye,Turkey,350633570
2013,ukraine,Ukraine,297540220
2013,united-arab-emirates,United Arab Emirates,214188060
2013,united-kingdom,United Kingdom,477611260
2013,united-states,United States,5473436000
2013,uruguay,Uruguay,7490970
2013,uzbekistan,Uzbekistan,112394720
2013,venezuela-rb,Venezuela,198452160
2013,viet-nam,Vietnam,151459360
2013,yemen-rep,Yemen,27281024
2013,zambia,Zambia,4426548
2013,zimbabwe,Zimbabwe,11671374
2014,afghanistan,Afghanistan,8697668
2014,albania,Albania,6072489
2014,algeria,Algeria,152434660
2014,angola,Angola,26092148
2014,argentina,Argentina,188539180
2014,armenia,Armenia,5604113
2014,australia,Australia,392609600
2014,austria,Austria,64158736
2014,azerbaijan,Azerbaijan,34344760
2014,bangladesh,Bangladesh,67551890
2014,belarus,Belarus,63699212
2014,belgium,Belgium,97080950
2014,benin,Benin,4774016
2014,bolivia-plurinational-state-of,Bolivia,19900322
2014,brazil,Brazil,556525500
2014,bulgaria,Bulgaria,45169064
2014,burkina-faso,Burkina Faso,2867520
2014,burundi,Burundi,355126
2014,cambodia,Cambodia,6702344
2014,cameroon,Cameroon,8775174
2014,canada,Canada,564938240
2014,chad,Chad,2182780
2014,chile,Chile,77586210
2014,china,China,9976027000
2014,colombia,Colombia,92041690
2014,congo-dem-rep,Democratic Republic of the Congo,5065957
2014,cote-d-ivoire,Cote d Ivoire,9903225
2014,croatia,Croatia,17649938
2014,cuba,Cuba,27366440
2014,cyprus,Cyprus,6929789
2014,czech-republic,Czechia,104232570
2014,denmark,Denmark,37571384
2014,ecuador,Ecuador,43759816
2014,egypt-arab-rep,Egypt,227254100
2014,estonia,Estonia,18783952
2014,ethiopia,Ethiopia,11543205
2014,finland,Finland,47622000
2014,france,France,327808770
2014,georgia,Georgia,9058119
2014,germany,Germany,792583600
2014,ghana,Ghana,13256576
2014,greece,Greece,78635700
2014,guatemala,Guatemala,13424808
2014,guinea,Guinea,2370608
2014,haiti,Haiti,2698433
2014,hong-kong-sar-china,Hong Kong,45491750
2014,hungary,Hungary,43638876
2014,iceland,Iceland,3445281
2014,india,India,2148052000
2014,indonesia,Indonesia,498028800
2014,iran-islamic-rep,Iran,644227600
2014,iraq,Iraq,137512700
2014,ireland,Ireland,36849876
2014,israel,Israel,60278816
2014,italy,Italy,349388960
2014,japan,Japan,1260272400
2014,jordan,Jordan,26164846
2014,kazakhstan,Kazakhstan,299137340
2014,kenya,Kenya,13214406
2014,korea-dem-people-s-rep,North Korea,39824550
2014,korea-rep,South Korea,629366460
2014,kuwait,Kuwait,74993736
2014,latvia,Latvia,7172200
2014,lithuania,Lithuania,12845803
2014,luxembourg,Luxembourg,9806854
2014,madagascar,Madagascar,2971004
2014,malawi,Malawi,1015111
2014,malaysia,Malaysia,245053380
2014,mali,Mali,3139313
2014,mexico,Mexico,484044500
2014,mongolia,Mongolia,29629786
2014,morocco,Morocco,57174916
2014,mozambique,Mozambique,8118426.5
2014,myanmar,Myanmar,15849346
2014,nepal,Nepal,7587670
2014,netherlands,Netherlands,157502820
2014,new-zealand,New Zealand,35399336
2014,niger,Niger,2256260
2014,nigeria,Nigeria,123971240
2014,norway,Norway,44975000
2014,oman,Oman,66190040
2014,pakistan,Pakistan,150809500
2014,panama,Panama,10688621
2014,peru,Peru,49388020
2014,philippines,Philippines,100073816
2014,poland,Poland,309415360
2014,portugal,Portugal,47942332
2014,qatar,Qatar,91641640
2014,romania,Romania,79335350
2014,russian-federation,Russia,1637311200
2014,rwanda,Rwanda,829804
2014,saudi-arabia,Saudi Arabia,585109100
2014,senegal,Senegal,8724360
2014,serbia,Serbia,37331040
2014,singapore,Singapore,47600000
2014,slovak-republic,Slovakia,33708172
2014,slovenia,Slovenia,13568340
2014,somalia,Somalia,886688
2014,south-africa,South Africa,481637860
2014,spain,Spain,253657840
2014,sri-lanka,Sri Lanka,17076016
2014,sudan,Sudan,13094856
2014,sweden,Sweden,43384748
2014,switzerland,Switzerland,39244148
2014,syrian-arab-republic,Syria,34869310
2014,taiwan,Taiwan,276959000
2014,tanzania-united-rep,Tanzania,10997434
2014,thailand,Thailand,272487650
2014,tunisia,Tunisia,29874574
2014,turkiye,Turkey,367271650
2014,ukraine,Ukraine,257703060
2014,united-arab-emirates,United Arab Emirates,214530340
2014,united-kingdom,United Kingdom,438807070
2014,united-states,United States,5531385300
2014,uruguay,Uruguay,6683819
2014,uzbekistan,Uzbekistan,107495624
2014,venezuela-rb,Venezuela,175991600
2014,viet-nam,Vietnam,180047520
2014,yemen-rep,Yemen,26592206
2014,zambia,Zambia,5283261
2014,zimbabwe,Zimbabwe,11946148
2015,afghanistan,Afghanistan,9384400
2015,albania,Albania,4712144
2015,algeria,Algeria,160321620
2015,angola,Angola,27505228
2015,argentina,Argentina,191808800
2015,armenia,Armenia,5469204
2015,australia,Australia,400589200
2015,austria,Austria,66357780
2015,azerbaijan,Azerbaijan,34683330
2015,bangladesh,Bangladesh,76946130
2015,belarus,Belarus,58827810
2015,belgium,Belgium,101327496
2015,benin,Benin,5318238
2015,bolivia-plurinational-state-of,Bolivia,19899728
2015,brazil,Brazil,528173540
2015,bulgaria,Bulgaria,48127124
2015,burkina-faso,Burkina Faso,3743772
2015,burundi,Burundi,355408
2015,cambodia,Cambodia,8186074.5
2015,cameroon,Cameroon,9849951
2015,canada,Canada,563002560
2015,chad,Chad,2351874
2015,chile,Chile,81778460
2015,china,China,9858040000
2015,colombia,Colombia,91026590
2015,congo-dem-rep,Democratic Republic of the Congo,3274380
2015,cote-d-ivoire,Cote d Ivoire,9554745
2015,croatia,Croatia,17793892
2015,cuba,Cuba,29091232
2015,cyprus,Cyprus,6952477
2015,czech-republic,Czechia,104989704
2015,denmark,Denmark,35110572
2015,ecuador,Ecuador,41297732
2015,egypt-arab-rep,Egypt,226653970
2015,estonia,Estonia,15779627
2015,ethiopia,Ethiopia,12563614
2015,finland,Finland,44192000
2015,france,France,332131000
2015,georgia,Georgia,9790616
2015,germany,Germany,800822500
2015,ghana,Ghana,14568119
2015,greece,Greece,74926664
2015,guatemala,Guatemala,15449177
2015,guinea,Guinea,2454399
2015,haiti,Haiti,2654465
2015,hong-kong-sar-china,Hong Kong,42403520
2015,hungary,Hungary,46566910
2015,iceland,Iceland,3541014
2015,india,India,2231817500
2015,indonesia,Indonesia,551160060
2015,iran-islamic-rep,Iran,641958700
2015,iraq,Iraq,142530000
2015,ireland,Ireland,38715396
2015,israel,Israel,62935624
2015,italy,Italy,361243700
2015,japan,Japan,1219982500
2015,jordan,Jordan,25799390
2015,kazakhstan,Kazakhstan,303052300
2015,kenya,Kenya,15212208
2015,korea-dem-people-s-rep,North Korea,31277754
2015,korea-rep,South Korea,634177300
2015,kuwait,Kuwait,93317470
2015,latvia,Latvia,7262421
2015,lithuania,Lithuania,13045220
2015,luxembourg,Luxembourg,9333977
2015,madagascar,Madagascar,3121228
2015,malawi,Malawi,1049909
2015,malaysia,Malaysia,235941760
2015,mali,Mali,3399103
2015,mexico,Mexico,479433730
2015,mongolia,Mongolia,23278636
2015,morocco,Morocco,58498840
2015,mozambique,Mozambique,6730549
2015,myanmar,Myanmar,21879816
2015,nepal,Nepal,6904651
2015,netherlands,Netherlands,163958100
2015,new-zealand,New Zealand,35805096
2015,niger,Niger,2198770
2015,nigeria,Nigeria,110524590
2015,norway,Norway,45523000
2015,oman,Oman,67883224
2015,pakistan,Pakistan,144895550
2015,panama,Panama,10652060
2015,peru,Peru,49204056
2015,philippines,Philippines,111046296
2015,poland,Poland,312548860
2015,portugal,Portugal,52233050
2015,qatar,Qatar,93310370
2015,romania,Romania,78045990
2015,russian-federation,Russia,1635243500
2015,rwanda,Rwanda,966782
2015,saudi-arabia,Saudi Arabia,624547000
2015,senegal,Senegal,9845416
2015,serbia,Serbia,43896996
2015,singapore,Singapore,49400000
2015,slovak-republic,Slovakia,34527856
2015,slovenia,Slovenia,13658673
2015,somalia,Somalia,923328
2015,south-africa,South Africa,457473250
2015,spain,Spain,270248030
2015,sri-lanka,Sri Lanka,19178976
2015,sudan,Sudan,14246501
2015,sweden,Sweden,43310144
2015,switzerland,Switzerland,38756060
2015,syrian-arab-republic,Syria,31115404
2015,taiwan,Taiwan,276264000
2015,tanzania-united-rep,Tanzania,12782672
2015,thailand,Thailand,277098720
2015,tunisia,Tunisia,31380538
2015,turkiye,Turkey,387703900
2015,ukraine,Ukraine,223849810
2015,united-arab-emirates,United Arab Emirates,225044830
2015,united-kingdom,United Kingdom,422460800
2015,united-states,United States,5368496600
2015,uruguay,Uruguay,6738132
2015,uzbekistan,Uzbekistan,103373576
2015,venezuela-rb,Venezuela,166328370
2015,viet-nam,Vietnam,213391310
2015,yemen-rep,Yemen,14122821
2015,zambia,Zambia,5522488
2015,zimbabwe,Zimbabwe,12016794
2016,afghanistan,Afghanistan,8605932
2016,albania,Albania,4555035
2016,algeria,Algeria,158308320
2016,angola,Angola,25465634
2016,argentina,Argentina,190020500
2016,armenia,Armenia,5206677
2016,australia,Australia,409666340
2016,austria,Austria,67218740
2016,azerbaijan,Azerbaijan,34726970
2016,bangladesh,Bangladesh,81761160
2016,belarus,Belarus,58188064
2016,belgium,Belgium,99816290
2016,benin,Benin,5310542
2016,bolivia-plurinational-state-of,Bolivia,21249604
2016,brazil,Brazil,491744830
2016,bulgaria,Bulgaria,45343750
2016,burkina-faso,Burkina Faso,3987637
2016,burundi,Burundi,428688
2016,cambodia,Cambodia,10643550
2016,cameroon,Cameroon,9964924
2016,canada,Canada,553707000
2016,chad,Chad,2381583
2016,chile,Chile,84250500
2016,china,China,9748175000
2016,colombia,Colombia,91582890
2016,congo-dem-rep,Democratic Republic of the Congo,2659404
2016,cote-d-ivoire,Cote d Ivoire,11979472
2016,croatia,Croatia,18079278
2016,cuba,Cuba,27772246
2016,cyprus,Cyprus,7349926
2016,czech-republic,Czechia,106636424
2016,denmark,Denmark,36916560
2016,ecuador,Ecuador,39374516
2016,egypt-arab-rep,Egypt,245163580
2016,estonia,Estonia,17432910
2016,ethiopia,Ethiopia,14323219
2016,finland,Finland,47252000
2016,france,France,335496400
2016,georgia,Georgia,10042935
2016,germany,Germany,797988300
2016,ghana,Ghana,13913649
2016,greece,Greece,71359610
2016,guatemala,Guatemala,16523710
2016,guinea,Guinea,2699814
2016,haiti,Haiti,2976897
2016,hong-kong-sar-china,Hong Kong,43365844
2016,hungary,Hungary,47039120
2016,iceland,Iceland,3493663
2016,india,India,2352540200
2016,indonesia,Indonesia,547968900
2016,iran-islamic-rep,Iran,644680500
2016,iraq,Iraq,153132140
2016,ireland,Ireland,40369024
2016,israel,Israel,61164350
2016,italy,Italy,358133150
2016,japan,Japan,1199932900
2016,jordan,Jordan,24949460
2016,kazakhstan,Kazakhstan,301738800
2016,kenya,Kenya,16288698
2016,korea-dem-people-s-rep,North Korea,34236420
2016,korea-rep,South Korea,637914050
2016,kuwait,Kuwait,104018830
2016,latvia,Latvia,7210682
2016,lithuania,Lithuania,13101518
2016,luxembourg,Luxembourg,9077205
2016,madagascar,Madagascar,3256796
2016,malawi,Malawi,1172440
2016,malaysia,Malaysia,237293890
2016,mali,Mali,4286165
2016,mexico,Mexico,478827740
2016,mongolia,Mongolia,25629114
2016,morocco,Morocco,58457476
2016,mozambique,Mozambique,8547749
2016,myanmar,Myanmar,21144082
2016,nepal,Nepal,10088048
2016,netherlands,Netherlands,164811760
2016,new-zealand,New Zealand,34134956
2016,niger,Niger,2141519
2016,nigeria,Nigeria,116396000
2016,norway,Norway,44708000
2016,oman,Oman,66239816
2016,pakistan,Pakistan,176740980
2016,panama,Panama,10333790
2016,peru,Peru,52697668
2016,philippines,Philippines,120215624
2016,poland,Poland,323300480
2016,portugal,Portugal,50310916
2016,qatar,Qatar,91378344
2016,romania,Romania,76586910
2016,russian-federation,Russia,1629328400
2016,rwanda,Rwanda,1051997
2016,saudi-arabia,Saudi Arabia,641174200
2016,senegal,Senegal,10012805
2016,serbia,Serbia,45192630
2016,singapore,Singapore,49100000
2016,slovak-republic,Slovakia,34977550
2016,slovenia,Slovenia,14468012
2016,somalia,Somalia,956304
2016,south-africa,South Africa,457049760
2016,spain,Spain,259554690
2016,sri-lanka,Sri Lanka,22339186
2016,sudan,Sudan,19737254
2016,sweden,Sweden,43308376
2016,switzerland,Switzerland,39224776
2016,syrian-arab-republic,Syria,29162014
2016,taiwan,Taiwan,280197000
2016,tanzania-united-rep,Tanzania,13529452
2016,thailand,Thailand,284045470
2016,tunisia,Tunisia,30971484
2016,turkiye,Turkey,405552260
2016,ukraine,Ukraine,234105650
2016,united-arab-emirates,United Arab Emirates,227897730
2016,united-kingdom,United Kingdom,399430140
2016,united-states,United States,5245361700
2016,uruguay,Uruguay,6520387
2016,uzbekistan,Uzbekistan,109837336
2016,venezuela-rb,Venezuela,152733440
2016,viet-nam,Vietnam,221027000
2016,yemen-rep,Yemen,10043701
2016,zambia,Zambia,5977866
2016,zimbabwe,Zimbabwe,10588242
2017,afghanistan,Afghanistan,9311054
2017,albania,Albania,5343792
2017,algeria,Algeria,165251630
2017,angola,Angola,23600984
2017,argentina,Argentina,187068020
2017,armenia,Armenia,5536589
2017,australia,Australia,413407840
2017,austria,Austria,69601480
2017,azerbaijan,Azerbaijan,34698280
2017,bangladesh,Bangladesh,86530870
2017,belarus,Belarus,59444372
2017,belgium,Belgium,99282190
2017,benin,Benin,5555002
2017,bolivia-plurinational-state-of,Bolivia,22181584
2017,brazil,Brazil,497254560
2017,bulgaria,Bulgaria,47445844
2017,burkina-faso,Burkina Faso,4621631
2017,burundi,Burundi,516498.03
2017,cambodia,Cambodia,12087146
2017,cameroon,Cameroon,9581728
2017,canada,Canada,566660300
2017,chad,Chad,2340762
2017,chile,Chile,84134620
2017,china,China,10000013000
2017,colombia,Colombia,83458820
2017,congo-dem-rep,Democratic Republic of the Congo,2920246
2017,cote-d-ivoire,Cote d Ivoire,12001905
2017,croatia,Croatia,18713126
2017,cuba,Cuba,24559170
2017,cyprus,Cyprus,7469282
2017,czech-republic,Czechia,107735540
2017,denmark,Denmark,34664620
2017,ecuador,Ecuador,39195870
2017,egypt-arab-rep,Egypt,253363890
2017,estonia,Estonia,18616038
2017,ethiopia,Ethiopia,14602656
2017,finland,Finland,44657000
2017,france,France,338368030
2017,georgia,Georgia,10059788
2017,germany,Germany,784595140
2017,ghana,Ghana,12437270
2017,greece,Greece,74841750
2017,guatemala,Guatemala,16992724
2017,guinea,Guinea,4847472
2017,haiti,Haiti,3133482
2017,hong-kong-sar-china,Hong Kong,42431172
2017,hungary,Hungary,49423524
2017,iceland,Iceland,3610949
2017,india,India,2425721900
2017,indonesia,Indonesia,570928200
2017,iran-islamic-rep,Iran,696407500
2017,iraq,Iraq,167472350
2017,ireland,Ireland,39040450
2017,israel,Israel,58849100
2017,italy,Italy,352666240
2017,japan,Japan,1184391700
2017,jordan,Jordan,26079932
2017,kazakhstan,Kazakhstan,317720420
2017,kenya,Kenya,16181103
2017,korea-dem-people-s-rep,North Korea,69707920
2017,korea-rep,South Korea,654537300
2017,kuwait,Kuwait,100010360
2017,latvia,Latvia,7215320
2017,lithuania,Lithuania,13277398
2017,luxembourg,Luxembourg,9251006
2017,madagascar,Madagascar,3803787
2017,malawi,Malawi,1193033
2017,malaysia,Malaysia,244457090
2017,mali,Mali,4766551
2017,mexico,Mexico,464406620
2017,mongolia,Mongolia,34138988
2017,morocco,Morocco,61103764
2017,mozambique,Mozambique,6905362
2017,myanmar,Myanmar,23633410
2017,nepal,Nepal,12421580
2017,netherlands,Netherlands,162295740
2017,new-zealand,New Zealand,35661264
2017,niger,Niger,2242503
2017,nigeria,Nigeria,112540370
2017,norway,Norway,44197000
2017,oman,Oman,66343720
2017,pakistan,Pakistan,211980740
2017,panama,Panama,9567928
2017,peru,Peru,54726350
2017,philippines,Philippines,133575610
2017,poland,Poland,336505100
2017,portugal,Portugal,55165156
2017,qatar,Qatar,105656584
2017,romania,Romania,79432344
2017,russian-federation,Russia,1661012200
2017,rwanda,Rwanda,1169724
2017,saudi-arabia,Saudi Arabia,644486500
2017,senegal,Senegal,10757183
2017,serbia,Serbia,45672508
2017,singapore,Singapore,50100000
2017,slovak-republic,Slovakia,36183944
2017,slovenia,Slovenia,14637193
2017,somalia,Somalia,992944
2017,south-africa,South Africa,440010270
2017,spain,Spain,273483870
2017,sri-lanka,Sri Lanka,22167978
2017,sudan,Sudan,20306166
2017,sweden,Sweden,42355424
2017,switzerland,Switzerland,38234000
2017,syrian-arab-republic,Syria,34473470
2017,taiwan,Taiwan,285736000
2017,tanzania-united-rep,Tanzania,13513487
2017,thailand,Thailand,283347620
2017,tunisia,Tunisia,31676916
2017,turkiye,Turkey,430621660
2017,ukraine,Ukraine,223287760
2017,united-arab-emirates,United Arab Emirates,196492830
2017,united-kingdom,United Kingdom,387367140
2017,united-states,United States,5195417600
2017,uruguay,Uruguay,6151027
2017,uzbekistan,Uzbekistan,108882870
2017,venezuela-rb,Venezuela,139093300
2017,viet-nam,Vietnam,227694370
2017,yemen-rep,Yemen,9213895
2017,zambia,Zambia,7458888
2017,zimbabwe,Zimbabwe,9830570
2018,afghanistan,Afghanistan,10191504
2018,albania,Albania,5194860
2018,algeria,Algeria,174461180
2018,angola,Angola,23278050
2018,argentina,Argentina,182483460
2018,armenia,Armenia,5822122
2018,australia,Australia,414780580
2018,austria,Austria,66566510
2018,azerbaijan,Azerbaijan,34576230
2018,bangladesh,Bangladesh,86608110
2018,belarus,Belarus,62170668
2018,belgium,Belgium,100256370
2018,benin,Benin,5668449
2018,bolivia-plurinational-state-of,Bolivia,22508872
2018,brazil,Brazil,476600540
2018,bulgaria,Bulgaria,43503330
2018,burkina-faso,Burkina Faso,5226246
2018,burundi,Burundi,645097
2018,cambodia,Cambodia,13937509
2018,cameroon,Cameroon,9843863
2018,canada,Canada,575090750
2018,chad,Chad,2383510
2018,chile,Chile,84442640
2018,china,China,10346790000
2018,colombia,Colombia,90810690
2018,congo-dem-rep,Democratic Republic of the Congo,3774205
2018,cote-d-ivoire,Cote d Ivoire,10415200
2018,croatia,Croatia,17694512
2018,cuba,Cuba,23019470
2018,cyprus,Cyprus,7324203
2018,czech-republic,Czechia,106322056
2018,denmark,Denmark,34608956
2018,ecuador,Ecuador,38451190
2018,egypt-arab-rep,Egypt,241903180
2018,estonia,Estonia,17800688
2018,ethiopia,Ethiopia,16117197
2018,finland,Finland,45736000
2018,france,France,323101730
2018,georgia,Georgia,9888335
2018,germany,Germany,758771400
2018,ghana,Ghana,15189658
2018,greece,Greece,71778090
2018,guatemala,Guatemala,18338418
2018,guinea,Guinea,3770256
2018,haiti,Haiti,3400954
2018,hong-kong-sar-china,Hong Kong,42597024
2018,hungary,Hungary,49366230
2018,iceland,Iceland,3665355
2018,india,India,2595227100
2018,indonesia,Indonesia,607378370
2018,iran-islamic-rep,Iran,664523260
2018,iraq,Iraq,186156450
2018,ireland,Ireland,38922364
2018,israel,Israel,59985932
2018,italy,Italy,349048350
2018,japan,Japan,1138549800
2018,jordan,Jordan,25419166
2018,kazakhstan,Kazakhstan,329572130
2018,kenya,Kenya,17002858
2018,korea-dem-people-s-rep,North Korea,62608284
2018,korea-rep,South Korea,670168700
2018,kuwait,Kuwait,102453010
2018,latvia,Latvia,7843189
2018,lithuania,Lithuania,13414424
2018,luxembourg,Luxembourg,9556162
2018,madagascar,Madagascar,3604454
2018,malawi,Malawi,1690049
2018,malaysia,Malaysia,262647070
2018,mali,Mali,5198325
2018,mexico,Mexico,468420600
2018,mongolia,Mongolia,45319308
2018,morocco,Morocco,62314932
2018,mozambique,Mozambique,7010116
2018,myanmar,Myanmar,34016840
2018,nepal,Nepal,14038992
2018,netherlands,Netherlands,158264260
2018,new-zealand,New Zealand,35686796
2018,niger,Niger,1803409
2018,nigeria,Nigeria,106785730
2018,norway,Norway,44472000
2018,oman,Oman,70677940
2018,pakistan,Pakistan,203499680
2018,panama,Panama,9121047
2018,peru,Peru,56013570
2018,philippines,Philippines,139856770
2018,poland,Poland,335718620
2018,portugal,Portugal,51340276
2018,qatar,Qatar,102621410
2018,romania,Romania,79874424
2018,russian-federation,Russia,1709909600
2018,rwanda,Rwanda,1313075
2018,saudi-arabia,Saudi Arabia,652204160
2018,senegal,Senegal,11330392
2018,serbia,Serbia,44478060
2018,singapore,Singapore,50300000
2018,slovak-republic,Slovakia,36184068
2018,slovenia,Slovenia,14563352
2018,somalia,Somalia,1033247.94
2018,south-africa,South Africa,453765980
2018,spain,Spain,268520600
2018,sri-lanka,Sri Lanka,20136762
2018,sudan,Sudan,20515954
2018,sweden,Sweden,41856004
2018,switzerland,Switzerland,36945068
2018,syrian-arab-republic,Syria,31771348
2018,taiwan,Taiwan,284151000
2018,tanzania-united-rep,Tanzania,14233063
2018,thailand,Thailand,288304900
2018,tunisia,Tunisia,31121710
2018,turkiye,Turkey,423818300
2018,ukraine,Ukraine,231899980
2018,united-arab-emirates,United Arab Emirates,204104800
2018,united-kingdom,United Kingdom,379729760
2018,united-states,United States,5361236500
2018,uruguay,Uruguay,6570397
2018,uzbekistan,Uzbekistan,102330270
2018,venezuela-rb,Venezuela,111239580
2018,viet-nam,Vietnam,255468420
2018,yemen-rep,Yemen,11503876
2018,zambia,Zambia,8657801
2018,zimbabwe,Zimbabwe,11209238
2019,afghanistan,Afghanistan,10400110
2019,albania,Albania,4940528
2019,algeria,Algeria,182425000
2019,angola,Angola,22210076
2019,argentina,Argentina,180427660
2019,armenia,Armenia,6284110
2019,australia,Australia,414925300
2019,austria,Austria,67951230
2019,azerbaijan,Azerbaijan,37752550
2019,bangladesh,Bangladesh,94807690
2019,belarus,Belarus,62170636
2019,belgium,Belgium,99798730
2019,benin,Benin,5272598
2019,bolivia-plurinational-state-of,Bolivia,22609254
2019,brazil,Brazil,476723740
2019,bulgaria,Bulgaria,42194980
2019,burkina-faso,Burkina Faso,5618020
2019,burundi,Burundi,685168
2019,cambodia,Cambodia,18626280
2019,cameroon,Cameroon,9605290
2019,canada,Canada,579007040
2019,chad,Chad,2299785
2019,chile,Chile,91977050
2019,china,China,10713515000
2019,colombia,Colombia,98961910
2019,congo-dem-rep,Democratic Republic of the Congo,4118092
2019,cote-d-ivoire,Cote d Ivoire,10538745
2019,croatia,Croatia,17820422
2019,cuba,Cuba,22486916
2019,cyprus,Cyprus,7324482
2019,czech-republic,Czechia,100997496
2019,denmark,Denmark,30950284
2019,ecuador,Ecuador,40082630
2019,egypt-arab-rep,Egypt,234060160
2019,estonia,Estonia,12288094
2019,ethiopia,Ethiopia,17177142
2019,finland,Finland,42444000
2019,france,France,316320800
2019,georgia,Georgia,10517087
2019,germany,Germany,708648960
2019,ghana,Ghana,16415195
2019,greece,Greece,65736330
2019,guatemala,Guatemala,19258856
2019,guinea,Guinea,4104165
2019,haiti,Haiti,3118826
2019,hong-kong-sar-china,Hong Kong,41896590
2019,hungary,Hungary,49158950
2019,iceland,Iceland,3552640
2019,india,India,2611174700
2019,indonesia,Indonesia,665049340
2019,iran-islamic-rep,Iran,727268540
2019,iraq,Iraq,191777620
2019,ireland,Ireland,37199836
2019,israel,Israel,58950148
2019,italy,Italy,339637950
2019,japan,Japan,1102063000
2019,jordan,Jordan,24569784
2019,kazakhstan,Kazakhstan,296039600
2019,kenya,Kenya,18158882
2019,korea-dem-people-s-rep,North Korea,69512190
2019,korea-rep,South Korea,646102200
2019,kuwait,Kuwait,104654216
2019,latvia,Latvia,7633452
2019,lithuania,Lithuania,13647340
2019,luxembourg,Luxembourg,9749969
2019,madagascar,Madagascar,4146515
2019,malawi,Malawi,1695354
2019,malaysia,Malaysia,277672900
2019,mali,Mali,5594037
2019,mexico,Mexico,468235840
2019,mongolia,Mongolia,47118988
2019,morocco,Morocco,68743490
2019,mozambique,Mozambique,7097435
2019,myanmar,Myanmar,33616924
2019,nepal,Nepal,12750490
2019,netherlands,Netherlands,152727100
2019,new-zealand,New Zealand,36710612
2019,niger,Niger,2513365
2019,nigeria,Nigeria,127859300
2019,norway,Norway,42866000
2019,oman,Oman,72034904
2019,pakistan,Pakistan,190825870
2019,panama,Panama,12448774
2019,peru,Peru,58668280
2019,philippines,Philippines,142601220
2019,poland,Poland,317444060
2019,portugal,Portugal,47583050
2019,qatar,Qatar,101429576
2019,romania,Romania,76690350
2019,russian-federation,Russia,1704458600
2019,rwanda,Rwanda,1413492
2019,saudi-arabia,Saudi Arabia,708334700
2019,senegal,Senegal,12711456
2019,serbia,Serbia,44444510
2019,singapore,Singapore,49000000
2019,slovak-republic,Slovakia,33853190
2019,slovenia,Slovenia,14053007
2019,somalia,Somalia,1069888
2019,south-africa,South Africa,470727420
2019,spain,Spain,250673650
2019,sri-lanka,Sri Lanka,21105576
2019,sudan,Sudan,22007006
2019,sweden,Sweden,40772480
2019,switzerland,Switzerland,36822244
2019,syrian-arab-republic,Syria,33491608
2019,taiwan,Taiwan,274704000
2019,tanzania-united-rep,Tanzania,16190849
2019,thailand,Thailand,281877440
2019,tunisia,Tunisia,30578564
2019,turkiye,Turkey,406567740
2019,ukraine,Ukraine,222187900
2019,united-arab-emirates,United Arab Emirates,204058080
2019,united-kingdom,United Kingdom,364753280
2019,united-states,United States,5235912000
2019,uruguay,Uruguay,6408476
2019,uzbekistan,Uzbekistan,107947210
2019,venezuela-rb,Venezuela,105430480
2019,viet-nam,Vietnam,339312350
2019,yemen-rep,Yemen,11787783
2019,zambia,Zambia,8846335
2019,zimbabwe,Zimbabwe,10266795
2020,afghanistan,Afghanistan,11118626
2020,albania,Albania,4865033
2020,algeria,Algeria,171138530
2020,angola,Angola,16549341
2020,argentina,Argentina,164612720
2020,armenia,Armenia,6795190
2020,australia,Australia,398546900
2020,austria,Austria,62179828
2020,azerbaijan,Azerbaijan,36237164
2020,bangladesh,Bangladesh,95729090
2020,belarus,Belarus,59122900
2020,belgium,Belgium,91254550
2020,benin,Benin,5540920
2020,bolivia-plurinational-state-of,Bolivia,18320192
2020,brazil,Brazil,447999400
2020,bulgaria,Bulgaria,36571028
2020,burkina-faso,Burkina Faso,5618088
2020,burundi,Burundi,739430
2020,cambodia,Cambodia,20990796
2020,cameroon,Cameroon,9716267
2020,canada,Canada,524207940
2020,chad,Chad,2356446
2020,chile,Chile,80178220
2020,china,China,10896520000
2020,colombia,Colombia,92305150
2020,congo-dem-rep,Democratic Republic of the Congo,4304789
2020,cote-d-ivoire,Cote d Ivoire,11018607
2020,croatia,Croatia,16870106
2020,cuba,Cuba,21280834
2020,cyprus,Cyprus,6903173
2020,czech-republic,Czechia,91661460
2020,denmark,Denmark,28299676
2020,ecuador,Ecuador,32473266
2020,egypt-arab-rep,Egypt,246323300
2020,estonia,Estonia,9198245
2020,ethiopia,Ethiopia,16735016
2020,finland,Finland,37720000
2020,france,France,281515500
2020,georgia,Georgia,10377979
2020,germany,Germany,647176800
2020,ghana,Ghana,19164054
2020,greece,Greece,55576930
2020,guatemala,Guatemala,17156898
2020,guinea,Guinea,4430248
2020,haiti,Haiti,3265386
2020,hong-kong-sar-china,Hong Kong,33512996
2020,hungary,Hungary,47105320
2020,iceland,Iceland,3338906
2020,india,India,2422732000
2020,indonesia,Indonesia,623304000
2020,iran-islamic-rep,Iran,745595800
2020,iraq,Iraq,172098030
2020,ireland,Ireland,35052570
2020,israel,Israel,59285372
2020,italy,Italy,302600100
2020,japan,Japan,1037284700
2020,jordan,Jordan,20621556
2020,kazakhstan,Kazakhstan,281789200
2020,kenya,Kenya,19989572
2020,korea-dem-people-s-rep,North Korea,65576750
2020,korea-rep,South Korea,597634300
2020,kuwait,Kuwait,90102610
2020,latvia,Latvia,6999268
2020,lithuania,Lithuania,13499604
2020,luxembourg,Luxembourg,8069083
2020,madagascar,Madagascar,3788076
2020,malawi,Malawi,1868050
2020,malaysia,Malaysia,262158820
2020,mali,Mali,6330056
2020,mexico,Mexico,428936830
2020,mongolia,Mongolia,42477500
2020,morocco,Morocco,64541824
2020,mozambique,Mozambique,6340353
2020,myanmar,Myanmar,34587800
2020,nepal,Nepal,15630800
2020,netherlands,Netherlands,136974140
2020,new-zealand,New Zealand,34108960
2020,niger,Niger,3040036
2020,nigeria,Nigeria,124899300
2020,norway,Norway,41275000
2020,oman,Oman,71845150
2020,pakistan,Pakistan,215509550
2020,panama,Panama,6557340
2020,peru,Peru,47236736
2020,philippines,Philippines,131457416
2020,poland,Poland,302102430
2020,portugal,Portugal,41738144
2020,qatar,Qatar,101329230
2020,romania,Romania,73946380
2020,russian-federation,Russia,1631901600
2020,rwanda,Rwanda,1394311
2020,saudi-arabia,Saudi Arabia,653564700
2020,senegal,Senegal,10819990
2020,serbia,Serbia,45356156
2020,singapore,Singapore,46700000
2020,slovak-republic,Slovakia,31176160
2020,slovenia,Slovenia,12872991
2020,somalia,Somalia,1139504
2020,south-africa,South Africa,435297660
2020,spain,Spain,211764740
2020,sri-lanka,Sri Lanka,20412408
2020,sudan,Sudan,19799938
2020,sweden,Sweden,36622220
2020,switzerland,Switzerland,34343256
2020,syrian-arab-republic,Syria,32344418
2020,taiwan,Taiwan,272464200
2020,tanzania-united-rep,Tanzania,15952437
2020,thailand,Thailand,271923300
2020,tunisia,Tunisia,28844812
2020,turkiye,Turkey,416328060
2020,ukraine,Ukraine,207100640
2020,united-arab-emirates,United Arab Emirates,215266180
2020,united-kingdom,United Kingdom,326263200
2020,united-states,United States,4689954000
2020,uruguay,Uruguay,6476821
2020,uzbekistan,Uzbekistan,108138824
2020,venezuela-rb,Venezuela,80901150
2020,viet-nam,Vietnam,362598880
2020,yemen-rep,Yemen,10757014
2020,zambia,Zambia,9990585
2020,zimbabwe,Zimbabwe,8490839
2021,afghanistan,Afghanistan,9868841
2021,albania,Albania,5137011
2021,algeria,Algeria,182035800
2021,angola,Angola,19218562
2021,argentina,Argentina,190196930
2021,armenia,Armenia,7350704
2021,australia,Australia,388472300
2021,austria,Austria,65751344
2021,azerbaijan,Azerbaijan,38299644
2021,bangladesh,Bangladesh,98530280
2021,belarus,Belarus,60861080
2021,belgium,Belgium,94928070
2021,benin,Benin,5805787
2021,bolivia-plurinational-state-of,Bolivia,21766604
2021,brazil,Brazil,496562000
2021,bulgaria,Bulgaria,42365030
2021,burkina-faso,Burkina Faso,6328719
2021,burundi,Burundi,771677
2021,cambodia,Cambodia,20775382
2021,cameroon,Cameroon,9733522
2021,canada,Canada,537478660
2021,chad,Chad,2670142
2021,chile,Chile,83630310
2021,china,China,11284401000
2021,colombia,Colombia,103733530
2021,congo-dem-rep,Democratic Republic of the Congo,4292237
2021,cote-d-ivoire,Cote d Ivoire,13665820
2021,croatia,Croatia,17402972
2021,cuba,Cuba,22548866
2021,cyprus,Cyprus,6950782
2021,czech-republic,Czechia,96629410
2021,denmark,Denmark,29603524
2021,ecuador,Ecuador,38184976
2021,egypt-arab-rep,Egypt,266838990
2021,estonia,Estonia,10390915
2021,ethiopia,Ethiopia,17905590
2021,finland,Finland,37820000
2021,france,France,307271840
2021,georgia,Georgia,10749759
2021,germany,Germany,677997700
2021,ghana,Ghana,20556058
2021,greece,Greece,57527910
2021,guatemala,Guatemala,19984124
2021,guinea,Guinea,4067529.2
2021,haiti,Haiti,3507210
2021,hong-kong-sar-china,Hong Kong,33636996
2021,hungary,Hungary,48326284
2021,iceland,Iceland,3490635
2021,india,India,2675778000
2021,indonesia,Indonesia,632946050
2021,iran-islamic-rep,Iran,779525250
2021,iraq,Iraq,193115150
2021,ireland,Ireland,37473684
2021,israel,Israel,58950084
2021,italy,Italy,335930430
2021,japan,Japan,1058501800
2021,jordan,Jordan,21190126
2021,kazakhstan,Kazakhstan,244903710
2021,kenya,Kenya,20589818
2021,korea-dem-people-s-rep,North Korea,53969788
2021,korea-rep,South Korea,616075000
2021,kuwait,Kuwait,87868850
2021,latvia,Latvia,7218349
2021,lithuania,Lithuania,13778095
2021,luxembourg,Luxembourg,8409505
2021,madagascar,Madagascar,4246076
2021,malawi,Malawi,1682495
2021,malaysia,Malaysia,273332160
2021,mali,Mali,7393170
2021,mexico,Mexico,446837570
2021,mongolia,Mongolia,35971700
2021,morocco,Morocco,70275310
2021,mozambique,Mozambique,7722039
2021,myanmar,Myanmar,29284832
2021,nepal,Nepal,15486231
2021,netherlands,Netherlands,139885680
2021,new-zealand,New Zealand,34596516
2021,niger,Niger,2588205
2021,nigeria,Nigeria,147776620
2021,norway,Norway,41058000
2021,oman,Oman,75041400
2021,pakistan,Pakistan,243552350
2021,panama,Panama,10144616
2021,peru,Peru,59961856
2021,philippines,Philippines,140269500
2021,poland,Poland,330693730
2021,portugal,Portugal,40299850
2021,qatar,Qatar,104385690
2021,romania,Romania,77501260
2021,russian-federation,Russia,1674524300
2021,rwanda,Rwanda,1699049
2021,saudi-arabia,Saudi Arabia,695394500
2021,senegal,Senegal,12319014
2021,serbia,Serbia,43886132
2021,singapore,Singapore,50100000
2021,slovak-republic,Slovakia,35251324
2021,slovenia,Slovenia,13076158
2021,somalia,Somalia,1154160
2021,south-africa,South Africa,439464400
2021,spain,Spain,228805710
2021,sri-lanka,Sri Lanka,20823088
2021,sudan,Sudan,19208158
2021,sweden,Sweden,38567984
2021,switzerland,Switzerland,35902450
2021,syrian-arab-republic,Syria,32508500
2021,taiwan,Taiwan,283820930
2021,tanzania-united-rep,Tanzania,17677692
2021,thailand,Thailand,267141810
2021,tunisia,Tunisia,31526714
2021,turkiye,Turkey,457377280
2021,ukraine,Ukraine,210636080
2021,united-arab-emirates,United Arab Emirates,212172960
2021,united-kingdom,United Kingdom,342365570
2021,united-states,United States,5020111000
2021,uruguay,Uruguay,7829208
2021,uzbekistan,Uzbekistan,123161640
2021,venezuela-rb,Venezuela,94902500
2021,viet-nam,Vietnam,314196600
2021,yemen-rep,Yemen,10607956
2021,zambia,Zambia,9349845
2021,zimbabwe,Zimbabwe,10222778
2022,afghanistan,Afghanistan,10169889
2022,albania,Albania,4498282
2022,algeria,Algeria,192778560
2022,angola,Angola,21089004
2022,argentina,Argentina,183768140
2022,armenia,Armenia,7698773
2022,australia,Australia,384078430
2022,austria,Austria,61454140
2022,azerbaijan,Azerbaijan,41174576
2022,bangladesh,Bangladesh,102147410
2022,belarus,Belarus,57120548
2022,belgium,Belgium,88914970
2022,benin,Benin,6092278
2022,bolivia-plurinational-state-of,Bolivia,23488206
2022,brazil,Brazil,480058300
2022,bulgaria,Bulgaria,46931790
2022,burkina-faso,Burkina Faso,6542194
2022,burundi,Burundi,877523
2022,cambodia,Cambodia,20865134
2022,cameroon,Cameroon,9792435
2022,canada,Canada,547657660
2022,chad,Chad,2800401
2022,chile,Chile,85743784
2022,china,China,11711807000
2022,colombia,Colombia,89436940
2022,congo-dem-rep,Democratic Republic of the Congo,5892366
2022,cote-d-ivoire,Cote d Ivoire,14504321
2022,croatia,Croatia,17585164
2022,cuba,Cuba,23258538
2022,cyprus,Cyprus,7070778
2022,czech-republic,Czechia,95039670
2022,denmark,Denmark,29094320
2022,ecuador,Ecuador,42065652
2022,egypt-arab-rep,Egypt,249898670
2022,estonia,Estonia,11966227
2022,ethiopia,Ethiopia,16959748
2022,finland,Finland,36337000
2022,france,France,295303800
2022,georgia,Georgia,11999864
2022,germany,Germany,667843000
2022,ghana,Ghana,20745210
2022,greece,Greece,57609050
2022,guatemala,Guatemala,18913354
2022,guinea,Guinea,4052384
2022,haiti,Haiti,2870341
2022,hong-kong-sar-china,Hong Kong,30763800
2022,hungary,Hungary,45267340
2022,iceland,Iceland,3597685
2022,india,India,2831131600
2022,indonesia,Indonesia,758020500
2022,iran-islamic-rep,Iran,767178500
2022,iraq,Iraq,217643900
2022,ireland,Ireland,36675670
2022,israel,Israel,62267304
2022,italy,Italy,340114720
2022,japan,Japan,1029644900
2022,jordan,Jordan,22427682
2022,kazakhstan,Kazakhstan,274345570
2022,kenya,Kenya,20544366
2022,korea-dem-people-s-rep,North Korea,56289484
2022,korea-rep,South Korea,606877250
2022,kuwait,Kuwait,115848890
2022,latvia,Latvia,6607997
2022,lithuania,Lithuania,12895064
2022,luxembourg,Luxembourg,7274379
2022,madagascar,Madagascar,4209640
2022,malawi,Malawi,1801388
2022,malaysia,Malaysia,281883800
2022,mali,Mali,7019715
2022,mexico,Mexico,453799100
2022,mongolia,Mongolia,40443170
2022,morocco,Morocco,69779460
2022,mozambique,Mozambique,9295686
2022,myanmar,Myanmar,31638664
2022,nepal,Nepal,17608968
2022,netherlands,Netherlands,127503144
2022,new-zealand,New Zealand,31965866
2022,niger,Niger,3200732
2022,nigeria,Nigeria,131440936
2022,norway,Norway,40833000
2022,oman,Oman,77993790
2022,pakistan,Pakistan,211969710
2022,panama,Panama,11707350
2022,peru,Peru,64784804
2022,philippines,Philippines,150963020
2022,poland,Poland,314891970
2022,portugal,Portugal,40722496
2022,qatar,Qatar,109594410
2022,romania,Romania,73186024
2022,russian-federation,Russia,1675460900
2022,rwanda,Rwanda,1957226
2022,saudi-arabia,Saudi Arabia,666993540
2022,senegal,Senegal,14132717
2022,serbia,Serbia,44462404
2022,singapore,Singapore,48933884
2022,slovak-republic,Slovakia,31589464
2022,slovenia,Slovenia,12727840
2022,somalia,Somalia,1271408
2022,south-africa,South Africa,428782180
2022,spain,Spain,234223470
2022,sri-lanka,Sri Lanka,18376960
2022,sudan,Sudan,17528614
2022,sweden,Sweden,36342156
2022,switzerland,Switzerland,32950562
2022,syrian-arab-republic,Syria,31423332
2022,taiwan,Taiwan,273988830
2022,tanzania-united-rep,Tanzania,19702384
2022,thailand,Thailand,272573380
2022,tunisia,Tunisia,30784934
2022,turkiye,Turkey,443602700
2022,ukraine,Ukraine,143039870
2022,united-arab-emirates,United Arab Emirates,207103410
2022,united-kingdom,United Kingdom,311118000
2022,united-states,United States,5055403000
2022,uruguay,Uruguay,7500855
2022,uzbekistan,Uzbekistan,119105480
2022,venezuela-rb,Venezuela,108423500
2022,viet-nam,Vietnam,322653150
2022,yemen-rep,Yemen,10403769
2022,zambia,Zambia,10938910
2022,zimbabwe,Zimbabwe,12231845
2023,afghanistan,Afghanistan,10516319
2023,albania,Albania,4417333
2023,algeria,Algeria,202846660
2023,angola,Angola,21674816
2023,argentina,Argentina,178406990
2023,armenia,Armenia,7430228
2023,australia,Australia,384316060
2023,austria,Austria,56908956
2023,azerbaijan,Azerbaijan,42748196
2023,bangladesh,Bangladesh,104526670
2023,belarus,Belarus,55736064
2023,belgium,Belgium,84703360
2023,benin,Benin,5927823
2023,bolivia-plurinational-state-of,Bolivia,24620520
2023,brazil,Brazil,483991940
2023,bulgaria,Bulgaria,34500948
2023,burkina-faso,Burkina Faso,6308441
2023,burundi,Burundi,900716
2023,cambodia,Cambodia,21411502
2023,cameroon,Cameroon,9694864
2023,canada,Canada,545478500
2023,chad,Chad,2848394
2023,chile,Chile,77604216
2023,china,China,12172008000
2023,colombia,Colombia,89992344
2023,congo-dem-rep,Democratic Republic of the Congo,5881086
2023,cote-d-ivoire,Cote d Ivoire,14052436
2023,croatia,Croatia,18467598
2023,cuba,Cuba,23470270
2023,cyprus,Cyprus,7188089
2023,czech-republic,Czechia,83232250
2023,denmark,Denmark,28831184
2023,ecuador,Ecuador,44599590
2023,egypt-arab-rep,Egypt,250230190
2023,estonia,Estonia,8744257
2023,ethiopia,Ethiopia,17570662
2023,finland,Finland,31799000
2023,france,France,270262660
2023,georgia,Georgia,11922203
2023,germany,Germany,593766000
2023,ghana,Ghana,20135648
2023,greece,Greece,51988224
2023,guatemala,Guatemala,19736068
2023,guinea,Guinea,3875027
2023,haiti,Haiti,2864751
2023,hong-kong-sar-china,Hong Kong,32957054
2023,hungary,Hungary,40343864
2023,iceland,Iceland,3508235
2023,india,India,3062756400
2023,indonesia,Indonesia,762357570
2023,iran-islamic-rep,Iran,789675840
2023,iraq,Iraq,227909700
2023,ireland,Ireland,33567940
2023,israel,Israel,55381996
2023,italy,Italy,312290660
2023,japan,Japan,986910140
2023,jordan,Jordan,23119264
2023,kazakhstan,Kazakhstan,286174900
2023,kenya,Kenya,21185722
2023,korea-dem-people-s-rep,North Korea,62024996
2023,korea-rep,South Korea,589178500
2023,kuwait,Kuwait,123168720
2023,latvia,Latvia,6589883
2023,lithuania,Lithuania,12507402
2023,luxembourg,Luxembourg,6840733
2023,madagascar,Madagascar,4446771
2023,malawi,Malawi,1852568
2023,malaysia,Malaysia,276296770
2023,mali,Mali,6743016
2023,mexico,Mexico,458253860
2023,mongolia,Mongolia,44183664
2023,morocco,Morocco,68961176
2023,mozambique,Mozambique,9093456
2023,myanmar,Myanmar,31792970
2023,nepal,Nepal,18347820
2023,netherlands,Netherlands,117016380
2023,new-zealand,New Zealand,31559814
2023,niger,Niger,3133399
2023,nigeria,Nigeria,129376100
2023,norway,Norway,38869000
2023,oman,Oman,79810640
2023,pakistan,Pakistan,186860880
2023,panama,Panama,13002121
2023,peru,Peru,66064750
2023,philippines,Philippines,160980460
2023,poland,Poland,283243460
2023,portugal,Portugal,37622040
2023,qatar,Qatar,119544360
2023,romania,Romania,67866024
2023,russian-federation,Russia,1733134600
2023,rwanda,Rwanda,2016015
2023,saudi-arabia,Saudi Arabia,677441900
2023,senegal,Senegal,14081857
2023,serbia,Serbia,42907320
2023,singapore,Singapore,51067616
2023,slovak-republic,Slovakia,30766244
2023,slovenia,Slovenia,12012164
2023,somalia,Somalia,1296419
2023,south-africa,South Africa,436604200
2023,spain,Spain,215460750
2023,sri-lanka,Sri Lanka,19166020
2023,sudan,Sudan,17715522
2023,sweden,Sweden,36708596
2023,switzerland,Switzerland,31977486
2023,syrian-arab-republic,Syria,31673644
2023,taiwan,Taiwan,267126800
2023,tanzania-united-rep,Tanzania,20309608
2023,thailand,Thailand,264733680
2023,tunisia,Tunisia,31737824
2023,turkiye,Turkey,486944580
2023,ukraine,Ukraine,139325380
2023,united-arab-emirates,United Arab Emirates,210425100
2023,united-kingdom,United Kingdom,307826140
2023,united-states,United States,4918406700
2023,uruguay,Uruguay,7626940
2023,uzbekistan,Uzbekistan,122872020
2023,venezuela-rb,Venezuela,119587760
2023,viet-nam,Vietnam,347398800
2023,yemen-rep,Yemen,10141169
2023,zambia,Zambia,11830727
2023,zimbabwe,Zimbabwe,13443295
2024,afghanistan,Afghanistan,10825998
2024,albania,Albania,4444448
2024,algeria,Algeria,198203180
2024,angola,Angola,22333584
2024,argentina,Argentina,171059260
2024,armenia,Armenia,7430715
2024,australia,Australia,386732380
2024,austria,Austria,56367656
2024,azerbaijan,Azerbaijan,39830140
2024,bangladesh,Bangladesh,108317880
2024,belarus,Belarus,55818416
2024,belgium,Belgium,85456200
2024,benin,Benin,6066339
2024,bolivia-plurinational-state-of,Bolivia,28708664
2024,brazil,Brazil,483011550
2024,bulgaria,Bulgaria,31621824
2024,burkina-faso,Burkina Faso,6507663
2024,burundi,Burundi,916664
2024,cambodia,Cambodia,21882690
2024,cameroon,Cameroon,9631583
2024,canada,Canada,533340100
2024,chad,Chad,2831401
2024,chile,Chile,78725544
2024,china,China,12289037000
2024,colombia,Colombia,92659384
2024,congo-dem-rep,Democratic Republic of the Congo,5904451
2024,cote-d-ivoire,Cote d Ivoire,14828585
2024,croatia,Croatia,18464850
2024,cuba,Cuba,24440234
2024,cyprus,Cyprus,7299328
2024,czech-republic,Czechia,75623000
2024,denmark,Denmark,28369162
2024,ecuador,Ecuador,45979548
2024,egypt-arab-rep,Egypt,258367860
2024,estonia,Estonia,8306777
2024,ethiopia,Ethiopia,17837292
2024,finland,Finland,29775000
2024,france,France,264155620
2024,georgia,Georgia,11784258
2024,germany,Germany,572319170
2024,ghana,Ghana,21021874
2024,greece,Greece,53360840
2024,guatemala,Guatemala,19880430
2024,guinea,Guinea,4026185
2024,haiti,Haiti,2970693
2024,hong-kong-sar-china,Hong Kong,33323918
2024,hungary,Hungary,40017292
2024,iceland,Iceland,3803011
2024,india,India,3193478100
2024,indonesia,Indonesia,812220200
2024,iran-islamic-rep,Iran,792631200
2024,iraq,Iraq,233635500
2024,ireland,Ireland,33310624
2024,israel,Israel,52637136
2024,italy,Italy,301929760
2024,japan,Japan,961867300
2024,jordan,Jordan,23219138
2024,kazakhstan,Kazakhstan,287005950
2024,kenya,Kenya,21225434
2024,korea-dem-people-s-rep,North Korea,62550270
2024,korea-rep,South Korea,583679170
2024,kuwait,Kuwait,129518650
2024,latvia,Latvia,6461889
2024,lithuania,Lithuania,12541509
2024,luxembourg,Luxembourg,7039783
2024,madagascar,Madagascar,4528381
2024,malawi,Malawi,1881479
2024,malaysia,Malaysia,290223840
2024,mali,Mali,6978840
2024,mexico,Mexico,460987650
2024,mongolia,Mongolia,44693890
2024,morocco,Morocco,69062344
2024,mozambique,Mozambique,8612630
2024,myanmar,Myanmar,31603438
2024,nepal,Nepal,18776082
2024,netherlands,Netherlands,114784730
2024,new-zealand,New Zealand,32479432
2024,niger,Niger,3169958
2024,nigeria,Nigeria,135824000
2024,norway,Norway,37183000
2024,oman,Oman,82661976
2024,pakistan,Pakistan,179800380
2024,panama,Panama,12664428
2024,peru,Peru,70246650
2024,philippines,Philippines,174878000
2024,poland,Poland,272861820
2024,portugal,Portugal,35538852
2024,qatar,Qatar,125812260
2024,romania,Romania,68551400
2024,russian-federation,Russia,1780524400
2024,rwanda,Rwanda,2033550
2024,saudi-arabia,Saudi Arabia,692133500
2024,senegal,Senegal,14091846
2024,serbia,Serbia,42019440
2024,singapore,Singapore,53919460
2024,slovak-republic,Slovakia,29090958
2024,slovenia,Slovenia,12751194
2024,somalia,Somalia,1319185
2024,south-africa,South Africa,439830500
2024,spain,Spain,220341280
2024,sri-lanka,Sri Lanka,20825544
2024,sudan,Sudan,17794800
2024,sweden,Sweden,38096652
2024,switzerland,Switzerland,32071708
2024,syrian-arab-republic,Syria,31778448
2024,taiwan,Taiwan,262344820
2024,tanzania-united-rep,Tanzania,20018364
2024,thailand,Thailand,267760200
2024,tunisia,Tunisia,32663696
2024,turkiye,Turkey,513034600
2024,ukraine,Ukraine,142497860
2024,united-arab-emirates,United Arab Emirates,221988080
2024,united-kingdom,United Kingdom,312905540
2024,united-states,United States,4904120000
2024,uruguay,Uruguay,7973270
2024,uzbekistan,Uzbekistan,139234180
2024,venezuela-rb,Venezuela,116042424
2024,viet-nam,Vietnam,370931330
2024,yemen-rep,Yemen,10123090
2024,zambia,Zambia,12043299
2024,zimbabwe,Zimbabwe,13701154
