date,entity_id,entity_name,value
1990,albania,Albania,5560.8339349099
1990,algeria,Algeria,11728.5457286791
1990,angola,Angola,8366.41271626349
1990,argentina,Argentina,17007.2844317191
1990,armenia,Armenia,6137.60045786761
1990,australia,Australia,36267.7410592234
1990,austria,Austria,43258.1144095785
1990,azerbaijan,Azerbaijan,10776.0677018086
1990,bangladesh,Bangladesh,2069.78230100672
1990,belarus,Belarus,12351.6357110065
1990,belgium,Belgium,41640.0583572134
1990,benin,Benin,2207.06796428357
1990,bolivia-plurinational-state-of,Bolivia,6247.10446615403
1990,brazil,Brazil,12633.2884560597
1990,bulgaria,Bulgaria,14954.1346607381
1990,burkina-faso,Burkina Faso,1107.85590454965
1990,burundi,Burundi,1455.82622509445
1990,cambodia,Cambodia,2646.09798836687
1990,cameroon,Cameroon,4517.61887779618
1990,canada,Canada,40475.096436631
1990,chad,Chad,1711.36988441453
1990,chile,Chile,10955.2486481454
1990,china,China,1666.8141224419
1990,colombia,Colombia,9998.81069684463
1990,cote-d-ivoire,Cote d Ivoire,5255.54850266487
1990,croatia,Croatia,23399.6397169629
1990,cyprus,Cyprus,27666.53515625
1990,czech-republic,Czechia,27918.1375190566
1990,denmark,Denmark,45943.8875401847
1990,ecuador,Ecuador,9104.81599790272
1990,estonia,Estonia,19161.4451588782
1990,ethiopia,Ethiopia,874.346936177412
1990,finland,Finland,38807.1185244347
1990,france,France,38655.8856842914
1990,georgia,Georgia,12917.0944269361
1990,germany,Germany,42355.2860956177
1990,ghana,Ghana,2785.67114332501
1990,greece,Greece,26916.3125225704
1990,guatemala,Guatemala,7594.73215267529
1990,guinea,Guinea,2105.74729496232
1990,haiti,Haiti,3923.2219575616
1990,hungary,Hungary,21297.0006406829
1990,iceland,Iceland,43099.5786392572
1990,india,India,2139.82749174123
1990,indonesia,Indonesia,4873.05380133263
1990,iraq,Iraq,10735.09411029
1990,ireland,Ireland,29504.8772657821
1990,israel,Israel,25340.9813271336
1990,italy,Italy,42656.7445101659
1990,japan,Japan,36137.8442587458
1990,jordan,Jordan,8241.80478655254
1990,kazakhstan,Kazakhstan,16837.690749004
1990,kenya,Kenya,4177.48603310346
1990,kuwait,Kuwait,38932.9435275146
1990,latvia,Latvia,17508.7871005399
1990,lithuania,Lithuania,20594.0623779042
1990,luxembourg,Luxembourg,81455.0312264957
1990,madagascar,Madagascar,1968.27239771424
1990,malawi,Malawi,1047.46436351132
1990,malaysia,Malaysia,12013.6969483112
1990,mali,Mali,1890.50212990708
1990,mexico,Mexico,17169.5925859795
1990,mongolia,Mongolia,6637.81926731198
1990,morocco,Morocco,4418.66015625
1990,mozambique,Mozambique,547.622781432196
1990,myanmar,Myanmar,775.328254381998
1990,nepal,Nepal,1808.26490041654
1990,netherlands,Netherlands,43128.3071656086
1990,new-zealand,New Zealand,30785.701752556
1990,niger,Niger,1420.23063248259
1990,nigeria,Nigeria,5423.80689586993
1990,norway,Norway,56608.2547514372
1990,oman,Oman,35201.5524871089
1990,pakistan,Pakistan,3199.72962609833
1990,panama,Panama,10263.6928426466
1990,peru,Peru,6316.2269138715
1990,philippines,Philippines,4504.46230383567
1990,poland,Poland,12821.4636316574
1990,portugal,Portugal,27190.5720267046
1990,qatar,Qatar,75303.560170822
1990,romania,Romania,16316.8446680419
1990,russian-federation,Russia,29643.595703125
1990,rwanda,Rwanda,1165.72605253503
1990,saudi-arabia,Saudi Arabia,65196.573386053
1990,senegal,Senegal,2923.34412470397
1990,singapore,Singapore,45961.0598271094
1990,slovenia,Slovenia,25349.79771871
1990,south-africa,South Africa,10811.1515328296
1990,spain,Spain,31773.2267420042
1990,sri-lanka,Sri Lanka,4561.57913260491
1990,sudan,Sudan,2460.18872070313
1990,sweden,Sweden,40199.7074219831
1990,switzerland,Switzerland,63921.4227334201
1990,tanzania-united-rep,Tanzania,1794.20458984375
1990,thailand,Thailand,8702.899560469
1990,tunisia,Tunisia,6742.58426420551
1990,turkiye,Turkey,12184.1995945303
1990,ukraine,Ukraine,22815.798828125
1990,united-arab-emirates,United Arab Emirates,111376.984373425
1990,united-kingdom,United Kingdom,33530.9578151546
1990,united-states,United States,44384.2101912606
1990,uruguay,Uruguay,14060.8401531053
1990,uzbekistan,Uzbekistan,4239.58649108779
1990,viet-nam,Vietnam,2467.96460080463
1990,zambia,Zambia,2425.11128678382
1990,zimbabwe,Zimbabwe,6082.86879817619
1991,albania,Albania,4027.88880714791
1991,algeria,Algeria,11314.8647351204
1991,angola,Angola,8170.24939362119
1991,argentina,Argentina,18295.6091996812
1991,armenia,Armenia,5326.75285558236
1991,australia,Australia,35670.6678637309
1991,austria,Austria,44302.3593080223
1991,azerbaijan,Azerbaijan,10559.2119361527
1991,bangladesh,Bangladesh,2101.38366035658
1991,belarus,Belarus,12197.7877887634
1991,belgium,Belgium,42246.0760496851
1991,benin,Benin,2230.46054664537
1991,bolivia-plurinational-state-of,Bolivia,6440.48571428318
1991,brazil,Brazil,12546.5605005559
1991,bulgaria,Bulgaria,13827.4797929492
1991,burkina-faso,Burkina Faso,1178.07704639063
1991,burundi,Burundi,1497.26901418268
1991,cambodia,Cambodia,2731.37973720314
1991,cameroon,Cameroon,4220.65297387084
1991,canada,Canada,39139.2968301857
1991,chad,Chad,1790.73791101488
1991,chile,Chile,11610.2783301649
1991,china,China,1798.38257887629
1991,colombia,Colombia,9996.0978604328
1991,cote-d-ivoire,Cote d Ivoire,5052.88904768462
1991,croatia,Croatia,18812.8657379331
1991,cyprus,Cyprus,27158.92578125
1991,czech-republic,Czechia,24734.7702062546
1991,denmark,Denmark,46493.0175958032
1991,ecuador,Ecuador,9292.61779173762
1991,estonia,Estonia,17717.3052283857
1991,ethiopia,Ethiopia,777.523566111367
1991,finland,Finland,36326.0828945358
1991,france,France,38937.9522513749
1991,georgia,Georgia,10120.1628881435
1991,germany,Germany,44195.7164731544
1991,ghana,Ghana,2859.82702166411
1991,greece,Greece,27419.6029332234
1991,guatemala,Guatemala,7662.17099856969
1991,guinea,Guinea,2075.99194302675
1991,haiti,Haiti,3916.43139455701
1991,hungary,Hungary,18765.4162504008
1991,iceland,Iceland,42507.6461691026
1991,india,India,2116.06939249228
1991,indonesia,Indonesia,5118.46789591815
1991,iraq,Iraq,3819.16194826651
1991,ireland,Ireland,29901.8063008033
1991,israel,Israel,25704.7207371288
1991,italy,Italy,43283.0204441901
1991,japan,Japan,37226.3339021829
1991,jordan,Jordan,7747.14378568886
1991,kazakhstan,Kazakhstan,14877.5273541269
1991,kenya,Kenya,4102.47677512965
1991,kuwait,Kuwait,28633.9695922465
1991,latvia,Latvia,15376.0911858137
1991,lithuania,Lithuania,19392.1950657963
1991,luxembourg,Luxembourg,87318.4976692868
1991,madagascar,Madagascar,1789.84169366249
1991,malawi,Malawi,1104.3904622212
1991,malaysia,Malaysia,12795.0498964228
1991,mali,Mali,2087.9190293852
1991,mexico,Mexico,17511.7313112492
1991,mongolia,Mongolia,5874.25558231388
1991,morocco,Morocco,4656.1259765625
1991,mozambique,Mozambique,563.512103416232
1991,myanmar,Myanmar,759.282764169726
1991,nepal,Nepal,1874.27513595212
1991,netherlands,Netherlands,43833.4785051351
1991,new-zealand,New Zealand,29014.1499420181
1991,niger,Niger,1370.83565180587
1991,nigeria,Nigeria,5301.3634227925
1991,norway,Norway,57949.698676313
1991,oman,Oman,35574.6761369599
1991,pakistan,Pakistan,3252.35104026309
1991,panama,Panama,10994.5538811637
1991,peru,Peru,6321.7220102527
1991,philippines,Philippines,4378.39532090518
1991,poland,Poland,11879.7539252619
1991,portugal,Portugal,28443.7945360375
1991,qatar,Qatar,71662.2042981946
1991,romania,Romania,14332.9706803349
1991,russian-federation,Russia,28066.921875
1991,rwanda,Rwanda,1113.51791998185
1991,saudi-arabia,Saudi Arabia,67268.5518488763
1991,senegal,Senegal,2917.01427785749
1991,singapore,Singapore,47659.4966886953
1991,slovenia,Slovenia,23078.9929501783
1991,south-africa,South Africa,10459.3559818564
1991,spain,Spain,32499.3481371902
1991,sri-lanka,Sri Lanka,4735.81940022694
1991,sudan,Sudan,2591.869140625
1991,sweden,Sweden,39469.0716472828
1991,switzerland,Switzerland,62404.0627797363
1991,tanzania-united-rep,Tanzania,1785.66394042969
1991,thailand,Thailand,9295.04057342995
1991,tunisia,Tunisia,6859.73427153777
1991,turkiye,Turkey,12057.9354364382
1991,ukraine,Ukraine,20784.16015625
1991,united-arab-emirates,United Arab Emirates,106266.157625225
1991,united-kingdom,United Kingdom,32995.3948749055
1991,united-states,United States,43747.6307351749
1991,uruguay,Uruguay,14474.7272308128
1991,uzbekistan,Uzbekistan,4118.51585848122
1991,viet-nam,Vietnam,2560.84383496164
1991,zambia,Zambia,2364.86234039956
1991,zimbabwe,Zimbabwe,6254.30182489626
1992,albania,Albania,3761.13980833495
1992,algeria,Algeria,11241.4154173757
1992,angola,Angola,7445.43836708148
1992,argentina,Argentina,19476.2840606477
1992,armenia,Armenia,3136.72428260526
1992,australia,Australia,35426.2848289008
1992,austria,Austria,44734.7911157679
1992,azerbaijan,Azerbaijan,8050.21624195194
1992,bangladesh,Bangladesh,2174.38232866943
1992,belarus,Belarus,11002.6017626136
1992,belgium,Belgium,42719.0486134247
1992,benin,Benin,2226.56666006625
1992,bolivia-plurinational-state-of,Bolivia,6414.32866825436
1992,brazil,Brazil,12271.9788478727
1992,bulgaria,Bulgaria,12960.3221276617
1992,burkina-faso,Burkina Faso,1152.04476095096
1992,burundi,Burundi,1472.49317307891
1992,cambodia,Cambodia,2769.4882552665
1992,cameroon,Cameroon,3974.27759501196
1992,canada,Canada,39023.1668132004
1992,chad,Chad,1853.67667632384
1992,chile,Chile,12738.6163157023
1992,china,China,2030.47126519674
1992,colombia,Colombia,10196.4329707468
1992,cote-d-ivoire,Cote d Ivoire,4843.32931958155
1992,croatia,Croatia,17020.1669100237
1992,cyprus,Cyprus,28931.814453125
1992,czech-republic,Czechia,24584.3299626051
1992,denmark,Denmark,47276.8936589666
1992,ecuador,Ecuador,9291.3710483042
1992,estonia,Estonia,14223.9075668693
1992,ethiopia,Ethiopia,680.834766968487
1992,finland,Finland,34926.3833591341
1992,france,France,39331.9041920718
1992,georgia,Georgia,5533.21082317728
1992,germany,Germany,44744.1399691155
1992,ghana,Ghana,2897.83543196858
1992,greece,Greece,27401.424003405
1992,guatemala,Guatemala,7822.2634402435
1992,guinea,Guinea,2076.55062690695
1992,haiti,Haiti,3635.13892826929
1992,hungary,Hungary,18197.5305521351
1992,iceland,Iceland,40560.5700738208
1992,india,India,2185.04046180678
1992,indonesia,Indonesia,5357.3758979759
1992,iraq,Iraq,4916.26440292597
1992,ireland,Ireland,30691.3955973094
1992,israel,Israel,26758.4290726582
1992,italy,Italy,43614.4850883758
1992,japan,Japan,37402.9442395168
1992,jordan,Jordan,8402.68031410694
1992,kazakhstan,Kazakhstan,14045.1035780375
1992,kenya,Kenya,3946.84093437851
1992,kuwait,Kuwait,43266.9328651676
1992,latvia,Latvia,10582.2074616453
1992,lithuania,Lithuania,15286.2039647381
1992,luxembourg,Luxembourg,87734.2029842352
1992,madagascar,Madagascar,1757.29459775259
1992,malawi,Malawi,994.036504790471
1992,malaysia,Malaysia,13567.8936121181
1992,mali,Mali,1942.72857140951
1992,mexico,Mexico,17796.4059662866
1992,mongolia,Mongolia,5324.48759689987
1992,morocco,Morocco,4483.24951171875
1992,mozambique,Mozambique,510.82282292831
1992,myanmar,Myanmar,821.327755047125
1992,nepal,Nepal,1896.97166297747
1992,netherlands,Netherlands,44245.5198247957
1992,new-zealand,New Zealand,29029.5811361611
1992,niger,Niger,1355.33099264922
1992,nigeria,Nigeria,5403.15311796788
1992,norway,Norway,59669.7590202519
1992,oman,Oman,36841.4011555658
1992,pakistan,Pakistan,3404.12138406329
1992,panama,Panama,11649.8002384174
1992,peru,Peru,6160.80456813974
1992,philippines,Philippines,4293.71810131081
1992,poland,Poland,12141.2351323725
1992,portugal,Portugal,28776.0475772622
1992,qatar,Qatar,77267.1145459223
1992,romania,Romania,13195.0418065067
1992,russian-federation,Russia,23965.244140625
1992,rwanda,Rwanda,1154.92927021895
1992,saudi-arabia,Saudi Arabia,67183.9100290945
1992,senegal,Senegal,2874.00297967023
1992,singapore,Singapore,49319.8192699525
1992,slovenia,Slovenia,21850.057102159
1992,south-africa,South Africa,10053.6101212292
1992,spain,Spain,32641.082719936
1992,sri-lanka,Sri Lanka,4866.23941152126
1992,sudan,Sudan,2709.7900390625
1992,sweden,Sweden,38783.6397676396
1992,switzerland,Switzerland,61004.7423539695
1992,tanzania-united-rep,Tanzania,1751.91845703125
1992,thailand,Thailand,9887.97373654022
1992,tunisia,Tunisia,7241.29105894738
1992,turkiye,Turkey,12451.0451197948
1992,ukraine,Ukraine,18671.873046875
1992,united-arab-emirates,United Arab Emirates,104207.059133554
1992,united-kingdom,United Kingdom,33332.3326389023
1992,united-states,United States,44664.873585596
1992,uruguay,Uruguay,15536.4813275187
1992,uzbekistan,Uzbekistan,3568.35538610457
1992,viet-nam,Vietnam,2726.47373748487
1992,zambia,Zambia,2268.49812195378
1992,zimbabwe,Zimbabwe,5532.06136491672
1993,albania,Albania,4145.90250530525
1993,algeria,Algeria,10743.7063534104
1993,angola,Angola,5481.76386792194
1993,argentina,Argentina,20791.3451479504
1993,armenia,Armenia,2958.88037185647
1993,australia,Australia,36533.1468283451
1993,austria,Austria,44601.1442274518
1993,azerbaijan,Azerbaijan,6097.48622316834
1993,bangladesh,Bangladesh,2234.8101219225
1993,belarus,Belarus,10143.9840118445
1993,belgium,Belgium,42143.1960612051
1993,benin,Benin,2254.24565428893
1993,bolivia-plurinational-state-of,Bolivia,6556.81640551449
1993,brazil,Brazil,12669.4287209749
1993,bulgaria,Bulgaria,12870.7386486833
1993,burkina-faso,Burkina Faso,1162.64923453351
1993,burundi,Burundi,1424.76600804187
1993,cambodia,Cambodia,2714.59150059884
1993,cameroon,Cameroon,3556.31854424592
1993,canada,Canada,39622.4634110923
1993,chad,Chad,1526.05432531318
1993,chile,Chile,13380.4722185057
1993,china,China,2286.7956394875
1993,colombia,Colombia,10533.1149561734
1993,cote-d-ivoire,Cote d Ivoire,4645.50187236924
1993,croatia,Croatia,15570.3388433749
1993,cyprus,Cyprus,28439.21484375
1993,czech-republic,Czechia,24573.9914877529
1993,denmark,Denmark,47082.4674371864
1993,ecuador,Ecuador,9284.31503431235
1993,estonia,Estonia,13757.0155625665
1993,ethiopia,Ethiopia,743.708485784759
1993,finland,Finland,34486.7522555352
1993,france,France,39020.6141584284
1993,georgia,Georgia,3882.02029747648
1993,germany,Germany,44018.4380932542
1993,ghana,Ghana,2964.26600943658
1993,greece,Greece,26804.8537616148
1993,guatemala,Guatemala,7915.41059815185
1993,guinea,Guinea,2115.8664959394
1993,haiti,Haiti,3370.99533205147
1993,hungary,Hungary,18113.3369069655
1993,iceland,Iceland,40677.5881237507
1993,india,India,2241.28535932488
1993,indonesia,Indonesia,5609.15178814269
1993,iraq,Iraq,6105.04166284904
1993,ireland,Ireland,31360.6490651216
1993,israel,Israel,27129.2193762452
1993,italy,Italy,43216.1096444751
1993,japan,Japan,37088.8020049844
1993,jordan,Jordan,8334.81403079152
1993,kazakhstan,Kazakhstan,12795.8746425372
1993,kenya,Kenya,3844.92029783599
1993,kuwait,Kuwait,56684.1863309395
1993,latvia,Latvia,10255.1419301566
1993,lithuania,Lithuania,12866.5897896196
1993,luxembourg,Luxembourg,90200.6012709212
1993,madagascar,Madagascar,1740.29513594203
1993,malawi,Malawi,1074.58485213269
1993,malaysia,Malaysia,14533.790397007
1993,mali,Mali,1985.3806486371
1993,mexico,Mexico,17970.5871869693
1993,mongolia,Mongolia,5162.0998701038
1993,morocco,Morocco,4379.76416015625
1993,mozambique,Mozambique,549.048759770955
1993,myanmar,Myanmar,859.345526733596
1993,nepal,Nepal,1916.94352666156
1993,netherlands,Netherlands,44490.7504466441
1993,new-zealand,New Zealand,30532.5880166798
1993,niger,Niger,1317.38596790337
1993,nigeria,Nigeria,5154.7575789977
1993,norway,Norway,61019.8161031696
1993,oman,Oman,37455.340258395
1993,pakistan,Pakistan,3369.23795906028
1993,panama,Panama,12032.8122579156
1993,peru,Peru,6354.40466195469
1993,philippines,Philippines,4283.15967786629
1993,poland,Poland,12563.1045363124
1993,portugal,Portugal,28153.6155177218
1993,qatar,Qatar,73900.5913615776
1993,romania,Romania,13415.0188040185
1993,russian-federation,Russia,21899.517578125
1993,rwanda,Rwanda,1021.6713088588
1993,saudi-arabia,Saudi Arabia,64517.6652891052
1993,senegal,Senegal,2834.02797282021
1993,singapore,Singapore,53598.4639619519
1993,slovenia,Slovenia,22524.9591876226
1993,south-africa,South Africa,9976.96506458374
1993,spain,Spain,32137.3138437727
1993,sri-lanka,Sri Lanka,5114.43630395889
1993,sudan,Sudan,2777.27490234375
1993,sweden,Sweden,37762.5408221358
1993,switzerland,Switzerland,59202.9850165162
1993,tanzania-united-rep,Tanzania,1718.39306640625
1993,thailand,Thailand,10539.9611081001
1993,tunisia,Tunisia,7253.33614579881
1993,turkiye,Turkey,13174.467116412
1993,ukraine,Ukraine,16012.3720703125
1993,united-arab-emirates,United Arab Emirates,100422.832470477
1993,united-kingdom,United Kingdom,34413.1904916462
1993,united-states,United States,45292.7380683092
1993,uruguay,Uruguay,15865.2715092002
1993,uzbekistan,Uzbekistan,3406.55184062183
1993,viet-nam,Vietnam,2890.42431737761
1993,zambia,Zambia,2365.62953630778
1993,zimbabwe,Zimbabwe,5509.10697460818
1994,albania,Albania,4517.78007862677
1994,algeria,Algeria,10414.0348241407
1994,angola,Angola,5377.99034967929
1994,argentina,Argentina,21711.842788091
1994,armenia,Armenia,3200.89649468569
1994,australia,Australia,37622.6524772939
1994,austria,Austria,45497.074754296
1994,azerbaijan,Azerbaijan,4830.69940287626
1994,bangladesh,Bangladesh,2279.09435302944
1994,belarus,Belarus,8967.73072971831
1994,belgium,Belgium,43369.275944431
1994,benin,Benin,2215.36616821938
1994,bolivia-plurinational-state-of,Bolivia,6731.28487501595
1994,brazil,Brazil,13202.9308011881
1994,bulgaria,Bulgaria,13149.3076944164
1994,burkina-faso,Burkina Faso,1148.60721370395
1994,burundi,Burundi,1361.32213320803
1994,cambodia,Cambodia,1650.39100001816
1994,cameroon,Cameroon,3522.74885285749
1994,canada,Canada,40952.1197737093
1994,chad,Chad,1642.51653215853
1994,chile,Chile,13849.6261008096
1994,china,China,2556.90688386013
1994,colombia,Colombia,10927.9389491607
1994,cote-d-ivoire,Cote d Ivoire,4502.49283983062
1994,croatia,Croatia,16301.6858484798
1994,cyprus,Cyprus,29500.623046875
1994,czech-republic,Czechia,25279.7917961729
1994,denmark,Denmark,49408.2038213767
1994,ecuador,Ecuador,9494.17506194696
1994,estonia,Estonia,13823.5566022429
1994,ethiopia,Ethiopia,741.176623590106
1994,finland,Finland,35699.7203086225
1994,france,France,39801.3888979817
1994,georgia,Georgia,3532.3200811072
1994,germany,Germany,45005.1589836478
1994,ghana,Ghana,2989.34731012131
1994,greece,Greece,27204.3958682198
1994,guatemala,Guatemala,8018.28330821547
1994,guinea,Guinea,2134.89769355787
1994,haiti,Haiti,2911.49975345891
1994,hungary,Hungary,18672.707236547
1994,iceland,Iceland,41781.8302657718
1994,india,India,2342.15609263829
1994,indonesia,Indonesia,5931.23473426762
1994,iraq,Iraq,6044.87104810181
1994,ireland,Ireland,33035.2362632759
1994,israel,Israel,28399.3981907056
1994,italy,Italy,44136.7059141923
1994,japan,Japan,37352.6868581318
1994,jordan,Jordan,8339.88427710177
1994,kazakhstan,Kazakhstan,11334.9831283773
1994,kenya,Kenya,3833.22357838589
1994,kuwait,Kuwait,61753.8489990065
1994,latvia,Latvia,10656.609005478
1994,lithuania,Lithuania,11690.8861051725
1994,luxembourg,Luxembourg,92380.4162945065
1994,madagascar,Madagascar,1686.34190833351
1994,malawi,Malawi,975.849640143399
1994,malaysia,Malaysia,15474.0144648307
1994,mali,Mali,2051.75478429108
1994,mexico,Mexico,18422.8199296267
1994,mongolia,Mongolia,5213.84632608076
1994,morocco,Morocco,4771.0927734375
1994,mozambique,Mozambique,546.209688164263
1994,myanmar,Myanmar,911.468427954616
1994,nepal,Nepal,2023.11519682155
1994,netherlands,Netherlands,45532.7986659915
1994,new-zealand,New Zealand,31669.5406509196
1994,niger,Niger,1299.34992459816
1994,nigeria,Nigeria,4929.26827912601
1994,norway,Norway,63730.8964637618
1994,oman,Oman,37782.723828978
1994,pakistan,Pakistan,3395.50432067539
1994,panama,Panama,12123.3539257861
1994,peru,Peru,6996.76185617847
1994,philippines,Philippines,4374.06721651165
1994,poland,Poland,13200.1614164951
1994,portugal,Portugal,28348.8658386375
1994,qatar,Qatar,72711.0242088213
1994,romania,Romania,13962.7738625239
1994,russian-federation,Russia,19153.36328125
1994,rwanda,Rwanda,597.262798593604
1994,saudi-arabia,Saudi Arabia,62403.6937320122
1994,senegal,Senegal,2757.86087514528
1994,singapore,Singapore,57706.871164823
1994,slovenia,Slovenia,23752.4377245413
1994,south-africa,South Africa,10130.8058233004
1994,spain,Spain,32746.9287826598
1994,sri-lanka,Sri Lanka,5322.72963126043
1994,sudan,Sudan,2736.47192382813
1994,sweden,Sweden,39000.8277233984
1994,switzerland,Switzerland,61091.4960852373
1994,tanzania-united-rep,Tanzania,1679.66235351563
1994,thailand,Thailand,11216.2548285636
1994,tunisia,Tunisia,7350.65600471494
1994,turkiye,Turkey,12343.0041848988
1994,ukraine,Ukraine,12410.525390625
1994,united-arab-emirates,United Arab Emirates,102456.239942581
1994,united-kingdom,United Kingdom,36025.9830963677
1994,united-states,United States,46543.3199204553
1994,uruguay,Uruguay,16932.0220449735
1994,uzbekistan,Uzbekistan,3161.07497053576
1994,viet-nam,Vietnam,3089.60933725631
1994,zambia,Zambia,2110.5832556481
1994,zimbabwe,Zimbabwe,6010.76845239051
1995,albania,Albania,5151.37596211047
1995,algeria,Algeria,10588.4433695754
1995,angola,Angola,5981.53257569901
1995,argentina,Argentina,20819.4999479903
1995,armenia,Armenia,3480.7559365251
1995,australia,Australia,38653.3366778657
1995,austria,Austria,46639.4667421613
1995,azerbaijan,Azerbaijan,4211.72114349636
1995,bangladesh,Bangladesh,2351.70387946903
1995,belarus,Belarus,8061.19604112609
1995,belgium,Belgium,44310.6278688276
1995,benin,Benin,2300.14122107459
1995,bolivia-plurinational-state-of,Bolivia,6914.34189614304
1995,brazil,Brazil,13550.4393735843
1995,bulgaria,Bulgaria,13591.3431083214
1995,burkina-faso,Burkina Faso,1183.52861008084
1995,burundi,Burundi,1180.67488724146
1995,cambodia,Cambodia,1672.73928514136
1995,cameroon,Cameroon,3526.54367510339
1995,canada,Canada,41617.706919569
1995,chad,Chad,1591.14154055224
1995,chile,Chile,14911.5640742268
1995,china,China,2807.88647301744
1995,colombia,Colombia,11279.0004579347
1995,cote-d-ivoire,Cote d Ivoire,4638.79163883935
1995,croatia,Croatia,17522.5142510064
1995,cyprus,Cyprus,31393.24609375
1995,czech-republic,Czechia,26869.0197149398
1995,denmark,Denmark,50644.7074582221
1995,ecuador,Ecuador,9525.17701832407
1995,estonia,Estonia,14709.5998060844
1995,ethiopia,Ethiopia,760.264345010486
1995,finland,Finland,37069.62898136
1995,france,France,40570.7169560557
1995,georgia,Georgia,3762.81153750309
1995,germany,Germany,45548.4181139802
1995,ghana,Ghana,3039.68873031674
1995,greece,Greece,27646.1476383588
1995,guatemala,Guatemala,8195.34970997959
1995,guinea,Guinea,2171.72552153265
1995,haiti,Haiti,3139.26416790518
1995,hungary,Hungary,18977.2437047366
1995,iceland,Iceland,41604.2381180421
1995,india,India,2469.3516292637
1995,indonesia,Indonesia,6312.93453561158
1995,iraq,Iraq,5969.66964096052
1995,ireland,Ireland,36032.7774732501
1995,israel,Israel,29477.45829469
1995,italy,Italy,45410.1391731091
1995,japan,Japan,38137.9346304016
1995,jordan,Jordan,8501.61905829876
1995,kazakhstan,Kazakhstan,10600.3302270095
1995,kenya,Kenya,3890.0985511465
1995,kuwait,Kuwait,64093.5178778949
1995,latvia,Latvia,10707.5149969006
1995,lithuania,Lithuania,12168.8332695478
1995,luxembourg,Luxembourg,92396.3982654612
1995,madagascar,Madagascar,1661.27062467061
1995,malawi,Malawi,1140.75609365079
1995,malaysia,Malaysia,16568.5160590209
1995,mali,Mali,2022.40378268201
1995,mexico,Mexico,17028.1215022837
1995,mongolia,Mongolia,5457.68501570005
1995,morocco,Morocco,4444.228515625
1995,mozambique,Mozambique,525.418671837499
1995,myanmar,Myanmar,962.209421824521
1995,nepal,Nepal,2043.60517160069
1995,netherlands,Netherlands,46720.2819318959
1995,new-zealand,New Zealand,32687.4657703706
1995,niger,Niger,1287.93637668331
1995,nigeria,Nigeria,4797.5115213682
1995,norway,Norway,66033.8837831197
1995,oman,Oman,38946.7742715175
1995,pakistan,Pakistan,3462.47336165841
1995,panama,Panama,12086.6481153656
1995,peru,Peru,7371.04799020402
1995,philippines,Philippines,4477.32317711022
1995,poland,Poland,14227.5663687798
1995,portugal,Portugal,29460.8141864854
1995,qatar,Qatar,72303.4779620852
1995,romania,Romania,14863.1855937298
1995,russian-federation,Russia,18363.712890625
1995,rwanda,Rwanda,966.810405419343
1995,saudi-arabia,Saudi Arabia,60058.3174503511
1995,senegal,Senegal,2835.03272875198
1995,serbia,Serbia,9444.75162494749
1995,singapore,Singapore,59997.0074442828
1995,slovenia,Slovenia,24722.6569167591
1995,south-africa,South Africa,10318.8385984353
1995,spain,Spain,33501.7314182929
1995,sri-lanka,Sri Lanka,5523.31225392817
1995,sudan,Sudan,2824.63208007813
1995,sweden,Sweden,40385.2139711185
1995,switzerland,Switzerland,63169.2827232412
1995,tanzania-united-rep,Tanzania,1685.85107421875
1995,thailand,Thailand,11955.2188089811
1995,tunisia,Tunisia,7406.23900930842
1995,turkiye,Turkey,13099.2575267612
1995,ukraine,Ukraine,10983.0087890625
1995,united-arab-emirates,United Arab Emirates,104527.848240577
1995,united-kingdom,United Kingdom,37200.3789969484
1995,united-states,United States,47227.0083257008
1995,uruguay,Uruguay,16600.0329041954
1995,uzbekistan,Uzbekistan,3070.52690445141
1995,viet-nam,Vietnam,3328.21486039558
1995,zambia,Zambia,2119.95642928697
1995,zimbabwe,Zimbabwe,5964.61521548597
1996,albania,Albania,5563.77007788975
1996,algeria,Algeria,10808.8788666941
1996,angola,Angola,6565.86479361918
1996,argentina,Argentina,21695.5949515372
1996,armenia,Armenia,3717.33576522762
1996,australia,Australia,39663.1617728168
1996,austria,Austria,47608.5642962955
1996,azerbaijan,Azerbaijan,4223.5229711304
1996,bangladesh,Bangladesh,2413.54298201505
1996,belarus,Belarus,8314.85656685025
1996,belgium,Belgium,44808.5243580352
1996,benin,Benin,2337.63030771279
1996,bolivia-plurinational-state-of,Bolivia,7083.6131331083
1996,brazil,Brazil,13641.6295995961
1996,bulgaria,Bulgaria,14372.7715114425
1996,burkina-faso,Burkina Faso,1280.69608533889
1996,burundi,Burundi,1085.47116215302
1996,cambodia,Cambodia,1643.01579058314
1996,cameroon,Cameroon,3577.59204137871
1996,canada,Canada,41880.535589577
1996,chad,Chad,1555.91392490883
1996,chile,Chile,15748.4653555533
1996,china,China,3055.72827655781
1996,colombia,Colombia,11303.1308859186
1996,cote-d-ivoire,Cote d Ivoire,4807.45984346502
1996,croatia,Croatia,18850.1633100668
1996,cyprus,Cyprus,31282.609375
1996,czech-republic,Czechia,28021.6704584336
1996,denmark,Denmark,51817.1735416988
1996,ecuador,Ecuador,9509.27540633173
1996,estonia,Estonia,15666.1330451502
1996,ethiopia,Ethiopia,826.991658768996
1996,finland,Finland,38301.5126175582
1996,france,France,40990.7395148125
1996,georgia,Georgia,4339.0046688347
1996,germany,Germany,45888.1269604813
1996,ghana,Ghana,3106.18555480388
1996,greece,Greece,27905.1065690594
1996,guatemala,Guatemala,8222.06920351134
1996,guinea,Guinea,2205.32363416973
1996,haiti,Haiti,3207.74580313016
1996,hungary,Hungary,19029.1137284914
1996,iceland,Iceland,43241.3554367229
1996,india,India,2603.24632974171
1996,indonesia,Indonesia,6695.40975787395
1996,iraq,Iraq,6419.36981876252
1996,ireland,Ireland,38386.9116734053
1996,israel,Israel,30392.8973069758
1996,italy,Italy,46008.2389303796
1996,japan,Japan,39221.765120663
1996,jordan,Jordan,8395.63208718512
1996,kazakhstan,Kazakhstan,10857.4353898737
1996,kenya,Kenya,3941.40919481353
1996,kuwait,Kuwait,62665.2243536425
1996,latvia,Latvia,11077.8618422597
1996,lithuania,Lithuania,12878.1001468209
1996,luxembourg,Luxembourg,92421.5791788935
1996,madagascar,Madagascar,1643.32579628891
1996,malawi,Malawi,1200.32058232422
1996,malaysia,Malaysia,17771.7118795056
1996,mali,Mali,2105.27530135189
1996,mexico,Mexico,17775.8727889128
1996,mongolia,Mongolia,5494.32133981897
1996,morocco,Morocco,4916.47998046875
1996,mozambique,Mozambique,562.857456341656
1996,myanmar,Myanmar,1011.15993423274
1996,nepal,Nepal,2105.50832713857
1996,netherlands,Netherlands,48095.986838021
1996,new-zealand,New Zealand,33329.5301011769
1996,niger,Niger,1246.83503070085
1996,nigeria,Nigeria,4869.82113323478
1996,norway,Norway,68964.9756218258
1996,oman,Oman,39455.8264119985
1996,pakistan,Pakistan,3526.14160875155
1996,panama,Panama,12327.8562890077
1996,peru,Peru,7436.18931908276
1996,philippines,Philippines,4631.77197705972
1996,poland,Poland,15083.09812162
1996,portugal,Portugal,30378.7557756391
1996,qatar,Qatar,73369.8292439364
1996,romania,Romania,15488.557478307
1996,russian-federation,Russia,17699.869140625
1996,rwanda,Rwanda,921.92827675502
1996,saudi-arabia,Saudi Arabia,59612.8125993665
1996,senegal,Senegal,2822.46837324556
1996,serbia,Serbia,10035.0139750021
1996,singapore,Singapore,61911.5030358083
1996,slovenia,Slovenia,25458.8966701239
1996,south-africa,South Africa,10623.8603593151
1996,spain,Spain,34232.3786868602
1996,sri-lanka,Sri Lanka,5624.02393649431
1996,sudan,Sudan,2924.29077148438
1996,sweden,Sweden,41008.3531746727
1996,switzerland,Switzerland,63243.2134310286
1996,tanzania-united-rep,Tanzania,1730.55456542969
1996,thailand,Thailand,12457.6820831228
1996,tunisia,Tunisia,7821.79219107359
1996,turkiye,Turkey,13826.9201097072
1996,ukraine,Ukraine,9969.5009765625
1996,united-arab-emirates,United Arab Emirates,103653.542710104
1996,united-kingdom,United Kingdom,38076.0624470563
1996,united-states,United States,48441.9061125568
1996,uruguay,Uruguay,17433.6866851628
1996,uzbekistan,Uzbekistan,3064.63712278537
1996,viet-nam,Vietnam,3584.02898335147
1996,zambia,Zambia,2197.19564925242
1996,zimbabwe,Zimbabwe,6474.18822514185
1997,albania,Albania,4942.98350018006
1997,algeria,Algeria,10725.9673493368
1997,angola,Angola,6808.33628106109
1997,argentina,Argentina,23172.1583398342
1997,armenia,Armenia,3879.17938009678
1997,australia,Australia,40773.5660516518
1997,austria,Austria,48575.090714407
1997,azerbaijan,Azerbaijan,4425.5882352872
1997,bangladesh,Bangladesh,2475.59574602489
1997,belarus,Belarus,9301.32717519867
1997,belgium,Belgium,46396.0021283995
1997,benin,Benin,2399.78593127356
1997,bolivia-plurinational-state-of,Bolivia,7301.50935861496
1997,brazil,Brazil,13896.6249901072
1997,bulgaria,Bulgaria,12419.3797738056
1997,burkina-faso,Burkina Faso,1326.94230829963
1997,burundi,Burundi,1068.29382590126
1997,cambodia,Cambodia,1595.17130656935
1997,cameroon,Cameroon,3641.70750463277
1997,canada,Canada,43241.2236471729
1997,chad,Chad,1588.09860417129
1997,chile,Chile,16687.855593506
1997,china,China,3305.83025665988
1997,colombia,Colombia,11483.5050125907
1997,cote-d-ivoire,Cote d Ivoire,5072.6345612587
1997,croatia,Croatia,20110.2026198343
1997,cyprus,Cyprus,31656.830078125
1997,czech-republic,Czechia,27884.7397585343
1997,denmark,Denmark,53237.2951913962
1997,ecuador,Ecuador,9739.26682428016
1997,estonia,Estonia,17913.7869992626
1997,ethiopia,Ethiopia,826.005218027215
1997,finland,Finland,40630.921767316
1997,france,France,41876.9330265158
1997,georgia,Georgia,4951.81291757472
1997,germany,Germany,46670.7053500672
1997,ghana,Ghana,3160.44504053249
1997,greece,Greece,28768.2401472217
1997,guatemala,Guatemala,8364.1651916099
1997,guinea,Guinea,2272.41100463955
1997,haiti,Haiti,3232.95524865654
1997,hungary,Hungary,19635.2949600537
1997,iceland,Iceland,44664.5306286878
1997,india,India,2655.92939429507
1997,indonesia,Indonesia,6897.00236563331
1997,iraq,Iraq,7545.72976100631
1997,ireland,Ireland,42192.5848112478
1997,israel,Israel,30713.159801923
1997,italy,Italy,46869.4256086419
1997,japan,Japan,39661.7312762235
1997,jordan,Jordan,8443.48146361982
1997,kazakhstan,Kazakhstan,11298.5805497095
1997,kenya,Kenya,3853.37139280354
1997,kuwait,Kuwait,62151.9518270333
1997,latvia,Latvia,12215.0151940189
1997,lithuania,Lithuania,14050.349878771
1997,luxembourg,Luxembourg,96216.9038688184
1997,madagascar,Madagascar,1649.44809006306
1997,malawi,Malawi,1221.09404555353
1997,malaysia,Malaysia,18604.514527465
1997,mali,Mali,2142.78769300012
1997,mexico,Mexico,18737.6426464292
1997,mongolia,Mongolia,5628.10663484223
1997,morocco,Morocco,4766.1103515625
1997,mozambique,Mozambique,612.371551265915
1997,myanmar,Myanmar,1054.76742791265
1997,nepal,Nepal,2166.3126334505
1997,netherlands,Netherlands,49881.8947516083
1997,new-zealand,New Zealand,33577.7254994905
1997,niger,Niger,1224.5393437877
1997,nigeria,Nigeria,4884.0474326173
1997,norway,Norway,72084.8139194678
1997,oman,Oman,41191.0312402444
1997,pakistan,Pakistan,3462.58145605889
1997,panama,Panama,13013.8959932208
1997,peru,Peru,7772.77834225556
1997,philippines,Philippines,4758.70845808515
1997,poland,Poland,16031.7211485265
1997,portugal,Portugal,31574.4021979124
1997,qatar,Qatar,91667.4239830935
1997,romania,Romania,14779.9977262321
1997,russian-federation,Russia,17977.3515625
1997,rwanda,Rwanda,907.980685925245
1997,saudi-arabia,Saudi Arabia,58875.5473738828
1997,senegal,Senegal,2840.60808860536
1997,serbia,Serbia,10965.4824117527
1997,singapore,Singapore,64846.0629277791
1997,slovenia,Slovenia,26811.4873226649
1997,south-africa,South Africa,10770.2779624828
1997,spain,Spain,35312.0862854389
1997,sri-lanka,Sri Lanka,5871.72297556048
1997,sudan,Sudan,3380.18676757813
1997,sweden,Sweden,42241.0607742258
1997,switzerland,Switzerland,64414.4578915682
1997,tanzania-united-rep,Tanzania,1755.8037109375
1997,thailand,Thailand,11954.1474335919
1997,tunisia,Tunisia,8136.3376111408
1997,turkiye,Turkey,14631.2958814739
1997,ukraine,Ukraine,9754.0498046875
1997,united-arab-emirates,United Arab Emirates,103392.379457138
1997,united-kingdom,United Kingdom,39831.4492555823
1997,united-states,United States,49990.6740739125
1997,uruguay,Uruguay,18823.934790748
1997,uzbekistan,Uzbekistan,3168.77278928055
1997,viet-nam,Vietnam,3820.30249485434
1997,zambia,Zambia,2223.45745445731
1997,zimbabwe,Zimbabwe,6524.0909161522
1998,albania,Albania,5387.54588745977
1998,algeria,Algeria,11094.8875368585
1998,angola,Angola,6893.12265289502
1998,argentina,Argentina,23783.1017185449
1998,armenia,Armenia,4211.51276778797
1998,australia,Australia,42257.1718122395
1998,austria,Austria,50216.6282284105
1998,azerbaijan,Azerbaijan,4822.1601856452
1998,bangladesh,Bangladesh,2555.06119218282
1998,belarus,Belarus,10128.1560469563
1998,belgium,Belgium,47205.3098527355
1998,benin,Benin,2419.10014338548
1998,bolivia-plurinational-state-of,Bolivia,7534.51656369605
1998,brazil,Brazil,13737.7026433556
1998,bulgaria,Bulgaria,12976.2670026785
1998,burkina-faso,Burkina Faso,1385.09310679095
1998,burundi,Burundi,1097.86451761348
1998,cambodia,Cambodia,1602.38371208931
1998,cameroon,Cameroon,3714.13212604236
1998,canada,Canada,44553.2651715658
1998,chad,Chad,1641.05715330822
1998,chile,Chile,17161.0335564475
1998,china,China,3533.69839702638
1998,colombia,Colombia,11343.8799115733
1998,cote-d-ivoire,Cote d Ivoire,5093.16936951716
1998,croatia,Croatia,20576.0127669018
1998,cyprus,Cyprus,33181.98828125
1998,czech-republic,Czechia,27801.4387801408
1998,denmark,Denmark,54278.2791190857
1998,ecuador,Ecuador,9876.7507512592
1998,estonia,Estonia,18871.6196795957
1998,ethiopia,Ethiopia,772.786646386223
1998,finland,Finland,42733.4455712897
1998,france,France,43162.5423856938
1998,georgia,Georgia,5233.28837672816
1998,germany,Germany,47641.5271845024
1998,ghana,Ghana,3229.48228272631
1998,greece,Greece,29592.525483114
1998,guatemala,Guatemala,8559.99025739148
1998,guinea,Guinea,2311.327353403
1998,haiti,Haiti,3242.45890119666
1998,hungary,Hungary,20438.3829550506
1998,iceland,Iceland,47286.6358663221
1998,india,India,2766.110488608
1998,indonesia,Indonesia,5897.68530859207
1998,iraq,Iraq,9871.73398030775
1998,ireland,Ireland,45415.0455160312
1998,israel,Israel,31250.1071698272
1998,italy,Italy,47701.3974191265
1998,japan,Japan,38852.9526557943
1998,jordan,Jordan,8499.07689804781
1998,kazakhstan,Kazakhstan,11364.0307809315
1998,kenya,Kenya,3871.82176322447
1998,kuwait,Kuwait,62450.0884424765
1998,latvia,Latvia,13138.4012524255
1998,lithuania,Lithuania,15208.6978530701
1998,luxembourg,Luxembourg,101369.82339661
1998,madagascar,Madagascar,1658.88849253066
1998,malawi,Malawi,1241.52433181826
1998,malaysia,Malaysia,16817.1719190401
1998,mali,Mali,2228.20055527642
1998,mexico,Mexico,19573.0654561328
1998,mongolia,Mongolia,5735.84383645771
1998,morocco,Morocco,5033.92333984375
1998,mozambique,Mozambique,660.650177820748
1998,myanmar,Myanmar,1102.79096369399
1998,nepal,Nepal,2188.2220157023
1998,netherlands,Netherlands,51879.3596710206
1998,new-zealand,New Zealand,33565.7312220905
1998,niger,Niger,1301.84495065524
1998,nigeria,Nigeria,4880.87997109799
1998,norway,Norway,73610.1896687065
1998,oman,Oman,40574.674486189
1998,pakistan,Pakistan,3454.17665330544
1998,panama,Panama,13826.5376778781
1998,peru,Peru,7602.78356076635
1998,philippines,Philippines,4616.67292900617
1998,poland,Poland,16766.6492883267
1998,portugal,Portugal,32925.6638725861
1998,qatar,Qatar,96675.8124711663
1998,romania,Romania,14509.9931843509
1998,russian-federation,Russia,17052.755859375
1998,rwanda,Rwanda,948.490660501395
1998,saudi-arabia,Saudi Arabia,58306.622809723
1998,senegal,Senegal,2938.69162552253
1998,serbia,Serbia,11598.330749239
1998,singapore,Singapore,61306.7734542676
1998,slovenia,Slovenia,27693.2827424197
1998,south-africa,South Africa,10693.6882326622
1998,spain,Spain,36679.0942334698
1998,sri-lanka,Sri Lanka,6032.62212629246
1998,sudan,Sudan,3441.17919921875
1998,sweden,Sweden,44010.1074358278
1998,switzerland,Switzerland,66006.2566369566
1998,tanzania-united-rep,Tanzania,1773.72424316406
1998,thailand,Thailand,10898.3370239872
1998,tunisia,Tunisia,8417.98493264685
1998,turkiye,Turkey,14704.3385744207
1998,ukraine,Ukraine,9646.0546875
1998,united-arab-emirates,United Arab Emirates,96088.6587271972
1998,united-kingdom,United Kingdom,41004.8386335287
1998,united-states,United States,51626.4838297863
1998,uruguay,Uruguay,19577.7825547632
1998,uzbekistan,Uzbekistan,3253.54493589925
1998,viet-nam,Vietnam,3982.95805965603
1998,zambia,Zambia,2157.57339335667
1998,zimbabwe,Zimbabwe,6582.37693012492
1999,albania,Albania,6085.98339706701
1999,algeria,Algeria,11292.0372997165
1999,angola,Angola,6815.17530603212
1999,argentina,Argentina,22714.5111302701
1999,armenia,Armenia,4406.96706718618
1999,australia,Australia,43899.073794405
1999,austria,Austria,52004.459782806
1999,azerbaijan,Azerbaijan,5133.74812032569
1999,bangladesh,Bangladesh,2624.06553797638
1999,belarus,Belarus,10519.7489145442
1999,belgium,Belgium,48765.7668571998
1999,benin,Benin,2470.68504400549
1999,bolivia-plurinational-state-of,Bolivia,7435.72544286949
1999,brazil,Brazil,13602.4137067874
1999,bulgaria,Bulgaria,11953.5983607318
1999,burkina-faso,Burkina Faso,1444.56690170414
1999,burundi,Burundi,1061.04411459842
1999,cambodia,Cambodia,1775.41239802043
1999,cameroon,Cameroon,3780.06217282191
1999,canada,Canada,46464.5274488374
1999,chad,Chad,1573.58531388243
1999,chile,Chile,16900.1244018472
1999,china,China,3774.42758274469
1999,colombia,Colombia,10679.7092686089
1999,cote-d-ivoire,Cote d Ivoire,4987.39397799406
1999,croatia,Croatia,20489.3540108242
1999,cyprus,Cyprus,34452.72265625
1999,czech-republic,Czechia,28213.4555005997
1999,denmark,Denmark,55704.2583988925
1999,ecuador,Ecuador,9242.96681019585
1999,estonia,Estonia,18736.15453395
1999,ethiopia,Ethiopia,787.679577475987
1999,finland,Finland,44505.7114770222
1999,france,France,44400.1357889191
1999,georgia,Georgia,5495.24505052866
1999,germany,Germany,48624.6484373602
1999,ghana,Ghana,3290.26865235748
1999,greece,Greece,30263.0543705003
1999,guatemala,Guatemala,8668.43099775145
1999,guinea,Guinea,2346.2701835771
1999,haiti,Haiti,3269.3988227012
1999,hungary,Hungary,21128.8884639402
1999,iceland,Iceland,48539.3433136469
1999,india,India,2954.0688560393
1999,indonesia,Indonesia,5855.65800744994
1999,iraq,Iraq,11237.8537439925
1999,ireland,Ireland,49634.5026736477
1999,israel,Israel,31466.1683689237
1999,italy,Italy,48493.6651210308
1999,japan,Japan,38647.2705275615
1999,jordan,Jordan,8600.36943915146
1999,kazakhstan,Kazakhstan,11815.7732115429
1999,kenya,Kenya,3848.46470612727
1999,kuwait,Kuwait,59533.9542752452
1999,latvia,Latvia,13619.098799485
1999,lithuania,Lithuania,15148.9570325637
1999,luxembourg,Luxembourg,108186.852973076
1999,madagascar,Madagascar,1681.35933226493
1999,malawi,Malawi,1249.77523298871
1999,malaysia,Malaysia,17428.6256563043
1999,mali,Mali,2269.08741151657
1999,mexico,Mexico,19793.2852863293
1999,mongolia,Mongolia,5829.16641455929
1999,morocco,Morocco,5043.6650390625
1999,mozambique,Mozambique,722.305561379979
1999,myanmar,Myanmar,1209.01642809997
1999,nepal,Nepal,2242.65011822095
1999,netherlands,Netherlands,54134.3514543153
1999,new-zealand,New Zealand,35187.2357200331
1999,niger,Niger,1255.05402413613
1999,nigeria,Nigeria,4781.67310983975
1999,norway,Norway,74703.5199133097
1999,oman,Oman,40145.9312841691
1999,pakistan,Pakistan,3484.45678319813
1999,panama,Panama,14261.7464595428
1999,peru,Peru,7584.30465257181
1999,philippines,Philippines,4650.75926947589
1999,poland,Poland,17556.0026927987
1999,portugal,Portugal,34018.9637066508
1999,qatar,Qatar,95556.8522490874
1999,romania,Romania,14478.0493538392
1999,russian-federation,Russia,18200.3203125
1999,rwanda,Rwanda,981.722501554685
1999,saudi-arabia,Saudi Arabia,55878.1736494426
1999,senegal,Senegal,3050.17800999452
1999,serbia,Serbia,10438.4610153954
1999,singapore,Singapore,64296.6384874384
1999,slovenia,Slovenia,29131.350613532
1999,south-africa,South Africa,10831.6589617949
1999,spain,Spain,38141.316878689
1999,sri-lanka,Sri Lanka,6176.23548454667
1999,sudan,Sudan,3459.22998046875
1999,sweden,Sweden,45823.3018418117
1999,switzerland,Switzerland,66795.8879655155
1999,tanzania-united-rep,Tanzania,1810.97155761719
1999,thailand,Thailand,11254.6098303333
1999,tunisia,Tunisia,8821.98791288257
1999,turkiye,Turkey,14066.1896257233
1999,ukraine,Ukraine,9704.4453125
1999,united-arab-emirates,United Arab Emirates,92047.6104655985
1999,united-kingdom,United Kingdom,42071.7055369651
1999,united-states,United States,53480.8969962416
1999,uruguay,Uruguay,19192.7103025817
1999,uzbekistan,Uzbekistan,3346.1588710371
1999,viet-nam,Vietnam,4119.05367208231
1999,zambia,Zambia,2198.18912998648
1999,zimbabwe,Zimbabwe,6423.73669198371
2000,afghanistan,Afghanistan,1617.82647494969
2000,albania,Albania,6581.98909242849
2000,algeria,Algeria,11558.220469383
2000,angola,Angola,6794.53021072097
2000,argentina,Argentina,22281.3814299958
2000,armenia,Armenia,4589.00825039977
2000,australia,Australia,45099.0752097084
2000,austria,Austria,53534.2669894259
2000,azerbaijan,Azerbaijan,5656.92989378687
2000,bangladesh,Bangladesh,2712.93512215725
2000,belarus,Belarus,11182.4548339393
2000,belgium,Belgium,50455.7338920674
2000,benin,Benin,2536.16885867097
2000,bolivia-plurinational-state-of,Bolivia,7492.4338168091
2000,brazil,Brazil,14005.3471874231
2000,bulgaria,Bulgaria,12563.8362285253
2000,burkina-faso,Burkina Faso,1428.57400617096
2000,burundi,Burundi,1030.32234706616
2000,cambodia,Cambodia,1922.03179092592
2000,cameroon,Cameroon,3822.94425358926
2000,canada,Canada,48399.2864445547
2000,chad,Chad,1506.7157720422
2000,chile,Chile,17529.4205997692
2000,china,China,4065.86707804429
2000,colombia,Colombia,10813.4942250011
2000,cote-d-ivoire,Cote d Ivoire,4838.37602767698
2000,croatia,Croatia,21302.4117206381
2000,cyprus,Cyprus,36121.6640625
2000,czech-republic,Czechia,29427.4070011514
2000,denmark,Denmark,57585.8965553524
2000,ecuador,Ecuador,9183.05155276919
2000,estonia,Estonia,20526.6606380865
2000,ethiopia,Ethiopia,810.270749115591
2000,finland,Finland,46968.841714507
2000,france,France,45922.4789363701
2000,georgia,Georgia,5706.27236527837
2000,germany,Germany,49955.6461286496
2000,ghana,Ghana,3327.35199291767
2000,greece,Greece,31386.639783624
2000,guatemala,Guatemala,8770.40815272307
2000,guinea,Guinea,2358.28765608495
2000,haiti,Haiti,3237.53077898724
2000,hungary,Hungary,22117.9204303193
2000,iceland,Iceland,50227.8408745363
2000,india,India,3010.42156148397
2000,indonesia,Indonesia,6056.38197842165
2000,iraq,Iraq,12702.1641950892
2000,ireland,Ireland,53582.8313532284
2000,israel,Israel,33278.5412285682
2000,italy,Italy,50353.4200415436
2000,japan,Japan,39731.7953686304
2000,jordan,Jordan,8781.60904744228
2000,kazakhstan,Kazakhstan,12935.864368308
2000,kenya,Kenya,3756.63622296879
2000,kuwait,Kuwait,60585.3026788164
2000,latvia,Latvia,14554.2131724037
2000,lithuania,Lithuania,15777.4293800236
2000,luxembourg,Luxembourg,114148.353907645
2000,madagascar,Madagascar,1701.44320253582
2000,malawi,Malawi,1239.39174838676
2000,malaysia,Malaysia,18532.9096706227
2000,mali,Mali,2187.71894207161
2000,mexico,Mexico,20470.4937669158
2000,mongolia,Mongolia,5818.24307842901
2000,morocco,Morocco,5100.11572265625
2000,mozambique,Mozambique,711.976393527396
2000,myanmar,Myanmar,1359.93038778036
2000,nepal,Nepal,2340.81563141298
2000,netherlands,Netherlands,56016.8327946434
2000,new-zealand,New Zealand,35984.6288016116
2000,niger,Niger,1197.63477205432
2000,nigeria,Nigeria,4889.00321921229
2000,norway,Norway,76775.9420600924
2000,oman,Oman,42086.0431536301
2000,pakistan,Pakistan,3531.71291531612
2000,panama,Panama,14572.9808700068
2000,peru,Peru,7668.06078201131
2000,philippines,Philippines,4740.43891694569
2000,poland,Poland,18566.3546288772
2000,portugal,Portugal,35069.8275705133
2000,qatar,Qatar,98028.5232918526
2000,romania,Romania,14853.6063681531
2000,russian-federation,Russia,20104.75
2000,rwanda,Rwanda,1055.35042339776
2000,saudi-arabia,Saudi Arabia,55962.2661342789
2000,senegal,Senegal,3093.28791603382
2000,serbia,Serbia,11105.9488237331
2000,singapore,Singapore,68904.1280154511
2000,slovenia,Slovenia,30061.2061910089
2000,south-africa,South Africa,11183.825503143
2000,spain,Spain,39945.8971298178
2000,sri-lanka,Sri Lanka,6428.61341889128
2000,sudan,Sudan,3575.85205078125
2000,sweden,Sweden,47868.5077292571
2000,switzerland,Switzerland,68834.8179906591
2000,tanzania-united-rep,Tanzania,1839.93664550781
2000,thailand,Thailand,11623.7874580461
2000,tunisia,Tunisia,9134.41506327005
2000,turkiye,Turkey,14856.914625257
2000,ukraine,Ukraine,10364.0625
2000,united-arab-emirates,United Arab Emirates,95390.8328858321
2000,united-kingdom,United Kingdom,43818.3463079443
2000,united-states,United States,55045.6745311559
2000,uruguay,Uruguay,18752.0507121938
2000,uzbekistan,Uzbekistan,3430.88370808896
2000,viet-nam,Vietnam,4349.22348751462
2000,zambia,Zambia,2220.5653712714
2000,zimbabwe,Zimbabwe,6170.36063450551
2001,afghanistan,Afghanistan,1454.11078195559
2001,albania,Albania,7232.96055449664
2001,algeria,Algeria,11742.5946761225
2001,angola,Angola,6846.79269543978
2001,argentina,Argentina,21066.4581290433
2001,armenia,Armenia,5044.11647826468
2001,australia,Australia,45428.2000837579
2001,austria,Austria,54032.075746659
2001,azerbaijan,Azerbaijan,6168.98512059749
2001,bangladesh,Bangladesh,2803.55471950946
2001,belarus,Belarus,11771.0872003861
2001,belgium,Belgium,50835.3969916063
2001,benin,Benin,2591.06485220288
2001,bolivia-plurinational-state-of,Bolivia,7491.15257765571
2001,brazil,Brazil,14016.1313772236
2001,bulgaria,Bulgaria,13306.5044553959
2001,burkina-faso,Burkina Faso,1477.28491846525
2001,burundi,Burundi,1025.48374929263
2001,cambodia,Cambodia,2032.08092022373
2001,cameroon,Cameroon,3884.87304812714
2001,canada,Canada,48774.1483226516
2001,chad,Chad,1626.56683128523
2001,chile,Chile,17874.5313866938
2001,china,China,4372.43560608339
2001,colombia,Colombia,10823.4504878807
2001,cote-d-ivoire,Cote d Ivoire,4609.17878891553
2001,croatia,Croatia,22826.7217624371
2001,cyprus,Cyprus,37146.84375
2001,czech-republic,Czechia,30399.8730764283
2001,denmark,Denmark,57925.0542954115
2001,ecuador,Ecuador,9405.11680690106
2001,estonia,Estonia,21872.6593953112
2001,ethiopia,Ethiopia,851.313428411291
2001,finland,Finland,48099.3014282794
2001,france,France,46454.8706927365
2001,georgia,Georgia,6074.08643017282
2001,germany,Germany,50687.6500447924
2001,ghana,Ghana,3369.50702508212
2001,greece,Greece,32675.9292327768
2001,guatemala,Guatemala,8771.15927218783
2001,guinea,Guinea,2412.75161959628
2001,haiti,Haiti,3168.14454014466
2001,hungary,Hungary,23069.2114730987
2001,iceland,Iceland,51468.3282267824
2001,india,India,3097.16224022342
2001,indonesia,Indonesia,6190.51954040991
2001,iraq,Iraq,12529.6084050976
2001,ireland,Ireland,55534.5698068816
2001,israel,Israel,32591.2116817431
2001,italy,Italy,51332.2904432567
2001,japan,Japan,39748.9837725849
2001,jordan,Jordan,9056.19447281902
2001,kazakhstan,Kazakhstan,14612.0290050498
2001,kenya,Kenya,3778.25854755615
2001,kuwait,Kuwait,59099.6653133601
2001,latvia,Latvia,15695.906718153
2001,lithuania,Lithuania,16939.467059225
2001,luxembourg,Luxembourg,116265.230369162
2001,madagascar,Madagascar,1748.50350929178
2001,malawi,Malawi,1149.58039601898
2001,malaysia,Malaysia,18186.4411330146
2001,mali,Mali,2458.46155673065
2001,mexico,Mexico,20078.2183931307
2001,mongolia,Mongolia,5917.07088396343
2001,morocco,Morocco,5417.57861328125
2001,mozambique,Mozambique,785.790173616246
2001,myanmar,Myanmar,1498.31163236525
2001,nepal,Nepal,2413.8142127556
2001,netherlands,Netherlands,56887.3976406444
2001,new-zealand,New Zealand,36995.0603198774
2001,niger,Niger,1240.385444402
2001,nigeria,Nigeria,5039.54869754112
2001,norway,Norway,78041.0146260585
2001,oman,Oman,43492.2863754557
2001,pakistan,Pakistan,3559.72784658715
2001,panama,Panama,14427.8355424862
2001,peru,Peru,7610.63949294843
2001,philippines,Philippines,4778.4008437474
2001,poland,Poland,18800.6018648402
2001,portugal,Portugal,35500.2266804093
2001,qatar,Qatar,96901.5943725606
2001,romania,Romania,15848.3039143162
2001,russian-federation,Russia,21219.904296875
2001,rwanda,Rwanda,1134.78453153468
2001,saudi-arabia,Saudi Arabia,53309.111388544
2001,senegal,Senegal,3149.33113704283
2001,serbia,Serbia,11879.1763909711
2001,singapore,Singapore,66352.1492865891
2001,slovenia,Slovenia,30862.8959874504
2001,south-africa,South Africa,11387.492366782
2001,spain,Spain,41224.2924057393
2001,sri-lanka,Sri Lanka,6230.03051863559
2001,sudan,Sudan,3701.548828125
2001,sweden,Sweden,48389.8185132591
2001,switzerland,Switzerland,69489.6995050103
2001,tanzania-united-rep,Tanzania,1899.74536132813
2001,thailand,Thailand,11902.6109229705
2001,tunisia,Tunisia,9380.56317617024
2001,turkiye,Turkey,13872.1287284566
2001,ukraine,Ukraine,11379.3857421875
2001,united-arab-emirates,United Arab Emirates,90750.3257926454
2001,united-kingdom,United Kingdom,44693.6612621755
2001,united-states,United States,55024.3542766281
2001,uruguay,Uruguay,17986.8939502115
2001,uzbekistan,Uzbekistan,3530.5496647712
2001,viet-nam,Vietnam,4570.26846577385
2001,zambia,Zambia,2268.96965564597
2001,zimbabwe,Zimbabwe,6217.43872434863
2002,afghanistan,Afghanistan,1774.30874287341
2002,albania,Albania,7590.45852377781
2002,algeria,Algeria,12213.1263531246
2002,angola,Angola,7521.73598754911
2002,argentina,Argentina,18571.7020471274
2002,armenia,Armenia,5731.35346609213
2002,australia,Australia,46688.3947760633
2002,austria,Austria,54565.0004227482
2002,azerbaijan,Azerbaijan,6701.08174444207
2002,bangladesh,Bangladesh,2866.43454328715
2002,belarus,Belarus,12443.9322575939
2002,belgium,Belgium,51471.8532550934
2002,benin,Benin,2630.18061029627
2002,bolivia-plurinational-state-of,Bolivia,7550.01554645092
2002,brazil,Brazil,14265.9048770292
2002,bulgaria,Bulgaria,14397.001318192
2002,burkina-faso,Burkina Faso,1494.67801269583
2002,burundi,Burundi,1041.29719140875
2002,cambodia,Cambodia,2126.34150468987
2002,cameroon,Cameroon,3951.41936232132
2002,canada,Canada,49694.9870914363
2002,chad,Chad,1704.2729514734
2002,chile,Chile,18244.5196827315
2002,china,China,4744.38182475307
2002,colombia,Colombia,10925.1485602082
2002,cote-d-ivoire,Cote d Ivoire,4368.96040639474
2002,croatia,Croatia,24136.7810227804
2002,cyprus,Cyprus,38090.77734375
2002,czech-republic,Czechia,30919.5496618702
2002,denmark,Denmark,58003.8882572641
2002,ecuador,Ecuador,9697.55517665978
2002,estonia,Estonia,23537.7156816601
2002,ethiopia,Ethiopia,838.298046952135
2002,finland,Finland,48792.4864789775
2002,france,France,46610.7820717214
2002,georgia,Georgia,6464.32539672648
2002,germany,Germany,50486.998248551
2002,ghana,Ghana,3425.61820934278
2002,greece,Greece,34081.0289759343
2002,guatemala,Guatemala,8901.54046462168
2002,guinea,Guinea,2498.13177495102
2002,haiti,Haiti,3145.03689680869
2002,hungary,Hungary,24229.2953575981
2002,iceland,Iceland,51287.593729948
2002,india,India,3157.26903770593
2002,indonesia,Indonesia,6381.94955179996
2002,iraq,Iraq,11144.0505255902
2002,ireland,Ireland,57828.0116338414
2002,israel,Israel,31892.5395978816
2002,italy,Italy,51369.1149098293
2002,japan,Japan,39690.3676794625
2002,jordan,Jordan,9380.11324124271
2002,kazakhstan,Kazakhstan,15960.8738450013
2002,kenya,Kenya,3681.2569427491
2002,kuwait,Kuwait,59348.6172741565
2002,latvia,Latvia,17096.5594440255
2002,lithuania,Lithuania,18223.4782620215
2002,luxembourg,Luxembourg,118764.331507238
2002,madagascar,Madagascar,1486.43429741771
2002,malawi,Malawi,1140.84274642418
2002,malaysia,Malaysia,18708.8694877279
2002,mali,Mali,2455.61935702417
2002,mexico,Mexico,19744.7933675609
2002,mongolia,Mongolia,6117.9824222592
2002,morocco,Morocco,5544.07177734375
2002,mozambique,Mozambique,842.645266172761
2002,myanmar,Myanmar,1661.73588517132
2002,nepal,Nepal,2380.24424587571
2002,netherlands,Netherlands,56664.4027354437
2002,new-zealand,New Zealand,38072.2713835052
2002,niger,Niger,1256.23701340852
2002,nigeria,Nigeria,5654.89706044216
2002,norway,Norway,78752.5931631095
2002,oman,Oman,42654.1482671623
2002,pakistan,Pakistan,3563.67846926558
2002,panama,Panama,14507.1494232714
2002,peru,Peru,7930.50980631714
2002,philippines,Philippines,4856.49948429567
2002,poland,Poland,19166.9137058143
2002,portugal,Portugal,35578.5200309
2002,qatar,Qatar,99001.4939977461
2002,romania,Romania,17061.6293695412
2002,russian-federation,Russia,22319.677734375
2002,rwanda,Rwanda,1267.19396540218
2002,saudi-arabia,Saudi Arabia,50371.9783079834
2002,senegal,Senegal,3075.23157503874
2002,serbia,Serbia,12661.9396115325
2002,singapore,Singapore,68328.932172058
2002,slovenia,Slovenia,31836.5215656188
2002,south-africa,South Africa,11697.5657261687
2002,spain,Spain,41766.0378188791
2002,sri-lanka,Sri Lanka,6409.86278892115
2002,sudan,Sudan,3814.31323242188
2002,sweden,Sweden,49331.2032555738
2002,switzerland,Switzerland,69228.3683320733
2002,tanzania-united-rep,Tanzania,1982.64428710938
2002,thailand,Thailand,12513.5421967032
2002,tunisia,Tunisia,9407.55676671593
2002,turkiye,Turkey,14587.894621656
2002,ukraine,Ukraine,12092.7890625
2002,united-arab-emirates,United Arab Emirates,87479.1545350862
2002,united-kingdom,United Kingdom,45265.4565169944
2002,united-states,United States,55443.2199435683
2002,uruguay,Uruguay,16572.7819019325
2002,uzbekistan,Uzbekistan,3626.07785614929
2002,viet-nam,Vietnam,4809.62151118535
2002,zambia,Zambia,2299.33289188114
2002,zimbabwe,Zimbabwe,5610.21576859697
2003,afghanistan,Afghanistan,1815.92819979586
2003,albania,Albania,8025.2480324802
2003,algeria,Algeria,12835.1814413331
2003,angola,Angola,7516.81391491319
2003,argentina,Argentina,20005.1385113465
2003,armenia,Armenia,6569.26023440631
2003,australia,Australia,47581.2285345879
2003,austria,Austria,54919.7101911513
2003,azerbaijan,Azerbaijan,7329.40601818943
2003,bangladesh,Bangladesh,2958.91503115633
2003,belarus,Belarus,13413.9265504854
2003,belgium,Belgium,51788.8439641975
2003,benin,Benin,2639.04370114641
2003,bolivia-plurinational-state-of,Bolivia,7625.90515918892
2003,brazil,Brazil,14259.3664089322
2003,bulgaria,Bulgaria,15271.4839489061
2003,burkina-faso,Burkina Faso,1561.83310184915
2003,burundi,Burundi,996.569433908385
2003,cambodia,Cambodia,2309.83931482788
2003,cameroon,Cameroon,4054.78133246517
2003,canada,Canada,50139.7664579994
2003,chad,Chad,1878.58578618822
2003,chile,Chile,18907.3458745755
2003,china,China,5191.78118308167
2003,colombia,Colombia,11183.2911819793
2003,cote-d-ivoire,Cote d Ivoire,4060.03041319294
2003,croatia,Croatia,25473.5672036391
2003,cyprus,Cyprus,38617.8125
2003,czech-republic,Czechia,31949.2963145034
2003,denmark,Denmark,58101.4809549972
2003,ecuador,Ecuador,9802.81408202125
2003,estonia,Estonia,25485.1613028986
2003,ethiopia,Ethiopia,795.772138298998
2003,finland,Finland,49655.5451564067
2003,france,France,46730.975806379
2003,georgia,Georgia,7227.73705960701
2003,germany,Germany,50191.7219389611
2003,ghana,Ghana,3507.75105744843
2003,greece,Greece,35970.7016808475
2003,guatemala,Guatemala,8926.15771786373
2003,guinea,Guinea,2473.23418295471
2003,haiti,Haiti,3197.9365263707
2003,hungary,Hungary,25255.8711300567
2003,iceland,Iceland,52095.6402740564
2003,india,India,3346.8882902915
2003,indonesia,Indonesia,6599.09193597034
2003,iraq,Iraq,6849.3320080035
2003,ireland,Ireland,58608.3353816693
2003,israel,Israel,31771.2115906733
2003,italy,Italy,51126.2585544038
2003,japan,Japan,40152.1282635641
2003,jordan,Jordan,9556.48163712053
2003,kazakhstan,Kazakhstan,17344.752672995
2003,kenya,Kenya,3674.08592758409
2003,kuwait,Kuwait,67984.3145062554
2003,latvia,Latvia,18717.6675525538
2003,lithuania,Lithuania,20310.7119582322
2003,luxembourg,Luxembourg,120403.002017933
2003,madagascar,Madagascar,1584.74925232364
2003,malawi,Malawi,1176.12385998737
2003,malaysia,Malaysia,19329.0062757538
2003,mali,Mali,2611.8368552722
2003,mexico,Mexico,19701.4633898714
2003,mongolia,Mongolia,6463.78966651762
2003,morocco,Morocco,5810.05322265625
2003,mozambique,Mozambique,883.239121472194
2003,myanmar,Myanmar,1874.17128269389
2003,nepal,Nepal,2439.49479601556
2003,netherlands,Netherlands,56452.8695506734
2003,new-zealand,New Zealand,39092.3455202712
2003,niger,Niger,1238.58780880353
2003,nigeria,Nigeria,5905.31482781101
2003,norway,Norway,79150.3962863661
2003,oman,Oman,41247.5873733105
2003,pakistan,Pakistan,3668.77938852508
2003,panama,Panama,14957.5590503323
2003,peru,Peru,8173.27672987692
2003,philippines,Philippines,5003.38317718716
2003,poland,Poland,19855.6317989181
2003,portugal,Portugal,35115.379514413
2003,qatar,Qatar,98068.1232492499
2003,romania,Romania,17587.462617764
2003,russian-federation,Russia,24057.927734375
2003,rwanda,Rwanda,1266.94449487196
2003,saudi-arabia,Saudi Arabia,52234.649280791
2003,senegal,Senegal,3170.03494689265
2003,serbia,Serbia,13273.6900656327
2003,singapore,Singapore,72497.86860121
2003,slovenia,Slovenia,32833.9045969454
2003,south-africa,South Africa,11923.1211013633
2003,spain,Spain,42223.130174522
2003,sri-lanka,Sri Lanka,6741.01248848024
2003,sudan,Sudan,3946.92260742188
2003,sweden,Sweden,50072.4736462925
2003,switzerland,Switzerland,68521.3420292943
2003,tanzania-united-rep,Tanzania,2059.83740234375
2003,thailand,Thailand,13288.7481561137
2003,tunisia,Tunisia,9752.02442335824
2003,turkiye,Turkey,15255.7177960689
2003,ukraine,Ukraine,13342.8798828125
2003,united-arab-emirates,United Arab Emirates,89828.493399274
2003,united-kingdom,United Kingdom,46505.2798806788
2003,united-states,United States,56505.4468784112
2003,uruguay,Uruguay,16694.4326030244
2003,uzbekistan,Uzbekistan,3733.79819347394
2003,viet-nam,Vietnam,5090.28990869885
2003,zambia,Zambia,2383.87611741089
2003,zimbabwe,Zimbabwe,4601.68067845787
2004,afghanistan,Afghanistan,1776.91820712187
2004,albania,Albania,8483.25881549279
2004,algeria,Algeria,13226.7650481165
2004,angola,Angola,8079.52613328266
2004,argentina,Argentina,21591.449396517
2004,armenia,Armenia,7299.40001858866
2004,australia,Australia,49061.2761503925
2004,austria,Austria,55980.1531665622
2004,azerbaijan,Azerbaijan,7937.8594791002
2004,bangladesh,Bangladesh,3071.83778764611
2004,belarus,Belarus,15052.1182160947
2004,belgium,Belgium,53406.6918625203
2004,benin,Benin,2672.84404357157
2004,bolivia-plurinational-state-of,Bolivia,7811.59684093936
2004,brazil,Brazil,14911.2609608592
2004,bulgaria,Bulgaria,16388.9600145841
2004,burkina-faso,Burkina Faso,1581.25620933294
2004,burundi,Burundi,1006.51241783279
2004,cambodia,Cambodia,2491.30930003838
2004,cameroon,Cameroon,4222.96638689885
2004,canada,Canada,51210.6593966138
2004,chad,Chad,2400.97004978207
2004,chile,Chile,19966.7093106095
2004,china,China,5684.3881718733
2004,colombia,Colombia,11607.9384935105
2004,cote-d-ivoire,Cote d Ivoire,4088.97542020506
2004,croatia,Croatia,26528.5369054362
2004,cyprus,Cyprus,40019.92578125
2004,czech-republic,Czechia,33452.3408000614
2004,denmark,Denmark,59560.4599503941
2004,ecuador,Ecuador,10290.6634264766
2004,estonia,Estonia,27381.5350626694
2004,ethiopia,Ethiopia,877.114494958363
2004,finland,Finland,51494.705860401
2004,france,France,47720.4413351103
2004,georgia,Georgia,7693.91525392067
2004,germany,Germany,50786.0176463275
2004,ghana,Ghana,3607.36522285021
2004,greece,Greece,37811.4913664483
2004,guatemala,Guatemala,9003.86136388797
2004,guinea,Guinea,2477.50282602363
2004,haiti,Haiti,3102.54173985545
2004,hungary,Hungary,26568.118861864
2004,iceland,Iceland,55576.6099806516
2004,india,India,3551.04731213773
2004,indonesia,Indonesia,6843.54654972364
2004,iraq,Iraq,10210.5631004936
2004,ireland,Ireland,61452.8660388324
2004,israel,Israel,32665.8537052438
2004,italy,Italy,51495.0028841364
2004,japan,Japan,40986.7225710497
2004,jordan,Jordan,10127.8527547101
2004,kazakhstan,Kazakhstan,18886.5811908122
2004,kenya,Kenya,3743.56785736929
2004,kuwait,Kuwait,73298.0621819477
2004,latvia,Latvia,20574.118201251
2004,lithuania,Lithuania,21875.6085796224
2004,luxembourg,Luxembourg,123725.755122536
2004,madagascar,Madagascar,1620.11953793293
2004,malawi,Malawi,1208.2196975075
2004,malaysia,Malaysia,20168.5062099425
2004,mali,Mali,2565.9774456147
2004,mexico,Mexico,20127.2242902968
2004,mongolia,Mongolia,7070.667158451
2004,morocco,Morocco,5996.39013671875
2004,mozambique,Mozambique,934.133964844421
2004,myanmar,Myanmar,2110.23728495831
2004,nepal,Nepal,2521.54105171428
2004,netherlands,Netherlands,57391.3516342059
2004,new-zealand,New Zealand,40091.1399487332
2004,niger,Niger,1199.15937505794
2004,nigeria,Nigeria,6275.29894506434
2004,norway,Norway,82091.1935035949
2004,oman,Oman,41351.7687385072
2004,pakistan,Pakistan,3859.64601808903
2004,panama,Panama,15875.1188201453
2004,peru,Peru,8494.84031217202
2004,philippines,Philippines,5229.45080700165
2004,poland,Poland,20878.6545002534
2004,portugal,Portugal,35658.1298257507
2004,qatar,Qatar,112583.929924606
2004,romania,Romania,19532.4800205184
2004,russian-federation,Russia,25894.146484375
2004,rwanda,Rwanda,1325.79557312503
2004,saudi-arabia,Saudi Arabia,54196.5514152953
2004,senegal,Senegal,3240.30201670643
2004,serbia,Serbia,14194.3651317933
2004,singapore,Singapore,78712.5347297388
2004,slovenia,Slovenia,34304.5565023331
2004,south-africa,South Africa,12341.2102655828
2004,spain,Spain,42793.3902326006
2004,sri-lanka,Sri Lanka,7059.91098067102
2004,sudan,Sudan,4041.05712890625
2004,sweden,Sweden,51960.5321902953
2004,switzerland,Switzerland,69812.378758031
2004,tanzania-united-rep,Tanzania,2155.24145507813
2004,thailand,Thailand,13998.521730812
2004,tunisia,Tunisia,10263.8055422408
2004,turkiye,Turkey,16583.8837094062
2004,ukraine,Ukraine,15021.06640625
2004,united-arab-emirates,United Arab Emirates,93166.1568863784
2004,united-kingdom,United Kingdom,47317.027070979
2004,united-states,United States,58139.0820195229
2004,uruguay,Uruguay,17519.3729926744
2004,uzbekistan,Uzbekistan,3962.90117061128
2004,viet-nam,Vietnam,5421.09702829121
2004,zambia,Zambia,2471.72073328685
2004,zimbabwe,Zimbabwe,4287.61686326352
2005,afghanistan,Afghanistan,1908.11478234587
2005,albania,Albania,8964.28082219496
2005,algeria,Algeria,13738.495644436
2005,angola,Angola,8892.92106099154
2005,argentina,Argentina,23262.4075792816
2005,armenia,Armenia,8362.90084037119
2005,australia,Australia,49997.0664953941
2005,austria,Austria,56890.1996184204
2005,azerbaijan,Azerbaijan,10054.1003389401
2005,bangladesh,Bangladesh,3231.61370692891
2005,belarus,Belarus,16579.8731683834
2005,belgium,Belgium,54346.8934219288
2005,benin,Benin,2632.47251454328
2005,bolivia-plurinational-state-of,Bolivia,8020.63568834793
2005,brazil,Brazil,15221.0138281541
2005,bulgaria,Bulgaria,17678.0339712293
2005,burkina-faso,Burkina Faso,1664.99543180023
2005,burundi,Burundi,978.5419608465
2005,cambodia,Cambodia,2781.89028895255
2005,cameroon,Cameroon,4199.72270969362
2005,canada,Canada,52356.5371486354
2005,chad,Chad,2705.81650832729
2005,chile,Chile,20923.479756183
2005,china,China,6298.29929808598
2005,colombia,Colombia,11999.2549591305
2005,cote-d-ivoire,Cote d Ivoire,4032.27570780036
2005,croatia,Croatia,27641.1374713864
2005,cyprus,Cyprus,41362.09375
2005,czech-republic,Czechia,35535.7479961511
2005,denmark,Denmark,60798.1351548444
2005,ecuador,Ecuador,10660.2046228939
2005,estonia,Estonia,30161.1996133966
2005,ethiopia,Ethiopia,952.115666282409
2005,finland,Finland,52744.048034135
2005,france,France,48257.4650937971
2005,georgia,Georgia,8485.58670534953
2005,germany,Germany,51264.8193748941
2005,ghana,Ghana,3721.30785741996
2005,greece,Greece,38146.962971083
2005,guatemala,Guatemala,9099.7275067528
2005,guinea,Guinea,2501.22160456279
2005,haiti,Haiti,3144.56353969437
2005,hungary,Hungary,27765.7886146197
2005,iceland,Iceland,58549.1358862183
2005,india,India,3770.39653173829
2005,indonesia,Indonesia,7140.8545640704
2005,iraq,Iraq,10078.4437646814
2005,ireland,Ireland,63579.7134384122
2005,israel,Israel,33491.9913996395
2005,italy,Italy,51585.6445807938
2005,japan,Japan,41740.352036905
2005,jordan,Jordan,10684.9424228538
2005,kazakhstan,Kazakhstan,20565.5294470866
2005,kenya,Kenya,3844.73557120578
2005,kuwait,Kuwait,78193.9012127585
2005,latvia,Latvia,23213.3539355881
2005,lithuania,Lithuania,23953.8150681702
2005,luxembourg,Luxembourg,124871.952523256
2005,madagascar,Madagascar,1648.17631554009
2005,malawi,Malawi,1214.7426419188
2005,malaysia,Malaysia,20767.5857243346
2005,mali,Mali,2546.33281405861
2005,mexico,Mexico,20277.2552852007
2005,mongolia,Mongolia,7499.84803935428
2005,morocco,Morocco,6103.42236328125
2005,mozambique,Mozambique,970.38995609863
2005,myanmar,Myanmar,2377.90258162976
2005,nepal,Nepal,2580.23106308364
2005,netherlands,Netherlands,58422.0304069674
2005,new-zealand,New Zealand,40970.295838255
2005,niger,Niger,1241.20064789059
2005,nigeria,Nigeria,6496.93228175977
2005,norway,Norway,83955.3365007578
2005,oman,Oman,41551.1413844552
2005,pakistan,Pakistan,4042.15457513378
2005,panama,Panama,16867.9674513124
2005,peru,Peru,8948.74710742664
2005,philippines,Philippines,5386.81653712891
2005,poland,Poland,21568.9476594356
2005,portugal,Portugal,35870.3092741502
2005,qatar,Qatar,113384.267001706
2005,romania,Romania,20570.925514681
2005,russian-federation,Russia,27656.658203125
2005,rwanda,Rwanda,1412.06107949967
2005,saudi-arabia,Saudi Arabia,54931.7942450845
2005,senegal,Senegal,3301.82076161633
2005,serbia,Serbia,15077.5586462578
2005,singapore,Singapore,82547.482835778
2005,slovenia,Slovenia,35565.0427189638
2005,south-africa,South Africa,12861.5633089114
2005,spain,Spain,43570.7652574033
2005,sri-lanka,Sri Lanka,7452.7423412297
2005,sudan,Sudan,4152.32275390625
2005,sweden,Sweden,53198.67120001
2005,switzerland,Switzerland,71414.3495582368
2005,tanzania-united-rep,Tanzania,2253.09326171875
2005,thailand,Thailand,14459.825626203
2005,tunisia,Tunisia,10529.1598956845
2005,turkiye,Turkey,17902.5966004487
2005,ukraine,Ukraine,15610.5732421875
2005,united-arab-emirates,United Arab Emirates,92750.9226341994
2005,united-kingdom,United Kingdom,48304.6753205932
2005,united-states,United States,59612.3907215559
2005,uruguay,Uruguay,18811.3124755641
2005,uzbekistan,Uzbekistan,4185.63947675734
2005,viet-nam,Vietnam,5776.36304451268
2005,zambia,Zambia,2564.47560965912
2005,zimbabwe,Zimbabwe,4004.68178301248
2006,afghanistan,Afghanistan,1929.72389709372
2006,albania,Albania,9563.98954154527
2006,algeria,Algeria,13920.6940553701
2006,angola,Angola,9586.17542123825
2006,argentina,Argentina,24877.2493922296
2006,armenia,Armenia,9525.23146779778
2006,australia,Australia,50693.7248649798
2006,austria,Austria,58460.1550504163
2006,azerbaijan,Azerbaijan,13371.6585214534
2006,bangladesh,Bangladesh,3407.4273502159
2006,belarus,Belarus,18349.8719060634
2006,belgium,Belgium,55367.6227467909
2006,benin,Benin,2652.21841967159
2006,bolivia-plurinational-state-of,Bolivia,8263.31896853691
2006,brazil,Brazil,15657.4795716983
2006,bulgaria,Bulgaria,19024.543813813
2006,burkina-faso,Burkina Faso,1714.76034904509
2006,burundi,Burundi,995.027813698961
2006,cambodia,Cambodia,3041.10471220153
2006,cameroon,Cameroon,4241.51744722821
2006,canada,Canada,53195.7608573851
2006,chad,Chad,2596.03235455456
2006,chile,Chile,21973.7382914389
2006,china,China,7057.11131595304
2006,colombia,Colombia,12636.6246577724
2006,cote-d-ivoire,Cote d Ivoire,4049.29028298687
2006,croatia,Croatia,29035.6749841445
2006,cyprus,Cyprus,42595.203125
2006,czech-republic,Czechia,37786.8781740905
2006,denmark,Denmark,62911.3931382937
2006,ecuador,Ecuador,10933.4897470283
2006,estonia,Estonia,33301.4945486206
2006,ethiopia,Ethiopia,1024.72911937532
2006,finland,Finland,54653.981203281
2006,france,France,49223.247197008
2006,georgia,Georgia,9337.98906420101
2006,germany,Germany,53307.1623767517
2006,ghana,Ghana,3857.86154847605
2006,greece,Greece,40483.1569225337
2006,guatemala,Guatemala,9386.00549814138
2006,guinea,Guinea,2478.61319510726
2006,haiti,Haiti,3146.2634386786
2006,hungary,Hungary,28903.0475407078
2006,iceland,Iceland,60434.3837931128
2006,india,India,4011.08647585805
2006,indonesia,Indonesia,7434.48785352221
2006,iraq,Iraq,10568.9137652953
2006,ireland,Ireland,64975.4086496251
2006,israel,Israel,34744.8675092298
2006,italy,Italy,52304.2402949819
2006,japan,Japan,42358.9337348253
2006,jordan,Jordan,10834.8737267915
2006,kazakhstan,Kazakhstan,22574.3429577665
2006,kenya,Kenya,3970.73349887685
2006,kuwait,Kuwait,79521.3484338455
2006,latvia,Latvia,26431.8140222767
2006,lithuania,Lithuania,26139.2837773621
2006,luxembourg,Luxembourg,130290.174082751
2006,madagascar,Madagascar,1686.86335460016
2006,malawi,Malawi,1237.27386519947
2006,malaysia,Malaysia,21444.4857715028
2006,mali,Mali,2555.07476258805
2006,mexico,Mexico,20965.8256087044
2006,mongolia,Mongolia,8043.99678108557
2006,morocco,Morocco,6488.673828125
2006,mozambique,Mozambique,1041.80471709595
2006,myanmar,Myanmar,2669.32700379999
2006,nepal,Nepal,2641.34799494749
2006,netherlands,Netherlands,60391.5155033324
2006,new-zealand,New Zealand,41596.8311289998
2006,niger,Niger,1267.601412271
2006,nigeria,Nigeria,6702.94533333874
2006,norway,Norway,85653.1367825864
2006,oman,Oman,42540.4398485334
2006,pakistan,Pakistan,4185.86655659206
2006,panama,Panama,18190.281154717
2006,peru,Peru,9546.62529545456
2006,philippines,Philippines,5578.57225112139
2006,poland,Poland,22921.1975887696
2006,portugal,Portugal,36387.5367379523
2006,qatar,Qatar,121378.43895737
2006,romania,Romania,22354.5637860053
2006,russian-federation,Russia,30022.671875
2006,rwanda,Rwanda,1501.7646218593
2006,saudi-arabia,Saudi Arabia,54373.737695386
2006,senegal,Senegal,3301.03152415011
2006,serbia,Serbia,15727.4033683685
2006,singapore,Singapore,87210.0480467646
2006,slovenia,Slovenia,37546.4956078863
2006,south-africa,South Africa,13444.2332126058
2006,spain,Spain,44572.6815459931
2006,sri-lanka,Sri Lanka,7970.6649101939
2006,sudan,Sudan,4299.97412109375
2006,sweden,Sweden,55373.9338115393
2006,switzerland,Switzerland,73901.6149628577
2006,tanzania-united-rep,Tanzania,2334.1044921875
2006,thailand,Thailand,15052.6955101059
2006,tunisia,Tunisia,10983.9221903991
2006,turkiye,Turkey,18972.0089563632
2006,ukraine,Ukraine,16901.5078125
2006,united-arab-emirates,United Arab Emirates,94872.5121329578
2006,united-kingdom,United Kingdom,49000.9535382241
2006,united-states,United States,60684.3399832539
2006,uruguay,Uruguay,19560.0743506382
2006,uzbekistan,Uzbekistan,4439.90667205623
2006,viet-nam,Vietnam,6098.24495436514
2006,zambia,Zambia,2673.46151928529
2006,zimbabwe,Zimbabwe,3819.24997116607
2007,afghanistan,Afghanistan,2155.35306784413
2007,albania,Albania,10262.9242359026
2007,algeria,Algeria,14114.6745192683
2007,angola,Angola,10434.7087224445
2007,argentina,Argentina,26850.6645932771
2007,armenia,Armenia,10898.8483795634
2007,australia,Australia,51663.2403953881
2007,austria,Austria,60470.825141587
2007,azerbaijan,Azerbaijan,16587.3657240228
2007,bangladesh,Bangladesh,3608.91543819399
2007,belarus,Belarus,20019.6111676728
2007,belgium,Belgium,56983.4612170064
2007,benin,Benin,2729.13741390352
2007,bolivia-plurinational-state-of,Bolivia,8493.94848212653
2007,brazil,Brazil,16440.583740032
2007,bulgaria,Bulgaria,20440.2525941501
2007,burkina-faso,Burkina Faso,1731.93046335077
2007,burundi,Burundi,991.931411319069
2007,cambodia,Cambodia,3308.15747246544
2007,cameroon,Cameroon,4302.6192630847
2007,canada,Canada,53761.8407991685
2007,chad,Chad,2613.47387385767
2007,chile,Chile,22884.2997108846
2007,china,China,8013.78375739131
2007,colombia,Colombia,13318.3033138168
2007,cote-d-ivoire,Cote d Ivoire,3999.72054350731
2007,croatia,Croatia,30508.3061279124
2007,cyprus,Cyprus,43823.76171875
2007,czech-republic,Czechia,39629.0061324728
2007,denmark,Denmark,63251.3169416725
2007,ecuador,Ecuador,10952.8226853948
2007,estonia,Estonia,35986.5161332684
2007,ethiopia,Ethiopia,1109.14330259683
2007,finland,Finland,57313.2916474478
2007,france,France,50157.7837477634
2007,georgia,Georgia,10567.2747164758
2007,germany,Germany,54920.6589299724
2007,ghana,Ghana,3923.12567803728
2007,greece,Greece,41796.2336918303
2007,guatemala,Guatemala,9772.80992048501
2007,guinea,Guinea,2587.0048887648
2007,haiti,Haiti,3239.25745989841
2007,hungary,Hungary,29044.0669021254
2007,iceland,Iceland,64075.3098188208
2007,india,India,4253.82139046739
2007,indonesia,Indonesia,7802.46406905954
2007,iraq,Iraq,10853.8161022286
2007,ireland,Ireland,66475.8410142999
2007,israel,Israel,36288.0655118571
2007,italy,Italy,52747.1905476807
2007,japan,Japan,43041.5697058021
2007,jordan,Jordan,11034.2922176813
2007,kazakhstan,Kazakhstan,24351.3464102542
2007,kenya,Kenya,4116.45094720856
2007,kuwait,Kuwait,79474.7611346377
2007,latvia,Latvia,29423.7371235063
2007,lithuania,Lithuania,29381.9521464971
2007,luxembourg,Luxembourg,138683.319852878
2007,madagascar,Madagascar,1731.61751794976
2007,malawi,Malawi,1318.33196397214
2007,malaysia,Malaysia,22305.118263117
2007,mali,Mali,2515.94692366143
2007,mexico,Mexico,21102.2688338349
2007,mongolia,Mongolia,8750.13407442299
2007,morocco,Morocco,6620.59033203125
2007,mozambique,Mozambique,1095.12568701598
2007,myanmar,Myanmar,2968.3033151236
2007,nepal,Nepal,2708.7143922589
2007,netherlands,Netherlands,62601.6612832425
2007,new-zealand,New Zealand,42473.1182614499
2007,niger,Niger,1260.18545165015
2007,nigeria,Nigeria,6949.42650711567
2007,norway,Norway,87670.8617980792
2007,oman,Oman,43696.9691440917
2007,pakistan,Pakistan,4257.92556870432
2007,panama,Panama,20208.8293911964
2007,peru,Peru,10284.9672238506
2007,philippines,Philippines,5840.06810169965
2007,poland,Poland,24484.0656663756
2007,portugal,Portugal,37226.4702626704
2007,qatar,Qatar,115272.510003238
2007,romania,Romania,24328.3931332788
2007,russian-federation,Russia,32630.369140625
2007,rwanda,Rwanda,1573.96811218011
2007,saudi-arabia,Saudi Arabia,53318.4191601834
2007,senegal,Senegal,3316.42037835596
2007,serbia,Serbia,17028.0866985832
2007,singapore,Singapore,91198.1515708456
2007,slovenia,Slovenia,40002.7018991991
2007,south-africa,South Africa,14016.2444716386
2007,spain,Spain,45301.2843416374
2007,sri-lanka,Sri Lanka,8454.20675331505
2007,sudan,Sudan,4415.78515625
2007,sweden,Sweden,56737.3689179302
2007,switzerland,Switzerland,76161.5600232116
2007,tanzania-united-rep,Tanzania,2423.61596679688
2007,thailand,Thailand,15744.3652449147
2007,tunisia,Tunisia,11613.9247511428
2007,turkiye,Turkey,19909.083519675
2007,ukraine,Ukraine,18374.013671875
2007,united-arab-emirates,United Arab Emirates,87180.6001633546
2007,united-kingdom,United Kingdom,50045.9163092519
2007,united-states,United States,61314.4520816367
2007,uruguay,Uruguay,20803.885306175
2007,uzbekistan,Uzbekistan,4792.8290951141
2007,viet-nam,Vietnam,6418.54381402878
2007,zambia,Zambia,2796.3529332184
2007,zimbabwe,Zimbabwe,3631.55334530411
2008,afghanistan,Afghanistan,2191.50435559062
2008,albania,Albania,11056.3059173381
2008,algeria,Algeria,14206.7767147039
2008,angola,Angola,11131.6310145389
2008,argentina,Argentina,27658.4853446831
2008,armenia,Armenia,11727.4821272949
2008,australia,Australia,52473.3819160773
2008,austria,Austria,61157.9014974191
2008,azerbaijan,Azerbaijan,17963.0208126838
2008,bangladesh,Bangladesh,3787.9382761855
2008,belarus,Belarus,22137.9472928315
2008,belgium,Belgium,56787.7366257416
2008,benin,Benin,2777.61974031765
2008,bolivia-plurinational-state-of,Bolivia,8865.27246616683
2008,brazil,Brazil,17113.3679822643
2008,bulgaria,Bulgaria,21845.954719527
2008,burkina-faso,Burkina Faso,1779.32710911571
2008,burundi,Burundi,998.565055501985
2008,cambodia,Cambodia,3501.9257021932
2008,cameroon,Cameroon,4300.26640352464
2008,canada,Canada,53711.6580329654
2008,chad,Chad,2601.36125803883
2008,chile,Chile,23515.3473178269
2008,china,China,8743.7020031299
2008,colombia,Colombia,13591.0609028567
2008,cote-d-ivoire,Cote d Ivoire,4096.75377364759
2008,croatia,Croatia,31113.555007687
2008,cyprus,Cyprus,44295.62890625
2008,czech-republic,Czechia,40328.3426630095
2008,denmark,Denmark,62618.4499382451
2008,ecuador,Ecuador,11474.5257023541
2008,estonia,Estonia,34233.7643806167
2008,ethiopia,Ethiopia,1193.74728331296
2008,finland,Finland,57494.585352886
2008,france,France,50068.2969141379
2008,georgia,Georgia,10856.1031328003
2008,germany,Germany,55513.7558858315
2008,ghana,Ghana,4174.78124103364
2008,greece,Greece,41709.3877420312
2008,guatemala,Guatemala,9889.57668418909
2008,guinea,Guinea,2629.5397474637
2008,haiti,Haiti,3270.41272369326
2008,hungary,Hungary,29384.0070385818
2008,iceland,Iceland,63963.7601392225
2008,india,India,4322.48378983546
2008,indonesia,Indonesia,8165.06155116624
2008,iraq,Iraq,11511.9387643638
2008,ireland,Ireland,62213.6453256462
2008,israel,Israel,36795.4799112424
2008,italy,Italy,51806.3906176391
2008,japan,Japan,42518.8423408417
2008,jordan,Jordan,11555.728825835
2008,kazakhstan,Kazakhstan,24895.6645683245
2008,kenya,Kenya,4002.88364073792
2008,kuwait,Kuwait,77036.5083833055
2008,latvia,Latvia,28726.9722869522
2008,lithuania,Lithuania,30457.3682543436
2008,luxembourg,Luxembourg,135814.608862354
2008,madagascar,Madagascar,1794.40235887329
2008,malawi,Malawi,1378.42886690465
2008,malaysia,Malaysia,22898.0027575442
2008,mali,Mali,2523.19961270039
2008,mexico,Mexico,20992.5602662364
2008,mongolia,Mongolia,9379.85489687765
2008,morocco,Morocco,6901.95068359375
2008,mozambique,Mozambique,1141.94256161019
2008,myanmar,Myanmar,3254.738978881
2008,nepal,Nepal,2852.60983167965
2008,netherlands,Netherlands,63678.4005491428
2008,new-zealand,New Zealand,41682.2459069155
2008,niger,Niger,1308.2751730424
2008,nigeria,Nigeria,7215.76946195762
2008,norway,Norway,87297.3980291813
2008,oman,Oman,46586.3955926767
2008,pakistan,Pakistan,4233.34830715497
2008,panama,Panama,21867.8272186787
2008,peru,Peru,11150.0262166889
2008,philippines,Philippines,5987.03757861835
2008,poland,Poland,25553.9058406534
2008,portugal,Portugal,37291.5048969664
2008,qatar,Qatar,114879.221727674
2008,romania,Romania,27039.6000864291
2008,russian-federation,Russia,34342.2265625
2008,rwanda,Rwanda,1704.25449057727
2008,saudi-arabia,Saudi Arabia,54407.7081673247
2008,senegal,Senegal,3359.70567091144
2008,serbia,Serbia,17983.2811855695
2008,singapore,Singapore,88083.2853664583
2008,slovenia,Slovenia,41286.3462491223
2008,south-africa,South Africa,14297.6887802632
2008,spain,Spain,44926.348951812
2008,sri-lanka,Sri Lanka,8897.82686005016
2008,sudan,Sudan,4446.40966796875
2008,sweden,Sweden,55777.3973050094
2008,switzerland,Switzerland,77103.7188320632
2008,tanzania-united-rep,Tanzania,2493.25927734375
2008,thailand,Thailand,15893.5084947968
2008,tunisia,Tunisia,11990.1962371716
2008,turkiye,Turkey,19839.5845462269
2008,ukraine,Ukraine,18883.986328125
2008,united-arab-emirates,United Arab Emirates,80285.1613062103
2008,united-kingdom,United Kingdom,49629.0498697349
2008,united-states,United States,60806.2238713713
2008,uruguay,Uruguay,22249.3750934425
2008,uzbekistan,Uzbekistan,5145.99183378479
2008,viet-nam,Vietnam,6659.13561432065
2008,zambia,Zambia,2908.14362510668
2008,zimbabwe,Zimbabwe,2954.11211916469
2009,afghanistan,Afghanistan,2565.02208584099
2009,albania,Albania,11430.5746310655
2009,algeria,Algeria,14104.42817214
2009,angola,Angola,10930.2531201205
2009,argentina,Argentina,25747.1976809995
2009,armenia,Armenia,10143.2350796867
2009,australia,Australia,52407.9115378584
2009,austria,Austria,58810.3596828696
2009,azerbaijan,Azerbaijan,19242.3900077231
2009,bangladesh,Bangladesh,3942.13631207203
2009,belarus,Belarus,22236.8387691136
2009,belgium,Belgium,55258.7071019668
2009,benin,Benin,2758.07243150648
2009,bolivia-plurinational-state-of,Bolivia,9011.55629873547
2009,brazil,Brazil,16939.4407810328
2009,bulgaria,Bulgaria,21251.2168646802
2009,burkina-faso,Burkina Faso,1779.32305627973
2009,burundi,Burundi,985.184772509514
2009,cambodia,Cambodia,3587.60889588362
2009,cameroon,Cameroon,4286.57718166156
2009,canada,Canada,51552.4020321975
2009,chad,Chad,2474.70758352529
2009,chile,Chile,23019.0299454094
2009,china,China,9518.68128351945
2009,colombia,Colombia,13586.7518430982
2009,cote-d-ivoire,Cote d Ivoire,4151.08431510133
2009,croatia,Croatia,29024.6640551953
2009,cyprus,Cyprus,42253.38671875
2009,czech-republic,Czechia,38175.1422773334
2009,denmark,Denmark,59185.9677505533
2009,ecuador,Ecuador,11403.5277978831
2009,estonia,Estonia,29281.6798284656
2009,ethiopia,Ethiopia,1262.46398000981
2009,finland,Finland,52599.1487066911
2009,france,France,48404.9657826363
2009,georgia,Georgia,10553.0896395853
2009,germany,Germany,52568.797424995
2009,ghana,Ghana,4269.16005861557
2009,greece,Greece,39886.2135496664
2009,guatemala,Guatemala,9740.71387674159
2009,guinea,Guinea,2537.30645758746
2009,haiti,Haiti,3406.29486715549
2009,hungary,Hungary,27445.959458479
2009,iceland,Iceland,58441.2719673968
2009,india,India,4595.37990753812
2009,indonesia,Indonesia,8435.4557468629
2009,iraq,Iraq,11470.5178061728
2009,ireland,Ireland,58446.726333492
2009,israel,Israel,36364.7843182661
2009,italy,Italy,48774.3916833748
2009,japan,Japan,39999.9464203408
2009,jordan,Jordan,11888.6617212582
2009,kazakhstan,Kazakhstan,24901.3527260084
2009,kenya,Kenya,4012.19428382397
2009,kuwait,Kuwait,67896.2680451995
2009,latvia,Latvia,24520.6791475489
2009,lithuania,Lithuania,26227.5230201039
2009,luxembourg,Luxembourg,129004.508948877
2009,madagascar,Madagascar,1673.15551466723
2009,malawi,Malawi,1449.72601522136
2009,malaysia,Malaysia,22106.6417311801
2009,mali,Mali,2575.54549773648
2009,mexico,Mexico,19385.5437251877
2009,mongolia,Mongolia,9095.9769892529
2009,morocco,Morocco,7063.72705078125
2009,mozambique,Mozambique,1178.70909947834
2009,myanmar,Myanmar,3578.17424704515
2009,nepal,Nepal,2961.83900365912
2009,netherlands,Netherlands,61029.7329801783
2009,new-zealand,New Zealand,41250.9985717425
2009,niger,Niger,1285.27757373191
2009,nigeria,Nigeria,7581.40572089092
2009,norway,Norway,84812.6851277638
2009,oman,Oman,48304.1178923167
2009,pakistan,Pakistan,4270.43882264229
2009,panama,Panama,21822.996136155
2009,peru,Peru,11202.8654418496
2009,philippines,Philippines,5965.30730902221
2009,poland,Poland,26204.410367111
2009,portugal,Portugal,36092.8109314688
2009,qatar,Qatar,114069.652335284
2009,romania,Romania,25761.6305517205
2009,russian-federation,Russia,31654.00390625
2009,rwanda,Rwanda,1764.63484961094
2009,saudi-arabia,Saudi Arabia,51760.7643987566
2009,senegal,Senegal,3371.46166689451
2009,serbia,Serbia,17488.1227241581
2009,singapore,Singapore,85575.755106675
2009,slovenia,Slovenia,37809.1735513927
2009,south-africa,South Africa,13910.7017093394
2009,spain,Spain,42852.220888454
2009,sri-lanka,Sri Lanka,9156.31906481264
2009,sudan,Sudan,4188.0546875
2009,sweden,Sweden,52950.7103332467
2009,switzerland,Switzerland,74672.9512725807
2009,tanzania-united-rep,Tanzania,2560.81103515625
2009,thailand,Thailand,15667.6047343164
2009,tunisia,Tunisia,12229.7752536693
2009,turkiye,Turkey,18612.1925231905
2009,ukraine,Ukraine,16092.7958984375
2009,united-arab-emirates,United Arab Emirates,71488.9696792101
2009,united-kingdom,United Kingdom,46995.5449961945
2009,united-states,United States,58722.496767251
2009,uruguay,Uruguay,23138.0733091496
2009,uzbekistan,Uzbekistan,5471.82013683888
2009,viet-nam,Vietnam,6914.33863589545
2009,zambia,Zambia,3065.84420108998
2009,zimbabwe,Zimbabwe,3299.42808702922
2010,afghanistan,Afghanistan,2848.58606111495
2010,albania,Albania,11829.0042369631
2010,algeria,Algeria,14496.4211312996
2010,angola,Angola,11074.0723813984
2010,argentina,Argentina,28056.2570212342
2010,armenia,Armenia,10438.5641904169
2010,australia,Australia,52739.2681556133
2010,austria,Austria,59730.4673903053
2010,azerbaijan,Azerbaijan,19925.3900662137
2010,bangladesh,Bangladesh,4125.46390163202
2010,belarus,Belarus,24012.6133040213
2010,belgium,Belgium,56240.2030936241
2010,benin,Benin,2733.57399641151
2010,bolivia-plurinational-state-of,Bolivia,9230.3980801466
2010,brazil,Brazil,18062.1581103659
2010,bulgaria,Bulgaria,21724.2863457596
2010,burkina-faso,Burkina Faso,1873.97146230828
2010,burundi,Burundi,988.018678716302
2010,cambodia,Cambodia,3711.53750580157
2010,cameroon,Cameroon,4286.58302947378
2010,canada,Canada,52558.4200617806
2010,chad,Chad,2717.40540181819
2010,chile,Chile,24122.4787924386
2010,china,China,10476.1525652407
2010,colombia,Colombia,14037.0642668639
2010,cote-d-ivoire,Cote d Ivoire,4338.68457800736
2010,croatia,Croatia,28701.8754573033
2010,cyprus,Cyprus,42102.28125
2010,czech-republic,Czechia,39097.3886218756
2010,denmark,Denmark,59856.3490860003
2010,ecuador,Ecuador,11665.6978598204
2010,estonia,Estonia,30067.501040775
2010,ethiopia,Ethiopia,1381.19044650715
2010,finland,Finland,54017.9458623339
2010,france,France,49130.422942344
2010,georgia,Georgia,11294.3685917112
2010,germany,Germany,54826.255453315
2010,ghana,Ghana,4495.68916584106
2010,greece,Greece,37566.7483686263
2010,guatemala,Guatemala,9825.022234198
2010,guinea,Guinea,2594.83050344245
2010,haiti,Haiti,3176.50949040109
2010,hungary,Hungary,27801.833816111
2010,iceland,Iceland,57225.1024282006
2010,india,India,4913.87639723705
2010,indonesia,Indonesia,8848.22473702066
2010,iraq,Iraq,11816.8410150233
2010,ireland,Ireland,59107.4220740498
2010,israel,Israel,37686.3420833543
2010,italy,Italy,49301.6959141674
2010,japan,Japan,41647.0458542008
2010,jordan,Jordan,11942.572010796
2010,kazakhstan,Kazakhstan,26374.8407672795
2010,kenya,Kenya,4211.52462957784
2010,kuwait,Kuwait,62956.2152904125
2010,latvia,Latvia,24119.7307848939
2010,lithuania,Lithuania,26897.7243702338
2010,luxembourg,Luxembourg,131434.360018803
2010,madagascar,Madagascar,1635.24511473059
2010,malawi,Malawi,1504.37514113215
2010,malaysia,Malaysia,23307.9698543785
2010,mali,Mali,2632.2646821909
2010,mexico,Mexico,20058.3854882301
2010,mongolia,Mongolia,9507.118823625
2010,morocco,Morocco,7210.63671875
2010,mozambique,Mozambique,1224.23020471309
2010,myanmar,Myanmar,3893.79030665874
2010,nepal,Nepal,3085.31407004502
2010,netherlands,Netherlands,61518.5768954231
2010,new-zealand,New Zealand,41395.370375582
2010,niger,Niger,1344.4988701596
2010,nigeria,Nigeria,7962.63957281031
2010,norway,Norway,84604.5143891947
2010,oman,Oman,48191.6145135737
2010,pakistan,Pakistan,4228.7817715945
2010,panama,Panama,22739.1194141341
2010,peru,Peru,12057.3912963716
2010,philippines,Philippines,6273.03927731515
2010,poland,Poland,27112.1333797381
2010,portugal,Portugal,36703.1141882825
2010,qatar,Qatar,132502.281828313
2010,romania,Romania,24902.9044891466
2010,russian-federation,Russia,33063.5859375
2010,rwanda,Rwanda,1846.86326840066
2010,saudi-arabia,Saudi Arabia,54911.547517012
2010,senegal,Senegal,3403.56707166762
2010,serbia,Serbia,17841.4312599018
2010,singapore,Singapore,96280.0168756448
2010,slovenia,Slovenia,38063.314683572
2010,south-africa,South Africa,14164.9958363115
2010,spain,Spain,42695.5274189933
2010,sri-lanka,Sri Lanka,9832.18622335265
2010,sudan,Sudan,4219.8369140625
2010,sweden,Sweden,55520.4324178534
2010,switzerland,Switzerland,76308.8064520802
2010,tanzania-united-rep,Tanzania,2654.80346679688
2010,thailand,Thailand,16732.187029014
2010,tunisia,Tunisia,12458.2710366551
2010,turkiye,Turkey,19897.4464836887
2010,ukraine,Ukraine,16811.794921875
2010,united-arab-emirates,United Arab Emirates,70913.7569272495
2010,united-kingdom,United Kingdom,47682.6525150443
2010,united-states,United States,59797.0736545937
2010,uruguay,Uruguay,24879.8256003219
2010,uzbekistan,Uzbekistan,5794.98037704358
2010,viet-nam,Vietnam,7274.73310698016
2010,zambia,Zambia,3266.50749293828
2010,zimbabwe,Zimbabwe,3885.41061373756
2011,afghanistan,Afghanistan,2757.05258747725
2011,albania,Albania,12153.0636591785
2011,algeria,Algeria,14641.9640935685
2011,angola,Angola,11034.5919687814
2011,argentina,Argentina,29425.7593876084
2011,armenia,Armenia,10990.177099035
2011,australia,Australia,53257.0473237603
2011,austria,Austria,61272.1724662899
2011,azerbaijan,Azerbaijan,19358.0778100345
2011,bangladesh,Bangladesh,4352.42643359325
2011,belarus,Belarus,25404.7566082412
2011,belgium,Belgium,56585.302500068
2011,benin,Benin,2732.01249647957
2011,bolivia-plurinational-state-of,Bolivia,9554.44502513
2011,brazil,Brazil,18627.8104529397
2011,bulgaria,Bulgaria,22321.033168819
2011,burkina-faso,Burkina Faso,1939.86659989406
2011,burundi,Burundi,991.659881666872
2011,cambodia,Cambodia,3921.97911563308
2011,cameroon,Cameroon,4307.85195558527
2011,canada,Canada,53681.1084809345
2011,chad,Chad,2741.0708339941
2011,chile,Chile,25372.2741480772
2011,china,China,11404.9179835542
2011,colombia,Colombia,14852.3699513061
2011,cote-d-ivoire,Cote d Ivoire,4017.43753814324
2011,croatia,Croatia,28769.0229490882
2011,cyprus,Cyprus,41212.6875
2011,czech-republic,Czechia,39708.1626280195
2011,denmark,Denmark,60391.7799332206
2011,ecuador,Ecuador,12449.0785549218
2011,estonia,Estonia,32453.1008476709
2011,ethiopia,Ethiopia,1492.53396469943
2011,finland,Finland,55053.3906850323
2011,france,France,50085.6829779109
2011,georgia,Georgia,12288.6828861156
2011,germany,Germany,57950.9589729677
2011,ghana,Ghana,5005.36732498187
2011,greece,Greece,33906.4917435676
2011,guatemala,Guatemala,10032.0932829709
2011,guinea,Guinea,2673.40873029955
2011,haiti,Haiti,3300.87444105175
2011,hungary,Hungary,28415.1173442897
2011,iceland,Iceland,57837.8604599413
2011,india,India,5098.67458775444
2011,indonesia,Indonesia,9274.96955181702
2011,iraq,Iraq,12267.5848940645
2011,ireland,Ireland,59797.0537343463
2011,israel,Israel,39036.0247356871
2011,italy,Italy,49473.0149235634
2011,japan,Japan,41640.6608721251
2011,jordan,Jordan,11988.4963110815
2011,kazakhstan,Kazakhstan,27946.1603432944
2011,kenya,Kenya,4307.10611556858
2011,kuwait,Kuwait,64844.5019019408
2011,latvia,Latvia,25308.7322074626
2011,lithuania,Lithuania,29251.8774718539
2011,luxembourg,Luxembourg,129887.626962873
2011,madagascar,Madagascar,1614.55137773785
2011,malawi,Malawi,1533.22889572405
2011,malaysia,Malaysia,24115.8181203958
2011,mali,Mali,2623.34627008698
2011,mexico,Mexico,20457.6001677783
2011,mongolia,Mongolia,10960.0959283864
2011,morocco,Morocco,7503.79296875
2011,mozambique,Mozambique,1275.52959822581
2011,myanmar,Myanmar,4078.61220919965
2011,nepal,Nepal,3176.65040602417
2011,netherlands,Netherlands,62318.1391154389
2011,new-zealand,New Zealand,41961.9202263641
2011,niger,Niger,1325.92646987416
2011,nigeria,Nigeria,8153.53178650271
2011,norway,Norway,84670.8344398355
2011,oman,Oman,44440.3092616125
2011,pakistan,Pakistan,4246.06710882497
2011,panama,Panama,24999.4702655482
2011,peru,Peru,12724.8832049429
2011,philippines,Philippines,6388.31296959977
2011,poland,Poland,28521.6612623568
2011,portugal,Portugal,36127.2949766157
2011,qatar,Qatar,149025.116325024
2011,romania,Romania,26150.7476231736
2011,russian-federation,Russia,34444.64453125
2011,rwanda,Rwanda,1945.53705383878
2011,saudi-arabia,Saudi Arabia,58645.4459416531
2011,senegal,Senegal,3362.87940538165
2011,serbia,Serbia,17986.5840283539
2011,singapore,Singapore,100153.729405945
2011,slovenia,Slovenia,38233.2905622851
2011,south-africa,South Africa,14434.2611456048
2011,spain,Spain,42271.8346788238
2011,sri-lanka,Sri Lanka,10618.4925999722
2011,sudan,Sudan,4467.6259765625
2011,sweden,Sweden,56846.1368290625
2011,switzerland,Switzerland,76527.3361539945
2011,tanzania-united-rep,Tanzania,2779.70776367188
2011,thailand,Thailand,16768.1688542486
2011,tunisia,Tunisia,12068.7136257667
2011,turkiye,Turkey,21760.4291923634
2011,ukraine,Ukraine,17783.95703125
2011,united-arab-emirates,United Arab Emirates,73190.4056300014
2011,united-kingdom,United Kingdom,47714.2894262827
2011,united-states,United States,60253.2035796719
2011,uruguay,Uruguay,26099.3116487704
2011,uzbekistan,Uzbekistan,6170.84149747534
2011,viet-nam,Vietnam,7652.61895672271
2011,zambia,Zambia,3335.64339500657
2011,zimbabwe,Zimbabwe,4358.94470674386
2012,afghanistan,Afghanistan,2985.31914452845
2012,albania,Albania,12463.518369846
2012,algeria,Algeria,14697.5396133853
2012,angola,Angola,11516.8133246588
2012,argentina,Argentina,28825.9666865361
2012,armenia,Armenia,11796.2741177994
2012,australia,Australia,54403.8836902433
2012,austria,Austria,61376.6345930428
2012,azerbaijan,Azerbaijan,19523.3737161356
2012,bangladesh,Bangladesh,4592.04840919812
2012,belarus,Belarus,25879.1319400701
2012,belgium,Belgium,56356.8251292137
2012,benin,Benin,2779.7264808532
2012,bolivia-plurinational-state-of,Bolivia,9884.46163594645
2012,brazil,Brazil,18832.2195527075
2012,bulgaria,Bulgaria,22618.8104278919
2012,burkina-faso,Burkina Faso,2003.6646118745
2012,burundi,Burundi,999.220068163159
2012,cambodia,Cambodia,4159.16354123446
2012,cameroon,Cameroon,4382.11120797355
2012,canada,Canada,54034.7821680318
2012,chad,Chad,2886.27474563619
2012,chile,Chile,26676.8110154019
2012,china,China,12217.9343813101
2012,colombia,Colombia,15279.4790008058
2012,cote-d-ivoire,Cote d Ivoire,4234.21187719492
2012,croatia,Croatia,28259.1638073948
2012,cyprus,Cyprus,39190.22265625
2012,czech-republic,Czechia,39347.0492956846
2012,denmark,Denmark,60161.7010660256
2012,ecuador,Ecuador,12961.0267423765
2012,estonia,Estonia,33765.4302075072
2012,ethiopia,Ethiopia,1576.76875733933
2012,finland,Finland,53957.6680986279
2012,france,France,49935.6269081617
2012,georgia,Georgia,13193.9596974054
2012,germany,Germany,58110.3768512245
2012,ghana,Ghana,5339.71321903045
2012,greece,Greece,31250.2268565956
2012,guatemala,Guatemala,10126.8330566224
2012,guinea,Guinea,2762.90350938513
2012,haiti,Haiti,3266.43832519352
2012,hungary,Hungary,28179.656464434
2012,iceland,Iceland,58203.6379459536
2012,india,India,5303.50197767655
2012,indonesia,Indonesia,9708.61182531081
2012,iraq,Iraq,13357.0143882323
2012,ireland,Ireland,59303.0319813561
2012,israel,Israel,39245.5078117687
2012,italy,Italy,47795.9579360541
2012,japan,Japan,42394.9433175064
2012,jordan,Jordan,12104.1217423938
2012,kazakhstan,Kazakhstan,28881.2417563728
2012,kenya,Kenya,4387.93790075409
2012,kuwait,Kuwait,64908.262639237
2012,latvia,Latvia,27496.5454583635
2012,lithuania,Lithuania,30932.0983180261
2012,luxembourg,Luxembourg,128897.403218507
2012,madagascar,Madagascar,1617.79082882481
2012,malawi,Malawi,1518.14803849238
2012,malaysia,Malaysia,25006.3587781537
2012,mali,Mali,2520.52931086804
2012,mexico,Mexico,20898.935720908
2012,mongolia,Mongolia,12078.9185320062
2012,morocco,Morocco,7628.64404296875
2012,mozambique,Mozambique,1338.51594866104
2012,myanmar,Myanmar,4340.99945069174
2012,nepal,Nepal,3316.50073452021
2012,netherlands,Netherlands,61480.8416416324
2012,new-zealand,New Zealand,42693.4234516571
2012,niger,Niger,1411.52001409831
2012,nigeria,Nigeria,8265.90551181051
2012,norway,Norway,85925.8723352057
2012,oman,Oman,41964.0828578552
2012,pakistan,Pakistan,4292.02110293486
2012,panama,Panama,26926.8956928065
2012,peru,Peru,13393.5923851679
2012,philippines,Philippines,6697.55620962768
2012,poland,Poland,28952.9157305301
2012,portugal,Portugal,34804.6333340484
2012,qatar,Qatar,147077.406092637
2012,romania,Romania,26767.4556487181
2012,russian-federation,Russia,35740.69921875
2012,rwanda,Rwanda,2063.66474823031
2012,saudi-arabia,Saudi Arabia,59471.7001909394
2012,senegal,Senegal,3405.10864461668
2012,serbia,Serbia,17993.8147169993
2012,singapore,Singapore,102061.11936105
2012,slovenia,Slovenia,37040.7082746106
2012,south-africa,South Africa,14563.7624041032
2012,spain,Spain,41034.0481566356
2012,sri-lanka,Sri Lanka,11447.6937737782
2012,sudan,Sudan,4145.931640625
2012,sweden,Sweden,56193.3287488246
2012,switzerland,Switzerland,76570.2378987121
2012,tanzania-united-rep,Tanzania,2822.4853515625
2012,thailand,Thailand,17871.5786477565
2012,tunisia,Tunisia,12436.3958115735
2012,turkiye,Turkey,22517.7148287875
2012,ukraine,Ukraine,17848.740234375
2012,united-arab-emirates,United Arab Emirates,73644.0549928884
2012,united-kingdom,United Kingdom,48099.6594401942
2012,united-states,United States,61142.3637034265
2012,uruguay,Uruguay,26953.2709026389
2012,uzbekistan,Uzbekistan,6525.4971525889
2012,viet-nam,Vietnam,7979.86828926858
2012,zambia,Zambia,3474.55252844092
2012,zimbabwe,Zimbabwe,5003.50873397069
2013,afghanistan,Afghanistan,3046.57993117128
2013,albania,Albania,12873.4298184073
2013,algeria,Algeria,14778.1914257233
2013,angola,Angola,11622.978345524
2013,argentina,Argentina,29227.6601818437
2013,armenia,Armenia,12194.0189523843
2013,australia,Australia,54895.0052588984
2013,austria,Austria,60862.9693673785
2013,azerbaijan,Azerbaijan,20398.6462250349
2013,bangladesh,Bangladesh,4822.72621378266
2013,belarus,Belarus,26147.6253584645
2013,belgium,Belgium,56263.175267967
2013,benin,Benin,2893.0467015352
2013,bolivia-plurinational-state-of,Bolivia,10391.3833756917
2013,brazil,Brazil,19241.5059815726
2013,bulgaria,Bulgaria,22954.396399855
2013,burkina-faso,Burkina Faso,2057.0639319853
2013,burundi,Burundi,1011.43131303134
2013,cambodia,Cambodia,4419.3988680186
2013,cameroon,Cameroon,4473.57231896434
2013,canada,Canada,54712.1568593677
2013,chad,Chad,2864.11301407361
2013,chile,Chile,27297.8185145366
2013,china,China,13080.8787864744
2013,colombia,Colombia,15912.2471293239
2013,cote-d-ivoire,Cote d Ivoire,4597.22035890241
2013,croatia,Croatia,28397.9820661555
2013,cyprus,Cyprus,36650.5703125
2013,czech-republic,Czechia,39317.5535692377
2013,denmark,Denmark,60745.7784800252
2013,ecuador,Ecuador,13689.1520460125
2013,estonia,Estonia,34481.0148921506
2013,ethiopia,Ethiopia,1696.86515588665
2013,finland,Finland,53183.4286685126
2013,france,France,50066.5304324783
2013,georgia,Georgia,13913.0018245661
2013,germany,Germany,58182.0766176953
2013,ghana,Ghana,5593.77481886917
2013,greece,Greece,30762.4432227813
2013,guatemala,Guatemala,10297.8392994827
2013,guinea,Guinea,2802.56007024474
2013,haiti,Haiti,3356.8373216264
2013,hungary,Hungary,28891.0217544976
2013,iceland,Iceland,59729.5439775397
2013,india,India,5567.49439418718
2013,indonesia,Indonesia,10121.8141535043
2013,iraq,Iraq,13712.931714296
2013,ireland,Ireland,60285.2376140094
2013,israel,Israel,40095.4756773092
2013,italy,Italy,46833.3615309303
2013,japan,Japan,43304.1181931426
2013,jordan,Jordan,11804.1225335126
2013,kazakhstan,Kazakhstan,30177.4887221736
2013,kenya,Kenya,4443.371215682
2013,kuwait,Kuwait,62458.8089221249
2013,latvia,Latvia,28375.1842887263
2013,lithuania,Lithuania,32487.0008217277
2013,luxembourg,Luxembourg,129947.336184196
2013,madagascar,Madagascar,1610.6023078966
2013,malawi,Malawi,1555.50607410511
2013,malaysia,Malaysia,25736.3525554142
2013,mali,Mali,2528.5300676726
2013,mexico,Mexico,20805.3480406564
2013,mongolia,Mongolia,13210.0945665668
2013,morocco,Morocco,7839.0322265625
2013,mozambique,Mozambique,1385.83254864214
2013,myanmar,Myanmar,4666.95376141392
2013,nepal,Nepal,3426.5579593796
2013,netherlands,Netherlands,61281.3125686741
2013,new-zealand,New Zealand,43453.2814172317
2013,niger,Niger,1431.71115490341
2013,nigeria,Nigeria,8581.20782264031
2013,norway,Norway,85973.7694976801
2013,oman,Oman,40854.4853548905
2013,pakistan,Pakistan,4407.14705841377
2013,panama,Panama,28135.3387835383
2013,peru,Peru,14050.2420319137
2013,philippines,Philippines,7016.53846470436
2013,poland,Poland,29168.624211075
2013,portugal,Portugal,34651.7719455059
2013,qatar,Qatar,138046.596315458
2013,romania,Romania,26941.9318849595
2013,russian-federation,Russia,36260.06640625
2013,rwanda,Rwanda,2109.74668811567
2013,saudi-arabia,Saudi Arabia,57998.4644619155
2013,senegal,Senegal,3385.425906874
2013,serbia,Serbia,18163.2047330246
2013,singapore,Singapore,105259.693561054
2013,slovenia,Slovenia,36685.7496645094
2013,south-africa,South Africa,14681.096638957
2013,spain,Spain,40594.914008768
2013,sri-lanka,Sri Lanka,12249.7223347846
2013,sudan,Sudan,4130.48583984375
2013,sweden,Sweden,56353.0856347897
2013,switzerland,Switzerland,77084.6656456739
2013,tanzania-united-rep,Tanzania,2924.86328125
2013,thailand,Thailand,18244.4071505088
2013,tunisia,Tunisia,12587.9950645596
2013,turkiye,Turkey,24117.3121099839
2013,ukraine,Ukraine,17889.091796875
2013,united-arab-emirates,United Arab Emirates,74237.2038000319
2013,united-kingdom,United Kingdom,48600.5100807266
2013,united-states,United States,61966.6621370894
2013,uruguay,Uruguay,28119.4726887432
2013,uzbekistan,Uzbekistan,6932.93371228586
2013,viet-nam,Vietnam,8324.19871250047
2013,zambia,Zambia,3535.22449043144
2013,zimbabwe,Zimbabwe,5031.70923825425
2014,afghanistan,Afghanistan,3017.94254424696
2014,albania,Albania,13366.5040948145
2014,algeria,Algeria,15073.7629403565
2014,angola,Angola,11718.4286832376
2014,argentina,Argentina,28200.8152571318
2014,armenia,Armenia,12667.3757330249
2014,australia,Australia,55489.068844146
2014,austria,Austria,60845.5743980711
2014,azerbaijan,Azerbaijan,20709.201611232
2014,bangladesh,Bangladesh,5068.63965672741
2014,belarus,Belarus,26564.4347246547
2014,belgium,Belgium,57002.9092185206
2014,benin,Benin,2987.38236326153
2014,bolivia-plurinational-state-of,Bolivia,10790.8472887528
2014,brazil,Brazil,19183.172744636
2014,bulgaria,Bulgaria,23455.4830019277
2014,burkina-faso,Burkina Faso,2083.19844698304
2014,burundi,Burundi,1019.17607398667
2014,cambodia,Cambodia,4702.73061823207
2014,cameroon,Cameroon,4588.4864949903
2014,canada,Canada,55723.4615652506
2014,chad,Chad,2820.67795066663
2014,chile,Chile,27511.5610030404
2014,china,China,13968.5187785922
2014,colombia,Colombia,16480.3631474161
2014,cote-d-ivoire,Cote d Ivoire,4907.61080546543
2014,croatia,Croatia,28456.3353756076
2014,cyprus,Cyprus,36104.90234375
2014,czech-republic,Czechia,40158.0164275735
2014,denmark,Denmark,61210.9490922919
2014,ecuador,Ecuador,14064.7992246727
2014,estonia,Estonia,35720.3025335234
2014,ethiopia,Ethiopia,1821.39161772403
2014,finland,Finland,52710.7334867778
2014,france,France,50326.567863089
2014,georgia,Georgia,14475.3135356035
2014,germany,Germany,59203.2340879963
2014,ghana,Ghana,5619.07233511591
2014,greece,Greece,31213.3765120298
2014,guatemala,Guatemala,10553.563988977
2014,guinea,Guinea,2834.96634347846
2014,haiti,Haiti,3403.57496642947
2014,hungary,Hungary,30264.9492302161
2014,iceland,Iceland,60199.1994872756
2014,india,India,5905.10618204633
2014,indonesia,Indonesia,10504.3869411088
2014,iraq,Iraq,13536.8227681399
2014,ireland,Ireland,65463.1952541564
2014,israel,Israel,40795.6290927281
2014,italy,Italy,46825.6511245062
2014,japan,Japan,43754.438013293
2014,jordan,Jordan,11086.6905487513
2014,kazakhstan,Kazakhstan,30986.4379168995
2014,kenya,Kenya,4558.55155266374
2014,kuwait,Kuwait,60065.6544076232
2014,latvia,Latvia,29243.7412502629
2014,lithuania,Lithuania,33988.0148951198
2014,luxembourg,Luxembourg,130249.550482759
2014,madagascar,Madagascar,1620.357889066
2014,malawi,Malawi,1597.56484331405
2014,malaysia,Malaysia,26818.4317281659
2014,mali,Mali,2609.16733048395
2014,mexico,Mexico,21069.7661653886
2014,mongolia,Mongolia,13943.4277148653
2014,morocco,Morocco,7951.79833984375
2014,mozambique,Mozambique,1449.92926632722
2014,myanmar,Myanmar,5006.50667149767
2014,nepal,Nepal,3621.73168937112
2014,netherlands,Netherlands,62045.849197561
2014,new-zealand,New Zealand,44369.7664241859
2014,niger,Niger,1471.50554729559
2014,nigeria,Nigeria,8884.77428628672
2014,norway,Norway,86790.7924625691
2014,oman,Oman,39639.9870514802
2014,pakistan,Pakistan,4520.23463399286
2014,panama,Panama,28931.8156401199
2014,peru,Peru,14242.6444760801
2014,philippines,Philippines,7340.361585912
2014,poland,Poland,30334.8786569618
2014,portugal,Portugal,35097.4098263232
2014,qatar,Qatar,128013.987050891
2014,romania,Romania,28156.1307843293
2014,russian-federation,Russia,35853.24609375
2014,rwanda,Rwanda,2176.09492014666
2014,saudi-arabia,Saudi Arabia,58872.2671400126
2014,senegal,Senegal,3484.01219750661
2014,serbia,Serbia,17922.4357685757
2014,singapore,Singapore,107990.891202625
2014,slovenia,Slovenia,37662.2559898098
2014,south-africa,South Africa,14643.3384782936
2014,spain,Spain,41339.4111169417
2014,sri-lanka,Sri Lanka,12909.9663068113
2014,sudan,Sudan,4207.50048828125
2014,sweden,Sweden,57077.6693544196
2014,switzerland,Switzerland,78086.6805249841
2014,tanzania-united-rep,Tanzania,3027.56909179688
2014,thailand,Thailand,18326.604873747
2014,tunisia,Tunisia,12824.0028914441
2014,turkiye,Turkey,24888.8521742576
2014,ukraine,Ukraine,16978.8125
2014,united-arab-emirates,United Arab Emirates,74145.1175448951
2014,united-kingdom,United Kingdom,49763.17387988
2014,united-states,United States,63026.8779187814
2014,uruguay,Uruguay,28935.086486757
2014,uzbekistan,Uzbekistan,7344.44304405623
2014,viet-nam,Vietnam,8751.88280634375
2014,zambia,Zambia,3585.57748507131
2014,zimbabwe,Zimbabwe,5081.13441232186
2015,afghanistan,Afghanistan,2967.692067153
2015,albania,Albania,13876.7616296598
2015,algeria,Algeria,15239.5171456469
2015,angola,Angola,11389.7609549481
2015,argentina,Argentina,28669.2061336796
2015,armenia,Armenia,13112.7600902915
2015,australia,Australia,55879.9958817103
2015,austria,Austria,60951.6037273662
2015,azerbaijan,Azerbaijan,20678.7539572375
2015,bangladesh,Bangladesh,5352.71133299566
2015,belarus,Belarus,25513.2132958317
2015,belgium,Belgium,57509.0245728704
2015,benin,Benin,2952.00218338705
2015,bolivia-plurinational-state-of,Bolivia,11144.6415720641
2015,brazil,Brazil,18357.0690617991
2015,bulgaria,Bulgaria,24562.648880929
2015,burkina-faso,Burkina Faso,2101.70266192027
2015,burundi,Burundi,992.28580552029
2015,cambodia,Cambodia,4968.57276699143
2015,cameroon,Cameroon,4698.66677843587
2015,canada,Canada,55660.8455840759
2015,chad,Chad,2822.57929900014
2015,chile,Chile,27817.9584848024
2015,china,China,14857.1088234405
2015,colombia,Colombia,16821.3801400631
2015,cote-d-ivoire,Cote d Ivoire,5110.90021438908
2015,croatia,Croatia,29466.4506365792
2015,cyprus,Cyprus,37258.5
2015,czech-republic,Czechia,42066.5759800801
2015,denmark,Denmark,62059.1285991721
2015,ecuador,Ecuador,13881.5700738105
2015,estonia,Estonia,36353.0580520449
2015,ethiopia,Ethiopia,1957.41454184551
2015,finland,Finland,52782.4873926277
2015,france,France,50682.8953586333
2015,georgia,Georgia,14936.8434116647
2015,germany,Germany,59668.9890355282
2015,ghana,Ghana,5607.36635657413
2015,greece,Greece,31347.976574604
2015,guatemala,Guatemala,10785.9583125957
2015,guinea,Guinea,2869.85157178732
2015,haiti,Haiti,3402.0283988016
2015,hungary,Hungary,31485.5675425634
2015,iceland,Iceland,61820.3618857662
2015,india,India,6301.67346968236
2015,indonesia,Indonesia,10893.6621142169
2015,iraq,Iraq,13516.0271989173
2015,ireland,Ireland,80815.6415277345
2015,israel,Israel,40889.5989080834
2015,italy,Italy,47311.8255262709
2015,japan,Japan,44589.3032854003
2015,jordan,Jordan,10469.6306302225
2015,kazakhstan,Kazakhstan,30893.7594851041
2015,kenya,Kenya,4679.62182831938
2015,kuwait,Kuwait,57763.5174574395
2015,latvia,Latvia,30599.6133134147
2015,lithuania,Lithuania,35264.7149248316
2015,luxembourg,Luxembourg,130097.338289025
2015,madagascar,Madagascar,1627.5806134224
2015,malawi,Malawi,1597.69145324855
2015,malaysia,Malaysia,27699.6278860387
2015,mali,Mali,2686.56065073799
2015,mexico,Mexico,21408.9283216195
2015,mongolia,Mongolia,13974.5967260365
2015,morocco,Morocco,8198.80859375
2015,mozambique,Mozambique,1512.5997455554
2015,myanmar,Myanmar,5313.88615901476
2015,nepal,Nepal,3745.26182249477
2015,netherlands,Netherlands,63081.4083495966
2015,new-zealand,New Zealand,45097.016468387
2015,niger,Niger,1480.39815168147
2015,nigeria,Nigeria,8892.05798673631
2015,norway,Norway,87688.1196708993
2015,oman,Oman,39813.7887054675
2015,pakistan,Pakistan,4645.28631071145
2015,panama,Panama,29933.1671530011
2015,peru,Peru,14540.8313160635
2015,philippines,Philippines,7691.76308685047
2015,poland,Poland,31700.3682364154
2015,portugal,Portugal,35803.3575649772
2015,qatar,Qatar,123070.887876565
2015,romania,Romania,29181.8781722441
2015,russian-federation,Russia,35037.15234375
2015,rwanda,Rwanda,2313.09716940962
2015,saudi-arabia,Saudi Arabia,58498.5399040699
2015,senegal,Senegal,3593.79477121279
2015,serbia,Serbia,18247.8091057968
2015,singapore,Singapore,109894.041337341
2015,slovenia,Slovenia,38534.6437425951
2015,south-africa,South Africa,14541.6748613669
2015,spain,Spain,43053.761430314
2015,sri-lanka,Sri Lanka,13329.779343882
2015,sudan,Sudan,4159.1943359375
2015,sweden,Sweden,58955.6412361461
2015,switzerland,Switzerland,78325.7487417695
2015,tanzania-united-rep,Tanzania,3111.44458007813
2015,thailand,Thailand,18814.0408554566
2015,tunisia,Tunisia,12802.7917211433
2015,turkiye,Turkey,25984.8027306177
2015,ukraine,Ukraine,15403.7099609375
2015,united-arab-emirates,United Arab Emirates,75238.5571858454
2015,united-kingdom,United Kingdom,50462.8329992477
2015,united-states,United States,64367.7188912582
2015,uruguay,Uruguay,28941.6184540581
2015,uzbekistan,Uzbekistan,7792.23605983713
2015,viet-nam,Vietnam,9248.02396069622
2015,zambia,Zambia,3576.92544834125
2015,zimbabwe,Zimbabwe,5102.73642537223
2016,afghanistan,Afghanistan,2958.7853992308
2016,albania,Albania,14643.4285614716
2016,algeria,Algeria,15511.6858768094
2016,angola,Angola,10963.9967887173
2016,argentina,Argentina,27802.1057201498
2016,armenia,Armenia,13192.9940731731
2016,australia,Australia,56529.951824687
2016,austria,Austria,61572.6257402404
2016,azerbaijan,Azerbaijan,19822.4105943941
2016,bangladesh,Bangladesh,5682.53553494306
2016,belarus,Belarus,24846.8301529359
2016,belgium,Belgium,57901.497690315
2016,benin,Benin,2962.66381572265
2016,bolivia-plurinational-state-of,Bolivia,11448.02180322
2016,brazil,Brazil,17620.9272434136
2016,bulgaria,Bulgaria,25636.7443903478
2016,burkina-faso,Burkina Faso,2162.72578977814
2016,burundi,Burundi,1006.55907385999
2016,cambodia,Cambodia,5283.72964943779
2016,cameroon,Cameroon,4767.13186148953
2016,canada,Canada,55606.1329948184
2016,chad,Chad,2622.59780844501
2016,chile,Chile,27965.3473526831
2016,china,China,15772.8372607502
2016,colombia,Colombia,17003.244366485
2016,cote-d-ivoire,Cote d Ivoire,5320.88582199186
2016,croatia,Croatia,30820.8050421355
2016,cyprus,Cyprus,39500.8515625
2016,czech-republic,Czechia,43069.4659744727
2016,denmark,Denmark,63468.9888246814
2016,ecuador,Ecuador,13586.5160772568
2016,estonia,Estonia,37466.5561839318
2016,ethiopia,Ethiopia,2084.84055616471
2016,finland,Finland,53984.6316254715
2016,france,France,50984.075297832
2016,georgia,Georgia,15442.9564358054
2016,germany,Germany,60504.5857417161
2016,ghana,Ghana,5666.07795334591
2016,greece,Greece,31468.6198471099
2016,guatemala,Guatemala,10872.5938902469
2016,guinea,Guinea,3099.78874189372
2016,haiti,Haiti,3415.58218112308
2016,hungary,Hungary,32378.9674983075
2016,iceland,Iceland,64759.2275423229
2016,india,India,6741.14883185347
2016,indonesia,Indonesia,11319.6634287738
2016,iraq,Iraq,15016.0920644557
2016,ireland,Ireland,80760.0974145688
2016,israel,Israel,41914.5802977706
2016,italy,Italy,47987.8379581014
2016,japan,Japan,44926.6202909525
2016,jordan,Jordan,10197.5044990617
2016,kazakhstan,Kazakhstan,30758.3227260598
2016,kenya,Kenya,4770.31046388086
2016,kuwait,Kuwait,56936.620842726
2016,latvia,Latvia,31668.5148442662
2016,lithuania,Lithuania,36632.0832798438
2016,luxembourg,Luxembourg,133661.734541281
2016,madagascar,Madagascar,1648.91226979296
2016,malawi,Malawi,1593.59549264808
2016,malaysia,Malaysia,28425.3707609412
2016,mali,Mali,2759.11051293341
2016,mexico,Mexico,21578.263354126
2016,mongolia,Mongolia,13898.1456953585
2016,morocco,Morocco,8141.9404296875
2016,mozambique,Mozambique,1537.90853271216
2016,myanmar,Myanmar,5580.98977273232
2016,nepal,Nepal,3743.7445783578
2016,netherlands,Netherlands,64267.7476553623
2016,new-zealand,New Zealand,45746.135981069
2016,niger,Niger,1488.08648074655
2016,nigeria,Nigeria,8534.69281482375
2016,norway,Norway,88041.6414808956
2016,oman,Oman,39860.9893909688
2016,pakistan,Pakistan,4886.61212115378
2016,panama,Panama,30765.2490653506
2016,peru,Peru,14915.4366324454
2016,philippines,Philippines,8131.82537948653
2016,poland,Poland,32675.3052259954
2016,portugal,Portugal,36636.2978441636
2016,qatar,Qatar,120054.408736518
2016,romania,Romania,30189.147723024
2016,russian-federation,Russia,35005.4453125
2016,rwanda,Rwanda,2386.74841002826
2016,saudi-arabia,Saudi Arabia,57308.4484127497
2016,senegal,Senegal,3710.05531591559
2016,serbia,Serbia,18889.3816415548
2016,singapore,Singapore,112719.947951111
2016,slovenia,Slovenia,39674.8931561968
2016,south-africa,South Africa,14501.2807823402
2016,spain,Spain,44274.6676149922
2016,sri-lanka,Sri Lanka,13845.6146782218
2016,sudan,Sudan,4174.56103515625
2016,sweden,Sweden,59460.2872722689
2016,switzerland,Switzerland,78956.0667315042
2016,tanzania-united-rep,Tanzania,3214.24682617188
2016,thailand,Thailand,19372.7128024107
2016,tunisia,Tunisia,12803.8797371543
2016,turkiye,Turkey,26489.6436816046
2016,ukraine,Ukraine,15856.8125
2016,united-arab-emirates,United Arab Emirates,75671.036861385
2016,united-kingdom,United Kingdom,51168.2925796814
2016,united-states,United States,65025.9855980616
2016,uruguay,Uruguay,29332.5561568815
2016,uzbekistan,Uzbekistan,8172.9216949615
2016,viet-nam,Vietnam,9743.1882231455
2016,zambia,Zambia,3598.17166023389
2016,zimbabwe,Zimbabwe,5070.42413209981
2017,afghanistan,Afghanistan,2952.99891598909
2017,albania,Albania,15359.3974577025
2017,algeria,Algeria,15427.6641894713
2017,angola,Angola,10565.1676483607
2017,argentina,Argentina,28334.904184742
2017,armenia,Armenia,14243.8749003795
2017,australia,Australia,56881.8569859104
2017,austria,Austria,62535.8105711345
2017,azerbaijan,Azerbaijan,19659.0048562768
2017,bangladesh,Bangladesh,6005.70718781048
2017,belarus,Belarus,25503.9809845207
2017,belgium,Belgium,58529.3302957537
2017,benin,Benin,3041.77929984989
2017,bolivia-plurinational-state-of,Bolivia,11755.2556195885
2017,brazil,Brazil,17724.4799577784
2017,bulgaria,Bulgaria,26691.758001902
2017,burkina-faso,Burkina Faso,2232.28781490944
2017,burundi,Burundi,1020.8498275719
2017,cambodia,Cambodia,5632.03125629342
2017,cameroon,Cameroon,4797.97544185544
2017,canada,Canada,56612.3062191777
2017,chad,Chad,2496.26213643158
2017,chile,Chile,27899.5979777012
2017,china,China,16758.0463976858
2017,colombia,Colombia,16986.0334182842
2017,cote-d-ivoire,Cote d Ivoire,5556.1547631509
2017,croatia,Croatia,32348.5888556174
2017,cyprus,Cyprus,41417.98828125
2017,czech-republic,Czechia,45177.5226053634
2017,denmark,Denmark,64989.4459872347
2017,ecuador,Ecuador,14179.1537503305
2017,estonia,Estonia,39529.785973279
2017,ethiopia,Ethiopia,2222.82824478259
2017,finland,Finland,55637.2262781223
2017,france,France,51895.5662985838
2017,georgia,Georgia,16237.6242230275
2017,germany,Germany,61965.4342904965
2017,ghana,Ghana,5993.63085211077
2017,greece,Greece,31995.4108838386
2017,guatemala,Guatemala,11005.4592851719
2017,guinea,Guinea,3332.76576150531
2017,haiti,Haiti,3453.97142164659
2017,hungary,Hungary,33828.714942571
2017,iceland,Iceland,65462.5033306299
2017,india,India,7116.03659185396
2017,indonesia,Indonesia,11772.5743296107
2017,iraq,Iraq,14417.6306896454
2017,ireland,Ireland,87731.7897045734
2017,israel,Israel,42895.585129847
2017,italy,Italy,48849.2183534756
2017,japan,Japan,45693.3776080987
2017,jordan,Jordan,10220.492781193
2017,kazakhstan,Kazakhstan,31524.4416339794
2017,kenya,Kenya,4846.86210851932
2017,kuwait,Kuwait,52285.5871175696
2017,latvia,Latvia,33036.3915943437
2017,lithuania,Lithuania,38789.2463179035
2017,luxembourg,Luxembourg,132169.829576174
2017,madagascar,Madagascar,1669.72764267278
2017,malawi,Malawi,1613.0593571462
2017,malaysia,Malaysia,29551.5457597197
2017,mali,Mali,2816.19423901587
2017,mexico,Mexico,21777.5225127275
2017,mongolia,Mongolia,14401.5375067562
2017,morocco,Morocco,8450.0087890625
2017,mozambique,Mozambique,1532.0073576114
2017,myanmar,Myanmar,5877.87465558175
2017,nepal,Nepal,4071.70431755798
2017,netherlands,Netherlands,65665.9910229578
2017,new-zealand,New Zealand,46285.9810980642
2017,niger,Niger,1515.48307317618
2017,nigeria,Nigeria,8396.78452243227
2017,norway,Norway,89664.9086415829
2017,oman,Oman,38691.1077105097
2017,pakistan,Pakistan,5031.56060738433
2017,panama,Panama,31979.8246437748
2017,peru,Peru,15067.489279382
2017,philippines,Philippines,8584.13622709699
2017,poland,Poland,34354.5987616319
2017,portugal,Portugal,37943.1150505677
2017,qatar,Qatar,115064.943662853
2017,romania,Romania,32852.6355672255
2017,russian-federation,Russia,35570.703125
2017,rwanda,Rwanda,2441.08540816509
2017,saudi-arabia,Saudi Arabia,57942.5484983044
2017,senegal,Senegal,3871.45146786374
2017,serbia,Serbia,19438.9917129776
2017,singapore,Singapore,117492.967994526
2017,slovenia,Slovenia,41700.651085028
2017,south-africa,South Africa,14573.5980840004
2017,spain,Spain,45446.2508575695
2017,sri-lanka,Sri Lanka,14572.4858214616
2017,sudan,Sudan,4061.01831054688
2017,sweden,Sweden,59769.0136237
2017,switzerland,Switzerland,79333.7437810881
2017,tanzania-united-rep,Tanzania,3318.28833007813
2017,thailand,Thailand,20096.8605455164
2017,tunisia,Tunisia,12955.4014814241
2017,turkiye,Turkey,28194.688309381
2017,ukraine,Ukraine,16310.3603515625
2017,united-arab-emirates,United Arab Emirates,72529.0423512365
2017,united-kingdom,United Kingdom,52429.1275538988
2017,united-states,United States,66164.0320014289
2017,uruguay,Uruguay,29762.4220666605
2017,uzbekistan,Uzbekistan,8413.29975299494
2017,viet-nam,Vietnam,10290.5487142244
2017,zambia,Zambia,3612.50597664593
2017,zimbabwe,Zimbabwe,5234.4065377844
2018,afghanistan,Afghanistan,2902.39211285546
2018,albania,Albania,16170.9234325287
2018,algeria,Algeria,15343.4261222434
2018,angola,Angola,10154.8389228005
2018,argentina,Argentina,27367.115094108
2018,armenia,Armenia,15037.0452420712
2018,australia,Australia,57647.8455068105
2018,austria,Austria,63777.9362157476
2018,azerbaijan,Azerbaijan,19781.8509058437
2018,bangladesh,Bangladesh,6392.59334024091
2018,belarus,Belarus,26363.4629778536
2018,belgium,Belgium,59357.6896884396
2018,benin,Benin,3155.4510650627
2018,bolivia-plurinational-state-of,Bolivia,11920.3135079645
2018,brazil,Brazil,17917.7492123359
2018,bulgaria,Bulgaria,27690.893655005
2018,burkina-faso,Burkina Faso,2316.39432079045
2018,burundi,Burundi,1043.40558434036
2018,cambodia,Cambodia,6050.59088262205
2018,cameroon,Cameroon,4851.48003949961
2018,canada,Canada,57337.4682870033
2018,chad,Chad,2552.37036387707
2018,chile,Chile,28499.4064000406
2018,china,China,17807.0490552244
2018,colombia,Colombia,17104.1313545678
2018,cote-d-ivoire,Cote d Ivoire,5670.24199741353
2018,croatia,Croatia,33729.5455811943
2018,cyprus,Cyprus,43510.03125
2018,czech-republic,Czechia,46301.082036029
2018,denmark,Denmark,65870.8302554341
2018,ecuador,Ecuador,14083.5069982304
2018,estonia,Estonia,40849.8473475564
2018,ethiopia,Ethiopia,2311.16511656359
2018,finland,Finland,56226.337241343
2018,france,France,52560.9536243841
2018,georgia,Georgia,17228.6790847503
2018,germany,Germany,62481.1183971045
2018,ghana,Ghana,6234.51208201488
2018,greece,Greece,32722.3310444029
2018,guatemala,Guatemala,11192.3719192725
2018,guinea,Guinea,3455.64512638662
2018,haiti,Haiti,3465.25480573601
2018,hungary,Hungary,35798.0412754022
2018,iceland,Iceland,66703.0219398003
2018,india,India,7492.62576755145
2018,indonesia,Indonesia,12262.2310300771
2018,iraq,Iraq,14456.2357053191
2018,ireland,Ireland,93115.8393498329
2018,israel,Israel,43782.6526491689
2018,italy,Italy,49355.8751913504
2018,japan,Japan,46133.0225978718
2018,jordan,Jordan,10183.0248366235
2018,kazakhstan,Kazakhstan,32330.2274546567
2018,kenya,Kenya,5017.66784674664
2018,kuwait,Kuwait,51623.8078622052
2018,latvia,Latvia,34729.7062763057
2018,lithuania,Lithuania,41035.4018152732
2018,luxembourg,Luxembourg,131733.884471489
2018,madagascar,Madagascar,1678.78623269491
2018,malawi,Malawi,1638.91665761076
2018,malaysia,Malaysia,30459.9655338061
2018,mali,Mali,2862.40728987476
2018,mexico,Mexico,21997.7730219494
2018,mongolia,Mongolia,15230.2408828847
2018,morocco,Morocco,8611.75
2018,mozambique,Mozambique,1538.83512127022
2018,myanmar,Myanmar,6201.26341429803
2018,nepal,Nepal,4371.38571771897
2018,netherlands,Netherlands,66758.2454283317
2018,new-zealand,New Zealand,46974.6818400482
2018,niger,Niger,1565.01970005142
2018,nigeria,Nigeria,8362.62330860296
2018,norway,Norway,90064.0687974358
2018,oman,Oman,38673.6045360857
2018,pakistan,Pakistan,5255.06350681272
2018,panama,Panama,32681.4729886331
2018,peru,Peru,15384.1846082423
2018,philippines,Philippines,9016.28659637608
2018,poland,Poland,36500.4114282584
2018,portugal,Portugal,39123.6151282575
2018,qatar,Qatar,114909.945485127
2018,romania,Romania,34828.8958637884
2018,russian-federation,Russia,36536.6953125
2018,rwanda,Rwanda,2577.69730366075
2018,saudi-arabia,Saudi Arabia,61359.4653740388
2018,senegal,Senegal,3998.28635303867
2018,serbia,Serbia,20454.225884367
2018,singapore,Singapore,120668.888726158
2018,slovenia,Slovenia,43369.221946981
2018,south-africa,South Africa,14553.5615668957
2018,spain,Spain,46325.2099441141
2018,sri-lanka,Sri Lanka,14759.8248945226
2018,sudan,Sudan,3816.65991210938
2018,sweden,Sweden,60124.5711994179
2018,switzerland,Switzerland,81371.8944120855
2018,tanzania-united-rep,Tanzania,3392.68872070313
2018,thailand,Thailand,20882.1707419576
2018,tunisia,Tunisia,13163.1952230357
2018,turkiye,Turkey,28780.3036458151
2018,ukraine,Ukraine,16978.984375
2018,united-arab-emirates,United Arab Emirates,72671.0787288764
2018,united-kingdom,United Kingdom,52983.039541197
2018,united-states,United States,67728.4424921024
2018,uruguay,Uruguay,29757.9276055415
2018,uzbekistan,Uzbekistan,8742.5491991216
2018,viet-nam,Vietnam,10936.8937859558
2018,zambia,Zambia,3646.95966481655
2018,zimbabwe,Zimbabwe,5415.49322028193
2019,afghanistan,Afghanistan,2927.2451435353
2019,albania,Albania,16761.1230178682
2019,algeria,Algeria,15199.1989965639
2019,angola,Angola,9712.97944927269
2019,argentina,Argentina,26629.5529419501
2019,armenia,Armenia,16215.3607965094
2019,australia,Australia,58048.6188420831
2019,austria,Austria,64609.2836396895
2019,azerbaijan,Azerbaijan,20101.491875147
2019,bangladesh,Bangladesh,6838.32611608243
2019,belarus,Belarus,26798.8206398076
2019,belgium,Belgium,60479.9769955469
2019,benin,Benin,3281.10470051465
2019,bolivia-plurinational-state-of,Bolivia,11930.9159145918
2019,brazil,Brazil,18018.6209151518
2019,bulgaria,Bulgaria,29149.921509976
2019,burkina-faso,Burkina Faso,2391.53626844484
2019,burundi,Burundi,1054.72592734898
2019,cambodia,Cambodia,6448.88455952805
2019,cameroon,Cameroon,4882.35560028896
2019,canada,Canada,57583.8230739204
2019,chad,Chad,2604.53153661789
2019,chile,Chile,28227.9790507594
2019,china,China,18820.5871645645
2019,colombia,Colombia,17336.7716030551
2019,cote-d-ivoire,Cote d Ivoire,5894.92235259103
2019,croatia,Croatia,35122.7966231008
2019,cyprus,Cyprus,45454.17578125
2019,czech-republic,Czechia,47763.6165520254
2019,denmark,Denmark,66758.6323346131
2019,ecuador,Ecuador,13870.4895118068
2019,estonia,Estonia,42215.0343835811
2019,ethiopia,Ethiopia,2437.97046047967
2019,finland,Finland,56922.4873163103
2019,france,France,53448.5548849943
2019,georgia,Georgia,18186.8816465807
2019,germany,Germany,62949.8932511855
2019,ghana,Ghana,6508.24652305901
2019,greece,Greece,33502.7506488997
2019,guatemala,Guatemala,11466.3764932197
2019,guinea,Guinea,3557.46233883145
2019,haiti,Haiti,3361.75328894114
2019,hungary,Hungary,37662.67681014
2019,iceland,Iceland,65994.9860038103
2019,india,India,7702.17634811957
2019,indonesia,Indonesia,12757.7850854842
2019,iraq,Iraq,14910.225032382
2019,ireland,Ireland,96205.7961557005
2019,israel,Israel,44492.1226967084
2019,italy,Italy,49690.6298505274
2019,japan,Japan,46055.3498672487
2019,jordan,Jordan,10168.3588523537
2019,kazakhstan,Kazakhstan,33298.2123695035
2019,kenya,Kenya,5171.71264279257
2019,kuwait,Kuwait,51380.6455354631
2019,latvia,Latvia,35208.1934590859
2019,lithuania,Lithuania,43078.7118585461
2019,luxembourg,Luxembourg,132724.754668303
2019,madagascar,Madagascar,1707.83153830039
2019,malawi,Malawi,1687.28944917892
2019,malaysia,Malaysia,31300.5086554849
2019,mali,Mali,2916.17167791084
2019,mexico,Mexico,21704.185952748
2019,mongolia,Mongolia,15790.6961126441
2019,morocco,Morocco,8768.17578125
2019,mozambique,Mozambique,1528.88988354373
2019,myanmar,Myanmar,6562.98898478625
2019,nepal,Nepal,4607.52454717112
2019,netherlands,Netherlands,67847.8818461095
2019,new-zealand,New Zealand,47392.1933135172
2019,niger,Niger,1605.19476569029
2019,nigeria,Nigeria,8361.78664836
2019,norway,Norway,90772.9017041865
2019,oman,Oman,38292.3859682752
2019,pakistan,Pakistan,5295.95295138203
2019,panama,Panama,33163.7172814857
2019,peru,Peru,15461.4572585466
2019,philippines,Philippines,9452.2939715981
2019,poland,Poland,38181.6230334689
2019,portugal,Portugal,40188.2868799223
2019,qatar,Qatar,113160.973779334
2019,romania,Romania,36399.4746080793
2019,russian-federation,Russia,37319.3203125
2019,rwanda,Rwanda,2753.53959810856
2019,saudi-arabia,Saudi Arabia,62647.7299487842
2019,senegal,Senegal,4070.6122705955
2019,serbia,Serbia,21541.1264037184
2019,singapore,Singapore,120678.341978557
2019,slovenia,Slovenia,44577.9418583069
2019,south-africa,South Africa,14352.6698709871
2019,spain,Spain,46896.4171141424
2019,sri-lanka,Sri Lanka,14637.4442912676
2019,sudan,Sudan,3625.52319335938
2019,sweden,Sweden,61070.5243445838
2019,switzerland,Switzerland,81694.630652314
2019,tanzania-united-rep,Tanzania,3484.63256835938
2019,thailand,Thailand,21280.1504518601
2019,tunisia,Tunisia,13243.9024233246
2019,turkiye,Turkey,28741.0535082701
2019,ukraine,Ukraine,17636.5546875
2019,united-arab-emirates,United Arab Emirates,72822.9466438922
2019,united-kingdom,United Kingdom,53374.0927628482
2019,united-states,United States,69121.4580016741
2019,uruguay,Uruguay,30010.5628834294
2019,uzbekistan,Uzbekistan,9169.01147508351
2019,viet-nam,Vietnam,11628.6139147451
2019,zambia,Zambia,3591.56418883108
2019,zimbabwe,Zimbabwe,4993.86546928208
2020,afghanistan,Afghanistan,2769.68574507111
2020,albania,Albania,16457.7189744991
2020,algeria,Algeria,14194.1557479619
2020,angola,Angola,8904.94900580168
2020,argentina,Argentina,23877.0931404855
2020,armenia,Armenia,15052.9359791136
2020,australia,Australia,57260.4650530108
2020,austria,Austria,60276.3307697326
2020,azerbaijan,Azerbaijan,19126.096851126
2020,bangladesh,Bangladesh,7015.19792797056
2020,belarus,Belarus,26731.4953869922
2020,belgium,Belgium,57333.5424137924
2020,benin,Benin,3317.8597222557
2020,bolivia-plurinational-state-of,Bolivia,10285.6590750222
2020,brazil,Brazil,17327.5157249466
2020,bulgaria,Bulgaria,28521.2062482596
2020,burkina-faso,Burkina Faso,2380.93171826574
2020,burundi,Burundi,1027.62896276744
2020,cambodia,Cambodia,6128.78243783335
2020,cameroon,Cameroon,4763.48194388066
2020,canada,Canada,54092.8576890836
2020,chad,Chad,2513.02922729305
2020,chile,Chile,26258.4038553242
2020,china,China,19215.1012491012
2020,colombia,Colombia,15861.4999291295
2020,cote-d-ivoire,Cote d Ivoire,5787.85814696561
2020,croatia,Croatia,32493.4017010055
2020,cyprus,Cyprus,43402.359375
2020,czech-republic,Czechia,45119.9387309139
2020,denmark,Denmark,65379.3066120995
2020,ecuador,Ecuador,12440.3263747814
2020,estonia,Estonia,40916.7194113327
2020,ethiopia,Ethiopia,2516.54907638899
2020,finland,Finland,55424.8574989208
2020,france,France,49311.333409639
2020,georgia,Georgia,17031.1440283426
2020,germany,Germany,60299.5767710809
2020,ghana,Ghana,6412.68541762469
2020,greece,Greece,30487.1129331045
2020,guatemala,Guatemala,11097.1503902986
2020,guinea,Guinea,3630.99330577677
2020,haiti,Haiti,3210.53609854862
2020,hungary,Hungary,36119.5211735652
2020,iceland,Iceland,60617.143268851
2020,india,India,7186.86447099679
2020,indonesia,Indonesia,12388.5449268131
2020,iraq,Iraq,12827.6345392293
2020,ireland,Ireland,101793.447525871
2020,israel,Israel,42926.5415418584
2020,italy,Italy,45505.0688708956
2020,japan,Japan,44212.5503415724
2020,jordan,Jordan,9872.3094512325
2020,kazakhstan,Kazakhstan,32011.5491499004
2020,kenya,Kenya,5057.40115537429
2020,kuwait,Kuwait,49372.8187938552
2020,latvia,Latvia,34225.8976044058
2020,lithuania,Lithuania,43108.1976060283
2020,luxembourg,Luxembourg,129865.631871124
2020,madagascar,Madagascar,1545.72714379204
2020,malawi,Malawi,1656.43985192533
2020,malaysia,Malaysia,29200.452632127
2020,mali,Mali,2796.41038444386
2020,mexico,Mexico,19728.4817827455
2020,mongolia,Mongolia,14801.3420829185
2020,morocco,Morocco,8054.56298828125
2020,mozambique,Mozambique,1466.12476474476
2020,myanmar,Myanmar,5926.83450206681
2020,nepal,Nepal,4412.5420439395
2020,netherlands,Netherlands,64862.1890353474
2020,new-zealand,New Zealand,46326.3804672976
2020,niger,Niger,1622.27873602911
2020,nigeria,Nigeria,7664.21099575168
2020,norway,Norway,89012.2723804504
2020,oman,Oman,37560.5998714953
2020,pakistan,Pakistan,5135.01459288839
2020,panama,Panama,26881.8277221689
2020,peru,Peru,13607.7640705828
2020,philippines,Philippines,8455.18457134106
2020,poland,Poland,37852.8021313639
2020,portugal,Portugal,36852.2287338103
2020,qatar,Qatar,103061.913422502
2020,romania,Romania,35283.6060358241
2020,russian-federation,Russia,36376.3359375
2020,rwanda,Rwanda,2617.70706034364
2020,saudi-arabia,Saudi Arabia,57420.7335736424
2020,senegal,Senegal,4018.04129279044
2020,serbia,Serbia,21479.0788553347
2020,singapore,Singapore,116684.213596572
2020,slovenia,Slovenia,42471.5228031277
2020,south-africa,South Africa,13250.5666594456
2020,spain,Spain,41553.4477945675
2020,sri-lanka,Sri Lanka,13886.6513728689
2020,sudan,Sudan,3401.24975585938
2020,sweden,Sweden,59458.2805291969
2020,switzerland,Switzerland,79270.8713687141
2020,tanzania-united-rep,Tanzania,3449.82153320313
2020,thailand,Thailand,19950.2844063147
2020,tunisia,Tunisia,11955.5983698479
2020,turkiye,Turkey,28976.7179161611
2020,ukraine,Ukraine,17092.5390625
2020,united-arab-emirates,United Arab Emirates,66808.6209256028
2020,united-kingdom,United Kingdom,47930.5490378931
2020,united-states,United States,67406.8311325507
2020,uruguay,Uruguay,27788.1749600196
2020,uzbekistan,Uzbekistan,9145.23119844239
2020,viet-nam,Vietnam,11851.3965685649
2020,zambia,Zambia,3391.59541156095
2020,zimbabwe,Zimbabwe,4527.73949219254
2021,afghanistan,Afghanistan,2144.16657002819
2021,albania,Albania,18212.794718288
2021,algeria,Algeria,14496.8654697299
2021,angola,Angola,8720.18768742123
2021,argentina,Argentina,26300.274261175
2021,armenia,Armenia,15921.705281964
2021,australia,Australia,58327.4146842325
2021,austria,Austria,62968.8538770186
2021,azerbaijan,Azerbaijan,20111.3756952109
2021,bangladesh,Bangladesh,7441.06913961254
2021,belarus,Belarus,27611.1801135157
2021,belgium,Belgium,60669.2137746534
2021,benin,Benin,3464.2886286745
2021,bolivia-plurinational-state-of,Bolivia,11202.4409836707
2021,brazil,Brazil,18075.7060049068
2021,bulgaria,Bulgaria,30958.9830238332
2021,burkina-faso,Burkina Faso,2486.43093147762
2021,burundi,Burundi,1032.38274081999
2021,cambodia,Cambodia,6225.53265474741
2021,cameroon,Cameroon,4793.55628200196
2021,canada,Canada,56995.0952020711
2021,chad,Chad,2435.07274651099
2021,chile,Chile,29106.6356522053
2021,china,China,20843.2978347377
2021,colombia,Colombia,17383.0901728295
2021,cote-d-ivoire,Cote d Ivoire,6045.20480490881
2021,croatia,Croatia,36930.076102199
2021,cyprus,Cyprus,47632.5703125
2021,czech-republic,Czechia,47796.0337408466
2021,denmark,Denmark,69327.998216527
2021,ecuador,Ecuador,13507.4445638375
2021,estonia,Estonia,44247.4198971873
2021,ethiopia,Ethiopia,2588.41310213778
2021,finland,Finland,56790.3766177692
2021,france,France,52517.3354905855
2021,georgia,Georgia,18915.6534005263
2021,germany,Germany,62630.7748127737
2021,ghana,Ghana,6607.50297378321
2021,greece,Greece,33528.2271202515
2021,guatemala,Guatemala,11825.141273764
2021,guinea,Guinea,3738.8051255133
2021,haiti,Haiti,3116.56505397604
2021,hungary,Hungary,38887.1909527154
2021,iceland,Iceland,62720.7916832797
2021,india,India,7818.65701757504
2021,indonesia,Indonesia,12757.0746440204
2021,iraq,Iraq,12731.7535755128
2021,ireland,Ireland,116702.85817485
2021,israel,Israel,46151.100820403
2021,italy,Italy,49825.3934111848
2021,japan,Japan,45999.4617966896
2021,jordan,Jordan,10056.5611261239
2021,kazakhstan,Kazakhstan,32945.8515725823
2021,kenya,Kenya,5338.85243382781
2021,kuwait,Kuwait,50651.9575337091
2021,latvia,Latvia,36912.0130602161
2021,lithuania,Lithuania,45897.3715026327
2021,luxembourg,Luxembourg,136772.443753292
2021,madagascar,Madagascar,1577.43246056529
2021,malawi,Malawi,1687.59358179651
2021,malaysia,Malaysia,29822.8491831618
2021,mali,Mali,2796.22793795431
2021,mexico,Mexico,20782.5877440905
2021,mongolia,Mongolia,14792.2509086422
2021,morocco,Morocco,8623.265625
2021,mozambique,Mozambique,1457.23540930922
2021,myanmar,Myanmar,5178.44718217164
2021,nepal,Nepal,4546.22970006289
2021,netherlands,Netherlands,68573.5648786447
2021,new-zealand,New Zealand,48202.0913368233
2021,niger,Niger,1587.84784907329
2021,nigeria,Nigeria,7588.47885587002
2021,norway,Norway,92205.7698636049
2021,oman,Oman,38719.4587682049
2021,pakistan,Pakistan,5367.27364714762
2021,panama,Panama,30932.7627780514
2021,peru,Peru,15285.7706852395
2021,philippines,Philippines,8857.78995115514
2021,poland,Poland,41059.5847829682
2021,portugal,Portugal,38657.6677223429
2021,qatar,Qatar,116832.570294098
2021,romania,Romania,37534.0002643549
2021,russian-federation,Russia,38638.4296875
2021,rwanda,Rwanda,2776.39276387923
2021,saudi-arabia,Saudi Arabia,62690.4966645929
2021,senegal,Senegal,4173.67741399617
2021,serbia,Serbia,23406.3065657117
2021,singapore,Singapore,133990.186782104
2021,slovenia,Slovenia,45922.6632600134
2021,south-africa,South Africa,13681.9548144813
2021,spain,Spain,44251.6658222621
2021,sri-lanka,Sri Lanka,14316.1352225567
2021,sudan,Sudan,3248.9755859375
2021,sweden,Sweden,62190.8526983825
2021,switzerland,Switzerland,83524.9832880195
2021,tanzania-united-rep,Tanzania,3493.0830078125
2021,thailand,Thailand,20236.9760408784
2021,tunisia,Tunisia,12444.3264026887
2021,turkiye,Turkey,32105.5474400506
2021,ukraine,Ukraine,17846.408203125
2021,united-arab-emirates,United Arab Emirates,68580.1312912676
2021,united-kingdom,United Kingdom,51840.4424245515
2021,united-states,United States,71441.231980595
2021,uruguay,Uruguay,29431.8738833361
2021,uzbekistan,Uzbekistan,9705.60054565692
2021,viet-nam,Vietnam,12048.9019935536
2021,zambia,Zambia,3503.03491418372
2021,zimbabwe,Zimbabwe,4827.10960165994
2022,afghanistan,Afghanistan,1981.71016810561
2022,albania,Albania,19388.7927279351
2022,algeria,Algeria,14782.2002970247
2022,angola,Angola,8750.99363032299
2022,argentina,Argentina,27825.0273492567
2022,armenia,Armenia,17886.1783877168
2022,australia,Australia,60029.1329190733
2022,austria,Austria,65694.4591501468
2022,azerbaijan,Azerbaijan,21051.2442291612
2022,bangladesh,Bangladesh,7888.16389098304
2022,belarus,Belarus,26537.5083081674
2022,belgium,Belgium,62602.9270469765
2022,benin,Benin,3588.32519938147
2022,bolivia-plurinational-state-of,Bolivia,11487.7148799194
2022,brazil,Brazil,18554.0461828566
2022,bulgaria,Bulgaria,32433.6587569626
2022,burkina-faso,Burkina Faso,2469.19956941259
2022,burundi,Burundi,1028.11134640179
2022,cambodia,Cambodia,6458.3681488084
2022,cameroon,Cameroon,4843.65038202917
2022,canada,Canada,58583.1299860138
2022,chad,Chad,2449.48251052296
2022,chile,Chile,29560.4513805785
2022,china,China,21499.3125559757
2022,colombia,Colombia,18458.7209460704
2022,cote-d-ivoire,Cote d Ivoire,6272.26395760029
2022,croatia,Croatia,39863.9109377649
2022,cyprus,Cyprus,50840.9140625
2022,czech-republic,Czechia,48390.661678675
2022,denmark,Denmark,69089.4692492289
2022,ecuador,Ecuador,14186.6388544625
2022,estonia,Estonia,43124.6196563775
2022,ethiopia,Ethiopia,2655.59276743639
2022,finland,Finland,57068.3056478074
2022,france,France,53673.8137406422
2022,georgia,Georgia,20966.5280391134
2022,germany,Germany,63777.9291029299
2022,ghana,Ghana,6728.45413832472
2022,greece,Greece,35828.1756641776
2022,guatemala,Guatemala,12144.4800461597
2022,guinea,Guinea,3792.01068836277
2022,haiti,Haiti,3029.77866381702
2022,hungary,Hungary,40610.9711368238
2022,iceland,Iceland,66581.2441801002
2022,india,India,8347.38478647086
2022,indonesia,Indonesia,13334.2653947637
2022,iraq,Iraq,13433.3977166956
2022,ireland,Ireland,123007.47648651
2022,israel,Israel,48132.3637205177
2022,italy,Italy,52333.3274270604
2022,japan,Japan,46819.360613609
2022,jordan,Jordan,10158.4738771524
2022,kazakhstan,Kazakhstan,33506.2614893237
2022,kenya,Kenya,5491.69378280246
2022,kuwait,Kuwait,51379.8833194119
2022,latvia,Latvia,37718.7097958367
2022,lithuania,Lithuania,46642.5947251086
2022,luxembourg,Luxembourg,132570.832272626
2022,madagascar,Madagascar,1602.42805197529
2022,malawi,Malawi,1659.95933825168
2022,malaysia,Malaysia,32129.2217820113
2022,mali,Mali,2813.81095962565
2022,mexico,Mexico,21391.8573698845
2022,mongolia,Mongolia,15310.4349469163
2022,morocco,Morocco,8690.4482421875
2022,mozambique,Mozambique,1476.73432917026
2022,myanmar,Myanmar,5350.47666899931
2022,nepal,Nepal,4763.38751073946
2022,netherlands,Netherlands,71324.0360229425
2022,new-zealand,New Zealand,49842.9845334162
2022,niger,Niger,1724.89699425215
2022,nigeria,Nigeria,7752.26206495247
2022,norway,Norway,95109.8201605729
2022,oman,Oman,39780.2122774985
2022,pakistan,Pakistan,5526.27928310213
2022,panama,Panama,33915.1693306309
2022,peru,Peru,15566.5242612563
2022,philippines,Philippines,9457.10395402883
2022,poland,Poland,43405.0215797441
2022,portugal,Portugal,41070.8611529744
2022,qatar,Qatar,114740.12361423
2022,romania,Romania,39256.8260854977
2022,russian-federation,Russia,38214.69140625
2022,rwanda,Rwanda,2983.10774007304
2022,saudi-arabia,Saudi Arabia,67178.5902274906
2022,senegal,Senegal,4228.73382643662
2022,serbia,Serbia,24651.8478183529
2022,singapore,Singapore,134828.001392614
2022,slovenia,Slovenia,47058.8865960028
2022,south-africa,South Africa,13767.4967589936
2022,spain,Spain,46733.4809780536
2022,sri-lanka,Sri Lanka,13249.0650505201
2022,sudan,Sudan,3132.0771484375
2022,sweden,Sweden,62544.5002248644
2022,switzerland,Switzerland,85762.2829174304
2022,tanzania-united-rep,Tanzania,3546.98095703125
2022,thailand,Thailand,20768.4800093577
2022,tunisia,Tunisia,12712.22345453
2022,turkiye,Turkey,33520.8111384208
2022,ukraine,Ukraine,13787.12109375
2022,united-arab-emirates,United Arab Emirates,70075.63837395
2022,united-kingdom,United Kingdom,53979.7679116234
2022,united-states,United States,72828.7430907189
2022,uruguay,Uruguay,30840.0709827676
2022,uzbekistan,Uzbekistan,10091.3877869999
2022,viet-nam,Vietnam,12979.7638983711
2022,zambia,Zambia,3585.12379084347
2022,zimbabwe,Zimbabwe,5036.78317732239
2023,afghanistan,Afghanistan,1983.81261992909
2023,albania,Albania,20501.6470726741
2023,algeria,Algeria,15159.3242373415
2023,angola,Angola,8597.53878787554
2023,argentina,Argentina,27230.3968496682
2023,armenia,Armenia,19402.7510915578
2023,australia,Australia,60684.9596204883
2023,austria,Austria,64536.2076307547
2023,azerbaijan,Azerbaijan,21310.7386915022
2023,bangladesh,Bangladesh,8242.39798977242
2023,belarus,Belarus,27782.4380139967
2023,belgium,Belgium,63042.0099876309
2023,benin,Benin,3721.21254814808
2023,bolivia-plurinational-state-of,Bolivia,11616.1575595159
2023,brazil,Brazil,19079.8122134028
2023,bulgaria,Bulgaria,33073.6803093453
2023,burkina-faso,Burkina Faso,2486.20669812871
2023,burundi,Burundi,1033.00937341776
2023,cambodia,Cambodia,6695.29194763723
2023,cameroon,Cameroon,4875.25120768005
2023,canada,Canada,58088.3778077995
2023,chad,Chad,2433.53330962707
2023,chile,Chile,29600.4188613168
2023,china,China,22687.2519534328
2023,colombia,Colombia,18406.6242338491
2023,cote-d-ivoire,Cote d Ivoire,6520.89886459765
2023,croatia,Croatia,41320.257995772
2023,cyprus,Cyprus,51674.90234375
2023,czech-republic,Czechia,47558.4106763314
2023,denmark,Denmark,68993.9031100362
2023,ecuador,Ecuador,14321.1648295611
2023,estonia,Estonia,41284.7746875532
2023,ethiopia,Ethiopia,2757.95923626099
2023,finland,Finland,56051.7701129501
2023,france,France,54296.7230897731
2023,georgia,Georgia,22590.5293649146
2023,germany,Germany,63140.1949099669
2023,ghana,Ghana,6808.53775003964
2023,greece,Greece,36700.5134631055
2023,guatemala,Guatemala,12380.3715121996
2023,guinea,Guinea,3904.82395527998
2023,haiti,Haiti,2939.1237948199
2023,hungary,Hungary,40333.2546888118
2023,iceland,Iceland,69268.1221404224
2023,india,India,8870.55027609345
2023,indonesia,Indonesia,13889.9495012858
2023,iraq,Iraq,13202.3228073856
2023,ireland,Ireland,117659.728593716
2023,israel,Israel,47671.2476926086
2023,italy,Italy,52842.6288831758
2023,japan,Japan,47387.2172542523
2023,jordan,Jordan,10308.7821986337
2023,kazakhstan,Kazakhstan,34703.2349286604
2023,kenya,Kenya,5691.82513474417
2023,kuwait,Kuwait,47790.1933239144
2023,latvia,Latvia,37277.7217221317
2023,lithuania,Lithuania,46333.9006965206
2023,luxembourg,Luxembourg,130048.922273147
2023,madagascar,Madagascar,1629.6055225489
2023,malawi,Malawi,1649.29873234551
2023,malaysia,Malaysia,32857.6676600774
2023,mali,Mali,2861.48058063314
2023,mexico,Mexico,21864.9236104145
2023,mongolia,Mongolia,16222.8638898529
2023,morocco,Morocco,8915.3515625
2023,mozambique,Mozambique,1512.66729609671
2023,myanmar,Myanmar,5364.13797034429
2023,nepal,Nepal,4861.230303797
2023,netherlands,Netherlands,70198.9546022361
2023,new-zealand,New Zealand,49592.5875512098
2023,niger,Niger,1712.97031726521
2023,nigeria,Nigeria,7843.00399007675
2023,norway,Norway,94364.9641754336
2023,oman,Oman,37793.6163957515
2023,pakistan,Pakistan,5418.7693189297
2023,panama,Panama,35872.9719200069
2023,peru,Peru,15342.2741359642
2023,philippines,Philippines,9898.53294588106
2023,poland,Poland,43672.7668014946
2023,portugal,Portugal,41768.2583096874
2023,qatar,Qatar,116159.142564088
2023,romania,Romania,40116.6891416904
2023,russian-federation,Russia,39881.44921875
2023,rwanda,Rwanda,3168.03075281515
2023,saudi-arabia,Saudi Arabia,64481.8441927288
2023,senegal,Senegal,4304.76148721773
2023,serbia,Serbia,25735.1334774195
2023,singapore,Singapore,130296.843789261
2023,slovenia,Slovenia,47986.4195855821
2023,south-africa,South Africa,13695.3755694076
2023,spain,Spain,47322.5937004504
2023,sri-lanka,Sri Lanka,13065.0698305722
2023,sudan,Sudan,2181.0791015625
2023,sweden,Sweden,62122.5116950792
2023,switzerland,Switzerland,85383.3564504008
2023,tanzania-united-rep,Tanzania,3620.79345703125
2023,thailand,Thailand,21245.2706771879
2023,tunisia,Tunisia,12650.9615158166
2023,turkiye,Turkey,35069.1701714685
2023,ukraine,Ukraine,15916.9580078125
2023,united-arab-emirates,United Arab Emirates,70239.8328337228
2023,united-kingdom,United Kingdom,53423.4226338292
2023,united-states,United States,74351.6718197429
2023,uruguay,Uruguay,31100.9696889882
2023,uzbekistan,Uzbekistan,10514.0955721447
2023,viet-nam,Vietnam,13534.7997843016
2023,zambia,Zambia,3673.4841969922
2023,zimbabwe,Zimbabwe,5218.04526596398
2024,afghanistan,Afghanistan,1964.45228895456
2024,albania,Albania,21640.9835773271
2024,algeria,Algeria,15501.9197003966
2024,angola,Angola,8752.7974709833
2024,argentina,Argentina,26771.9657650571
2024,armenia,Armenia,20078.7848984844
2024,australia,Australia,60309.5831772339
2024,austria,Austria,63787.9891749462
2024,azerbaijan,Azerbaijan,22090.5298026929
2024,bangladesh,Bangladesh,8486.78495660517
2024,belarus,Belarus,29135.9465139232
2024,belgium,Belgium,63311.2766917178
2024,benin,Benin,3901.32588494392
2024,bolivia-plurinational-state-of,Bolivia,11329.1518061536
2024,brazil,Brazil,19652.365499171
2024,bulgaria,Bulgaria,34221.3866940362
2024,burkina-faso,Burkina Faso,2548.50247702504
2024,burundi,Burundi,1048.05557098193
2024,cambodia,Cambodia,7011.58146903703
2024,cameroon,Cameroon,4916.93354019494
2024,canada,Canada,57534.0915185335
2024,chad,Chad,2430.73298355271
2024,chile,Chile,30267.6440919907
2024,china,China,23841.4769141817
2024,colombia,Colombia,18481.8374929368
2024,cote-d-ivoire,Cote d Ivoire,6747.0379677706
2024,croatia,Croatia,42828.7997273569
2024,cyprus,Cyprus,52861.8359375
2024,czech-republic,Czechia,47972.53171792
2024,denmark,Denmark,71034.5789667138
2024,ecuador,Ecuador,13922.4222780744
2024,estonia,Estonia,41185.8348356109
2024,ethiopia,Ethiopia,2892.22220162795
2024,finland,Finland,55901.3202296588
2024,france,France,54799.3482689389
2024,georgia,Georgia,24146.6234108645
2024,germany,Germany,62654.602264023
2024,ghana,Ghana,7072.79879594445
2024,greece,Greece,37474.2798239947
2024,guatemala,Guatemala,12643.9841235004
2024,guinea,Guinea,4016.34191385979
2024,haiti,Haiti,2783.79140882788
2024,hungary,Hungary,40747.1986679668
2024,iceland,Iceland,68230.356652817
2024,india,India,9416.05137044735
2024,indonesia,Indonesia,14470.7179806578
2024,iraq,Iraq,12725.0431260364
2024,ireland,Ireland,118833.312071751
2024,israel,Israel,47388.7236682364
2024,italy,Italy,53284.8745049149
2024,japan,Japan,47479.8448545667
2024,jordan,Jordan,10468.265334284
2024,kazakhstan,Kazakhstan,35973.9633287017
2024,kenya,Kenya,5841.59866001706
2024,kuwait,Kuwait,46664.2195116056
2024,latvia,Latvia,37615.0762450744
2024,lithuania,Lithuania,47462.0039386975
2024,luxembourg,Luxembourg,128475.283540415
2024,madagascar,Madagascar,1659.15030770194
2024,malawi,Malawi,1634.24660266597
2024,malaysia,Malaysia,34116.2317848885
2024,mali,Mali,2917.93245883671
2024,mexico,Mexico,21970.3520412926
2024,mongolia,Mongolia,16842.6505873797
2024,morocco,Morocco,9162.7470703125
2024,mozambique,Mozambique,1500.70758504856
2024,myanmar,Myanmar,5276.29433987853
2024,nepal,Nepal,5047.42449022702
2024,netherlands,Netherlands,70493.9051219267
2024,new-zealand,New Zealand,48325.3650985684
2024,niger,Niger,1795.65266888022
2024,nigeria,Nigeria,7994.03754470824
2024,norway,Norway,94803.6704931641
2024,oman,Oman,36721.0804548374
2024,pakistan,Pakistan,5502.0736120186
2024,panama,Panama,36394.9235366316
2024,peru,Peru,15708.8329440963
2024,philippines,Philippines,10378.1717703535
2024,poland,Poland,45153.0439773281
2024,portugal,Portugal,42228.1580446502
2024,qatar,Qatar,111314.250355891
2024,romania,Romania,40503.8323253789
2024,russian-federation,Russia,41891.171875
2024,rwanda,Rwanda,3325.00769683815
2024,saudi-arabia,Saudi Arabia,63194.4332528832
2024,senegal,Senegal,4477.81736836258
2024,serbia,Serbia,26900.7415340646
2024,singapore,Singapore,134548.764138482
2024,slovenia,Slovenia,48658.0265180267
2024,south-africa,South Africa,13597.6538495998
2024,spain,Spain,48460.2914069661
2024,sri-lanka,Sri Lanka,13793.0669827677
2024,sudan,Sudan,1861.39794921875
2024,sweden,Sweden,62558.4065876041
2024,switzerland,Switzerland,85448.0585577007
2024,tanzania-united-rep,Tanzania,3713.26293945313
2024,thailand,Thailand,21882.2142474833
2024,tunisia,Tunisia,12774.9158568021
2024,turkiye,Turkey,36154.490436557
2024,ukraine,Ukraine,16371.44140625
2024,united-arab-emirates,United Arab Emirates,69701.785835525
2024,united-kingdom,United Kingdom,53412.0647163589
2024,united-states,United States,75698.1773354629
2024,uruguay,Uruguay,32149.480073986
2024,uzbekistan,Uzbekistan,10997.1707291644
2024,viet-nam,Vietnam,14396.4217369473
2024,zambia,Zambia,3708.06904295647
2024,zimbabwe,Zimbabwe,5211.89755587954
2025,albania,Albania,22724.2938194949
2025,algeria,Algeria,15882.7138836328
2025,angola,Angola,8760.19081963151
2025,argentina,Argentina,27846.5984597239
2025,armenia,Armenia,21153.478328571
2025,australia,Australia,60194.0633547961
2025,austria,Austria,63970.4008534859
2025,azerbaijan,Azerbaijan,22314.2168957333
2025,bangladesh,Bangladesh,8676.7557622508
2025,belarus,Belarus,29666.2115719117
2025,belgium,Belgium,63488.4217622523
2025,benin,Benin,4116.2151559488
2025,bolivia-plurinational-state-of,Bolivia,11000.5345220728
2025,brazil,Brazil,20024.6968256903
2025,bulgaria,Bulgaria,35325.5317883474
2025,burkina-faso,Burkina Faso,2624.82858270803
2025,burundi,Burundi,1066.51299240586
2025,cambodia,Cambodia,7300.08078250634
2025,cameroon,Cameroon,4945.95640965334
2025,canada,Canada,57989.5784653558
2025,chad,Chad,2480.50962500924
2025,chile,Chile,30863.4223155169
2025,china,China,25066.5215296486
2025,colombia,Colombia,18778.6482631901
2025,cote-d-ivoire,Cote d Ivoire,7014.84577693062
2025,croatia,Croatia,44172.0442284906
2025,cyprus,Cyprus,54103.26171875
2025,czech-republic,Czechia,49292.4878713208
2025,denmark,Denmark,72723.2747867992
2025,ecuador,Ecuador,14319.2406558299
2025,estonia,Estonia,41604.3226612806
2025,ethiopia,Ethiopia,3094.86811868352
2025,finland,Finland,55735.2174921326
2025,france,France,55124.5392564395
2025,georgia,Georgia,25135.7822457412
2025,germany,Germany,62823.7736648822
2025,ghana,Ghana,7357.83332993014
2025,greece,Greece,38218.721628616
2025,guatemala,Guatemala,12986.5241144632
2025,guinea,Guinea,4216.85970804544
2025,haiti,Haiti,2677.89385325549
2025,hungary,Hungary,41160.6419140983
2025,iceland,Iceland,68064.6854551866
2025,india,India,10039.0708910587
2025,indonesia,Indonesia,15091.0088604652
2025,iraq,Iraq,12191.5564658302
2025,ireland,Ireland,131338.444745041
2025,israel,Israel,48196.6345176562
2025,italy,Italy,53606.0789571011
2025,japan,Japan,48283.3723959465
2025,jordan,Jordan,10794.2402687732
2025,kazakhstan,Kazakhstan,37850.5791042984
2025,kenya,Kenya,5995.40177895632
2025,kuwait,Kuwait,48253.963885132
2025,latvia,Latvia,38800.5425281872
2025,lithuania,Lithuania,48839.5436452948
2025,luxembourg,Luxembourg,127420.601625165
2025,madagascar,Madagascar,1668.47702330854
2025,malawi,Malawi,1623.02178529282
2025,malaysia,Malaysia,35461.4465805872
2025,mali,Mali,2993.25166359257
2025,mexico,Mexico,21911.9292842747
2025,mongolia,Mongolia,17772.5342212559
2025,morocco,Morocco,9495.4052734375
2025,mozambique,Mozambique,1450.95955248858
2025,myanmar,Myanmar,5137.10048825615
2025,nepal,Nepal,5276.92387725538
2025,netherlands,Netherlands,71378.4856331012
2025,new-zealand,New Zealand,48232.6651994696
2025,niger,Niger,1860.54858272608
2025,nigeria,Nigeria,8145.14808387469
2025,norway,Norway,95173.4308224367
2025,oman,Oman,36142.9439797194
2025,pakistan,Pakistan,5617.25078028458
2025,panama,Panama,37516.1796428548
2025,peru,Peru,16079.1247394843
2025,philippines,Philippines,10747.5454408601
2025,poland,Poland,46924.5887897477
2025,portugal,Portugal,42576.8139673545
2025,qatar,Qatar,110135.696297692
2025,romania,Romania,40845.9843440113
2025,russian-federation,Russia,42357.98828125
2025,rwanda,Rwanda,3558.68003753808
2025,saudi-arabia,Saudi Arabia,63051.0467257986
2025,senegal,Senegal,4668.54167658726
2025,serbia,Serbia,27603.3916309287
2025,singapore,Singapore,139592.612210761
2025,slovenia,Slovenia,49091.0184405902
2025,south-africa,South Africa,13592.0484020929
2025,spain,Spain,49318.105559037
2025,sri-lanka,Sri Lanka,14582.7603740374
2025,sudan,Sudan,1873.38562011719
2025,sweden,Sweden,63362.4612808079
2025,switzerland,Switzerland,85732.1097535232
2025,tanzania-united-rep,Tanzania,3820.61181640625
2025,thailand,Thailand,22431.7518380848
2025,tunisia,Tunisia,13017.6340422977
2025,turkiye,Turkey,37300.7485739354
2025,ukraine,Ukraine,16155.0732421875
2025,united-kingdom,United Kingdom,53993.1172607885
2025,united-states,United States,76931.3106990408
2025,uruguay,Uruguay,32741.6246877908
2025,uzbekistan,Uzbekistan,11622.8556243531
2025,viet-nam,Vietnam,15457.3499403547
2025,zambia,Zambia,3742.25646316492
2025,zimbabwe,Zimbabwe,5529.23310016154
