date,entity_id,entity_name,value
2010-04,apple,Apple,33.15
2010-04,google,Google,0.18
2010-04,htc,HTC,0.09
2010-04,lg,LG,0.23
2010-04,motorola,Motorola,0.3
2010-04,nintendo,Nintendo,0.3
2010-04,nokia,Nokia,37.58
2010-04,other,Other,0.67
2010-04,rim,RIM,15.86
2010-04,samsung,Samsung,2.37
2010-04,sony,Sony,8.3
2010-04,t-mobile,T-Mobile,0.97
2010-05,apple,Apple,33.09
2010-05,google,Google,0.17
2010-05,htc,HTC,0.03
2010-05,lg,LG,0.08
2010-05,motorola,Motorola,0.12
2010-05,nintendo,Nintendo,0.29
2010-05,nokia,Nokia,37.37
2010-05,other,Other,0.66
2010-05,rim,RIM,16.16
2010-05,samsung,Samsung,3.27
2010-05,sony,Sony,7.96
2010-05,t-mobile,T-Mobile,0.79
2010-06,apple,Apple,30.71
2010-06,google,Google,0.19
2010-06,htc,HTC,0.03
2010-06,lg,LG,0.08
2010-06,motorola,Motorola,0.11
2010-06,nintendo,Nintendo,0.28
2010-06,nokia,Nokia,38.28
2010-06,other,Other,0.66
2010-06,rim,RIM,17.23
2010-06,samsung,Samsung,3.86
2010-06,sony,Sony,7.9
2010-06,t-mobile,T-Mobile,0.66
2010-07,apple,Apple,30.09
2010-07,google,Google,0.21
2010-07,htc,HTC,0.07
2010-07,lg,LG,0.21
2010-07,motorola,Motorola,0.29
2010-07,nintendo,Nintendo,0.28
2010-07,nokia,Nokia,36.78
2010-07,other,Other,0.71
2010-07,rim,RIM,19.04
2010-07,samsung,Samsung,3.83
2010-07,sony,Sony,7.9
2010-07,t-mobile,T-Mobile,0.58
2010-08,apple,Apple,29.82
2010-08,google,Google,0.19
2010-08,htc,HTC,0.07
2010-08,lg,LG,0.22
2010-08,motorola,Motorola,0.35
2010-08,nintendo,Nintendo,0.27
2010-08,nokia,Nokia,36.4
2010-08,other,Other,0.63
2010-08,rim,RIM,19.71
2010-08,samsung,Samsung,4.07
2010-08,sony,Sony,7.81
2010-08,t-mobile,T-Mobile,0.46
2010-09,apple,Apple,26.72
2010-09,google,Google,0.17
2010-09,htc,HTC,0.06
2010-09,lg,LG,0.18
2010-09,motorola,Motorola,0.4
2010-09,nintendo,Nintendo,0.17
2010-09,nokia,Nokia,38.06
2010-09,other,Other,0.51
2010-09,rim,RIM,20.99
2010-09,samsung,Samsung,4.53
2010-09,sony,Sony,7.84
2010-09,t-mobile,T-Mobile,0.35
2010-10,apple,Apple,26.5
2010-10,google,Google,0.16
2010-10,htc,HTC,0.05
2010-10,lg,LG,0.16
2010-10,motorola,Motorola,0.42
2010-10,nintendo,Nintendo,0.15
2010-10,nokia,Nokia,37.81
2010-10,other,Other,0.45
2010-10,rim,RIM,21.51
2010-10,samsung,Samsung,4.68
2010-10,sony,Sony,7.81
2010-10,t-mobile,T-Mobile,0.29
2010-11,apple,Apple,25.72
2010-11,google,Google,0.15
2010-11,htc,HTC,0.04
2010-11,lg,LG,0.15
2010-11,motorola,Motorola,1.37
2010-11,nintendo,Nintendo,0.15
2010-11,nokia,Nokia,36.54
2010-11,other,Other,0.4
2010-11,rim,RIM,22.6
2010-11,samsung,Samsung,5.59
2010-11,sony,Sony,7.04
2010-11,t-mobile,T-Mobile,0.24
2010-12,apple,Apple,28.04
2010-12,google,Google,0.15
2010-12,htc,HTC,0.04
2010-12,lg,LG,0.15
2010-12,motorola,Motorola,1.76
2010-12,nintendo,Nintendo,0.18
2010-12,nokia,Nokia,34.4
2010-12,other,Other,0.39
2010-12,rim,RIM,21.48
2010-12,samsung,Samsung,6.6
2010-12,sony,Sony,6.6
2010-12,t-mobile,T-Mobile,0.21
2011-01,apple,Apple,30.2
2011-01,google,Google,0.14
2011-01,htc,HTC,0.09
2011-01,lg,LG,0.17
2011-01,motorola,Motorola,1.62
2011-01,nintendo,Nintendo,0.2
2011-01,nokia,Nokia,35.58
2011-01,other,Other,0.35
2011-01,rim,RIM,18.15
2011-01,samsung,Samsung,7.06
2011-01,sony,Sony,6.26
2011-01,t-mobile,T-Mobile,0.17
2011-02,apple,Apple,29.83
2011-02,google,Google,0.13
2011-02,htc,HTC,0.15
2011-02,lg,LG,0.18
2011-02,motorola,Motorola,1.52
2011-02,nintendo,Nintendo,0.16
2011-02,nokia,Nokia,36.36
2011-02,other,Other,0.3
2011-02,rim,RIM,17.64
2011-02,samsung,Samsung,7.36
2011-02,sony,Sony,6.23
2011-02,t-mobile,T-Mobile,0.14
2011-03,apple,Apple,29.76
2011-03,google,Google,0.13
2011-03,htc,HTC,0.17
2011-03,lg,LG,0.17
2011-03,motorola,Motorola,1.47
2011-03,nintendo,Nintendo,0.17
2011-03,nokia,Nokia,36.51
2011-03,other,Other,0.26
2011-03,rim,RIM,17.22
2011-03,samsung,Samsung,7.88
2011-03,sony,Sony,6.16
2011-03,t-mobile,T-Mobile,0.11
2011-04,apple,Apple,28.6
2011-04,google,Google,0.11
2011-04,htc,HTC,0.18
2011-04,lg,LG,0.17
2011-04,motorola,Motorola,1.31
2011-04,nintendo,Nintendo,0.16
2011-04,nokia,Nokia,37.88
2011-04,other,Other,0.22
2011-04,rim,RIM,16.6
2011-04,samsung,Samsung,8.56
2011-04,sony,Sony,6.1
2011-04,t-mobile,T-Mobile,0.1
2011-05,apple,Apple,27.63
2011-05,google,Google,0.1
2011-05,htc,HTC,0.18
2011-05,lg,LG,0.16
2011-05,motorola,Motorola,1.04
2011-05,nintendo,Nintendo,0.14
2011-05,nokia,Nokia,38.39
2011-05,other,Other,0.19
2011-05,rim,RIM,16.2
2011-05,samsung,Samsung,9.65
2011-05,sony,Sony,5.99
2011-05,t-mobile,T-Mobile,0.33
2011-06,apple,Apple,25.11
2011-06,google,Google,0.1
2011-06,htc,HTC,0.17
2011-06,lg,LG,0.16
2011-06,motorola,Motorola,0.92
2011-06,nintendo,Nintendo,0.13
2011-06,nokia,Nokia,41.34
2011-06,other,Other,0.15
2011-06,rim,RIM,15.23
2011-06,samsung,Samsung,10.77
2011-06,sony,Sony,5.64
2011-06,t-mobile,T-Mobile,0.29
2011-07,apple,Apple,25.22
2011-07,google,Google,0.17
2011-07,htc,HTC,0.18
2011-07,lg,LG,0.16
2011-07,motorola,Motorola,0.84
2011-07,nintendo,Nintendo,0.12
2011-07,nokia,Nokia,40.23
2011-07,other,Other,0.14
2011-07,rim,RIM,15.72
2011-07,samsung,Samsung,11.49
2011-07,sony,Sony,5.49
2011-07,t-mobile,T-Mobile,0.26
2011-08,apple,Apple,24.65
2011-08,google,Google,0.33
2011-08,htc,HTC,0.19
2011-08,lg,LG,0.15
2011-08,motorola,Motorola,0.81
2011-08,nintendo,Nintendo,0.12
2011-08,nokia,Nokia,40.18
2011-08,other,Other,0.12
2011-08,rim,RIM,15.05
2011-08,samsung,Samsung,12.84
2011-08,sony,Sony,5.37
2011-08,t-mobile,T-Mobile,0.19
2011-09,apple,Apple,27.06
2011-09,google,Google,0.33
2011-09,htc,HTC,0.3
2011-09,lg,LG,0.15
2011-09,motorola,Motorola,0.69
2011-09,nintendo,Nintendo,0.11
2011-09,nokia,Nokia,40.04
2011-09,other,Other,0.12
2011-09,rim,RIM,13.7
2011-09,samsung,Samsung,12.73
2011-09,sony,Sony,4.69
2011-09,t-mobile,T-Mobile,0.07
2011-10,acer,Acer,0.01
2011-10,apple,Apple,28.78
2011-10,google,Google,0.31
2011-10,htc,HTC,3.57
2011-10,lg,LG,1.62
2011-10,motorola,Motorola,0.62
2011-10,nintendo,Nintendo,0.13
2011-10,nokia,Nokia,36.08
2011-10,other,Other,0.11
2011-10,rim,RIM,11.64
2011-10,samsung,Samsung,12.64
2011-10,sony,Sony,4.32
2011-10,t-mobile,T-Mobile,0.16
2011-11,apple,Apple,29.07
2011-11,google,Google,0.28
2011-11,htc,HTC,3.75
2011-11,lg,LG,1.79
2011-11,motorola,Motorola,0.76
2011-11,nintendo,Nintendo,0.12
2011-11,nokia,Nokia,36.74
2011-11,other,Other,0.1
2011-11,rim,RIM,10.15
2011-11,samsung,Samsung,13.1
2011-11,sony,Sony,4.05
2011-11,t-mobile,T-Mobile,0.1
2011-12,apple,Apple,27.06
2011-12,google,Google,0.26
2011-12,htc,HTC,3.43
2011-12,lg,LG,1.72
2011-12,motorola,Motorola,0.74
2011-12,nintendo,Nintendo,0.18
2011-12,nokia,Nokia,39.43
2011-12,other,Other,0.08
2011-12,rim,RIM,9.29
2011-12,samsung,Samsung,13.63
2011-12,sony,Sony,4.11
2011-12,t-mobile,T-Mobile,0.08
2012-01,apple,Apple,28.67
2012-01,google,Google,0.26
2012-01,htc,HTC,3.45
2012-01,lg,LG,1.83
2012-01,motorola,Motorola,0.69
2012-01,nintendo,Nintendo,0.24
2012-01,nokia,Nokia,37.67
2012-01,other,Other,0.06
2012-01,rim,RIM,8.3
2012-01,samsung,Samsung,14.84
2012-01,sony,Sony,3.92
2012-01,t-mobile,T-Mobile,0.07
2012-02,apple,Apple,30.58
2012-02,google,Google,0.26
2012-02,htc,HTC,3.5
2012-02,lg,LG,1.95
2012-02,motorola,Motorola,0.67
2012-02,nintendo,Nintendo,0.19
2012-02,nokia,Nokia,35.96
2012-02,other,Other,0.06
2012-02,rim,RIM,8.14
2012-02,samsung,Samsung,14.91
2012-02,sony,Sony,3.72
2012-02,t-mobile,T-Mobile,0.06
2012-03,apple,Apple,24.87
2012-03,google,Google,0.22
2012-03,htc,HTC,2.78
2012-03,huawei,Huawei,0.06
2012-03,lg,LG,1.53
2012-03,motorola,Motorola,0.52
2012-03,nintendo,Nintendo,0.19
2012-03,nokia,Nokia,32.51
2012-03,other,Other,0.04
2012-03,rim,RIM,6.7
2012-03,samsung,Samsung,14.02
2012-03,sony,Sony,3.29
2012-03,t-mobile,T-Mobile,0.04
2012-03,unknown,Unknown,13.23
2012-04,alcatel,Alcatel,0.01
2012-04,apple,Apple,21.47
2012-04,google,Google,0.33
2012-04,htc,HTC,2.99
2012-04,huawei,Huawei,0.36
2012-04,lg,LG,1.41
2012-04,motorola,Motorola,0.91
2012-04,nintendo,Nintendo,0.18
2012-04,nokia,Nokia,29.25
2012-04,other,Other,0.05
2012-04,pantech,Pantech,0.03
2012-04,rim,RIM,5.63
2012-04,samsung,Samsung,14.03
2012-04,sony,Sony,2.92
2012-04,t-mobile,T-Mobile,0.03
2012-04,unknown,Unknown,20.33
2012-04,zte,ZTE,0.05
2012-05,alcatel,Alcatel,0.04
2012-05,apple,Apple,22.04
2012-05,google,Google,0.35
2012-05,htc,HTC,4.18
2012-05,huawei,Huawei,0.49
2012-05,kyocera,Kyocera,0.03
2012-05,lg,LG,1.9
2012-05,motorola,Motorola,1.81
2012-05,nintendo,Nintendo,0.19
2012-05,nokia,Nokia,30.35
2012-05,other,Other,0.12
2012-05,pantech,Pantech,0.15
2012-05,rim,RIM,5.47
2012-05,samsung,Samsung,17.13
2012-05,sharp,Sharp,0.01
2012-05,sony,Sony,3.01
2012-05,t-mobile,T-Mobile,0.03
2012-05,unknown,Unknown,12.37
2012-05,vodafone,Vodafone,0.02
2012-05,zte,ZTE,0.29
2012-06,alcatel,Alcatel,0.05
2012-06,apple,Apple,24.56
2012-06,google,Google,0.4
2012-06,htc,HTC,4.34
2012-06,huawei,Huawei,0.57
2012-06,kyocera,Kyocera,0.05
2012-06,lenovo,Lenovo,0.01
2012-06,lg,LG,2
2012-06,micromax,Micromax,0.03
2012-06,motorola,Motorola,1.93
2012-06,nintendo,Nintendo,0.19
2012-06,nokia,Nokia,30.65
2012-06,other,Other,0.14
2012-06,pantech,Pantech,0.18
2012-06,rim,RIM,5.3
2012-06,samsung,Samsung,17.92
2012-06,sharp,Sharp,0.02
2012-06,sony,Sony,3.06
2012-06,t-mobile,T-Mobile,0.03
2012-06,unknown,Unknown,8.21
2012-06,vodafone,Vodafone,0.02
2012-06,xiaomi,Xiaomi,0.01
2012-06,zte,ZTE,0.34
2012-07,alcatel,Alcatel,0.07
2012-07,apple,Apple,25.43
2012-07,google,Google,0.41
2012-07,htc,HTC,4.41
2012-07,huawei,Huawei,0.62
2012-07,kyocera,Kyocera,0.04
2012-07,lenovo,Lenovo,0.02
2012-07,lg,LG,2.21
2012-07,micromax,Micromax,0.43
2012-07,motorola,Motorola,2.02
2012-07,nintendo,Nintendo,0.23
2012-07,nokia,Nokia,28.05
2012-07,other,Other,0.14
2012-07,pantech,Pantech,0.19
2012-07,rim,RIM,5
2012-07,samsung,Samsung,19.46
2012-07,sharp,Sharp,0.02
2012-07,sony,Sony,3.11
2012-07,t-mobile,T-Mobile,0.03
2012-07,unknown,Unknown,7.69
2012-07,vodafone,Vodafone,0.02
2012-07,xiaomi,Xiaomi,0.02
2012-07,zte,ZTE,0.38
2012-08,acer,Acer,0.1
2012-08,alcatel,Alcatel,0.08
2012-08,apple,Apple,24.49
2012-08,google,Google,0.43
2012-08,htc,HTC,4.38
2012-08,huawei,Huawei,0.68
2012-08,kyocera,Kyocera,0.04
2012-08,lenovo,Lenovo,0.03
2012-08,lg,LG,2.18
2012-08,micromax,Micromax,0.55
2012-08,motorola,Motorola,2
2012-08,nintendo,Nintendo,0.23
2012-08,nokia,Nokia,27.69
2012-08,other,Other,0.13
2012-08,pantech,Pantech,0.18
2012-08,rim,RIM,4.69
2012-08,samsung,Samsung,20.64
2012-08,sharp,Sharp,0.02
2012-08,sony,Sony,3.16
2012-08,t-mobile,T-Mobile,0.02
2012-08,unknown,Unknown,7.83
2012-08,vodafone,Vodafone,0.02
2012-08,xiaomi,Xiaomi,0.02
2012-08,zte,ZTE,0.41
2012-09,acer,Acer,0.1
2012-09,alcatel,Alcatel,0.1
2012-09,apple,Apple,23.64
2012-09,google,Google,0.43
2012-09,htc,HTC,4.26
2012-09,huawei,Huawei,0.69
2012-09,kyocera,Kyocera,0.05
2012-09,lenovo,Lenovo,0.04
2012-09,lg,LG,2.19
2012-09,micromax,Micromax,0.58
2012-09,motorola,Motorola,2.07
2012-09,nintendo,Nintendo,0.2
2012-09,nokia,Nokia,27.52
2012-09,other,Other,0.12
2012-09,pantech,Pantech,0.17
2012-09,rim,RIM,4.6
2012-09,samsung,Samsung,21.47
2012-09,sharp,Sharp,0.02
2012-09,sony,Sony,3.15
2012-09,t-mobile,T-Mobile,0.02
2012-09,unknown,Unknown,8.09
2012-09,vodafone,Vodafone,0.03
2012-09,xiaomi,Xiaomi,0.02
2012-09,zte,ZTE,0.42
2012-10,acer,Acer,0.1
2012-10,alcatel,Alcatel,0.1
2012-10,apple,Apple,23.73
2012-10,google,Google,0.43
2012-10,htc,HTC,4.05
2012-10,huawei,Huawei,0.7
2012-10,kyocera,Kyocera,0.05
2012-10,lenovo,Lenovo,0.04
2012-10,lg,LG,2.25
2012-10,micromax,Micromax,0.6
2012-10,motorola,Motorola,1.99
2012-10,nintendo,Nintendo,0.18
2012-10,nokia,Nokia,26.93
2012-10,other,Other,0.11
2012-10,pantech,Pantech,0.19
2012-10,rim,RIM,4.36
2012-10,samsung,Samsung,21.79
2012-10,sharp,Sharp,0.02
2012-10,sony,Sony,3.08
2012-10,t-mobile,T-Mobile,0.02
2012-10,unknown,Unknown,8.79
2012-10,vodafone,Vodafone,0.04
2012-10,xiaomi,Xiaomi,0.02
2012-10,zte,ZTE,0.42
2012-11,acer,Acer,0.1
2012-11,alcatel,Alcatel,0.11
2012-11,apple,Apple,23.81
2012-11,google,Google,0.43
2012-11,htc,HTC,3.87
2012-11,huawei,Huawei,0.73
2012-11,kyocera,Kyocera,0.07
2012-11,lenovo,Lenovo,0.04
2012-11,lg,LG,2.37
2012-11,micromax,Micromax,0.61
2012-11,motorola,Motorola,1.9
2012-11,nintendo,Nintendo,0.19
2012-11,nokia,Nokia,26.31
2012-11,other,Other,0.11
2012-11,pantech,Pantech,0.21
2012-11,rim,RIM,4
2012-11,samsung,Samsung,21.91
2012-11,sharp,Sharp,0.01
2012-11,sony,Sony,3.02
2012-11,t-mobile,T-Mobile,0.02
2012-11,unknown,Unknown,9.71
2012-11,vodafone,Vodafone,0.04
2012-11,xiaomi,Xiaomi,0.02
2012-11,zte,ZTE,0.41
2012-12,acer,Acer,0.11
2012-12,alcatel,Alcatel,0.12
2012-12,apple,Apple,23.27
2012-12,google,Google,0.43
2012-12,htc,HTC,3.61
2012-12,huawei,Huawei,0.74
2012-12,kyocera,Kyocera,0.08
2012-12,lenovo,Lenovo,0.05
2012-12,lg,LG,2.5
2012-12,micromax,Micromax,0.64
2012-12,motorola,Motorola,1.79
2012-12,nintendo,Nintendo,0.18
2012-12,nokia,Nokia,25.97
2012-12,other,Other,0.1
2012-12,pantech,Pantech,0.31
2012-12,rim,RIM,3.61
2012-12,samsung,Samsung,22.94
2012-12,sharp,Sharp,0.01
2012-12,sony,Sony,2.87
2012-12,t-mobile,T-Mobile,0.02
2012-12,turkcell,Turkcell,0.07
2012-12,unknown,Unknown,10.13
2012-12,vodafone,Vodafone,0.05
2012-12,xiaomi,Xiaomi,0.03
2012-12,zte,ZTE,0.41
2013-01,acer,Acer,0.13
2013-01,alcatel,Alcatel,0.13
2013-01,apple,Apple,25.86
2013-01,archos,Archos,0.01
2013-01,google,Google,0.46
2013-01,htc,HTC,3.69
2013-01,huawei,Huawei,0.85
2013-01,kyocera,Kyocera,0.1
2013-01,lenovo,Lenovo,0.14
2013-01,lg,LG,2.79
2013-01,micromax,Micromax,0.57
2013-01,motorola,Motorola,1.81
2013-01,nintendo,Nintendo,0.19
2013-01,nokia,Nokia,22.15
2013-01,other,Other,0.1
2013-01,pantech,Pantech,0.43
2013-01,rim,RIM,3.48
2013-01,samsung,Samsung,22.69
2013-01,sharp,Sharp,0.01
2013-01,sony,Sony,2.78
2013-01,t-mobile,T-Mobile,0.02
2013-01,turkcell,Turkcell,0.09
2013-01,unknown,Unknown,10.95
2013-01,vodafone,Vodafone,0.05
2013-01,xiaomi,Xiaomi,0.05
2013-01,zte,ZTE,0.48
2013-02,acer,Acer,0.13
2013-02,alcatel,Alcatel,0.14
2013-02,apple,Apple,27.22
2013-02,archos,Archos,0.01
2013-02,google,Google,0.44
2013-02,htc,HTC,3.45
2013-02,huawei,Huawei,0.78
2013-02,kyocera,Kyocera,0.1
2013-02,lenovo,Lenovo,0.06
2013-02,lg,LG,2.84
2013-02,micromax,Micromax,0.6
2013-02,motorola,Motorola,1.75
2013-02,nintendo,Nintendo,0.19
2013-02,nokia,Nokia,21.28
2013-02,other,Other,0.1
2013-02,pantech,Pantech,0.37
2013-02,rim,RIM,3.42
2013-02,samsung,Samsung,23.04
2013-02,sharp,Sharp,0.02
2013-02,sony,Sony,2.77
2013-02,t-mobile,T-Mobile,0.01
2013-02,turkcell,Turkcell,0.09
2013-02,unknown,Unknown,10.7
2013-02,vodafone,Vodafone,0.05
2013-02,xiaomi,Xiaomi,0.03
2013-02,zte,ZTE,0.42
2013-03,acer,Acer,0.09
2013-03,alcatel,Alcatel,0.15
2013-03,apple,Apple,27.16
2013-03,archos,Archos,0.01
2013-03,google,Google,0.5
2013-03,hisense,Hisense,0.02
2013-03,htc,HTC,3.37
2013-03,huawei,Huawei,0.8
2013-03,kyocera,Kyocera,0.11
2013-03,lenovo,Lenovo,0.07
2013-03,lg,LG,2.7
2013-03,micromax,Micromax,0.63
2013-03,motorola,Motorola,1.81
2013-03,nintendo,Nintendo,0.21
2013-03,nokia,Nokia,21.15
2013-03,other,Other,0.1
2013-03,pantech,Pantech,0.27
2013-03,rim,RIM,3.39
2013-03,samsung,Samsung,24.32
2013-03,sharp,Sharp,0.01
2013-03,sony,Sony,2.86
2013-03,t-mobile,T-Mobile,0.01
2013-03,turkcell,Turkcell,0.08
2013-03,unknown,Unknown,9.63
2013-03,vodafone,Vodafone,0.05
2013-03,xiaomi,Xiaomi,0.04
2013-03,zte,ZTE,0.45
2013-04,acer,Acer,0.07
2013-04,alcatel,Alcatel,0.16
2013-04,apple,Apple,26.48
2013-04,archos,Archos,0.01
2013-04,coolpad,Coolpad,0.01
2013-04,google,Google,0.51
2013-04,hisense,Hisense,0.03
2013-04,htc,HTC,3.19
2013-04,huawei,Huawei,0.78
2013-04,kyocera,Kyocera,0.11
2013-04,lenovo,Lenovo,0.08
2013-04,lg,LG,2.76
2013-04,micromax,Micromax,0.7
2013-04,motorola,Motorola,1.71
2013-04,nintendo,Nintendo,0.2
2013-04,nokia,Nokia,20.91
2013-04,other,Other,0.09
2013-04,pantech,Pantech,0.27
2013-04,rim,RIM,3.4
2013-04,samsung,Samsung,25
2013-04,sharp,Sharp,0.01
2013-04,sony,Sony,2.82
2013-04,t-mobile,T-Mobile,0.01
2013-04,turkcell,Turkcell,0.11
2013-04,unknown,Unknown,10.06
2013-04,vodafone,Vodafone,0.05
2013-04,xiaomi,Xiaomi,0.04
2013-04,zte,ZTE,0.44
2013-05,acer,Acer,0.07
2013-05,alcatel,Alcatel,0.18
2013-05,apple,Apple,25.87
2013-05,archos,Archos,0.01
2013-05,coolpad,Coolpad,0.01
2013-05,google,Google,0.51
2013-05,hisense,Hisense,0.04
2013-05,htc,HTC,3.03
2013-05,huawei,Huawei,0.77
2013-05,kyocera,Kyocera,0.1
2013-05,lenovo,Lenovo,0.1
2013-05,lg,LG,2.77
2013-05,micromax,Micromax,0.83
2013-05,motorola,Motorola,1.58
2013-05,nintendo,Nintendo,0.14
2013-05,nokia,Nokia,21.17
2013-05,other,Other,0.08
2013-05,pantech,Pantech,0.27
2013-05,rim,RIM,3.63
2013-05,samsung,Samsung,25.39
2013-05,sharp,Sharp,0.01
2013-05,sony,Sony,2.75
2013-05,t-mobile,T-Mobile,0.01
2013-05,turkcell,Turkcell,0.1
2013-05,unknown,Unknown,10.05
2013-05,vodafone,Vodafone,0.05
2013-05,xiaomi,Xiaomi,0.04
2013-05,zte,ZTE,0.43
2013-06,acer,Acer,0.06
2013-06,alcatel,Alcatel,0.21
2013-06,apple,Apple,25.09
2013-06,archos,Archos,0.01
2013-06,coolpad,Coolpad,0.02
2013-06,google,Google,0.49
2013-06,hisense,Hisense,0.04
2013-06,htc,HTC,2.93
2013-06,huawei,Huawei,0.78
2013-06,kyocera,Kyocera,0.11
2013-06,lenovo,Lenovo,0.13
2013-06,lg,LG,2.59
2013-06,micromax,Micromax,0.99
2013-06,motorola,Motorola,1.45
2013-06,nintendo,Nintendo,0.14
2013-06,nokia,Nokia,21.96
2013-06,other,Other,0.07
2013-06,pantech,Pantech,0.21
2013-06,rim,RIM,3.62
2013-06,samsung,Samsung,25.47
2013-06,sharp,Sharp,0.01
2013-06,sony,Sony,2.65
2013-06,t-mobile,T-Mobile,0.01
2013-06,turkcell,Turkcell,0.09
2013-06,unknown,Unknown,10.33
2013-06,vodafone,Vodafone,0.05
2013-06,xiaomi,Xiaomi,0.04
2013-06,zte,ZTE,0.42
2013-07,acer,Acer,0.07
2013-07,alcatel,Alcatel,0.24
2013-07,apple,Apple,24.74
2013-07,archos,Archos,0.01
2013-07,coolpad,Coolpad,0.02
2013-07,google,Google,0.5
2013-07,hisense,Hisense,0.04
2013-07,htc,HTC,2.85
2013-07,huawei,Huawei,0.79
2013-07,kyocera,Kyocera,0.11
2013-07,lenovo,Lenovo,0.14
2013-07,lg,LG,2.74
2013-07,micromax,Micromax,1.14
2013-07,motorola,Motorola,1.4
2013-07,nintendo,Nintendo,0.13
2013-07,nokia,Nokia,21.75
2013-07,other,Other,0.08
2013-07,pantech,Pantech,0.26
2013-07,rim,RIM,3.67
2013-07,samsung,Samsung,25.19
2013-07,sharp,Sharp,0.01
2013-07,sony,Sony,2.45
2013-07,t-mobile,T-Mobile,0.01
2013-07,turkcell,Turkcell,0.07
2013-07,unknown,Unknown,11.09
2013-07,vodafone,Vodafone,0.05
2013-07,xiaomi,Xiaomi,0.03
2013-07,zte,ZTE,0.42
2013-08,acer,Acer,0.07
2013-08,alcatel,Alcatel,0.25
2013-08,apple,Apple,23.39
2013-08,archos,Archos,0.01
2013-08,coolpad,Coolpad,0.02
2013-08,google,Google,0.49
2013-08,hisense,Hisense,0.05
2013-08,htc,HTC,2.73
2013-08,huawei,Huawei,0.81
2013-08,kyocera,Kyocera,0.1
2013-08,lenovo,Lenovo,0.2
2013-08,lg,LG,2.78
2013-08,micromax,Micromax,1.3
2013-08,motorola,Motorola,1.22
2013-08,nintendo,Nintendo,0.09
2013-08,nokia,Nokia,21.66
2013-08,other,Other,0.08
2013-08,pantech,Pantech,0.25
2013-08,rim,RIM,3.75
2013-08,samsung,Samsung,25.69
2013-08,sharp,Sharp,0.01
2013-08,sony,Sony,2.34
2013-08,t-mobile,T-Mobile,0.01
2013-08,turkcell,Turkcell,0.07
2013-08,unknown,Unknown,12.1
2013-08,vodafone,Vodafone,0.05
2013-08,xiaomi,Xiaomi,0.04
2013-08,zte,ZTE,0.42
2013-09,acer,Acer,0.07
2013-09,alcatel,Alcatel,0.25
2013-09,apple,Apple,22.68
2013-09,archos,Archos,0.01
2013-09,coolpad,Coolpad,0.02
2013-09,google,Google,0.46
2013-09,hisense,Hisense,0.04
2013-09,htc,HTC,2.6
2013-09,huawei,Huawei,0.79
2013-09,kyocera,Kyocera,0.09
2013-09,lenovo,Lenovo,0.21
2013-09,lg,LG,2.78
2013-09,micromax,Micromax,1.34
2013-09,motorola,Motorola,1.11
2013-09,nintendo,Nintendo,0.07
2013-09,nokia,Nokia,21.61
2013-09,other,Other,0.07
2013-09,pantech,Pantech,0.24
2013-09,rim,RIM,3.75
2013-09,samsung,Samsung,26.16
2013-09,sharp,Sharp,0.01
2013-09,sony,Sony,2.21
2013-09,t-mobile,T-Mobile,0.01
2013-09,turkcell,Turkcell,0.07
2013-09,unknown,Unknown,12.89
2013-09,vodafone,Vodafone,0.06
2013-09,xiaomi,Xiaomi,0.03
2013-09,zte,ZTE,0.37
2013-10,acer,Acer,0.06
2013-10,alcatel,Alcatel,0.31
2013-10,apple,Apple,20.5
2013-10,archos,Archos,0.01
2013-10,coolpad,Coolpad,0.01
2013-10,google,Google,0.42
2013-10,hisense,Hisense,0.04
2013-10,htc,HTC,2.39
2013-10,huawei,Huawei,0.82
2013-10,kyocera,Kyocera,0.09
2013-10,lenovo,Lenovo,0.28
2013-10,lg,LG,2.84
2013-10,micromax,Micromax,1.34
2013-10,motorola,Motorola,0.98
2013-10,nintendo,Nintendo,0.05
2013-10,nokia,Nokia,22.31
2013-10,other,Other,0.06
2013-10,pantech,Pantech,0.21
2013-10,rim,RIM,3.81
2013-10,samsung,Samsung,25.54
2013-10,sharp,Sharp,0.01
2013-10,sony,Sony,2.15
2013-10,t-mobile,T-Mobile,0.01
2013-10,turkcell,Turkcell,0.07
2013-10,unknown,Unknown,15.22
2013-10,vodafone,Vodafone,0.07
2013-10,xiaomi,Xiaomi,0.03
2013-10,zte,ZTE,0.36
2013-11,acer,Acer,0.07
2013-11,alcatel,Alcatel,0.33
2013-11,apple,Apple,21.9
2013-11,archos,Archos,0.01
2013-11,coolpad,Coolpad,0.01
2013-11,google,Google,0.43
2013-11,hisense,Hisense,0.04
2013-11,hp,HP,0.02
2013-11,htc,HTC,2.41
2013-11,huawei,Huawei,0.85
2013-11,kyocera,Kyocera,0.09
2013-11,lenovo,Lenovo,0.27
2013-11,lg,LG,2.84
2013-11,meizu,Meizu,0.01
2013-11,micromax,Micromax,1.6
2013-11,motorola,Motorola,1.01
2013-11,nintendo,Nintendo,0.05
2013-11,nokia,Nokia,21.01
2013-11,other,Other,0.06
2013-11,pantech,Pantech,0.17
2013-11,rim,RIM,3.91
2013-11,samsung,Samsung,27.11
2013-11,sharp,Sharp,0.01
2013-11,sony,Sony,2.05
2013-11,spice,Spice,0.23
2013-11,t-mobile,T-Mobile,0.01
2013-11,turkcell,Turkcell,0.08
2013-11,unknown,Unknown,12.87
2013-11,vodafone,Vodafone,0.08
2013-11,xiaomi,Xiaomi,0.05
2013-11,zte,ZTE,0.38
2013-12,acer,Acer,0.07
2013-12,alcatel,Alcatel,0.35
2013-12,apple,Apple,21.79
2013-12,archos,Archos,0.01
2013-12,coolpad,Coolpad,0.02
2013-12,google,Google,0.41
2013-12,hisense,Hisense,0.04
2013-12,hp,HP,0.04
2013-12,htc,HTC,2.33
2013-12,huawei,Huawei,0.9
2013-12,kyocera,Kyocera,0.1
2013-12,lenovo,Lenovo,0.33
2013-12,lg,LG,2.81
2013-12,meizu,Meizu,0.01
2013-12,micromax,Micromax,1.79
2013-12,motorola,Motorola,0.95
2013-12,nintendo,Nintendo,0.04
2013-12,nokia,Nokia,20.18
2013-12,other,Other,0.05
2013-12,pantech,Pantech,0.15
2013-12,rim,RIM,3.71
2013-12,samsung,Samsung,27.48
2013-12,sharp,Sharp,0.01
2013-12,sony,Sony,1.88
2013-12,spice,Spice,0.3
2013-12,t-mobile,T-Mobile,0.01
2013-12,turkcell,Turkcell,0.09
2013-12,unknown,Unknown,13.62
2013-12,vodafone,Vodafone,0.08
2013-12,xiaomi,Xiaomi,0.06
2013-12,zte,ZTE,0.39
2014-01,acer,Acer,0.07
2014-01,alcatel,Alcatel,0.36
2014-01,apple,Apple,23.52
2014-01,archos,Archos,0.02
2014-01,coolpad,Coolpad,0.02
2014-01,general-mobile,General Mobile,0.01
2014-01,google,Google,0.44
2014-01,hisense,Hisense,0.03
2014-01,hp,HP,0.05
2014-01,htc,HTC,2.28
2014-01,huawei,Huawei,0.95
2014-01,kyocera,Kyocera,0.1
2014-01,lenovo,Lenovo,0.36
2014-01,lg,LG,2.99
2014-01,meizu,Meizu,0.01
2014-01,micromax,Micromax,1.78
2014-01,motorola,Motorola,0.89
2014-01,nintendo,Nintendo,0.04
2014-01,nokia,Nokia,18.42
2014-01,other,Other,0.05
2014-01,pantech,Pantech,0.16
2014-01,rim,RIM,3.12
2014-01,samsung,Samsung,27.85
2014-01,sharp,Sharp,0.01
2014-01,sony,Sony,1.97
2014-01,spice,Spice,0.32
2014-01,t-mobile,T-Mobile,0.01
2014-01,turkcell,Turkcell,0.09
2014-01,unknown,Unknown,13.56
2014-01,vodafone,Vodafone,0.08
2014-01,xiaomi,Xiaomi,0.07
2014-01,zte,ZTE,0.39
2014-02,acer,Acer,0.07
2014-02,alcatel,Alcatel,0.4
2014-02,apple,Apple,22.94
2014-02,archos,Archos,0.02
2014-02,avea,Avea,0.01
2014-02,coolpad,Coolpad,0.03
2014-02,general-mobile,General Mobile,0.52
2014-02,google,Google,0.53
2014-02,hisense,Hisense,0.02
2014-02,hp,HP,0.05
2014-02,htc,HTC,2.25
2014-02,huawei,Huawei,0.98
2014-02,kyocera,Kyocera,0.09
2014-02,lenovo,Lenovo,0.4
2014-02,lg,LG,3.07
2014-02,meizu,Meizu,0.01
2014-02,micromax,Micromax,1.81
2014-02,motorola,Motorola,1.1
2014-02,nintendo,Nintendo,0.03
2014-02,nokia,Nokia,17.27
2014-02,oppo,Oppo,0.02
2014-02,other,Other,0.05
2014-02,pantech,Pantech,0.14
2014-02,rim,RIM,2.7
2014-02,samsung,Samsung,30.4
2014-02,sharp,Sharp,0.01
2014-02,sony,Sony,2.65
2014-02,spice,Spice,0.3
2014-02,t-mobile,T-Mobile,0.01
2014-02,turkcell,Turkcell,0.11
2014-02,unknown,Unknown,11.43
2014-02,vodafone,Vodafone,0.11
2014-02,xiaomi,Xiaomi,0.08
2014-02,zte,ZTE,0.39
2014-03,acer,Acer,0.07
2014-03,alcatel,Alcatel,0.46
2014-03,apple,Apple,23.57
2014-03,archos,Archos,0.02
2014-03,avea,Avea,0.01
2014-03,coolpad,Coolpad,0.02
2014-03,general-mobile,General Mobile,0.49
2014-03,google,Google,0.56
2014-03,hisense,Hisense,0.04
2014-03,hp,HP,0.04
2014-03,htc,HTC,2.2
2014-03,huawei,Huawei,1.03
2014-03,kyocera,Kyocera,0.09
2014-03,lenovo,Lenovo,0.44
2014-03,lg,LG,3.14
2014-03,meizu,Meizu,0.01
2014-03,micromax,Micromax,1.89
2014-03,motorola,Motorola,1.39
2014-03,nintendo,Nintendo,0.03
2014-03,nokia,Nokia,16.37
2014-03,oppo,Oppo,0.04
2014-03,other,Other,0.06
2014-03,pantech,Pantech,0.12
2014-03,rim,RIM,2.58
2014-03,samsung,Samsung,30.57
2014-03,sony,Sony,2.93
2014-03,spice,Spice,0.3
2014-03,t-mobile,T-Mobile,0.01
2014-03,turkcell,Turkcell,0.1
2014-03,unknown,Unknown,10.85
2014-03,vodafone,Vodafone,0.1
2014-03,xiaomi,Xiaomi,0.06
2014-03,zte,ZTE,0.4
2014-04,acer,Acer,0.08
2014-04,alcatel,Alcatel,0.49
2014-04,apple,Apple,23.21
2014-04,archos,Archos,0.02
2014-04,avea,Avea,0.02
2014-04,coolpad,Coolpad,0.03
2014-04,general-mobile,General Mobile,0.65
2014-04,google,Google,0.59
2014-04,hisense,Hisense,0.04
2014-04,hp,HP,0.05
2014-04,htc,HTC,2.25
2014-04,huawei,Huawei,1.1
2014-04,kyocera,Kyocera,0.08
2014-04,lenovo,Lenovo,0.49
2014-04,lg,LG,3.16
2014-04,meizu,Meizu,0.01
2014-04,micromax,Micromax,1.88
2014-04,motorola,Motorola,1.44
2014-04,nintendo,Nintendo,0.03
2014-04,nokia,Nokia,15.61
2014-04,oppo,Oppo,0.05
2014-04,other,Other,0.09
2014-04,pantech,Pantech,0.1
2014-04,rim,RIM,2.23
2014-04,samsung,Samsung,31.59
2014-04,sony,Sony,3.11
2014-04,spice,Spice,0.3
2014-04,t-mobile,T-Mobile,0.01
2014-04,turkcell,Turkcell,0.12
2014-04,unknown,Unknown,10.51
2014-04,vodafone,Vodafone,0.11
2014-04,wiko,Wiko,0.01
2014-04,xiaomi,Xiaomi,0.08
2014-04,zte,ZTE,0.44
2014-05,acer,Acer,0.09
2014-05,alcatel,Alcatel,0.49
2014-05,apple,Apple,23.21
2014-05,archos,Archos,0.03
2014-05,avea,Avea,0.02
2014-05,bbk,BBK,0.01
2014-05,coolpad,Coolpad,0.03
2014-05,general-mobile,General Mobile,0.56
2014-05,google,Google,0.61
2014-05,hisense,Hisense,0.04
2014-05,hp,HP,0.05
2014-05,htc,HTC,2.19
2014-05,huawei,Huawei,1.17
2014-05,kyocera,Kyocera,0.08
2014-05,lenovo,Lenovo,0.51
2014-05,lg,LG,3.38
2014-05,meizu,Meizu,0.01
2014-05,micromax,Micromax,1.84
2014-05,motorola,Motorola,1.76
2014-05,nintendo,Nintendo,0.03
2014-05,nokia,Nokia,14.44
2014-05,oppo,Oppo,0.05
2014-05,other,Other,0.09
2014-05,pantech,Pantech,0.09
2014-05,rim,RIM,1.96
2014-05,samsung,Samsung,32.79
2014-05,sony,Sony,3.18
2014-05,spice,Spice,0.29
2014-05,turkcell,Turkcell,0.1
2014-05,unknown,Unknown,10.3
2014-05,vodafone,Vodafone,0.12
2014-05,wiko,Wiko,0.01
2014-05,xiaomi,Xiaomi,0.08
2014-05,zte,ZTE,0.42
2014-06,acer,Acer,0.1
2014-06,alcatel,Alcatel,0.52
2014-06,apple,Apple,24.25
2014-06,archos,Archos,0.03
2014-06,avea,Avea,0.02
2014-06,bbk,BBK,0.01
2014-06,coolpad,Coolpad,0.04
2014-06,general-mobile,General Mobile,0.57
2014-06,google,Google,0.62
2014-06,hisense,Hisense,0.05
2014-06,hp,HP,0.05
2014-06,htc,HTC,2.26
2014-06,huawei,Huawei,1.28
2014-06,kyocera,Kyocera,0.08
2014-06,lenovo,Lenovo,0.56
2014-06,lg,LG,3.36
2014-06,meizu,Meizu,0.01
2014-06,micromax,Micromax,1.92
2014-06,motorola,Motorola,1.63
2014-06,nintendo,Nintendo,0.03
2014-06,nokia,Nokia,13.34
2014-06,oppo,Oppo,0.06
2014-06,other,Other,0.1
2014-06,pantech,Pantech,0.08
2014-06,rim,RIM,1.94
2014-06,samsung,Samsung,32.6
2014-06,sony,Sony,3.19
2014-06,spice,Spice,0.28
2014-06,turkcell,Turkcell,0.09
2014-06,unknown,Unknown,10.31
2014-06,vodafone,Vodafone,0.11
2014-06,wiko,Wiko,0.01
2014-06,xiaomi,Xiaomi,0.08
2014-06,zte,ZTE,0.43
2014-07,acer,Acer,0.1
2014-07,alcatel,Alcatel,0.54
2014-07,apple,Apple,24.87
2014-07,archos,Archos,0.03
2014-07,asus,Asus,0.03
2014-07,avea,Avea,0.02
2014-07,bbk,BBK,0.01
2014-07,bq,bq,0.02
2014-07,coolpad,Coolpad,0.04
2014-07,general-mobile,General Mobile,0.48
2014-07,google,Google,0.67
2014-07,hisense,Hisense,0.04
2014-07,hp,HP,0.06
2014-07,htc,HTC,2.27
2014-07,huawei,Huawei,1.29
2014-07,kyocera,Kyocera,0.07
2014-07,lava,Lava,0.05
2014-07,lenovo,Lenovo,0.55
2014-07,lg,LG,3.4
2014-07,meizu,Meizu,0.01
2014-07,micromax,Micromax,1.96
2014-07,motorola,Motorola,1.76
2014-07,nintendo,Nintendo,0.03
2014-07,nokia,Nokia,12.64
2014-07,oppo,Oppo,0.07
2014-07,other,Other,0.11
2014-07,pantech,Pantech,0.07
2014-07,rim,RIM,1.73
2014-07,samsung,Samsung,32.55
2014-07,sharp,Sharp,0.01
2014-07,sony,Sony,3.47
2014-07,spice,Spice,0.27
2014-07,turkcell,Turkcell,0.07
2014-07,unknown,Unknown,10.04
2014-07,vodafone,Vodafone,0.11
2014-07,wiko,Wiko,0.06
2014-07,xiaomi,Xiaomi,0.14
2014-07,zte,ZTE,0.38
2014-08,acer,Acer,0.09
2014-08,alcatel,Alcatel,0.54
2014-08,apple,Apple,23.55
2014-08,archos,Archos,0.03
2014-08,asus,Asus,0.11
2014-08,avea,Avea,0.03
2014-08,bbk,BBK,0.01
2014-08,bq,bq,0.03
2014-08,coolpad,Coolpad,0.05
2014-08,general-mobile,General Mobile,0.61
2014-08,google,Google,0.64
2014-08,hisense,Hisense,0.07
2014-08,hp,HP,0.06
2014-08,htc,HTC,2.31
2014-08,huawei,Huawei,1.3
2014-08,kyocera,Kyocera,0.09
2014-08,lava,Lava,0.06
2014-08,lenovo,Lenovo,0.62
2014-08,lg,LG,3.49
2014-08,meizu,Meizu,0.01
2014-08,micromax,Micromax,2.16
2014-08,motorola,Motorola,1.88
2014-08,nintendo,Nintendo,0.02
2014-08,nokia,Nokia,12.54
2014-08,oppo,Oppo,0.11
2014-08,other,Other,0.12
2014-08,pantech,Pantech,0.07
2014-08,rim,RIM,1.66
2014-08,samsung,Samsung,32.77
2014-08,sharp,Sharp,0.01
2014-08,sony,Sony,3.47
2014-08,spice,Spice,0.31
2014-08,t-mobile,T-Mobile,0.01
2014-08,turkcell,Turkcell,0.11
2014-08,unknown,Unknown,10.33
2014-08,vodafone,Vodafone,0.11
2014-08,wiko,Wiko,0.05
2014-08,xiaomi,Xiaomi,0.19
2014-08,zte,ZTE,0.41
2014-09,acer,Acer,0.09
2014-09,alcatel,Alcatel,0.52
2014-09,apple,Apple,24.72
2014-09,archos,Archos,0.03
2014-09,asus,Asus,0.14
2014-09,avea,Avea,0.03
2014-09,bbk,BBK,0.01
2014-09,bq,bq,0.03
2014-09,coolpad,Coolpad,0.05
2014-09,general-mobile,General Mobile,0.63
2014-09,google,Google,0.64
2014-09,hisense,Hisense,0.07
2014-09,hp,HP,0.06
2014-09,htc,HTC,2.3
2014-09,huawei,Huawei,1.33
2014-09,kyocera,Kyocera,0.09
2014-09,lava,Lava,0.06
2014-09,lenovo,Lenovo,0.64
2014-09,lg,LG,3.55
2014-09,meizu,Meizu,0.01
2014-09,micromax,Micromax,2.13
2014-09,motorola,Motorola,2.01
2014-09,nintendo,Nintendo,0.02
2014-09,nokia,Nokia,11.97
2014-09,oneplus,OnePlus,0.01
2014-09,oppo,Oppo,0.14
2014-09,other,Other,0.1
2014-09,pantech,Pantech,0.06
2014-09,rim,RIM,1.64
2014-09,samsung,Samsung,33.13
2014-09,sharp,Sharp,0.01
2014-09,sony,Sony,3.42
2014-09,spice,Spice,0.3
2014-09,t-mobile,T-Mobile,0.01
2014-09,turkcell,Turkcell,0.14
2014-09,unknown,Unknown,9.13
2014-09,vodafone,Vodafone,0.12
2014-09,wiko,Wiko,0.04
2014-09,xiaomi,Xiaomi,0.22
2014-09,zte,ZTE,0.41
2014-10,acer,Acer,0.09
2014-10,alcatel,Alcatel,0.57
2014-10,apple,Apple,25.96
2014-10,archos,Archos,0.05
2014-10,asus,Asus,0.16
2014-10,avea,Avea,0.03
2014-10,bbk,BBK,0.02
2014-10,bq,bq,0.06
2014-10,casper,Casper,0.01
2014-10,coolpad,Coolpad,0.04
2014-10,general-mobile,General Mobile,0.69
2014-10,google,Google,0.63
2014-10,hisense,Hisense,0.06
2014-10,hp,HP,0.07
2014-10,htc,HTC,2.26
2014-10,huawei,Huawei,1.44
2014-10,kyocera,Kyocera,0.08
2014-10,lava,Lava,0.06
2014-10,lenovo,Lenovo,0.61
2014-10,lg,LG,3.8
2014-10,meizu,Meizu,0.02
2014-10,micromax,Micromax,1.91
2014-10,motorola,Motorola,2.29
2014-10,nintendo,Nintendo,0.02
2014-10,nokia,Nokia,10.3
2014-10,oneplus,OnePlus,0.02
2014-10,oppo,Oppo,0.13
2014-10,other,Other,0.1
2014-10,pantech,Pantech,0.05
2014-10,rim,RIM,1.34
2014-10,samsung,Samsung,33.68
2014-10,sony,Sony,3.62
2014-10,spice,Spice,0.25
2014-10,turkcell,Turkcell,0.18
2014-10,unknown,Unknown,8.47
2014-10,vodafone,Vodafone,0.14
2014-10,wiko,Wiko,0.07
2014-10,xiaomi,Xiaomi,0.28
2014-10,zte,ZTE,0.46
2014-11,acer,Acer,0.09
2014-11,alcatel,Alcatel,0.54
2014-11,apple,Apple,23.02
2014-11,archos,Archos,0.04
2014-11,asus,Asus,0.22
2014-11,avea,Avea,0.03
2014-11,bbk,BBK,0.03
2014-11,bq,bq,0.07
2014-11,casper,Casper,0.03
2014-11,coolpad,Coolpad,0.05
2014-11,general-mobile,General Mobile,0.79
2014-11,google,Google,0.59
2014-11,hisense,Hisense,0.08
2014-11,hp,HP,0.07
2014-11,htc,HTC,2.22
2014-11,huawei,Huawei,1.44
2014-11,kyocera,Kyocera,0.09
2014-11,lava,Lava,0.07
2014-11,lenovo,Lenovo,0.69
2014-11,lg,LG,4.11
2014-11,meizu,Meizu,0.02
2014-11,micromax,Micromax,2.15
2014-11,motorola,Motorola,2.85
2014-11,nintendo,Nintendo,0.02
2014-11,nokia,Nokia,10.55
2014-11,oneplus,OnePlus,0.03
2014-11,oppo,Oppo,0.18
2014-11,other,Other,0.11
2014-11,pantech,Pantech,0.05
2014-11,rim,RIM,1.36
2014-11,samsung,Samsung,33.86
2014-11,sharp,Sharp,0.01
2014-11,sony,Sony,3.69
2014-11,spice,Spice,0.28
2014-11,turkcell,Turkcell,0.2
2014-11,unknown,Unknown,9.33
2014-11,vodafone,Vodafone,0.14
2014-11,wiko,Wiko,0.06
2014-11,xiaomi,Xiaomi,0.36
2014-11,zte,ZTE,0.47
2014-12,acer,Acer,0.08
2014-12,alcatel,Alcatel,0.6
2014-12,apple,Apple,23.51
2014-12,archos,Archos,0.04
2014-12,asus,Asus,0.3
2014-12,avea,Avea,0.02
2014-12,bbk,BBK,0.04
2014-12,bq,bq,0.07
2014-12,casper,Casper,0.04
2014-12,coolpad,Coolpad,0.06
2014-12,general-mobile,General Mobile,0.65
2014-12,google,Google,0.58
2014-12,hisense,Hisense,0.1
2014-12,hp,HP,0.06
2014-12,htc,HTC,2.3
2014-12,huawei,Huawei,1.46
2014-12,infocus,InFocus,0.01
2014-12,kyocera,Kyocera,0.11
2014-12,lava,Lava,0.1
2014-12,lenovo,Lenovo,0.77
2014-12,lg,LG,4.01
2014-12,meizu,Meizu,0.02
2014-12,micromax,Micromax,2.15
2014-12,motorola,Motorola,2.58
2014-12,nintendo,Nintendo,0.02
2014-12,nokia,Nokia,10.9
2014-12,oneplus,OnePlus,0.04
2014-12,oppo,Oppo,0.22
2014-12,other,Other,0.13
2014-12,pantech,Pantech,0.04
2014-12,rim,RIM,1.38
2014-12,samsung,Samsung,33
2014-12,sharp,Sharp,0.02
2014-12,sony,Sony,3.64
2014-12,spice,Spice,0.28
2014-12,turkcell,Turkcell,0.15
2014-12,unknown,Unknown,9.37
2014-12,vodafone,Vodafone,0.13
2014-12,wiko,Wiko,0.07
2014-12,xiaomi,Xiaomi,0.43
2014-12,zte,ZTE,0.49
2015-01,acer,Acer,0.08
2015-01,alcatel,Alcatel,0.66
2015-01,apple,Apple,22.75
2015-01,archos,Archos,0.04
2015-01,asus,Asus,0.43
2015-01,avea,Avea,0.03
2015-01,bbk,BBK,0.05
2015-01,bq,bq,0.06
2015-01,casper,Casper,0.06
2015-01,coolpad,Coolpad,0.07
2015-01,general-mobile,General Mobile,0.88
2015-01,google,Google,0.59
2015-01,hisense,Hisense,0.11
2015-01,hp,HP,0.07
2015-01,htc,HTC,2.37
2015-01,huawei,Huawei,1.57
2015-01,infocus,InFocus,0.02
2015-01,kyocera,Kyocera,0.1
2015-01,lava,Lava,0.13
2015-01,lenovo,Lenovo,0.93
2015-01,lg,LG,4.01
2015-01,meizu,Meizu,0.03
2015-01,micromax,Micromax,2.3
2015-01,motorola,Motorola,2.28
2015-01,nintendo,Nintendo,0.02
2015-01,nokia,Nokia,11.24
2015-01,oneplus,OnePlus,0.06
2015-01,oppo,Oppo,0.27
2015-01,other,Other,0.15
2015-01,pantech,Pantech,0.05
2015-01,rim,RIM,1.36
2015-01,samsung,Samsung,32.21
2015-01,sharp,Sharp,0.02
2015-01,sony,Sony,3.6
2015-01,spice,Spice,0.28
2015-01,turkcell,Turkcell,0.2
2015-01,unknown,Unknown,9.69
2015-01,vestel,Vestel,0.01
2015-01,vodafone,Vodafone,0.13
2015-01,wiko,Wiko,0.06
2015-01,xiaomi,Xiaomi,0.52
2015-01,zte,ZTE,0.52
2015-02,acer,Acer,0.07
2015-02,ais,AIS,0.02
2015-02,alcatel,Alcatel,0.71
2015-02,apple,Apple,23.17
2015-02,archos,Archos,0.04
2015-02,asus,Asus,0.53
2015-02,avea,Avea,0.04
2015-02,bbk,BBK,0.05
2015-02,bq,bq,0.06
2015-02,casper,Casper,0.08
2015-02,coolpad,Coolpad,0.08
2015-02,general-mobile,General Mobile,1.05
2015-02,google,Google,0.57
2015-02,hisense,Hisense,0.11
2015-02,hp,HP,0.07
2015-02,htc,HTC,2.42
2015-02,huawei,Huawei,1.65
2015-02,infocus,InFocus,0.03
2015-02,kyocera,Kyocera,0.1
2015-02,lava,Lava,0.12
2015-02,lenovo,Lenovo,1
2015-02,lg,LG,4.19
2015-02,meizu,Meizu,0.04
2015-02,micromax,Micromax,2.23
2015-02,motorola,Motorola,2.29
2015-02,nintendo,Nintendo,0.02
2015-02,nokia,Nokia,10.25
2015-02,oneplus,OnePlus,0.07
2015-02,oppo,Oppo,0.31
2015-02,other,Other,0.16
2015-02,pantech,Pantech,0.05
2015-02,rim,RIM,1.25
2015-02,samsung,Samsung,32
2015-02,sharp,Sharp,0.02
2015-02,sony,Sony,3.62
2015-02,spice,Spice,0.25
2015-02,turkcell,Turkcell,0.24
2015-02,unknown,Unknown,9.61
2015-02,vestel,Vestel,0.02
2015-02,vodafone,Vodafone,0.14
2015-02,wiko,Wiko,0.06
2015-02,xiaomi,Xiaomi,0.6
2015-02,zte,ZTE,0.58
2015-03,acer,Acer,0.07
2015-03,ais,AIS,0.05
2015-03,alcatel,Alcatel,0.71
2015-03,apple,Apple,22.64
2015-03,archos,Archos,0.04
2015-03,asus,Asus,0.6
2015-03,avea,Avea,0.05
2015-03,bbk,BBK,0.06
2015-03,bq,bq,0.08
2015-03,casper,Casper,0.1
2015-03,coolpad,Coolpad,0.09
2015-03,general-mobile,General Mobile,1.1
2015-03,google,Google,0.58
2015-03,hisense,Hisense,0.12
2015-03,hp,HP,0.07
2015-03,htc,HTC,2.41
2015-03,huawei,Huawei,1.69
2015-03,infocus,InFocus,0.02
2015-03,kyocera,Kyocera,0.1
2015-03,lava,Lava,0.13
2015-03,lenovo,Lenovo,1.06
2015-03,lg,LG,4.18
2015-03,meizu,Meizu,0.05
2015-03,micromax,Micromax,2.44
2015-03,motorola,Motorola,2.3
2015-03,nintendo,Nintendo,0.02
2015-03,nokia,Nokia,9.68
2015-03,oneplus,OnePlus,0.08
2015-03,oppo,Oppo,0.35
2015-03,other,Other,0.15
2015-03,pantech,Pantech,0.04
2015-03,rim,RIM,1.25
2015-03,samsung,Samsung,32.09
2015-03,sharp,Sharp,0.02
2015-03,sony,Sony,3.62
2015-03,spice,Spice,0.24
2015-03,turkcell,Turkcell,0.24
2015-03,unknown,Unknown,10.06
2015-03,vestel,Vestel,0.03
2015-03,vodafone,Vodafone,0.13
2015-03,wiko,Wiko,0.07
2015-03,xiaomi,Xiaomi,0.63
2015-03,zte,ZTE,0.58
2015-04,acer,Acer,0.07
2015-04,ais,AIS,0.07
2015-04,alcatel,Alcatel,0.7
2015-04,apple,Apple,20.78
2015-04,archos,Archos,0.04
2015-04,asus,Asus,0.67
2015-04,avea,Avea,0.05
2015-04,bbk,BBK,0.07
2015-04,bq,bq,0.08
2015-04,casper,Casper,0.11
2015-04,coolpad,Coolpad,0.09
2015-04,general-mobile,General Mobile,1.19
2015-04,google,Google,0.65
2015-04,hisense,Hisense,0.13
2015-04,hp,HP,0.06
2015-04,htc,HTC,2.41
2015-04,huawei,Huawei,1.78
2015-04,infocus,InFocus,0.02
2015-04,kyocera,Kyocera,0.09
2015-04,lava,Lava,0.13
2015-04,lenovo,Lenovo,1.14
2015-04,lg,LG,4.21
2015-04,meizu,Meizu,0.05
2015-04,micromax,Micromax,2.49
2015-04,motorola,Motorola,2.32
2015-04,nintendo,Nintendo,0.01
2015-04,nokia,Nokia,9.86
2015-04,oneplus,OnePlus,0.09
2015-04,oppo,Oppo,0.4
2015-04,other,Other,0.13
2015-04,pantech,Pantech,0.04
2015-04,rim,RIM,1.27
2015-04,samsung,Samsung,32.26
2015-04,sharp,Sharp,0.02
2015-04,sony,Sony,3.69
2015-04,spice,Spice,0.24
2015-04,turkcell,Turkcell,0.25
2015-04,unknown,Unknown,10.85
2015-04,vestel,Vestel,0.04
2015-04,vodafone,Vodafone,0.14
2015-04,wiko,Wiko,0.07
2015-04,xiaomi,Xiaomi,0.63
2015-04,zte,ZTE,0.59
2015-05,acer,Acer,0.07
2015-05,ais,AIS,0.09
2015-05,alcatel,Alcatel,0.67
2015-05,apple,Apple,20.22
2015-05,archos,Archos,0.04
2015-05,asus,Asus,0.7
2015-05,avea,Avea,0.05
2015-05,bbk,BBK,0.09
2015-05,bq,bq,0.09
2015-05,casper,Casper,0.12
2015-05,coolpad,Coolpad,0.11
2015-05,general-mobile,General Mobile,1.2
2015-05,gionee,Gionee,0.01
2015-05,google,Google,0.7
2015-05,hisense,Hisense,0.13
2015-05,hp,HP,0.06
2015-05,htc,HTC,2.35
2015-05,huawei,Huawei,1.83
2015-05,infocus,InFocus,0.03
2015-05,kyocera,Kyocera,0.09
2015-05,lanix,Lanix,0.01
2015-05,lava,Lava,0.13
2015-05,lenovo,Lenovo,1.2
2015-05,lg,LG,4.18
2015-05,meizu,Meizu,0.06
2015-05,micromax,Micromax,2.56
2015-05,motorola,Motorola,2.29
2015-05,nintendo,Nintendo,0.01
2015-05,nokia,Nokia,9.76
2015-05,oneplus,OnePlus,0.09
2015-05,oppo,Oppo,0.46
2015-05,other,Other,0.15
2015-05,pantech,Pantech,0.03
2015-05,rim,RIM,1.19
2015-05,samsung,Samsung,32.2
2015-05,sharp,Sharp,0.02
2015-05,sony,Sony,3.65
2015-05,spice,Spice,0.23
2015-05,turkcell,Turkcell,0.25
2015-05,unknown,Unknown,11.29
2015-05,vestel,Vestel,0.06
2015-05,vodafone,Vodafone,0.13
2015-05,wiko,Wiko,0.07
2015-05,xiaomi,Xiaomi,0.72
2015-05,zte,ZTE,0.6
2015-06,acer,Acer,0.07
2015-06,ais,AIS,0.08
2015-06,alcatel,Alcatel,0.64
2015-06,apple,Apple,20.22
2015-06,archos,Archos,0.03
2015-06,asus,Asus,0.7
2015-06,avea,Avea,0.05
2015-06,bbk,BBK,0.09
2015-06,bq,bq,0.07
2015-06,casper,Casper,0.12
2015-06,coolpad,Coolpad,0.11
2015-06,general-mobile,General Mobile,1.14
2015-06,gionee,Gionee,0.01
2015-06,google,Google,0.63
2015-06,hisense,Hisense,0.14
2015-06,hp,HP,0.06
2015-06,htc,HTC,2.28
2015-06,huawei,Huawei,1.88
2015-06,infocus,InFocus,0.03
2015-06,kyocera,Kyocera,0.09
2015-06,lanix,Lanix,0.01
2015-06,lava,Lava,0.12
2015-06,lenovo,Lenovo,1.3
2015-06,lg,LG,4.14
2015-06,meizu,Meizu,0.07
2015-06,micromax,Micromax,2.69
2015-06,motorola,Motorola,2.25
2015-06,nintendo,Nintendo,0.01
2015-06,nokia,Nokia,9.58
2015-06,oneplus,OnePlus,0.09
2015-06,oppo,Oppo,0.47
2015-06,other,Other,0.13
2015-06,pantech,Pantech,0.03
2015-06,rim,RIM,1.32
2015-06,samsung,Samsung,31.57
2015-06,sharp,Sharp,0.02
2015-06,sony,Sony,3.49
2015-06,spice,Spice,0.23
2015-06,turkcell,Turkcell,0.24
2015-06,unknown,Unknown,12.2
2015-06,vestel,Vestel,0.06
2015-06,vodafone,Vodafone,0.13
2015-06,wiko,Wiko,0.07
2015-06,xiaomi,Xiaomi,0.79
2015-06,zte,ZTE,0.58
2015-07,acer,Acer,0.06
2015-07,ais,AIS,0.07
2015-07,alcatel,Alcatel,0.62
2015-07,apple,Apple,20.41
2015-07,archos,Archos,0.03
2015-07,asus,Asus,0.71
2015-07,avea,Avea,0.06
2015-07,bbk,BBK,0.12
2015-07,bq,bq,0.06
2015-07,casper,Casper,0.15
2015-07,coolpad,Coolpad,0.13
2015-07,general-mobile,General Mobile,1.37
2015-07,gionee,Gionee,0.01
2015-07,google,Google,0.87
2015-07,hisense,Hisense,0.14
2015-07,hp,HP,0.05
2015-07,htc,HTC,2.27
2015-07,huawei,Huawei,1.94
2015-07,infocus,InFocus,0.03
2015-07,kyocera,Kyocera,0.08
2015-07,lanix,Lanix,0.01
2015-07,lava,Lava,0.1
2015-07,lenovo,Lenovo,1.41
2015-07,lg,LG,4.21
2015-07,meizu,Meizu,0.07
2015-07,micromax,Micromax,2.55
2015-07,motorola,Motorola,2.13
2015-07,nintendo,Nintendo,0.01
2015-07,nokia,Nokia,9.13
2015-07,oneplus,OnePlus,0.09
2015-07,oppo,Oppo,0.47
2015-07,other,Other,0.12
2015-07,pantech,Pantech,0.03
2015-07,rim,RIM,1.25
2015-07,samsung,Samsung,31.4
2015-07,sharp,Sharp,0.02
2015-07,sony,Sony,3.36
2015-07,spice,Spice,0.21
2015-07,turkcell,Turkcell,0.28
2015-07,unknown,Unknown,12.33
2015-07,vestel,Vestel,0.08
2015-07,vodafone,Vodafone,0.13
2015-07,wiko,Wiko,0.07
2015-07,xiaomi,Xiaomi,0.8
2015-07,zte,ZTE,0.58
2015-08,acer,Acer,0.06
2015-08,ais,AIS,0.09
2015-08,alcatel,Alcatel,0.58
2015-08,apple,Apple,19.03
2015-08,archos,Archos,0.03
2015-08,asus,Asus,0.8
2015-08,avea,Avea,0.06
2015-08,bbk,BBK,0.17
2015-08,bq,bq,0.07
2015-08,casper,Casper,0.16
2015-08,coolpad,Coolpad,0.15
2015-08,general-mobile,General Mobile,1.44
2015-08,gionee,Gionee,0.01
2015-08,google,Google,0.79
2015-08,hisense,Hisense,0.17
2015-08,hp,HP,0.05
2015-08,htc,HTC,2.19
2015-08,huawei,Huawei,2.14
2015-08,infocus,InFocus,0.02
2015-08,kyocera,Kyocera,0.07
2015-08,lanix,Lanix,0.01
2015-08,lava,Lava,0.1
2015-08,lenovo,Lenovo,1.53
2015-08,lg,LG,4.1
2015-08,meizu,Meizu,0.1
2015-08,micromax,Micromax,2.6
2015-08,motorola,Motorola,2.08
2015-08,nintendo,Nintendo,0.01
2015-08,nokia,Nokia,8.61
2015-08,oneplus,OnePlus,0.08
2015-08,oppo,Oppo,0.55
2015-08,other,Other,0.11
2015-08,pantech,Pantech,0.03
2015-08,rim,RIM,1.42
2015-08,samsung,Samsung,31.73
2015-08,sharp,Sharp,0.02
2015-08,sony,Sony,3.26
2015-08,spice,Spice,0.2
2015-08,turkcell,Turkcell,0.29
2015-08,unknown,Unknown,13.3
2015-08,vestel,Vestel,0.09
2015-08,vodafone,Vodafone,0.15
2015-08,wiko,Wiko,0.06
2015-08,xiaomi,Xiaomi,0.92
2015-08,zte,ZTE,0.57
2015-09,acer,Acer,0.06
2015-09,ais,AIS,0.13
2015-09,alcatel,Alcatel,0.57
2015-09,apple,Apple,18.14
2015-09,archos,Archos,0.03
2015-09,asus,Asus,0.87
2015-09,avea,Avea,0.06
2015-09,bbk,BBK,0.16
2015-09,bq,bq,0.07
2015-09,casper,Casper,0.17
2015-09,coolpad,Coolpad,0.11
2015-09,general-mobile,General Mobile,1.49
2015-09,gionee,Gionee,0.02
2015-09,google,Google,0.83
2015-09,hisense,Hisense,0.2
2015-09,hp,HP,0.05
2015-09,htc,HTC,2.19
2015-09,huawei,Huawei,2.16
2015-09,infocus,InFocus,0.02
2015-09,kyocera,Kyocera,0.07
2015-09,lanix,Lanix,0.01
2015-09,lava,Lava,0.09
2015-09,lenovo,Lenovo,1.62
2015-09,lg,LG,4.15
2015-09,meizu,Meizu,0.09
2015-09,micromax,Micromax,2.64
2015-09,motorola,Motorola,2.11
2015-09,nintendo,Nintendo,0.01
2015-09,nokia,Nokia,8.32
2015-09,oneplus,OnePlus,0.08
2015-09,oppo,Oppo,0.54
2015-09,other,Other,0.1
2015-09,pantech,Pantech,0.02
2015-09,rim,RIM,1.32
2015-09,samsung,Samsung,32.52
2015-09,sharp,Sharp,0.01
2015-09,sony,Sony,3.24
2015-09,spice,Spice,0.19
2015-09,turkcell,Turkcell,0.28
2015-09,unknown,Unknown,13.56
2015-09,vestel,Vestel,0.09
2015-09,vodafone,Vodafone,0.16
2015-09,wiko,Wiko,0.06
2015-09,xiaomi,Xiaomi,0.78
2015-09,zte,ZTE,0.56
2015-10,acer,Acer,0.06
2015-10,ais,AIS,0.13
2015-10,alcatel,Alcatel,0.54
2015-10,apple,Apple,17.7
2015-10,archos,Archos,0.03
2015-10,asus,Asus,0.88
2015-10,avea,Avea,0.07
2015-10,bbk,BBK,0.15
2015-10,bq,bq,0.08
2015-10,casper,Casper,0.18
2015-10,coolpad,Coolpad,0.11
2015-10,general-mobile,General Mobile,1.65
2015-10,gionee,Gionee,0.03
2015-10,google,Google,0.91
2015-10,hisense,Hisense,0.18
2015-10,hp,HP,0.05
2015-10,htc,HTC,2.23
2015-10,huawei,Huawei,2.21
2015-10,infocus,InFocus,0.02
2015-10,kyocera,Kyocera,0.06
2015-10,lanix,Lanix,0.01
2015-10,lava,Lava,0.09
2015-10,lenovo,Lenovo,1.67
2015-10,lg,LG,4.26
2015-10,meizu,Meizu,0.08
2015-10,micromax,Micromax,2.62
2015-10,motorola,Motorola,2.12
2015-10,nintendo,Nintendo,0.01
2015-10,nokia,Nokia,8.36
2015-10,oneplus,OnePlus,0.08
2015-10,oppo,Oppo,0.5
2015-10,other,Other,0.1
2015-10,pantech,Pantech,0.02
2015-10,rim,RIM,1.16
2015-10,samsung,Samsung,32.64
2015-10,sharp,Sharp,0.01
2015-10,sony,Sony,3.25
2015-10,spice,Spice,0.19
2015-10,turkcell,Turkcell,0.29
2015-10,unknown,Unknown,13.64
2015-10,vestel,Vestel,0.1
2015-10,vodafone,Vodafone,0.17
2015-10,wiko,Wiko,0.07
2015-10,xiaomi,Xiaomi,0.74
2015-10,zte,ZTE,0.56
2015-11,acer,Acer,0.06
2015-11,ais,AIS,0.11
2015-11,alcatel,Alcatel,0.53
2015-11,apple,Apple,19.3
2015-11,archos,Archos,0.04
2015-11,asus,Asus,0.85
2015-11,avea,Avea,0.06
2015-11,bbk,BBK,0.13
2015-11,bq,bq,0.09
2015-11,casper,Casper,0.16
2015-11,coolpad,Coolpad,0.09
2015-11,general-mobile,General Mobile,1.45
2015-11,gionee,Gionee,0.04
2015-11,google,Google,0.95
2015-11,hisense,Hisense,0.15
2015-11,hp,HP,0.05
2015-11,htc,HTC,2.22
2015-11,huawei,Huawei,2.27
2015-11,infocus,InFocus,0.02
2015-11,kyocera,Kyocera,0.06
2015-11,lanix,Lanix,0.02
2015-11,lava,Lava,0.07
2015-11,lenovo,Lenovo,1.73
2015-11,lg,LG,4.36
2015-11,meizu,Meizu,0.08
2015-11,micromax,Micromax,2.49
2015-11,motorola,Motorola,2.2
2015-11,nintendo,Nintendo,0.01
2015-11,nokia,Nokia,8.13
2015-11,oneplus,OnePlus,0.09
2015-11,oppo,Oppo,0.45
2015-11,other,Other,0.1
2015-11,pantech,Pantech,0.02
2015-11,rim,RIM,1.06
2015-11,samsung,Samsung,31.76
2015-11,sharp,Sharp,0.01
2015-11,sony,Sony,3.23
2015-11,spice,Spice,0.18
2015-11,turkcell,Turkcell,0.26
2015-11,unknown,Unknown,13.58
2015-11,vestel,Vestel,0.09
2015-11,vodafone,Vodafone,0.15
2015-11,wiko,Wiko,0.07
2015-11,xiaomi,Xiaomi,0.7
2015-11,zte,ZTE,0.53
2015-12,acer,Acer,0.06
2015-12,ais,AIS,0.1
2015-12,alcatel,Alcatel,0.5
2015-12,apple,Apple,19.21
2015-12,archos,Archos,0.04
2015-12,asus,Asus,0.86
2015-12,avea,Avea,0.05
2015-12,bbk,BBK,0.15
2015-12,bq,bq,0.1
2015-12,casper,Casper,0.13
2015-12,coolpad,Coolpad,0.09
2015-12,general-mobile,General Mobile,1.23
2015-12,gionee,Gionee,0.04
2015-12,google,Google,0.85
2015-12,hisense,Hisense,0.17
2015-12,hp,HP,0.04
2015-12,htc,HTC,2.22
2015-12,huawei,Huawei,2.41
2015-12,infocus,InFocus,0.02
2015-12,kyocera,Kyocera,0.06
2015-12,lanix,Lanix,0.02
2015-12,lava,Lava,0.07
2015-12,lenovo,Lenovo,1.93
2015-12,lg,LG,4.19
2015-12,meizu,Meizu,0.09
2015-12,micromax,Micromax,2.62
2015-12,motorola,Motorola,2.08
2015-12,nintendo,Nintendo,0.01
2015-12,nokia,Nokia,7.94
2015-12,oneplus,OnePlus,0.09
2015-12,oppo,Oppo,0.48
2015-12,other,Other,0.1
2015-12,pantech,Pantech,0.02
2015-12,rim,RIM,1.15
2015-12,samsung,Samsung,30.92
2015-12,sharp,Sharp,0.01
2015-12,sony,Sony,3.14
2015-12,spice,Spice,0.17
2015-12,turkcell,Turkcell,0.21
2015-12,unknown,Unknown,14.91
2015-12,vestel,Vestel,0.08
2015-12,vodafone,Vodafone,0.14
2015-12,wiko,Wiko,0.07
2015-12,xiaomi,Xiaomi,0.73
2015-12,zte,ZTE,0.51
2016-01,acer,Acer,0.06
2016-01,ais,AIS,0.09
2016-01,alcatel,Alcatel,0.47
2016-01,apple,Apple,19.58
2016-01,archos,Archos,0.04
2016-01,asus,Asus,0.85
2016-01,avea,Avea,0.05
2016-01,bbk,BBK,0.15
2016-01,bq,bq,0.11
2016-01,casper,Casper,0.13
2016-01,coolpad,Coolpad,0.09
2016-01,general-mobile,General Mobile,1.16
2016-01,gionee,Gionee,0.05
2016-01,google,Google,0.71
2016-01,hisense,Hisense,0.16
2016-01,hp,HP,0.05
2016-01,htc,HTC,2.17
2016-01,huawei,Huawei,2.59
2016-01,infocus,InFocus,0.02
2016-01,kyocera,Kyocera,0.05
2016-01,lanix,Lanix,0.02
2016-01,lava,Lava,0.07
2016-01,lenovo,Lenovo,2
2016-01,lg,LG,4.28
2016-01,meizu,Meizu,0.09
2016-01,micromax,Micromax,2.57
2016-01,motorola,Motorola,2.18
2016-01,nintendo,Nintendo,0.01
2016-01,nokia,Nokia,7.43
2016-01,oneplus,OnePlus,0.09
2016-01,oppo,Oppo,0.47
2016-01,other,Other,0.1
2016-01,pantech,Pantech,0.02
2016-01,rim,RIM,1.04
2016-01,samsung,Samsung,30.56
2016-01,sharp,Sharp,0.01
2016-01,sony,Sony,3.07
2016-01,spice,Spice,0.16
2016-01,turkcell,Turkcell,0.2
2016-01,unknown,Unknown,15.58
2016-01,vestel,Vestel,0.07
2016-01,vodafone,Vodafone,0.14
2016-01,wiko,Wiko,0.07
2016-01,xiaomi,Xiaomi,0.75
2016-01,zte,ZTE,0.48
2016-02,acer,Acer,0.05
2016-02,ais,AIS,0.08
2016-02,alcatel,Alcatel,0.45
2016-02,apple,Apple,19.47
2016-02,archos,Archos,0.04
2016-02,asus,Asus,0.88
2016-02,avea,Avea,0.04
2016-02,bbk,BBK,0.16
2016-02,bq,bq,0.1
2016-02,casper,Casper,0.12
2016-02,coolpad,Coolpad,0.09
2016-02,general-mobile,General Mobile,1.05
2016-02,gionee,Gionee,0.05
2016-02,google,Google,0.57
2016-02,hisense,Hisense,0.16
2016-02,hp,HP,0.04
2016-02,htc,HTC,2.18
2016-02,huawei,Huawei,2.73
2016-02,infocus,InFocus,0.02
2016-02,kyocera,Kyocera,0.05
2016-02,lanix,Lanix,0.01
2016-02,lava,Lava,0.06
2016-02,lenovo,Lenovo,2.15
2016-02,lg,LG,4.1
2016-02,meizu,Meizu,0.09
2016-02,micromax,Micromax,2.63
2016-02,motorola,Motorola,2.09
2016-02,nintendo,Nintendo,0.01
2016-02,nokia,Nokia,7.26
2016-02,oneplus,OnePlus,0.09
2016-02,oppo,Oppo,0.48
2016-02,other,Other,0.1
2016-02,pantech,Pantech,0.02
2016-02,rim,RIM,1.05
2016-02,samsung,Samsung,30.63
2016-02,sharp,Sharp,0.01
2016-02,sony,Sony,3.01
2016-02,spice,Spice,0.16
2016-02,turkcell,Turkcell,0.19
2016-02,unknown,Unknown,15.96
2016-02,vestel,Vestel,0.07
2016-02,vodafone,Vodafone,0.16
2016-02,wiko,Wiko,0.07
2016-02,xiaomi,Xiaomi,0.82
2016-02,zte,ZTE,0.46
2016-03,acer,Acer,0.05
2016-03,ais,AIS,0.08
2016-03,alcatel,Alcatel,0.46
2016-03,apple,Apple,18.82
2016-03,archos,Archos,0.04
2016-03,asus,Asus,1.14
2016-03,avea,Avea,0.04
2016-03,bbk,BBK,0.17
2016-03,bq,bq,0.11
2016-03,casper,Casper,0.16
2016-03,coolpad,Coolpad,0.1
2016-03,general-mobile,General Mobile,1.13
2016-03,gionee,Gionee,0.06
2016-03,google,Google,0.54
2016-03,hisense,Hisense,0.15
2016-03,hp,HP,0.04
2016-03,htc,HTC,2.11
2016-03,huawei,Huawei,2.94
2016-03,infocus,InFocus,0.02
2016-03,kyocera,Kyocera,0.04
2016-03,lanix,Lanix,0.01
2016-03,lava,Lava,0.06
2016-03,lenovo,Lenovo,2.17
2016-03,lg,LG,4.1
2016-03,meizu,Meizu,0.1
2016-03,micromax,Micromax,2.46
2016-03,motorola,Motorola,2.05
2016-03,nintendo,Nintendo,0.01
2016-03,nokia,Nokia,6.66
2016-03,oneplus,OnePlus,0.12
2016-03,oppo,Oppo,0.58
2016-03,other,Other,0.11
2016-03,pantech,Pantech,0.01
2016-03,rim,RIM,0.98
2016-03,samsung,Samsung,32.65
2016-03,sharp,Sharp,0.01
2016-03,sony,Sony,3.13
2016-03,spice,Spice,0.15
2016-03,turkcell,Turkcell,0.25
2016-03,unknown,Unknown,14.27
2016-03,vestel,Vestel,0.08
2016-03,vodafone,Vodafone,0.26
2016-03,wiko,Wiko,0.09
2016-03,xiaomi,Xiaomi,1.01
2016-03,zte,ZTE,0.47
2016-04,acer,Acer,0.05
2016-04,ais,AIS,0.06
2016-04,alcatel,Alcatel,0.45
2016-04,apple,Apple,18.8
2016-04,archos,Archos,0.04
2016-04,asus,Asus,1.15
2016-04,avea,Avea,0.04
2016-04,bbk,BBK,0.19
2016-04,bq,bq,0.12
2016-04,casper,Casper,0.14
2016-04,coolpad,Coolpad,0.11
2016-04,general-mobile,General Mobile,1.01
2016-04,gionee,Gionee,0.07
2016-04,google,Google,0.55
2016-04,hisense,Hisense,0.14
2016-04,hp,HP,0.04
2016-04,htc,HTC,2.07
2016-04,huawei,Huawei,3.12
2016-04,infocus,InFocus,0.02
2016-04,kyocera,Kyocera,0.04
2016-04,lanix,Lanix,0.01
2016-04,lava,Lava,0.05
2016-04,lenovo,Lenovo,2.25
2016-04,lg,LG,4.1
2016-04,meizu,Meizu,0.12
2016-04,micromax,Micromax,2.35
2016-04,motorola,Motorola,2.09
2016-04,nintendo,Nintendo,0.01
2016-04,nokia,Nokia,6.47
2016-04,oneplus,OnePlus,0.13
2016-04,oppo,Oppo,0.57
2016-04,other,Other,0.12
2016-04,pantech,Pantech,0.01
2016-04,rim,RIM,1.02
2016-04,samsung,Samsung,32.34
2016-04,sharp,Sharp,0.01
2016-04,sony,Sony,3.07
2016-04,spice,Spice,0.14
2016-04,turkcell,Turkcell,0.23
2016-04,unknown,Unknown,14.73
2016-04,vestel,Vestel,0.07
2016-04,vodafone,Vodafone,0.26
2016-04,wiko,Wiko,0.1
2016-04,xiaomi,Xiaomi,1.06
2016-04,zte,ZTE,0.48
2016-05,acer,Acer,0.05
2016-05,ais,AIS,0.06
2016-05,alcatel,Alcatel,0.43
2016-05,apple,Apple,18.63
2016-05,archos,Archos,0.04
2016-05,asus,Asus,1.13
2016-05,avea,Avea,0.04
2016-05,bbk,BBK,0.18
2016-05,bq,bq,0.12
2016-05,casper,Casper,0.13
2016-05,coolpad,Coolpad,0.1
2016-05,general-mobile,General Mobile,0.89
2016-05,gionee,Gionee,0.07
2016-05,google,Google,0.62
2016-05,hisense,Hisense,0.14
2016-05,hp,HP,0.04
2016-05,htc,HTC,2.01
2016-05,huawei,Huawei,3.25
2016-05,infocus,InFocus,0.01
2016-05,kyocera,Kyocera,0.03
2016-05,lanix,Lanix,0.01
2016-05,lava,Lava,0.05
2016-05,lenovo,Lenovo,2.34
2016-05,lg,LG,3.98
2016-05,meizu,Meizu,0.11
2016-05,micromax,Micromax,2.46
2016-05,motorola,Motorola,2.13
2016-05,nokia,Nokia,6.23
2016-05,oneplus,OnePlus,0.13
2016-05,oppo,Oppo,0.54
2016-05,other,Other,0.11
2016-05,pantech,Pantech,0.01
2016-05,rim,RIM,0.99
2016-05,samsung,Samsung,32.17
2016-05,sharp,Sharp,0.01
2016-05,sony,Sony,2.98
2016-05,spice,Spice,0.14
2016-05,turkcell,Turkcell,0.21
2016-05,unknown,Unknown,15.49
2016-05,vestel,Vestel,0.06
2016-05,vodafone,Vodafone,0.25
2016-05,wiko,Wiko,0.1
2016-05,xiaomi,Xiaomi,1.05
2016-05,zte,ZTE,0.46
2016-06,acer,Acer,0.05
2016-06,ais,AIS,0.07
2016-06,alcatel,Alcatel,0.44
2016-06,apple,Apple,20.33
2016-06,archos,Archos,0.04
2016-06,asus,Asus,1.03
2016-06,avea,Avea,0.03
2016-06,bbk,BBK,0.19
2016-06,bq,bq,0.11
2016-06,casper,Casper,0.14
2016-06,coolpad,Coolpad,0.1
2016-06,general-mobile,General Mobile,0.91
2016-06,gionee,Gionee,0.06
2016-06,google,Google,0.73
2016-06,hisense,Hisense,0.09
2016-06,hp,HP,0.03
2016-06,htc,HTC,2.03
2016-06,huawei,Huawei,3.56
2016-06,infocus,InFocus,0.01
2016-06,kyocera,Kyocera,0.03
2016-06,lanix,Lanix,0.01
2016-06,lava,Lava,0.04
2016-06,lenovo,Lenovo,2.18
2016-06,lg,LG,4.3
2016-06,meizu,Meizu,0.12
2016-06,micromax,Micromax,2.01
2016-06,motorola,Motorola,2.11
2016-06,nintendo,Nintendo,0.01
2016-06,nokia,Nokia,5.42
2016-06,oneplus,OnePlus,0.14
2016-06,oppo,Oppo,0.48
2016-06,other,Other,0.12
2016-06,pantech,Pantech,0.01
2016-06,rim,RIM,0.88
2016-06,samsung,Samsung,32.49
2016-06,sharp,Sharp,0.01
2016-06,sony,Sony,2.95
2016-06,spice,Spice,0.12
2016-06,turkcell,Turkcell,0.21
2016-06,unknown,Unknown,14.5
2016-06,vestel,Vestel,0.07
2016-06,vodafone,Vodafone,0.25
2016-06,wiko,Wiko,0.11
2016-06,xiaomi,Xiaomi,0.99
2016-06,zte,ZTE,0.48
2016-07,acer,Acer,0.05
2016-07,ais,AIS,0.06
2016-07,alcatel,Alcatel,0.42
2016-07,apple,Apple,19.89
2016-07,archos,Archos,0.04
2016-07,asus,Asus,0.99
2016-07,avea,Avea,0.03
2016-07,bbk,BBK,0.21
2016-07,bq,bq,0.11
2016-07,casper,Casper,0.13
2016-07,coolpad,Coolpad,0.11
2016-07,general-mobile,General Mobile,0.87
2016-07,gionee,Gionee,0.07
2016-07,google,Google,0.88
2016-07,hisense,Hisense,0.07
2016-07,hp,HP,0.03
2016-07,htc,HTC,2
2016-07,huawei,Huawei,3.74
2016-07,infocus,InFocus,0.01
2016-07,kyocera,Kyocera,0.03
2016-07,lanix,Lanix,0.01
2016-07,lava,Lava,0.03
2016-07,lenovo,Lenovo,2.24
2016-07,lg,LG,4.23
2016-07,meizu,Meizu,0.13
2016-07,micromax,Micromax,1.96
2016-07,motorola,Motorola,2.2
2016-07,nintendo,Nintendo,0.01
2016-07,nokia,Nokia,5.36
2016-07,oneplus,OnePlus,0.14
2016-07,oppo,Oppo,0.47
2016-07,other,Other,0.12
2016-07,pantech,Pantech,0.01
2016-07,rim,RIM,0.8
2016-07,samsung,Samsung,32.19
2016-07,sharp,Sharp,0.01
2016-07,sony,Sony,2.77
2016-07,spice,Spice,0.11
2016-07,turkcell,Turkcell,0.2
2016-07,unknown,Unknown,15.36
2016-07,vestel,Vestel,0.07
2016-07,vodafone,Vodafone,0.24
2016-07,wiko,Wiko,0.11
2016-07,xiaomi,Xiaomi,1.02
2016-07,zte,ZTE,0.48
2016-08,acer,Acer,0.05
2016-08,ais,AIS,0.07
2016-08,alcatel,Alcatel,0.4
2016-08,apple,Apple,20.07
2016-08,archos,Archos,0.04
2016-08,asus,Asus,0.95
2016-08,avea,Avea,0.03
2016-08,bbk,BBK,0.18
2016-08,bq,bq,0.12
2016-08,casper,Casper,0.13
2016-08,coolpad,Coolpad,0.1
2016-08,general-mobile,General Mobile,0.9
2016-08,gionee,Gionee,0.07
2016-08,google,Google,0.68
2016-08,hisense,Hisense,0.06
2016-08,hp,HP,0.03
2016-08,htc,HTC,1.98
2016-08,huawei,Huawei,3.87
2016-08,infocus,InFocus,0.01
2016-08,kyocera,Kyocera,0.03
2016-08,lanix,Lanix,0.01
2016-08,lava,Lava,0.03
2016-08,lenovo,Lenovo,2.24
2016-08,lg,LG,4.32
2016-08,meizu,Meizu,0.12
2016-08,micromax,Micromax,1.95
2016-08,motorola,Motorola,2.23
2016-08,nintendo,Nintendo,0.01
2016-08,nokia,Nokia,5.09
2016-08,oneplus,OnePlus,0.13
2016-08,oppo,Oppo,0.41
2016-08,other,Other,0.11
2016-08,pantech,Pantech,0.01
2016-08,rim,RIM,0.68
2016-08,samsung,Samsung,32.17
2016-08,sharp,Sharp,0.01
2016-08,sony,Sony,2.66
2016-08,spice,Spice,0.1
2016-08,turkcell,Turkcell,0.2
2016-08,unknown,Unknown,15.96
2016-08,vestel,Vestel,0.07
2016-08,vodafone,Vodafone,0.22
2016-08,wiko,Wiko,0.11
2016-08,xiaomi,Xiaomi,0.94
2016-08,zte,ZTE,0.47
2016-09,acer,Acer,0.04
2016-09,ais,AIS,0.08
2016-09,alcatel,Alcatel,0.37
2016-09,apple,Apple,19.38
2016-09,archos,Archos,0.04
2016-09,asus,Asus,0.96
2016-09,avea,Avea,0.03
2016-09,bbk,BBK,0.15
2016-09,bq,bq,0.11
2016-09,casper,Casper,0.13
2016-09,coolpad,Coolpad,0.08
2016-09,general-mobile,General Mobile,0.9
2016-09,gionee,Gionee,0.1
2016-09,google,Google,0.38
2016-09,hisense,Hisense,0.05
2016-09,hp,HP,0.03
2016-09,htc,HTC,1.99
2016-09,huawei,Huawei,3.83
2016-09,infocus,InFocus,0.01
2016-09,kyocera,Kyocera,0.03
2016-09,lanix,Lanix,0.01
2016-09,lava,Lava,0.04
2016-09,lenovo,Lenovo,2.47
2016-09,lg,LG,4.18
2016-09,meizu,Meizu,0.11
2016-09,micromax,Micromax,2.14
2016-09,motorola,Motorola,2.26
2016-09,nokia,Nokia,4.78
2016-09,oneplus,OnePlus,0.13
2016-09,oppo,Oppo,0.38
2016-09,other,Other,0.1
2016-09,pantech,Pantech,0.01
2016-09,rim,RIM,0.64
2016-09,samsung,Samsung,32.33
2016-09,sony,Sony,2.56
2016-09,spice,Spice,0.11
2016-09,turkcell,Turkcell,0.2
2016-09,unknown,Unknown,17.1
2016-09,vestel,Vestel,0.07
2016-09,vodafone,Vodafone,0.21
2016-09,wiko,Wiko,0.11
2016-09,xiaomi,Xiaomi,0.92
2016-09,zte,ZTE,0.46
2016-10,acer,Acer,0.04
2016-10,ais,AIS,0.09
2016-10,alcatel,Alcatel,0.35
2016-10,apple,Apple,19.12
2016-10,archos,Archos,0.04
2016-10,asus,Asus,1.04
2016-10,avea,Avea,0.03
2016-10,bbk,BBK,0.3
2016-10,bq,bq,0.11
2016-10,casper,Casper,0.16
2016-10,coolpad,Coolpad,0.13
2016-10,dtac,dtac,0.01
2016-10,general-mobile,General Mobile,0.94
2016-10,gionee,Gionee,0.15
2016-10,google,Google,0.37
2016-10,hisense,Hisense,0.04
2016-10,hp,HP,0.03
2016-10,htc,HTC,1.91
2016-10,huawei,Huawei,3.69
2016-10,infinix,Infinix,0.01
2016-10,infocus,InFocus,0.01
2016-10,kyocera,Kyocera,0.02
2016-10,lanix,Lanix,0.01
2016-10,lava,Lava,0.03
2016-10,leeco,LeEco,0.08
2016-10,lenovo,Lenovo,2.82
2016-10,lg,LG,4.04
2016-10,lyf,Lyf,0.05
2016-10,meizu,Meizu,0.1
2016-10,micromax,Micromax,2.1
2016-10,motorola,Motorola,2.36
2016-10,nokia,Nokia,4.38
2016-10,oneplus,OnePlus,0.15
2016-10,oppo,Oppo,0.72
2016-10,other,Other,0.09
2016-10,pantech,Pantech,0.01
2016-10,reliance-digital,Reliance Digital,0.11
2016-10,rim,RIM,0.6
2016-10,samsung,Samsung,32.7
2016-10,sharp,Sharp,0.02
2016-10,sony,Sony,2.39
2016-10,spice,Spice,0.1
2016-10,turkcell,Turkcell,0.21
2016-10,unknown,Unknown,16.06
2016-10,vestel,Vestel,0.1
2016-10,vodafone,Vodafone,0.22
2016-10,wiko,Wiko,0.13
2016-10,xiaomi,Xiaomi,1.35
2016-10,zte,ZTE,0.49
2016-11,acer,Acer,0.06
2016-11,ais,AIS,0.24
2016-11,alcatel,Alcatel,0.44
2016-11,apple,Apple,18.85
2016-11,archos,Archos,0.03
2016-11,asus,Asus,1.14
2016-11,avea,Avea,0.03
2016-11,bbk,BBK,0.91
2016-11,blu,Blu,0.02
2016-11,bq,bq,0.12
2016-11,casper,Casper,0.2
2016-11,coolpad,Coolpad,0.23
2016-11,dtac,dtac,0.03
2016-11,general-mobile,General Mobile,1.04
2016-11,gionee,Gionee,0.3
2016-11,google,Google,0.39
2016-11,hisense,Hisense,0.03
2016-11,hp,HP,0.02
2016-11,htc,HTC,1.79
2016-11,huawei,Huawei,3.63
2016-11,i-mobile,i-Mobile,0.05
2016-11,infinix,Infinix,0.07
2016-11,infocus,InFocus,0.02
2016-11,kyocera,Kyocera,0.04
2016-11,lanix,Lanix,0.01
2016-11,lava,Lava,0.19
2016-11,leeco,LeEco,0.18
2016-11,lenovo,Lenovo,2.82
2016-11,lg,LG,4.06
2016-11,lyf,Lyf,0.31
2016-11,meizu,Meizu,0.1
2016-11,micromax,Micromax,1.97
2016-11,motorola,Motorola,2.28
2016-11,nokia,Nokia,3.84
2016-11,oneplus,OnePlus,0.17
2016-11,oppo,Oppo,1.36
2016-11,other,Other,0.12
2016-11,panasonic,Panasonic,0.07
2016-11,pantech,Pantech,0.01
2016-11,qmobile,QMobile,0.02
2016-11,reliance-digital,Reliance Digital,0.24
2016-11,rim,RIM,0.56
2016-11,samsung,Samsung,34.09
2016-11,sharp,Sharp,0.01
2016-11,smartfren,Smartfren,0.02
2016-11,sony,Sony,2.37
2016-11,spice,Spice,0.09
2016-11,tecno,Tecno,0.02
2016-11,true,True,0.08
2016-11,turkcell,Turkcell,0.25
2016-11,unknown,Unknown,11.81
2016-11,vestel,Vestel,0.16
2016-11,vodafone,Vodafone,0.38
2016-11,wiko,Wiko,0.22
2016-11,xiaomi,Xiaomi,1.87
2016-11,yu,Yu,0.05
2016-11,zte,ZTE,0.58
2016-12,acer,Acer,0.08
2016-12,ais,AIS,0.35
2016-12,alcatel,Alcatel,0.56
2016-12,apple,Apple,18.89
2016-12,archos,Archos,0.03
2016-12,asus,Asus,1.17
2016-12,avea,Avea,0.03
2016-12,bbk,BBK,1.1
2016-12,blu,Blu,0.04
2016-12,bq,bq,0.12
2016-12,casper,Casper,0.2
2016-12,condor,Condor,0.01
2016-12,coolpad,Coolpad,0.26
2016-12,dtac,dtac,0.03
2016-12,general-mobile,General Mobile,0.97
2016-12,gionee,Gionee,0.41
2016-12,google,Google,0.39
2016-12,hisense,Hisense,0.04
2016-12,hp,HP,0.02
2016-12,htc,HTC,1.74
2016-12,huawei,Huawei,3.68
2016-12,i-mobile,i-Mobile,0.08
2016-12,infinix,Infinix,0.22
2016-12,infocus,InFocus,0.06
2016-12,intex,Intex,0.01
2016-12,itel,Itel,0.01
2016-12,karbonn,Karbonn,0.01
2016-12,kyocera,Kyocera,0.05
2016-12,lanix,Lanix,0.02
2016-12,lava,Lava,0.41
2016-12,leeco,LeEco,0.2
2016-12,lenovo,Lenovo,2.91
2016-12,lg,LG,3.89
2016-12,lyf,Lyf,0.46
2016-12,meizu,Meizu,0.11
2016-12,micromax,Micromax,2.03
2016-12,motorola,Motorola,2.19
2016-12,nokia,Nokia,3.57
2016-12,oneplus,OnePlus,0.19
2016-12,oppo,Oppo,1.63
2016-12,other,Other,0.2
2016-12,panasonic,Panasonic,0.17
2016-12,pantech,Pantech,0.01
2016-12,qmobile,QMobile,0.07
2016-12,reliance-digital,Reliance Digital,0.25
2016-12,rim,RIM,0.46
2016-12,samsung,Samsung,33.63
2016-12,sharp,Sharp,0.01
2016-12,smartfren,Smartfren,0.05
2016-12,sony,Sony,2.39
2016-12,spice,Spice,0.08
2016-12,tecno,Tecno,0.14
2016-12,true,True,0.17
2016-12,turkcell,Turkcell,0.24
2016-12,unknown,Unknown,10.31
2016-12,vestel,Vestel,0.16
2016-12,vodafone,Vodafone,0.4
2016-12,wiko,Wiko,0.23
2016-12,xiaomi,Xiaomi,2.11
2016-12,xolo,Xolo,0.04
2016-12,yu,Yu,0.07
2016-12,zte,ZTE,0.62
2017-01,acer,Acer,0.08
2017-01,ais,AIS,0.36
2017-01,alcatel,Alcatel,0.56
2017-01,apple,Apple,19.73
2017-01,archos,Archos,0.03
2017-01,asus,Asus,1.23
2017-01,avea,Avea,0.03
2017-01,bbk,BBK,1.32
2017-01,blu,Blu,0.05
2017-01,bq,bq,0.12
2017-01,casper,Casper,0.21
2017-01,condor,Condor,0.01
2017-01,coolpad,Coolpad,0.27
2017-01,dtac,dtac,0.05
2017-01,general-mobile,General Mobile,0.98
2017-01,gionee,Gionee,0.42
2017-01,google,Google,0.38
2017-01,hisense,Hisense,0.05
2017-01,hp,HP,0.02
2017-01,htc,HTC,1.66
2017-01,huawei,Huawei,3.78
2017-01,i-mobile,i-Mobile,0.1
2017-01,infinix,Infinix,0.2
2017-01,infocus,InFocus,0.07
2017-01,intex,Intex,0.02
2017-01,itel,Itel,0.02
2017-01,karbonn,Karbonn,0.01
2017-01,kyocera,Kyocera,0.05
2017-01,lanix,Lanix,0.03
2017-01,lava,Lava,0.58
2017-01,leeco,LeEco,0.19
2017-01,lenovo,Lenovo,2.92
2017-01,lg,LG,3.87
2017-01,lyf,Lyf,0.5
2017-01,meizu,Meizu,0.11
2017-01,micromax,Micromax,1.83
2017-01,motorola,Motorola,2.12
2017-01,nintendo,Nintendo,0.01
2017-01,nokia,Nokia,3.41
2017-01,oneplus,OnePlus,0.2
2017-01,oppo,Oppo,1.9
2017-01,other,Other,0.26
2017-01,panasonic,Panasonic,0.21
2017-01,pantech,Pantech,0.01
2017-01,qmobile,QMobile,0.13
2017-01,reliance-digital,Reliance Digital,0.23
2017-01,rim,RIM,0.45
2017-01,samsung,Samsung,33.71
2017-01,sharp,Sharp,0.01
2017-01,smartfren,Smartfren,0.08
2017-01,sony,Sony,2.3
2017-01,spice,Spice,0.07
2017-01,tecno,Tecno,0.12
2017-01,true,True,0.22
2017-01,turkcell,Turkcell,0.24
2017-01,unknown,Unknown,8.78
2017-01,vestel,Vestel,0.18
2017-01,vodafone,Vodafone,0.33
2017-01,wiko,Wiko,0.25
2017-01,xiaomi,Xiaomi,2.16
2017-01,xolo,Xolo,0.06
2017-01,yu,Yu,0.07
2017-01,zte,ZTE,0.63
2017-02,acer,Acer,0.08
2017-02,ais,AIS,0.32
2017-02,alcatel,Alcatel,0.59
2017-02,apple,Apple,19.45
2017-02,archos,Archos,0.03
2017-02,asus,Asus,1.25
2017-02,avea,Avea,0.02
2017-02,bbk,BBK,1.49
2017-02,blu,Blu,0.07
2017-02,bq,bq,0.11
2017-02,casper,Casper,0.21
2017-02,condor,Condor,0.02
2017-02,coolpad,Coolpad,0.3
2017-02,dtac,dtac,0.06
2017-02,general-mobile,General Mobile,0.9
2017-02,gionee,Gionee,0.47
2017-02,google,Google,0.38
2017-02,hisense,Hisense,0.06
2017-02,hp,HP,0.02
2017-02,htc,HTC,1.64
2017-02,huawei,Huawei,3.95
2017-02,i-mobile,i-Mobile,0.1
2017-02,infinix,Infinix,0.38
2017-02,infocus,InFocus,0.08
2017-02,intex,Intex,0.08
2017-02,itel,Itel,0.1
2017-02,karbonn,Karbonn,0.02
2017-02,kyocera,Kyocera,0.05
2017-02,lanix,Lanix,0.03
2017-02,lava,Lava,0.58
2017-02,leeco,LeEco,0.2
2017-02,lenovo,Lenovo,3.08
2017-02,lg,LG,3.75
2017-02,lyf,Lyf,0.55
2017-02,meizu,Meizu,0.12
2017-02,micromax,Micromax,1.76
2017-02,mobicel,Mobicel,0.07
2017-02,motorola,Motorola,2.12
2017-02,nokia,Nokia,3.29
2017-02,oneplus,OnePlus,0.22
2017-02,oppo,Oppo,2.14
2017-02,other,Other,0.33
2017-02,panasonic,Panasonic,0.22
2017-02,pantech,Pantech,0.01
2017-02,qmobile,QMobile,0.18
2017-02,reliance-digital,Reliance Digital,0.23
2017-02,rim,RIM,0.48
2017-02,samsung,Samsung,33.11
2017-02,sharp,Sharp,0.01
2017-02,smartfren,Smartfren,0.09
2017-02,sony,Sony,2.22
2017-02,spice,Spice,0.05
2017-02,symphony,Symphony,0.01
2017-02,tecno,Tecno,0.36
2017-02,true,True,0.22
2017-02,turkcell,Turkcell,0.22
2017-02,unknown,Unknown,8.22
2017-02,vestel,Vestel,0.18
2017-02,vodafone,Vodafone,0.31
2017-02,wiko,Wiko,0.26
2017-02,xiaomi,Xiaomi,2.39
2017-02,xolo,Xolo,0.07
2017-02,yu,Yu,0.07
2017-02,zte,ZTE,0.62
2017-03,acer,Acer,0.08
2017-03,ais,AIS,0.3
2017-03,alcatel,Alcatel,0.58
2017-03,apple,Apple,19.5
2017-03,archos,Archos,0.03
2017-03,asus,Asus,1.27
2017-03,avea,Avea,0.02
2017-03,bbk,BBK,1.63
2017-03,blu,Blu,0.08
2017-03,bq,bq,0.11
2017-03,casper,Casper,0.22
2017-03,condor,Condor,0.02
2017-03,coolpad,Coolpad,0.3
2017-03,dtac,dtac,0.06
2017-03,general-mobile,General Mobile,0.93
2017-03,gionee,Gionee,0.47
2017-03,google,Google,0.39
2017-03,hisense,Hisense,0.06
2017-03,hp,HP,0.02
2017-03,htc,HTC,1.6
2017-03,huawei,Huawei,3.95
2017-03,i-mobile,i-Mobile,0.1
2017-03,infinix,Infinix,0.2
2017-03,infocus,InFocus,0.08
2017-03,intex,Intex,0.1
2017-03,itel,Itel,0.1
2017-03,karbonn,Karbonn,0.03
2017-03,kyocera,Kyocera,0.05
2017-03,lanix,Lanix,0.03
2017-03,lava,Lava,0.58
2017-03,leeco,LeEco,0.21
2017-03,lenovo,Lenovo,3.11
2017-03,lg,LG,3.72
2017-03,lyf,Lyf,0.54
2017-03,meizu,Meizu,0.12
2017-03,micromax,Micromax,1.77
2017-03,mobicel,Mobicel,0.12
2017-03,motorola,Motorola,2.13
2017-03,nokia,Nokia,2.97
2017-03,oneplus,OnePlus,0.23
2017-03,oppo,Oppo,2.34
2017-03,other,Other,0.39
2017-03,panasonic,Panasonic,0.22
2017-03,pantech,Pantech,0.01
2017-03,qmobile,QMobile,0.17
2017-03,reliance-digital,Reliance Digital,0.22
2017-03,rim,RIM,0.39
2017-03,samsung,Samsung,33.16
2017-03,sharp,Sharp,0.01
2017-03,smartfren,Smartfren,0.08
2017-03,sony,Sony,2.13
2017-03,spice,Spice,0.06
2017-03,symphony,Symphony,0.02
2017-03,tecno,Tecno,0.27
2017-03,true,True,0.23
2017-03,turkcell,Turkcell,0.23
2017-03,unknown,Unknown,8.13
2017-03,vestel,Vestel,0.2
2017-03,vodafone,Vodafone,0.31
2017-03,wiko,Wiko,0.25
2017-03,xiaomi,Xiaomi,2.59
2017-03,xolo,Xolo,0.08
2017-03,yu,Yu,0.07
2017-03,zte,ZTE,0.63
2017-04,acer,Acer,0.08
2017-04,ais,AIS,0.36
2017-04,alcatel,Alcatel,0.58
2017-04,apple,Apple,19.87
2017-04,archos,Archos,0.03
2017-04,asus,Asus,1.29
2017-04,avea,Avea,0.02
2017-04,bbk,BBK,1.66
2017-04,blu,Blu,0.08
2017-04,bq,bq,0.12
2017-04,casper,Casper,0.23
2017-04,condor,Condor,0.03
2017-04,coolpad,Coolpad,0.29
2017-04,dtac,dtac,0.08
2017-04,general-mobile,General Mobile,0.92
2017-04,gionee,Gionee,0.45
2017-04,google,Google,0.36
2017-04,hisense,Hisense,0.05
2017-04,hp,HP,0.02
2017-04,htc,HTC,1.56
2017-04,huawei,Huawei,4.15
2017-04,i-mobile,i-Mobile,0.12
2017-04,infinix,Infinix,0.2
2017-04,infocus,InFocus,0.08
2017-04,intex,Intex,0.09
2017-04,itel,Itel,0.1
2017-04,karbonn,Karbonn,0.04
2017-04,kyocera,Kyocera,0.04
2017-04,lanix,Lanix,0.03
2017-04,lava,Lava,0.66
2017-04,leeco,LeEco,0.2
2017-04,lenovo,Lenovo,3.07
2017-04,lg,LG,3.64
2017-04,lyf,Lyf,0.49
2017-04,meizu,Meizu,0.12
2017-04,micromax,Micromax,1.62
2017-04,mobicel,Mobicel,0.25
2017-04,motorola,Motorola,2.11
2017-04,nokia,Nokia,2.69
2017-04,oneplus,OnePlus,0.26
2017-04,oppo,Oppo,2.51
2017-04,other,Other,0.4
2017-04,panasonic,Panasonic,0.2
2017-04,pantech,Pantech,0.01
2017-04,qmobile,QMobile,0.16
2017-04,reliance-digital,Reliance Digital,0.18
2017-04,rim,RIM,0.35
2017-04,samsung,Samsung,33.02
2017-04,sharp,Sharp,0.01
2017-04,smartfren,Smartfren,0.08
2017-04,sony,Sony,2.11
2017-04,spice,Spice,0.05
2017-04,symphony,Symphony,0.02
2017-04,tecno,Tecno,0.26
2017-04,true,True,0.26
2017-04,turkcell,Turkcell,0.22
2017-04,unknown,Unknown,7.79
2017-04,vestel,Vestel,0.21
2017-04,vodafone,Vodafone,0.3
2017-04,wiko,Wiko,0.28
2017-04,xiaomi,Xiaomi,2.77
2017-04,xolo,Xolo,0.07
2017-04,yu,Yu,0.06
2017-04,zte,ZTE,0.64
2017-05,acer,Acer,0.08
2017-05,ais,AIS,0.35
2017-05,alcatel,Alcatel,0.57
2017-05,apple,Apple,19.32
2017-05,archos,Archos,0.03
2017-05,asus,Asus,1.32
2017-05,avea,Avea,0.02
2017-05,bbk,BBK,1.74
2017-05,blu,Blu,0.08
2017-05,bq,bq,0.12
2017-05,casper,Casper,0.22
2017-05,condor,Condor,0.02
2017-05,coolpad,Coolpad,0.29
2017-05,dtac,dtac,0.08
2017-05,general-mobile,General Mobile,0.84
2017-05,gionee,Gionee,0.47
2017-05,google,Google,0.35
2017-05,hisense,Hisense,0.05
2017-05,hp,HP,0.01
2017-05,htc,HTC,1.49
2017-05,huawei,Huawei,4.37
2017-05,i-mobile,i-Mobile,0.12
2017-05,infinix,Infinix,0.21
2017-05,infocus,InFocus,0.07
2017-05,intex,Intex,0.09
2017-05,itel,Itel,0.1
2017-05,karbonn,Karbonn,0.04
2017-05,kyocera,Kyocera,0.04
2017-05,lanix,Lanix,0.03
2017-05,lava,Lava,0.64
2017-05,leeco,LeEco,0.2
2017-05,lenovo,Lenovo,3.07
2017-05,lg,LG,3.58
2017-05,lyf,Lyf,0.49
2017-05,meizu,Meizu,0.12
2017-05,micromax,Micromax,1.54
2017-05,mobicel,Mobicel,0.43
2017-05,motorola,Motorola,2.1
2017-05,nokia,Nokia,2.7
2017-05,oneplus,OnePlus,0.26
2017-05,oppo,Oppo,2.83
2017-05,other,Other,0.4
2017-05,panasonic,Panasonic,0.19
2017-05,pantech,Pantech,0.01
2017-05,qmobile,QMobile,0.16
2017-05,reliance-digital,Reliance Digital,0.17
2017-05,rim,RIM,0.34
2017-05,samsung,Samsung,33.17
2017-05,sharp,Sharp,0.01
2017-05,smartfren,Smartfren,0.09
2017-05,sony,Sony,2.04
2017-05,spice,Spice,0.04
2017-05,symphony,Symphony,0.02
2017-05,tecno,Tecno,0.26
2017-05,true,True,0.24
2017-05,turkcell,Turkcell,0.21
2017-05,unknown,Unknown,7.56
2017-05,vestel,Vestel,0.21
2017-05,vodafone,Vodafone,0.28
2017-05,wiko,Wiko,0.28
2017-05,xiaomi,Xiaomi,3.06
2017-05,xolo,Xolo,0.07
2017-05,yu,Yu,0.06
2017-05,zte,ZTE,0.64
2017-06,acer,Acer,0.07
2017-06,ais,AIS,0.29
2017-06,alcatel,Alcatel,0.58
2017-06,apple,Apple,19.35
2017-06,archos,Archos,0.03
2017-06,asus,Asus,1.29
2017-06,avea,Avea,0.02
2017-06,bbk,BBK,1.71
2017-06,blu,Blu,0.08
2017-06,bq,bq,0.1
2017-06,casper,Casper,0.22
2017-06,condor,Condor,0.05
2017-06,coolpad,Coolpad,0.29
2017-06,dtac,dtac,0.08
2017-06,general-mobile,General Mobile,0.8
2017-06,gionee,Gionee,0.48
2017-06,google,Google,0.34
2017-06,hisense,Hisense,0.06
2017-06,hp,HP,0.01
2017-06,htc,HTC,1.46
2017-06,huawei,Huawei,4.48
2017-06,i-mobile,i-Mobile,0.1
2017-06,infinix,Infinix,0.23
2017-06,infocus,InFocus,0.07
2017-06,intex,Intex,0.1
2017-06,itel,Itel,0.13
2017-06,karbonn,Karbonn,0.04
2017-06,kyocera,Kyocera,0.05
2017-06,lanix,Lanix,0.03
2017-06,lava,Lava,0.59
2017-06,leeco,LeEco,0.19
2017-06,lenovo,Lenovo,3.09
2017-06,lg,LG,3.65
2017-06,lyf,Lyf,0.48
2017-06,meizu,Meizu,0.13
2017-06,micromax,Micromax,1.48
2017-06,mobicel,Mobicel,0.62
2017-06,motorola,Motorola,2.11
2017-06,nokia,Nokia,2.5
2017-06,oneplus,OnePlus,0.25
2017-06,oppo,Oppo,2.97
2017-06,other,Other,0.41
2017-06,panasonic,Panasonic,0.19
2017-06,pantech,Pantech,0.01
2017-06,qmobile,QMobile,0.15
2017-06,reliance-digital,Reliance Digital,0.16
2017-06,rim,RIM,0.3
2017-06,samsung,Samsung,33.1
2017-06,sharp,Sharp,0.01
2017-06,smartfren,Smartfren,0.1
2017-06,sony,Sony,1.99
2017-06,spice,Spice,0.04
2017-06,symphony,Symphony,0.03
2017-06,tecno,Tecno,0.28
2017-06,true,True,0.22
2017-06,turkcell,Turkcell,0.19
2017-06,unknown,Unknown,7.37
2017-06,vestel,Vestel,0.21
2017-06,vodafone,Vodafone,0.27
2017-06,wiko,Wiko,0.27
2017-06,xiaomi,Xiaomi,3.28
2017-06,xolo,Xolo,0.07
2017-06,yu,Yu,0.06
2017-06,zte,ZTE,0.66
2017-07,acer,Acer,0.07
2017-07,ais,AIS,0.25
2017-07,alcatel,Alcatel,0.57
2017-07,apple,Apple,18.78
2017-07,archos,Archos,0.03
2017-07,asus,Asus,1.29
2017-07,avea,Avea,0.02
2017-07,bbk,BBK,1.63
2017-07,blu,Blu,0.08
2017-07,bq,bq,0.08
2017-07,casper,Casper,0.23
2017-07,condor,Condor,0.04
2017-07,coolpad,Coolpad,0.3
2017-07,dtac,dtac,0.07
2017-07,general-mobile,General Mobile,0.8
2017-07,gionee,Gionee,0.47
2017-07,google,Google,0.34
2017-07,hisense,Hisense,0.06
2017-07,hp,HP,0.01
2017-07,htc,HTC,1.41
2017-07,huawei,Huawei,4.56
2017-07,i-mobile,i-Mobile,0.08
2017-07,infinix,Infinix,0.23
2017-07,infocus,InFocus,0.06
2017-07,intex,Intex,0.09
2017-07,itel,Itel,0.15
2017-07,karbonn,Karbonn,0.04
2017-07,kyocera,Kyocera,0.05
2017-07,lanix,Lanix,0.03
2017-07,lava,Lava,0.52
2017-07,leeco,LeEco,0.18
2017-07,lenovo,Lenovo,3.09
2017-07,lg,LG,3.69
2017-07,lyf,Lyf,0.43
2017-07,meizu,Meizu,0.13
2017-07,micromax,Micromax,1.37
2017-07,mobicel,Mobicel,0.78
2017-07,motorola,Motorola,2.19
2017-07,nokia,Nokia,2.42
2017-07,oneplus,OnePlus,0.23
2017-07,oppo,Oppo,3.06
2017-07,other,Other,0.41
2017-07,panasonic,Panasonic,0.18
2017-07,pantech,Pantech,0.01
2017-07,qmobile,QMobile,0.18
2017-07,reliance-digital,Reliance Digital,0.14
2017-07,rim,RIM,0.3
2017-07,samsung,Samsung,33.4
2017-07,sharp,Sharp,0.01
2017-07,smartfren,Smartfren,0.12
2017-07,sony,Sony,1.93
2017-07,spice,Spice,0.03
2017-07,symphony,Symphony,0.04
2017-07,tecno,Tecno,0.3
2017-07,true,True,0.23
2017-07,turkcell,Turkcell,0.18
2017-07,unknown,Unknown,7.59
2017-07,vestel,Vestel,0.22
2017-07,vodafone,Vodafone,0.27
2017-07,wiko,Wiko,0.25
2017-07,xiaomi,Xiaomi,3.55
2017-07,xolo,Xolo,0.07
2017-07,yu,Yu,0.05
2017-07,zte,ZTE,0.64
2017-08,acer,Acer,0.06
2017-08,ais,AIS,0.22
2017-08,alcatel,Alcatel,0.58
2017-08,apple,Apple,20.32
2017-08,archos,Archos,0.03
2017-08,asus,Asus,1.2
2017-08,avea,Avea,0.02
2017-08,bbk,BBK,1.51
2017-08,blu,Blu,0.08
2017-08,bq,bq,0.1
2017-08,casper,Casper,0.24
2017-08,condor,Condor,0.04
2017-08,coolpad,Coolpad,0.28
2017-08,dtac,dtac,0.06
2017-08,general-mobile,General Mobile,0.8
2017-08,gionee,Gionee,0.44
2017-08,google,Google,0.33
2017-08,hisense,Hisense,0.06
2017-08,hp,HP,0.01
2017-08,htc,HTC,1.38
2017-08,huawei,Huawei,4.7
2017-08,i-mobile,i-Mobile,0.08
2017-08,infinix,Infinix,0.23
2017-08,infocus,InFocus,0.06
2017-08,intex,Intex,0.09
2017-08,itel,Itel,0.16
2017-08,karbonn,Karbonn,0.04
2017-08,kyocera,Kyocera,0.05
2017-08,lanix,Lanix,0.04
2017-08,lava,Lava,0.48
2017-08,leeco,LeEco,0.17
2017-08,lenovo,Lenovo,2.91
2017-08,lg,LG,3.82
2017-08,lyf,Lyf,0.37
2017-08,meizu,Meizu,0.12
2017-08,micromax,Micromax,1.23
2017-08,mobicel,Mobicel,0.9
2017-08,motorola,Motorola,2.29
2017-08,nokia,Nokia,2.2
2017-08,oneplus,OnePlus,0.23
2017-08,oppo,Oppo,2.98
2017-08,other,Other,0.42
2017-08,panasonic,Panasonic,0.16
2017-08,pantech,Pantech,0.01
2017-08,qmobile,QMobile,0.17
2017-08,reliance-digital,Reliance Digital,0.12
2017-08,rim,RIM,0.28
2017-08,samsung,Samsung,33.12
2017-08,sharp,Sharp,0.01
2017-08,smartfren,Smartfren,0.11
2017-08,sony,Sony,1.86
2017-08,spice,Spice,0.03
2017-08,symphony,Symphony,0.03
2017-08,tecno,Tecno,0.31
2017-08,true,True,0.21
2017-08,turkcell,Turkcell,0.18
2017-08,unknown,Unknown,6.97
2017-08,vestel,Vestel,0.22
2017-08,vodafone,Vodafone,0.28
2017-08,wiko,Wiko,0.25
2017-08,xiaomi,Xiaomi,3.58
2017-08,xolo,Xolo,0.06
2017-08,yu,Yu,0.04
2017-08,zte,ZTE,0.66
2017-09,acer,Acer,0.06
2017-09,ais,AIS,0.22
2017-09,alcatel,Alcatel,0.61
2017-09,apple,Apple,19.37
2017-09,archos,Archos,0.03
2017-09,asus,Asus,1.21
2017-09,avea,Avea,0.02
2017-09,bbk,BBK,1.39
2017-09,blu,Blu,0.09
2017-09,bq,bq,0.11
2017-09,casper,Casper,0.24
2017-09,condor,Condor,0.04
2017-09,coolpad,Coolpad,0.25
2017-09,dtac,dtac,0.06
2017-09,general-mobile,General Mobile,0.79
2017-09,gionee,Gionee,0.41
2017-09,google,Google,0.31
2017-09,hisense,Hisense,0.06
2017-09,hp,HP,0.01
2017-09,htc,HTC,1.35
2017-09,huawei,Huawei,4.85
2017-09,i-mobile,i-Mobile,0.07
2017-09,infinix,Infinix,0.25
2017-09,infocus,InFocus,0.06
2017-09,intex,Intex,0.08
2017-09,itel,Itel,0.17
2017-09,karbonn,Karbonn,0.04
2017-09,kyocera,Kyocera,0.04
2017-09,lanix,Lanix,0.05
2017-09,lava,Lava,0.47
2017-09,leeco,LeEco,0.15
2017-09,lenovo,Lenovo,2.86
2017-09,lg,LG,3.82
2017-09,lyf,Lyf,0.34
2017-09,meizu,Meizu,0.11
2017-09,micromax,Micromax,1.17
2017-09,mobicel,Mobicel,0.97
2017-09,motorola,Motorola,2.31
2017-09,nokia,Nokia,2.07
2017-09,oneplus,OnePlus,0.24
2017-09,oppo,Oppo,3.02
2017-09,other,Other,0.44
2017-09,panasonic,Panasonic,0.15
2017-09,pantech,Pantech,0.01
2017-09,qmobile,QMobile,0.17
2017-09,reliance-digital,Reliance Digital,0.11
2017-09,rim,RIM,0.27
2017-09,samsung,Samsung,33.71
2017-09,sharp,Sharp,0.01
2017-09,smartfren,Smartfren,0.13
2017-09,sony,Sony,1.88
2017-09,spice,Spice,0.03
2017-09,symphony,Symphony,0.03
2017-09,tecno,Tecno,0.34
2017-09,true,True,0.21
2017-09,turkcell,Turkcell,0.17
2017-09,unknown,Unknown,7.42
2017-09,vestel,Vestel,0.23
2017-09,vodafone,Vodafone,0.29
2017-09,wiko,Wiko,0.26
2017-09,xiaomi,Xiaomi,3.59
2017-09,xolo,Xolo,0.06
2017-09,yu,Yu,0.04
2017-09,zte,ZTE,0.66
2017-10,acer,Acer,0.06
2017-10,ais,AIS,0.22
2017-10,alcatel,Alcatel,0.56
2017-10,apple,Apple,19.99
2017-10,archos,Archos,0.03
2017-10,asus,Asus,1.16
2017-10,avea,Avea,0.01
2017-10,bbk,BBK,1.4
2017-10,blu,Blu,0.08
2017-10,bq,bq,0.12
2017-10,casper,Casper,0.19
2017-10,condor,Condor,0.03
2017-10,coolpad,Coolpad,0.26
2017-10,dtac,dtac,0.07
2017-10,general-mobile,General Mobile,0.6
2017-10,gionee,Gionee,0.41
2017-10,google,Google,0.32
2017-10,hisense,Hisense,0.06
2017-10,hp,HP,0.01
2017-10,htc,HTC,1.24
2017-10,huawei,Huawei,5.06
2017-10,i-mobile,i-Mobile,0.07
2017-10,infinix,Infinix,0.25
2017-10,infocus,InFocus,0.06
2017-10,intex,Intex,0.09
2017-10,itel,Itel,0.17
2017-10,karbonn,Karbonn,0.05
2017-10,kyocera,Kyocera,0.04
2017-10,lanix,Lanix,0.04
2017-10,lava,Lava,0.49
2017-10,leeco,LeEco,0.15
2017-10,lenovo,Lenovo,2.79
2017-10,lg,LG,3.58
2017-10,lyf,Lyf,0.31
2017-10,meizu,Meizu,0.12
2017-10,micromax,Micromax,1.14
2017-10,mobicel,Mobicel,1.17
2017-10,motorola,Motorola,2.41
2017-10,nokia,Nokia,2.09
2017-10,oneplus,OnePlus,0.32
2017-10,oppo,Oppo,3.28
2017-10,other,Other,0.43
2017-10,panasonic,Panasonic,0.15
2017-10,pantech,Pantech,0.01
2017-10,qmobile,QMobile,0.16
2017-10,reliance-digital,Reliance Digital,0.11
2017-10,rim,RIM,0.26
2017-10,samsung,Samsung,32.63
2017-10,sharp,Sharp,0.01
2017-10,smartfren,Smartfren,0.1
2017-10,sony,Sony,1.82
2017-10,spice,Spice,0.03
2017-10,symphony,Symphony,0.03
2017-10,tecno,Tecno,0.37
2017-10,true,True,0.22
2017-10,turkcell,Turkcell,0.13
2017-10,unknown,Unknown,7.48
2017-10,vestel,Vestel,0.19
2017-10,vodafone,Vodafone,0.26
2017-10,wiko,Wiko,0.29
2017-10,xiaomi,Xiaomi,4
2017-10,xolo,Xolo,0.06
2017-10,yu,Yu,0.04
2017-10,zte,ZTE,0.64
2017-11,acer,Acer,0.05
2017-11,ais,AIS,0.2
2017-11,alcatel,Alcatel,0.49
2017-11,apple,Apple,20.34
2017-11,archos,Archos,0.03
2017-11,asus,Asus,1.13
2017-11,avea,Avea,0.01
2017-11,bbk,BBK,1.38
2017-11,blu,Blu,0.08
2017-11,bq,bq,0.13
2017-11,casper,Casper,0.18
2017-11,condor,Condor,0.03
2017-11,coolpad,Coolpad,0.27
2017-11,dtac,dtac,0.07
2017-11,general-mobile,General Mobile,0.58
2017-11,gionee,Gionee,0.44
2017-11,google,Google,0.34
2017-11,hisense,Hisense,0.05
2017-11,hp,HP,0.01
2017-11,htc,HTC,1.23
2017-11,huawei,Huawei,5.06
2017-11,i-mobile,i-Mobile,0.07
2017-11,infinix,Infinix,0.25
2017-11,infocus,InFocus,0.07
2017-11,intex,Intex,0.1
2017-11,itel,Itel,0.18
2017-11,karbonn,Karbonn,0.06
2017-11,kyocera,Kyocera,0.04
2017-11,lanix,Lanix,0.03
2017-11,lava,Lava,0.5
2017-11,leeco,LeEco,0.16
2017-11,lenovo,Lenovo,2.86
2017-11,lg,LG,3.52
2017-11,lyf,Lyf,0.33
2017-11,meizu,Meizu,0.12
2017-11,micromax,Micromax,1.21
2017-11,mobicel,Mobicel,1.33
2017-11,motorola,Motorola,2.54
2017-11,nokia,Nokia,1.96
2017-11,oneplus,OnePlus,0.32
2017-11,oppo,Oppo,3.34
2017-11,other,Other,0.42
2017-11,panasonic,Panasonic,0.16
2017-11,pantech,Pantech,0.01
2017-11,qmobile,QMobile,0.15
2017-11,reliance-digital,Reliance Digital,0.11
2017-11,rim,RIM,0.22
2017-11,samsung,Samsung,31.88
2017-11,sharp,Sharp,0.01
2017-11,smartfren,Smartfren,0.08
2017-11,sony,Sony,1.78
2017-11,spice,Spice,0.04
2017-11,symphony,Symphony,0.03
2017-11,tecno,Tecno,0.37
2017-11,true,True,0.21
2017-11,turkcell,Turkcell,0.13
2017-11,unknown,Unknown,7.46
2017-11,vestel,Vestel,0.19
2017-11,vodafone,Vodafone,0.22
2017-11,wiko,Wiko,0.28
2017-11,xiaomi,Xiaomi,4.38
2017-11,xolo,Xolo,0.06
2017-11,yu,Yu,0.05
2017-11,zte,ZTE,0.63
2017-12,acer,Acer,0.05
2017-12,ais,AIS,0.18
2017-12,alcatel,Alcatel,0.46
2017-12,apple,Apple,19.91
2017-12,archos,Archos,0.03
2017-12,asus,Asus,1.13
2017-12,avea,Avea,0.01
2017-12,bbk,BBK,1.4
2017-12,blu,Blu,0.07
2017-12,bq,bq,0.12
2017-12,casper,Casper,0.18
2017-12,condor,Condor,0.04
2017-12,coolpad,Coolpad,0.28
2017-12,dtac,dtac,0.07
2017-12,general-mobile,General Mobile,0.56
2017-12,gionee,Gionee,0.45
2017-12,google,Google,0.4
2017-12,hisense,Hisense,0.05
2017-12,hp,HP,0.01
2017-12,htc,HTC,1.19
2017-12,huawei,Huawei,4.96
2017-12,i-mobile,i-Mobile,0.06
2017-12,infinix,Infinix,0.26
2017-12,infocus,InFocus,0.07
2017-12,intex,Intex,0.11
2017-12,itel,Itel,0.19
2017-12,karbonn,Karbonn,0.08
2017-12,kyocera,Kyocera,0.04
2017-12,lanix,Lanix,0.03
2017-12,lava,Lava,0.51
2017-12,leeco,LeEco,0.17
2017-12,lenovo,Lenovo,2.94
2017-12,lg,LG,3.48
2017-12,lyf,Lyf,0.33
2017-12,meizu,Meizu,0.12
2017-12,micromax,Micromax,1.26
2017-12,mobicel,Mobicel,1.49
2017-12,motorola,Motorola,2.55
2017-12,nokia,Nokia,2
2017-12,oneplus,OnePlus,0.25
2017-12,oppo,Oppo,3.42
2017-12,other,Other,0.42
2017-12,panasonic,Panasonic,0.17
2017-12,pantech,Pantech,0.01
2017-12,qmobile,QMobile,0.13
2017-12,reliance-digital,Reliance Digital,0.12
2017-12,rim,RIM,0.2
2017-12,samsung,Samsung,31.65
2017-12,sharp,Sharp,0.01
2017-12,smartfren,Smartfren,0.09
2017-12,sony,Sony,1.71
2017-12,spice,Spice,0.04
2017-12,symphony,Symphony,0.03
2017-12,tecno,Tecno,0.37
2017-12,true,True,0.18
2017-12,turkcell,Turkcell,0.12
2017-12,unknown,Unknown,7.68
2017-12,vestel,Vestel,0.2
2017-12,vodafone,Vodafone,0.21
2017-12,wiko,Wiko,0.26
2017-12,xiaomi,Xiaomi,4.75
2017-12,xolo,Xolo,0.06
2017-12,yu,Yu,0.05
2017-12,zte,ZTE,0.63
2018-01,acer,Acer,0.05
2018-01,ais,AIS,0.15
2018-01,alcatel,Alcatel,0.46
2018-01,apple,Apple,19.64
2018-01,archos,Archos,0.03
2018-01,asus,Asus,1.1
2018-01,avea,Avea,0.01
2018-01,bbk,BBK,1.35
2018-01,blu,Blu,0.08
2018-01,bq,bq,0.12
2018-01,casper,Casper,0.18
2018-01,condor,Condor,0.04
2018-01,coolpad,Coolpad,0.27
2018-01,dtac,dtac,0.06
2018-01,general-mobile,General Mobile,0.56
2018-01,gionee,Gionee,0.46
2018-01,google,Google,0.43
2018-01,hisense,Hisense,0.05
2018-01,hp,HP,0.01
2018-01,htc,HTC,1.12
2018-01,huawei,Huawei,5.26
2018-01,i-mobile,i-Mobile,0.06
2018-01,infinix,Infinix,0.26
2018-01,infocus,InFocus,0.07
2018-01,intex,Intex,0.11
2018-01,itel,Itel,0.2
2018-01,karbonn,Karbonn,0.08
2018-01,kyocera,Kyocera,0.04
2018-01,lanix,Lanix,0.03
2018-01,lava,Lava,0.49
2018-01,leeco,LeEco,0.16
2018-01,lenovo,Lenovo,2.87
2018-01,lg,LG,3.48
2018-01,lyf,Lyf,0.32
2018-01,meizu,Meizu,0.12
2018-01,micromax,Micromax,1.24
2018-01,mobicel,Mobicel,1.62
2018-01,motorola,Motorola,2.64
2018-01,nokia,Nokia,2.04
2018-01,oneplus,OnePlus,0.19
2018-01,oppo,Oppo,3.45
2018-01,other,Other,0.42
2018-01,panasonic,Panasonic,0.17
2018-01,pantech,Pantech,0.01
2018-01,qmobile,QMobile,0.13
2018-01,reliance-digital,Reliance Digital,0.11
2018-01,rim,RIM,0.18
2018-01,samsung,Samsung,31.81
2018-01,sharp,Sharp,0.02
2018-01,smartfren,Smartfren,0.08
2018-01,sony,Sony,1.71
2018-01,spice,Spice,0.04
2018-01,symphony,Symphony,0.03
2018-01,tecno,Tecno,0.38
2018-01,true,True,0.15
2018-01,turkcell,Turkcell,0.12
2018-01,unknown,Unknown,7.52
2018-01,vestel,Vestel,0.2
2018-01,vodafone,Vodafone,0.21
2018-01,wiko,Wiko,0.26
2018-01,xiaomi,Xiaomi,4.85
2018-01,xolo,Xolo,0.07
2018-01,yu,Yu,0.05
2018-01,zte,ZTE,0.62
2018-02,acer,Acer,0.05
2018-02,ais,AIS,0.15
2018-02,alcatel,Alcatel,0.45
2018-02,apple,Apple,20.15
2018-02,archos,Archos,0.02
2018-02,asus,Asus,1.15
2018-02,avea,Avea,0.01
2018-02,bbk,BBK,1.28
2018-02,blu,Blu,0.07
2018-02,bq,bq,0.11
2018-02,casper,Casper,0.17
2018-02,condor,Condor,0.04
2018-02,coolpad,Coolpad,0.26
2018-02,dtac,dtac,0.06
2018-02,general-mobile,General Mobile,0.53
2018-02,gionee,Gionee,0.42
2018-02,google,Google,0.41
2018-02,hisense,Hisense,0.06
2018-02,hp,HP,0.01
2018-02,htc,HTC,1.06
2018-02,huawei,Huawei,5.46
2018-02,i-mobile,i-Mobile,0.05
2018-02,infinix,Infinix,0.25
2018-02,infocus,InFocus,0.06
2018-02,intex,Intex,0.1
2018-02,itel,Itel,0.18
2018-02,karbonn,Karbonn,0.07
2018-02,kyocera,Kyocera,0.03
2018-02,lanix,Lanix,0.03
2018-02,lava,Lava,0.47
2018-02,leeco,LeEco,0.16
2018-02,lenovo,Lenovo,2.75
2018-02,lg,LG,3.47
2018-02,lyf,Lyf,0.28
2018-02,meizu,Meizu,0.12
2018-02,micromax,Micromax,1.05
2018-02,mobicel,Mobicel,1.71
2018-02,motorola,Motorola,2.59
2018-02,nokia,Nokia,1.71
2018-02,oneplus,OnePlus,0.15
2018-02,oppo,Oppo,3.59
2018-02,other,Other,0.41
2018-02,panasonic,Panasonic,0.15
2018-02,pantech,Pantech,0.01
2018-02,qmobile,QMobile,0.14
2018-02,reliance-digital,Reliance Digital,0.09
2018-02,rim,RIM,0.17
2018-02,samsung,Samsung,31.94
2018-02,sharp,Sharp,0.01
2018-02,smartfren,Smartfren,0.1
2018-02,sony,Sony,1.64
2018-02,spice,Spice,0.03
2018-02,symphony,Symphony,0.04
2018-02,tecno,Tecno,0.38
2018-02,true,True,0.15
2018-02,turkcell,Turkcell,0.11
2018-02,unknown,Unknown,7.34
2018-02,vestel,Vestel,0.19
2018-02,vodafone,Vodafone,0.2
2018-02,wiko,Wiko,0.26
2018-02,xiaomi,Xiaomi,5.11
2018-02,xolo,Xolo,0.07
2018-02,yu,Yu,0.04
2018-02,zte,ZTE,0.62
2018-03,acer,Acer,0.05
2018-03,ais,AIS,0.13
2018-03,alcatel,Alcatel,0.49
2018-03,apple,Apple,20.83
2018-03,archos,Archos,0.03
2018-03,asus,Asus,1.08
2018-03,avea,Avea,0.01
2018-03,bbk,BBK,1.22
2018-03,blu,Blu,0.08
2018-03,bq,bq,0.13
2018-03,casper,Casper,0.12
2018-03,condor,Condor,0.05
2018-03,coolpad,Coolpad,0.25
2018-03,dtac,dtac,0.06
2018-03,general-mobile,General Mobile,0.38
2018-03,gionee,Gionee,0.42
2018-03,google,Google,0.44
2018-03,hisense,Hisense,0.06
2018-03,hp,HP,0.01
2018-03,htc,HTC,1.03
2018-03,huawei,Huawei,5.82
2018-03,i-mobile,i-Mobile,0.05
2018-03,infinix,Infinix,0.26
2018-03,infocus,InFocus,0.05
2018-03,intex,Intex,0.1
2018-03,itel,Itel,0.21
2018-03,karbonn,Karbonn,0.07
2018-03,kyocera,Kyocera,0.03
2018-03,lanix,Lanix,0.03
2018-03,lava,Lava,0.44
2018-03,leeco,LeEco,0.15
2018-03,lenovo,Lenovo,2.6
2018-03,lg,LG,3.27
2018-03,lyf,Lyf,0.27
2018-03,meizu,Meizu,0.11
2018-03,micromax,Micromax,1.04
2018-03,mobicel,Mobicel,1.75
2018-03,motorola,Motorola,2.66
2018-03,nokia,Nokia,1.6
2018-03,oneplus,OnePlus,0.16
2018-03,oppo,Oppo,3.4
2018-03,other,Other,0.42
2018-03,panasonic,Panasonic,0.15
2018-03,pantech,Pantech,0.01
2018-03,qmobile,QMobile,0.16
2018-03,reliance-digital,Reliance Digital,0.09
2018-03,rim,RIM,0.16
2018-03,samsung,Samsung,31.14
2018-03,sharp,Sharp,0.01
2018-03,smartfren,Smartfren,0.1
2018-03,sony,Sony,1.6
2018-03,spice,Spice,0.03
2018-03,symphony,Symphony,0.05
2018-03,tecno,Tecno,0.42
2018-03,true,True,0.14
2018-03,turkcell,Turkcell,0.08
2018-03,unknown,Unknown,8.19
2018-03,vestel,Vestel,0.14
2018-03,vodafone,Vodafone,0.2
2018-03,wiko,Wiko,0.27
2018-03,xiaomi,Xiaomi,4.97
2018-03,xolo,Xolo,0.08
2018-03,yu,Yu,0.04
2018-03,zte,ZTE,0.61
2018-04,acer,Acer,0.05
2018-04,ais,AIS,0.09
2018-04,alcatel,Alcatel,0.47
2018-04,apple,Apple,19.23
2018-04,archos,Archos,0.03
2018-04,asus,Asus,1.09
2018-04,bbk,BBK,1.29
2018-04,blu,Blu,0.07
2018-04,bq,bq,0.12
2018-04,casper,Casper,0.09
2018-04,condor,Condor,0.05
2018-04,coolpad,Coolpad,0.22
2018-04,dtac,dtac,0.04
2018-04,general-mobile,General Mobile,0.28
2018-04,gionee,Gionee,0.45
2018-04,google,Google,0.44
2018-04,hisense,Hisense,0.07
2018-04,hp,HP,0.01
2018-04,htc,HTC,0.97
2018-04,huawei,Huawei,6.21
2018-04,i-mobile,i-Mobile,0.03
2018-04,infinix,Infinix,0.33
2018-04,infocus,InFocus,0.06
2018-04,intex,Intex,0.11
2018-04,itel,Itel,0.25
2018-04,karbonn,Karbonn,0.07
2018-04,kyocera,Kyocera,0.03
2018-04,lanix,Lanix,0.03
2018-04,lava,Lava,0.39
2018-04,leeco,LeEco,0.16
2018-04,lenovo,Lenovo,2.53
2018-04,lg,LG,3.22
2018-04,lyf,Lyf,0.27
2018-04,meizu,Meizu,0.13
2018-04,micromax,Micromax,1.06
2018-04,mobicel,Mobicel,1.96
2018-04,motorola,Motorola,2.68
2018-04,nokia,Nokia,1.73
2018-04,oneplus,OnePlus,0.16
2018-04,oppo,Oppo,3.97
2018-04,other,Other,0.45
2018-04,panasonic,Panasonic,0.16
2018-04,pantech,Pantech,0.01
2018-04,qmobile,QMobile,0.17
2018-04,reliance-digital,Reliance Digital,0.09
2018-04,rim,RIM,0.16
2018-04,samsung,Samsung,30.76
2018-04,sharp,Sharp,0.02
2018-04,smartfren,Smartfren,0.1
2018-04,sony,Sony,1.57
2018-04,spice,Spice,0.04
2018-04,symphony,Symphony,0.06
2018-04,t-mobile,T-Mobile,0.01
2018-04,tecno,Tecno,0.53
2018-04,true,True,0.09
2018-04,turkcell,Turkcell,0.05
2018-04,unknown,Unknown,7.81
2018-04,vestel,Vestel,0.11
2018-04,vodafone,Vodafone,0.2
2018-04,wiko,Wiko,0.26
2018-04,xiaomi,Xiaomi,6.12
2018-04,xolo,Xolo,0.09
2018-04,yu,Yu,0.04
2018-04,zte,ZTE,0.63
2018-05,acer,Acer,0.04
2018-05,ais,AIS,0.09
2018-05,alcatel,Alcatel,0.47
2018-05,apple,Apple,18.97
2018-05,archos,Archos,0.03
2018-05,asus,Asus,1.01
2018-05,bbk,BBK,1.33
2018-05,blu,Blu,0.06
2018-05,bq,bq,0.11
2018-05,casper,Casper,0.06
2018-05,condor,Condor,0.05
2018-05,coolpad,Coolpad,0.24
2018-05,dtac,dtac,0.04
2018-05,general-mobile,General Mobile,0.21
2018-05,gionee,Gionee,0.49
2018-05,google,Google,0.42
2018-05,hisense,Hisense,0.07
2018-05,hp,HP,0.01
2018-05,htc,HTC,0.93
2018-05,huawei,Huawei,6.58
2018-05,i-mobile,i-Mobile,0.03
2018-05,infinix,Infinix,0.35
2018-05,infocus,InFocus,0.08
2018-05,intex,Intex,0.12
2018-05,itel,Itel,0.3
2018-05,karbonn,Karbonn,0.08
2018-05,kyocera,Kyocera,0.03
2018-05,lanix,Lanix,0.03
2018-05,lava,Lava,0.48
2018-05,leeco,LeEco,0.16
2018-05,lenovo,Lenovo,2.59
2018-05,lg,LG,3.13
2018-05,lyf,Lyf,0.28
2018-05,meizu,Meizu,0.13
2018-05,micromax,Micromax,1.06
2018-05,mobicel,Mobicel,2.22
2018-05,motorola,Motorola,2.81
2018-05,nokia,Nokia,1.52
2018-05,oneplus,OnePlus,0.17
2018-05,oppo,Oppo,4.19
2018-05,other,Other,0.48
2018-05,panasonic,Panasonic,0.17
2018-05,pantech,Pantech,0.01
2018-05,qmobile,QMobile,0.17
2018-05,reliance-digital,Reliance Digital,0.09
2018-05,rim,RIM,0.12
2018-05,samsung,Samsung,30.15
2018-05,sharp,Sharp,0.02
2018-05,smartfren,Smartfren,0.08
2018-05,sony,Sony,1.5
2018-05,spice,Spice,0.03
2018-05,symphony,Symphony,0.06
2018-05,t-mobile,T-Mobile,0.01
2018-05,tecno,Tecno,0.55
2018-05,true,True,0.1
2018-05,turkcell,Turkcell,0.04
2018-05,unknown,Unknown,7.11
2018-05,vestel,Vestel,0.08
2018-05,vodafone,Vodafone,0.18
2018-05,wiko,Wiko,0.27
2018-05,xiaomi,Xiaomi,7.02
2018-05,xolo,Xolo,0.1
2018-05,yu,Yu,0.04
2018-05,zte,ZTE,0.63
2018-06,acer,Acer,0.03
2018-06,ais,AIS,0.08
2018-06,alcatel,Alcatel,0.49
2018-06,apple,Apple,18.91
2018-06,archos,Archos,0.03
2018-06,asus,Asus,0.91
2018-06,bbk,BBK,1.24
2018-06,blu,Blu,0.06
2018-06,bq,bq,0.09
2018-06,casper,Casper,0.08
2018-06,condor,Condor,0.08
2018-06,coolpad,Coolpad,0.22
2018-06,dtac,dtac,0.04
2018-06,general-mobile,General Mobile,0.26
2018-06,gionee,Gionee,0.46
2018-06,google,Google,0.43
2018-06,hisense,Hisense,0.06
2018-06,hp,HP,0.01
2018-06,htc,HTC,0.91
2018-06,huawei,Huawei,7.01
2018-06,i-mobile,i-Mobile,0.03
2018-06,infinix,Infinix,0.36
2018-06,infocus,InFocus,0.08
2018-06,intex,Intex,0.1
2018-06,itel,Itel,0.31
2018-06,karbonn,Karbonn,0.07
2018-06,kyocera,Kyocera,0.03
2018-06,lanix,Lanix,0.03
2018-06,lava,Lava,0.52
2018-06,leeco,LeEco,0.15
2018-06,lenovo,Lenovo,2.45
2018-06,lg,LG,3.23
2018-06,lyf,Lyf,0.24
2018-06,meizu,Meizu,0.13
2018-06,micromax,Micromax,0.91
2018-06,mobicel,Mobicel,2.28
2018-06,motorola,Motorola,2.88
2018-06,nokia,Nokia,1.44
2018-06,oneplus,OnePlus,0.15
2018-06,oppo,Oppo,4.12
2018-06,other,Other,0.52
2018-06,panasonic,Panasonic,0.16
2018-06,pantech,Pantech,0.01
2018-06,qmobile,QMobile,0.23
2018-06,reliance-digital,Reliance Digital,0.07
2018-06,rim,RIM,0.11
2018-06,samsung,Samsung,30.66
2018-06,sharp,Sharp,0.02
2018-06,smartfren,Smartfren,0.05
2018-06,sony,Sony,1.46
2018-06,spice,Spice,0.03
2018-06,symphony,Symphony,0.06
2018-06,t-mobile,T-Mobile,0.01
2018-06,tecno,Tecno,0.51
2018-06,true,True,0.1
2018-06,turkcell,Turkcell,0.05
2018-06,unknown,Unknown,6.68
2018-06,vestel,Vestel,0.1
2018-06,vodafone,Vodafone,0.16
2018-06,wiko,Wiko,0.27
2018-06,xiaomi,Xiaomi,7.02
2018-06,xolo,Xolo,0.1
2018-06,yu,Yu,0.04
2018-06,zte,ZTE,0.64
2018-07,acer,Acer,0.03
2018-07,ais,AIS,0.08
2018-07,alcatel,Alcatel,0.62
2018-07,apple,Apple,19.4
2018-07,archos,Archos,0.02
2018-07,asus,Asus,0.91
2018-07,bbk,BBK,1.19
2018-07,blu,Blu,0.06
2018-07,bq,bq,0.08
2018-07,casper,Casper,0.09
2018-07,condor,Condor,0.06
2018-07,coolpad,Coolpad,0.2
2018-07,dtac,dtac,0.04
2018-07,general-mobile,General Mobile,0.29
2018-07,gionee,Gionee,0.43
2018-07,google,Google,0.43
2018-07,hisense,Hisense,0.07
2018-07,hp,HP,0.01
2018-07,htc,HTC,0.88
2018-07,huawei,Huawei,7.15
2018-07,i-mobile,i-Mobile,0.03
2018-07,infinix,Infinix,0.33
2018-07,infocus,InFocus,0.08
2018-07,intex,Intex,0.09
2018-07,itel,Itel,0.29
2018-07,karbonn,Karbonn,0.07
2018-07,kyocera,Kyocera,0.03
2018-07,lanix,Lanix,0.03
2018-07,lava,Lava,0.51
2018-07,leeco,LeEco,0.14
2018-07,lenovo,Lenovo,2.3
2018-07,lg,LG,3.26
2018-07,lyf,Lyf,0.22
2018-07,meizu,Meizu,0.13
2018-07,micromax,Micromax,0.8
2018-07,mobicel,Mobicel,2.45
2018-07,motorola,Motorola,2.81
2018-07,nokia,Nokia,1.33
2018-07,oneplus,OnePlus,0.16
2018-07,oppo,Oppo,4.23
2018-07,other,Other,0.48
2018-07,panasonic,Panasonic,0.15
2018-07,pantech,Pantech,0.01
2018-07,qmobile,QMobile,0.21
2018-07,reliance-digital,Reliance Digital,0.07
2018-07,rim,RIM,0.1
2018-07,samsung,Samsung,30.7
2018-07,sharp,Sharp,0.02
2018-07,smartfren,Smartfren,0.05
2018-07,sony,Sony,1.42
2018-07,spice,Spice,0.03
2018-07,symphony,Symphony,0.06
2018-07,t-mobile,T-Mobile,0.01
2018-07,tecno,Tecno,0.47
2018-07,true,True,0.1
2018-07,turkcell,Turkcell,0.05
2018-07,unknown,Unknown,6.14
2018-07,vestel,Vestel,0.11
2018-07,vodafone,Vodafone,0.15
2018-07,wiko,Wiko,0.28
2018-07,xiaomi,Xiaomi,7.34
2018-07,xolo,Xolo,0.1
2018-07,yu,Yu,0.04
2018-07,zte,ZTE,0.61
2018-08,acer,Acer,0.03
2018-08,ais,AIS,0.1
2018-08,alcatel,Alcatel,0.61
2018-08,apple,Apple,20.45
2018-08,archos,Archos,0.02
2018-08,asus,Asus,0.94
2018-08,bbk,BBK,1.06
2018-08,blu,Blu,0.06
2018-08,bq,bq,0.09
2018-08,casper,Casper,0.13
2018-08,condor,Condor,0.06
2018-08,coolpad,Coolpad,0.17
2018-08,dtac,dtac,0.05
2018-08,general-mobile,General Mobile,0.42
2018-08,gionee,Gionee,0.39
2018-08,google,Google,0.43
2018-08,hisense,Hisense,0.06
2018-08,hp,HP,0.01
2018-08,htc,HTC,0.9
2018-08,huawei,Huawei,7.1
2018-08,i-mobile,i-Mobile,0.03
2018-08,infinix,Infinix,0.32
2018-08,infocus,InFocus,0.07
2018-08,intex,Intex,0.08
2018-08,itel,Itel,0.27
2018-08,karbonn,Karbonn,0.06
2018-08,kyocera,Kyocera,0.03
2018-08,lanix,Lanix,0.03
2018-08,lava,Lava,0.52
2018-08,leeco,LeEco,0.13
2018-08,lenovo,Lenovo,2.09
2018-08,lg,LG,3.2
2018-08,lyf,Lyf,0.2
2018-08,meizu,Meizu,0.11
2018-08,micromax,Micromax,0.69
2018-08,mobicel,Mobicel,2.46
2018-08,motorola,Motorola,2.68
2018-08,nokia,Nokia,1.29
2018-08,oneplus,OnePlus,0.31
2018-08,oppo,Oppo,4.14
2018-08,other,Other,0.44
2018-08,panasonic,Panasonic,0.13
2018-08,pantech,Pantech,0.01
2018-08,qmobile,QMobile,0.19
2018-08,reliance-digital,Reliance Digital,0.06
2018-08,rim,RIM,0.09
2018-08,samsung,Samsung,30.9
2018-08,sharp,Sharp,0.02
2018-08,smartfren,Smartfren,0.04
2018-08,sony,Sony,1.4
2018-08,spice,Spice,0.03
2018-08,symphony,Symphony,0.05
2018-08,t-mobile,T-Mobile,0.01
2018-08,tecno,Tecno,0.46
2018-08,true,True,0.14
2018-08,turkcell,Turkcell,0.07
2018-08,unknown,Unknown,5.66
2018-08,vestel,Vestel,0.16
2018-08,vodafone,Vodafone,0.16
2018-08,wiko,Wiko,0.33
2018-08,xiaomi,Xiaomi,7.12
2018-08,xolo,Xolo,0.09
2018-08,yu,Yu,0.03
2018-08,zte,ZTE,0.59
2018-09,acer,Acer,0.03
2018-09,ais,AIS,0.11
2018-09,alcatel,Alcatel,0.58
2018-09,apple,Apple,20.66
2018-09,archos,Archos,0.02
2018-09,asus,Asus,0.97
2018-09,bbk,BBK,1.03
2018-09,blu,Blu,0.05
2018-09,bq,bq,0.11
2018-09,casper,Casper,0.09
2018-09,condor,Condor,0.06
2018-09,coolpad,Coolpad,0.17
2018-09,dtac,dtac,0.05
2018-09,general-mobile,General Mobile,0.3
2018-09,gionee,Gionee,0.38
2018-09,google,Google,0.45
2018-09,hisense,Hisense,0.06
2018-09,hp,HP,0.01
2018-09,htc,HTC,0.84
2018-09,huawei,Huawei,7.57
2018-09,i-mobile,i-Mobile,0.04
2018-09,infinix,Infinix,0.34
2018-09,infocus,InFocus,0.08
2018-09,intex,Intex,0.08
2018-09,itel,Itel,0.27
2018-09,karbonn,Karbonn,0.06
2018-09,kyocera,Kyocera,0.03
2018-09,lanix,Lanix,0.03
2018-09,lava,Lava,0.55
2018-09,leeco,LeEco,0.12
2018-09,lenovo,Lenovo,2.06
2018-09,lg,LG,3.11
2018-09,lyf,Lyf,0.19
2018-09,meizu,Meizu,0.1
2018-09,micromax,Micromax,0.68
2018-09,mobicel,Mobicel,2.63
2018-09,motorola,Motorola,2.67
2018-09,nokia,Nokia,1.24
2018-09,oneplus,OnePlus,0.45
2018-09,oppo,Oppo,4.35
2018-09,other,Other,0.45
2018-09,panasonic,Panasonic,0.13
2018-09,pantech,Pantech,0.01
2018-09,qmobile,QMobile,0.18
2018-09,reliance-digital,Reliance Digital,0.06
2018-09,rim,RIM,0.08
2018-09,samsung,Samsung,30.8
2018-09,sharp,Sharp,0.02
2018-09,smartfren,Smartfren,0.03
2018-09,sony,Sony,1.36
2018-09,spice,Spice,0.03
2018-09,symphony,Symphony,0.05
2018-09,t-mobile,T-Mobile,0.01
2018-09,tecno,Tecno,0.48
2018-09,true,True,0.16
2018-09,turkcell,Turkcell,0.05
2018-09,unknown,Unknown,4.76
2018-09,vestel,Vestel,0.12
2018-09,vodafone,Vodafone,0.14
2018-09,wiko,Wiko,0.41
2018-09,xiaomi,Xiaomi,7.39
2018-09,xolo,Xolo,0.09
2018-09,yu,Yu,0.03
2018-09,zte,ZTE,0.57
2018-10,acer,Acer,0.03
2018-10,ais,AIS,0.09
2018-10,alcatel,Alcatel,0.58
2018-10,apple,Apple,22.34
2018-10,archos,Archos,0.02
2018-10,asus,Asus,0.93
2018-10,bbk,BBK,0.93
2018-10,blu,Blu,0.05
2018-10,bq,bq,0.1
2018-10,casper,Casper,0.1
2018-10,condor,Condor,0.06
2018-10,coolpad,Coolpad,0.16
2018-10,dtac,dtac,0.04
2018-10,general-mobile,General Mobile,0.33
2018-10,gionee,Gionee,0.34
2018-10,google,Google,0.48
2018-10,hisense,Hisense,0.06
2018-10,hp,HP,0.01
2018-10,htc,HTC,0.83
2018-10,huawei,Huawei,7.37
2018-10,i-mobile,i-Mobile,0.03
2018-10,infinix,Infinix,0.34
2018-10,infocus,InFocus,0.07
2018-10,intex,Intex,0.08
2018-10,itel,Itel,0.27
2018-10,karbonn,Karbonn,0.05
2018-10,kyocera,Kyocera,0.03
2018-10,lanix,Lanix,0.03
2018-10,lava,Lava,0.5
2018-10,leeco,LeEco,0.11
2018-10,lenovo,Lenovo,2
2018-10,lg,LG,3.12
2018-10,lyf,Lyf,0.17
2018-10,meizu,Meizu,0.1
2018-10,micromax,Micromax,0.67
2018-10,mobicel,Mobicel,2.69
2018-10,motorola,Motorola,2.78
2018-10,nokia,Nokia,1.25
2018-10,oneplus,OnePlus,0.45
2018-10,oppo,Oppo,4.14
2018-10,other,Other,0.42
2018-10,panasonic,Panasonic,0.12
2018-10,pantech,Pantech,0.01
2018-10,qmobile,QMobile,0.16
2018-10,reliance-digital,Reliance Digital,0.05
2018-10,rim,RIM,0.07
2018-10,samsung,Samsung,30.07
2018-10,sharp,Sharp,0.02
2018-10,smartfren,Smartfren,0.03
2018-10,sony,Sony,1.29
2018-10,spice,Spice,0.03
2018-10,symphony,Symphony,0.05
2018-10,t-mobile,T-Mobile,0.01
2018-10,tecno,Tecno,0.45
2018-10,true,True,0.14
2018-10,turkcell,Turkcell,0.05
2018-10,unknown,Unknown,4.81
2018-10,vestel,Vestel,0.13
2018-10,vodafone,Vodafone,0.13
2018-10,wiko,Wiko,0.36
2018-10,xiaomi,Xiaomi,7.26
2018-10,xolo,Xolo,0.08
2018-10,yu,Yu,0.03
2018-10,zte,ZTE,0.52
2018-11,acer,Acer,0.02
2018-11,ais,AIS,0.08
2018-11,alcatel,Alcatel,0.37
2018-11,apple,Apple,24.44
2018-11,archos,Archos,0.02
2018-11,asus,Asus,0.67
2018-11,bbk,BBK,0.85
2018-11,blu,Blu,0.04
2018-11,bq,bq,0.06
2018-11,casper,Casper,0.04
2018-11,condor,Condor,0.07
2018-11,coolpad,Coolpad,0.16
2018-11,dtac,dtac,0.03
2018-11,general-mobile,General Mobile,0.33
2018-11,gionee,Gionee,0.35
2018-11,google,Google,0.51
2018-11,hisense,Hisense,0.04
2018-11,hp,HP,0.01
2018-11,htc,HTC,0.83
2018-11,huawei,Huawei,6.31
2018-11,i-mobile,i-Mobile,0.02
2018-11,infinix,Infinix,0.3
2018-11,infocus,InFocus,0.06
2018-11,intex,Intex,0.09
2018-11,itel,Itel,0.3
2018-11,karbonn,Karbonn,0.06
2018-11,kyocera,Kyocera,0.02
2018-11,lanix,Lanix,0.02
2018-11,lava,Lava,0.53
2018-11,leeco,LeEco,0.09
2018-11,lenovo,Lenovo,2.15
2018-11,lg,LG,3.07
2018-11,lyf,Lyf,0.17
2018-11,meizu,Meizu,0.08
2018-11,micromax,Micromax,0.76
2018-11,mobicel,Mobicel,3.42
2018-11,motorola,Motorola,3.02
2018-11,nintendo,Nintendo,0.01
2018-11,nokia,Nokia,1.29
2018-11,oneplus,OnePlus,0.34
2018-11,oppo,Oppo,4.23
2018-11,other,Other,0.33
2018-11,panasonic,Panasonic,0.13
2018-11,qmobile,QMobile,0.14
2018-11,reliance-digital,Reliance Digital,0.05
2018-11,rim,RIM,0.07
2018-11,samsung,Samsung,28.34
2018-11,sharp,Sharp,0.01
2018-11,smartfren,Smartfren,0.03
2018-11,sony,Sony,0.84
2018-11,spice,Spice,0.04
2018-11,symphony,Symphony,0.05
2018-11,t-mobile,T-Mobile,0.01
2018-11,tecno,Tecno,0.47
2018-11,true,True,0.1
2018-11,turkcell,Turkcell,0.06
2018-11,unknown,Unknown,5.27
2018-11,vestel,Vestel,0.07
2018-11,vodafone,Vodafone,0.11
2018-11,wiko,Wiko,0.27
2018-11,xiaomi,Xiaomi,7.83
2018-11,xolo,Xolo,0.07
2018-11,yu,Yu,0.03
2018-11,zte,ZTE,0.44
2018-12,acer,Acer,0.01
2018-12,ais,AIS,0.06
2018-12,alcatel,Alcatel,0.22
2018-12,apple,Apple,21.98
2018-12,archos,Archos,0.02
2018-12,asus,Asus,0.65
2018-12,bbk,BBK,0.71
2018-12,blu,Blu,0.03
2018-12,bq,bq,0.05
2018-12,casper,Casper,0.04
2018-12,condor,Condor,0.06
2018-12,coolpad,Coolpad,0.14
2018-12,dtac,dtac,0.02
2018-12,general-mobile,General Mobile,0.41
2018-12,gionee,Gionee,0.3
2018-12,google,Google,0.5
2018-12,hisense,Hisense,0.03
2018-12,hp,HP,0.01
2018-12,htc,HTC,0.78
2018-12,huawei,Huawei,7.52
2018-12,i-mobile,i-Mobile,0.01
2018-12,infinix,Infinix,0.26
2018-12,infocus,InFocus,0.05
2018-12,intex,Intex,0.08
2018-12,itel,Itel,0.27
2018-12,karbonn,Karbonn,0.06
2018-12,kyocera,Kyocera,0.02
2018-12,lanix,Lanix,0.01
2018-12,lava,Lava,0.48
2018-12,leeco,LeEco,0.07
2018-12,lenovo,Lenovo,1.94
2018-12,lg,LG,2.79
2018-12,lyf,Lyf,0.14
2018-12,meizu,Meizu,0.07
2018-12,micromax,Micromax,0.69
2018-12,mobicel,Mobicel,3.3
2018-12,motorola,Motorola,2.75
2018-12,nokia,Nokia,1.21
2018-12,oneplus,OnePlus,0.52
2018-12,oppo,Oppo,4.87
2018-12,other,Other,0.27
2018-12,panasonic,Panasonic,0.11
2018-12,qmobile,QMobile,0.13
2018-12,reliance-digital,Reliance Digital,0.05
2018-12,rim,RIM,0.06
2018-12,samsung,Samsung,30.91
2018-12,sharp,Sharp,0.01
2018-12,smartfren,Smartfren,0.02
2018-12,sony,Sony,0.83
2018-12,spice,Spice,0.03
2018-12,symphony,Symphony,0.04
2018-12,tecno,Tecno,0.43
2018-12,true,True,0.08
2018-12,turkcell,Turkcell,0.06
2018-12,unknown,Unknown,4.52
2018-12,vestel,Vestel,0.08
2018-12,vodafone,Vodafone,0.09
2018-12,wiko,Wiko,0.23
2018-12,xiaomi,Xiaomi,8.44
2018-12,xolo,Xolo,0.06
2018-12,yu,Yu,0.02
2018-12,zte,ZTE,0.38
2019-01,acer,Acer,0.01
2019-01,ais,AIS,0.04
2019-01,alcatel,Alcatel,0.2
2019-01,apple,Apple,22.85
2019-01,archos,Archos,0.02
2019-01,asus,Asus,0.57
2019-01,bbk,BBK,0.6
2019-01,blu,Blu,0.03
2019-01,bq,bq,0.05
2019-01,casper,Casper,0.04
2019-01,condor,Condor,0.05
2019-01,coolpad,Coolpad,0.12
2019-01,dtac,dtac,0.01
2019-01,general-mobile,General Mobile,0.46
2019-01,gionee,Gionee,0.26
2019-01,google,Google,0.49
2019-01,hisense,Hisense,0.03
2019-01,hp,HP,0.01
2019-01,htc,HTC,0.76
2019-01,huawei,Huawei,7.87
2019-01,i-mobile,i-Mobile,0.01
2019-01,infinix,Infinix,0.24
2019-01,infocus,InFocus,0.04
2019-01,intex,Intex,0.07
2019-01,itel,Itel,0.24
2019-01,karbonn,Karbonn,0.05
2019-01,kyocera,Kyocera,0.01
2019-01,lanix,Lanix,0.01
2019-01,lava,Lava,0.4
2019-01,leeco,LeEco,0.06
2019-01,lenovo,Lenovo,1.77
2019-01,lg,LG,2.78
2019-01,lyf,Lyf,0.11
2019-01,meizu,Meizu,0.06
2019-01,micromax,Micromax,0.6
2019-01,mobicel,Mobicel,3.04
2019-01,motorola,Motorola,2.72
2019-01,nokia,Nokia,1.16
2019-01,oneplus,OnePlus,0.5
2019-01,oppo,Oppo,4.49
2019-01,other,Other,0.24
2019-01,panasonic,Panasonic,0.09
2019-01,qmobile,QMobile,0.13
2019-01,reliance-digital,Reliance Digital,0.04
2019-01,rim,RIM,0.06
2019-01,samsung,Samsung,32.16
2019-01,sharp,Sharp,0.01
2019-01,smartfren,Smartfren,0.02
2019-01,sony,Sony,0.79
2019-01,spice,Spice,0.03
2019-01,symphony,Symphony,0.04
2019-01,tecno,Tecno,0.39
2019-01,true,True,0.04
2019-01,turkcell,Turkcell,0.07
2019-01,unknown,Unknown,4.43
2019-01,vestel,Vestel,0.08
2019-01,vodafone,Vodafone,0.09
2019-01,wiko,Wiko,0.16
2019-01,xiaomi,Xiaomi,7.88
2019-01,xolo,Xolo,0.05
2019-01,yu,Yu,0.02
2019-01,zte,ZTE,0.35
2019-02,acer,Acer,0.01
2019-02,ais,AIS,0.03
2019-02,alcatel,Alcatel,0.19
2019-02,apple,Apple,23.28
2019-02,archos,Archos,0.02
2019-02,asus,Asus,0.54
2019-02,bbk,BBK,0.58
2019-02,blu,Blu,0.02
2019-02,bq,bq,0.05
2019-02,casper,Casper,0.03
2019-02,condor,Condor,0.04
2019-02,coolpad,Coolpad,0.11
2019-02,dtac,dtac,0.01
2019-02,general-mobile,General Mobile,0.36
2019-02,gionee,Gionee,0.25
2019-02,google,Google,0.53
2019-02,hisense,Hisense,0.03
2019-02,hp,HP,0.01
2019-02,htc,HTC,0.72
2019-02,huawei,Huawei,8.12
2019-02,i-mobile,i-Mobile,0.01
2019-02,infinix,Infinix,0.23
2019-02,infocus,InFocus,0.04
2019-02,intex,Intex,0.06
2019-02,itel,Itel,0.24
2019-02,karbonn,Karbonn,0.04
2019-02,kyocera,Kyocera,0.01
2019-02,lanix,Lanix,0.01
2019-02,lava,Lava,0.37
2019-02,leeco,LeEco,0.06
2019-02,lenovo,Lenovo,1.7
2019-02,lg,LG,2.74
2019-02,lyf,Lyf,0.11
2019-02,meizu,Meizu,0.06
2019-02,micromax,Micromax,0.57
2019-02,mobicel,Mobicel,3.12
2019-02,motorola,Motorola,2.77
2019-02,nokia,Nokia,1.19
2019-02,oneplus,OnePlus,0.52
2019-02,oppo,Oppo,4.46
2019-02,other,Other,0.24
2019-02,panasonic,Panasonic,0.09
2019-02,qmobile,QMobile,0.15
2019-02,reliance-digital,Reliance Digital,0.03
2019-02,rim,RIM,0.05
2019-02,samsung,Samsung,31.52
2019-02,sharp,Sharp,0.01
2019-02,smartfren,Smartfren,0.02
2019-02,sony,Sony,0.75
2019-02,spice,Spice,0.03
2019-02,symphony,Symphony,0.06
2019-02,tecno,Tecno,0.39
2019-02,true,True,0.02
2019-02,turkcell,Turkcell,0.06
2019-02,unknown,Unknown,4.65
2019-02,vestel,Vestel,0.07
2019-02,vodafone,Vodafone,0.08
2019-02,wiko,Wiko,0.13
2019-02,xiaomi,Xiaomi,8.03
2019-02,xolo,Xolo,0.05
2019-02,yu,Yu,0.02
2019-02,zte,ZTE,0.33
2019-03,acer,Acer,0.02
2019-03,ais,AIS,0.03
2019-03,alcatel,Alcatel,0.33
2019-03,apple,Apple,22.4
2019-03,archos,Archos,0.02
2019-03,asus,Asus,0.91
2019-03,bbk,BBK,0.68
2019-03,blu,Blu,0.03
2019-03,bq,bq,0.1
2019-03,casper,Casper,0.11
2019-03,condor,Condor,0.05
2019-03,coolpad,Coolpad,0.1
2019-03,dtac,dtac,0.01
2019-03,general-mobile,General Mobile,0.36
2019-03,gionee,Gionee,0.26
2019-03,google,Google,0.52
2019-03,hisense,Hisense,0.05
2019-03,htc,HTC,0.66
2019-03,huawei,Huawei,8.57
2019-03,i-mobile,i-Mobile,0.01
2019-03,infinix,Infinix,0.32
2019-03,infocus,InFocus,0.05
2019-03,intex,Intex,0.05
2019-03,itel,Itel,0.25
2019-03,karbonn,Karbonn,0.04
2019-03,kyocera,Kyocera,0.02
2019-03,lanix,Lanix,0.03
2019-03,lava,Lava,0.36
2019-03,leeco,LeEco,0.08
2019-03,lenovo,Lenovo,1.51
2019-03,lg,LG,2.89
2019-03,lyf,Lyf,0.1
2019-03,meizu,Meizu,0.09
2019-03,micromax,Micromax,0.47
2019-03,mobicel,Mobicel,2.65
2019-03,motorola,Motorola,2.72
2019-03,nokia,Nokia,1.19
2019-03,oneplus,OnePlus,0.6
2019-03,oppo,Oppo,4.41
2019-03,other,Other,0.39
2019-03,panasonic,Panasonic,0.09
2019-03,qmobile,QMobile,0.15
2019-03,realme,Realme,0.02
2019-03,reliance-digital,Reliance Digital,0.03
2019-03,rim,RIM,0.06
2019-03,samsung,Samsung,31.77
2019-03,sharp,Sharp,0.02
2019-03,smartfren,Smartfren,0.02
2019-03,sony,Sony,1.15
2019-03,spice,Spice,0.02
2019-03,symphony,Symphony,0.07
2019-03,t-mobile,T-Mobile,0.01
2019-03,tecno,Tecno,0.48
2019-03,true,True,0.03
2019-03,turkcell,Turkcell,0.06
2019-03,unknown,Unknown,4.11
2019-03,vestel,Vestel,0.16
2019-03,vodafone,Vodafone,0.11
2019-03,wiko,Wiko,0.19
2019-03,xiaomi,Xiaomi,7.52
2019-03,xolo,Xolo,0.07
2019-03,yu,Yu,0.02
2019-03,zte,ZTE,0.39
2019-04,acer,Acer,0.02
2019-04,ais,AIS,0.02
2019-04,alcatel,Alcatel,0.34
2019-04,apple,Apple,22.76
2019-04,archos,Archos,0.02
2019-04,asus,Asus,0.93
2019-04,bbk,BBK,0.63
2019-04,blu,Blu,0.03
2019-04,bq,bq,0.09
2019-04,casper,Casper,0.13
2019-04,condor,Condor,0.05
2019-04,coolpad,Coolpad,0.09
2019-04,dtac,dtac,0.01
2019-04,general-mobile,General Mobile,0.44
2019-04,gionee,Gionee,0.22
2019-04,google,Google,0.55
2019-04,hisense,Hisense,0.05
2019-04,htc,HTC,0.66
2019-04,huawei,Huawei,8.72
2019-04,i-mobile,i-Mobile,0.01
2019-04,infinix,Infinix,0.29
2019-04,infocus,InFocus,0.04
2019-04,intex,Intex,0.04
2019-04,itel,Itel,0.23
2019-04,karbonn,Karbonn,0.03
2019-04,kyocera,Kyocera,0.02
2019-04,lanix,Lanix,0.02
2019-04,lava,Lava,0.33
2019-04,leeco,LeEco,0.07
2019-04,lenovo,Lenovo,1.41
2019-04,lg,LG,2.87
2019-04,lyf,Lyf,0.09
2019-04,meizu,Meizu,0.09
2019-04,micromax,Micromax,0.4
2019-04,mobicel,Mobicel,2.58
2019-04,motorola,Motorola,2.62
2019-04,nokia,Nokia,1.13
2019-04,oneplus,OnePlus,0.6
2019-04,oppo,Oppo,4.35
2019-04,other,Other,0.38
2019-04,panasonic,Panasonic,0.07
2019-04,qmobile,QMobile,0.15
2019-04,realme,Realme,0.03
2019-04,reliance-digital,Reliance Digital,0.03
2019-04,rim,RIM,0.06
2019-04,samsung,Samsung,32.16
2019-04,sharp,Sharp,0.02
2019-04,smartfren,Smartfren,0.03
2019-04,sony,Sony,1.14
2019-04,spice,Spice,0.02
2019-04,symphony,Symphony,0.07
2019-04,t-mobile,T-Mobile,0.01
2019-04,tecno,Tecno,0.43
2019-04,true,True,0.03
2019-04,turkcell,Turkcell,0.07
2019-04,unknown,Unknown,4.19
2019-04,vestel,Vestel,0.2
2019-04,vodafone,Vodafone,0.11
2019-04,wiko,Wiko,0.17
2019-04,xiaomi,Xiaomi,7.21
2019-04,xolo,Xolo,0.07
2019-04,yu,Yu,0.02
2019-04,zte,ZTE,0.37
2019-05,acer,Acer,0.02
2019-05,ais,AIS,0.02
2019-05,alcatel,Alcatel,0.32
2019-05,apple,Apple,22.66
2019-05,archos,Archos,0.02
2019-05,asus,Asus,0.95
2019-05,bbk,BBK,0.62
2019-05,blu,Blu,0.03
2019-05,bq,bq,0.08
2019-05,casper,Casper,0.11
2019-05,condor,Condor,0.03
2019-05,coolpad,Coolpad,0.09
2019-05,dtac,dtac,0.01
2019-05,general-mobile,General Mobile,0.36
2019-05,gionee,Gionee,0.21
2019-05,google,Google,0.6
2019-05,hisense,Hisense,0.05
2019-05,htc,HTC,0.62
2019-05,huawei,Huawei,8.97
2019-05,infinix,Infinix,0.29
2019-05,infocus,InFocus,0.04
2019-05,intex,Intex,0.04
2019-05,itel,Itel,0.23
2019-05,karbonn,Karbonn,0.03
2019-05,kyocera,Kyocera,0.02
2019-05,lanix,Lanix,0.02
2019-05,lava,Lava,0.31
2019-05,leeco,LeEco,0.07
2019-05,lenovo,Lenovo,1.35
2019-05,lg,LG,2.89
2019-05,lyf,Lyf,0.08
2019-05,meizu,Meizu,0.08
2019-05,micromax,Micromax,0.39
2019-05,mobicel,Mobicel,2.73
2019-05,motorola,Motorola,2.68
2019-05,nokia,Nokia,1.13
2019-05,oneplus,OnePlus,0.61
2019-05,oppo,Oppo,4.42
2019-05,other,Other,0.37
2019-05,panasonic,Panasonic,0.07
2019-05,qmobile,QMobile,0.11
2019-05,realme,Realme,0.03
2019-05,reliance-digital,Reliance Digital,0.02
2019-05,rim,RIM,0.05
2019-05,samsung,Samsung,31.55
2019-05,sharp,Sharp,0.02
2019-05,smartfren,Smartfren,0.03
2019-05,sony,Sony,1.11
2019-05,spice,Spice,0.02
2019-05,symphony,Symphony,0.07
2019-05,t-mobile,T-Mobile,0.01
2019-05,tecno,Tecno,0.47
2019-05,true,True,0.02
2019-05,turkcell,Turkcell,0.05
2019-05,unknown,Unknown,4.49
2019-05,vestel,Vestel,0.17
2019-05,vodafone,Vodafone,0.1
2019-05,wiko,Wiko,0.15
2019-05,xiaomi,Xiaomi,7.46
2019-05,xolo,Xolo,0.07
2019-05,yu,Yu,0.02
2019-05,zte,ZTE,0.36
2019-06,acer,Acer,0.01
2019-06,ais,AIS,0.02
2019-06,alcatel,Alcatel,0.3
2019-06,apple,Apple,22.04
2019-06,archos,Archos,0.01
2019-06,asus,Asus,0.88
2019-06,bbk,BBK,0.6
2019-06,blu,Blu,0.03
2019-06,bq,bq,0.07
2019-06,casper,Casper,0.14
2019-06,condor,Condor,0.05
2019-06,coolpad,Coolpad,0.08
2019-06,dtac,dtac,0.01
2019-06,general-mobile,General Mobile,0.47
2019-06,gionee,Gionee,0.21
2019-06,google,Google,0.63
2019-06,hisense,Hisense,0.04
2019-06,htc,HTC,0.58
2019-06,huawei,Huawei,9.04
2019-06,infinix,Infinix,0.29
2019-06,infocus,InFocus,0.04
2019-06,intex,Intex,0.04
2019-06,itel,Itel,0.23
2019-06,karbonn,Karbonn,0.03
2019-06,kyocera,Kyocera,0.02
2019-06,lanix,Lanix,0.02
2019-06,lava,Lava,0.32
2019-06,leeco,LeEco,0.06
2019-06,lenovo,Lenovo,1.33
2019-06,lg,LG,2.81
2019-06,lyf,Lyf,0.08
2019-06,meizu,Meizu,0.07
2019-06,micromax,Micromax,0.38
2019-06,mobicel,Mobicel,2.82
2019-06,motorola,Motorola,2.69
2019-06,nokia,Nokia,1.12
2019-06,oneplus,OnePlus,0.6
2019-06,oppo,Oppo,4.21
2019-06,other,Other,0.35
2019-06,panasonic,Panasonic,0.07
2019-06,qmobile,QMobile,0.14
2019-06,realme,Realme,0.04
2019-06,reliance-digital,Reliance Digital,0.02
2019-06,rim,RIM,0.04
2019-06,samsung,Samsung,31.98
2019-06,sharp,Sharp,0.02
2019-06,smartfren,Smartfren,0.02
2019-06,sony,Sony,1.01
2019-06,spice,Spice,0.02
2019-06,symphony,Symphony,0.09
2019-06,t-mobile,T-Mobile,0.01
2019-06,tecno,Tecno,0.42
2019-06,true,True,0.01
2019-06,turkcell,Turkcell,0.06
2019-06,unknown,Unknown,5.03
2019-06,vestel,Vestel,0.21
2019-06,vodafone,Vodafone,0.1
2019-06,wiko,Wiko,0.13
2019-06,xiaomi,Xiaomi,7.39
2019-06,xolo,Xolo,0.07
2019-06,yu,Yu,0.02
2019-06,zte,ZTE,0.36
2019-07,acer,Acer,0.01
2019-07,ais,AIS,0.01
2019-07,alcatel,Alcatel,0.28
2019-07,apple,Apple,22.01
2019-07,archos,Archos,0.01
2019-07,asus,Asus,0.87
2019-07,bbk,BBK,0.66
2019-07,blu,Blu,0.03
2019-07,bq,bq,0.06
2019-07,casper,Casper,0.12
2019-07,condor,Condor,0.05
2019-07,coolpad,Coolpad,0.08
2019-07,general-mobile,General Mobile,0.42
2019-07,gionee,Gionee,0.2
2019-07,google,Google,0.62
2019-07,hisense,Hisense,0.14
2019-07,htc,HTC,0.54
2019-07,huawei,Huawei,9.15
2019-07,infinix,Infinix,0.28
2019-07,infocus,InFocus,0.03
2019-07,intex,Intex,0.04
2019-07,itel,Itel,0.22
2019-07,karbonn,Karbonn,0.03
2019-07,kyocera,Kyocera,0.02
2019-07,lanix,Lanix,0.02
2019-07,lava,Lava,0.31
2019-07,leeco,LeEco,0.06
2019-07,lenovo,Lenovo,1.3
2019-07,lg,LG,2.56
2019-07,lyf,Lyf,0.07
2019-07,meizu,Meizu,0.08
2019-07,micromax,Micromax,0.35
2019-07,mobicel,Mobicel,3.26
2019-07,motorola,Motorola,2.63
2019-07,nokia,Nokia,1.11
2019-07,oneplus,OnePlus,0.58
2019-07,oppo,Oppo,4.46
2019-07,other,Other,0.36
2019-07,panasonic,Panasonic,0.07
2019-07,qmobile,QMobile,0.14
2019-07,realme,Realme,0.04
2019-07,reliance-digital,Reliance Digital,0.02
2019-07,rim,RIM,0.04
2019-07,samsung,Samsung,31.13
2019-07,sharp,Sharp,0.02
2019-07,smartfren,Smartfren,0.03
2019-07,sony,Sony,0.94
2019-07,spice,Spice,0.02
2019-07,symphony,Symphony,0.08
2019-07,t-mobile,T-Mobile,0.01
2019-07,tecno,Tecno,0.4
2019-07,true,True,0.01
2019-07,turkcell,Turkcell,0.06
2019-07,unknown,Unknown,5.36
2019-07,vestel,Vestel,0.19
2019-07,vodafone,Vodafone,0.09
2019-07,wiko,Wiko,0.12
2019-07,xiaomi,Xiaomi,7.76
2019-07,xolo,Xolo,0.06
2019-07,yu,Yu,0.02
2019-07,zte,ZTE,0.33
2019-08,acer,Acer,0.01
2019-08,ais,AIS,0.01
2019-08,alcatel,Alcatel,0.31
2019-08,apple,Apple,22.17
2019-08,archos,Archos,0.01
2019-08,asus,Asus,0.87
2019-08,bbk,BBK,0.59
2019-08,blu,Blu,0.02
2019-08,bq,bq,0.06
2019-08,casper,Casper,0.12
2019-08,condor,Condor,0.05
2019-08,coolpad,Coolpad,0.07
2019-08,general-mobile,General Mobile,0.42
2019-08,gionee,Gionee,0.19
2019-08,google,Google,0.62
2019-08,hisense,Hisense,0.23
2019-08,htc,HTC,0.52
2019-08,huawei,Huawei,9.02
2019-08,infinix,Infinix,0.29
2019-08,infocus,InFocus,0.03
2019-08,intex,Intex,0.04
2019-08,itel,Itel,0.22
2019-08,karbonn,Karbonn,0.03
2019-08,kyocera,Kyocera,0.02
2019-08,lanix,Lanix,0.02
2019-08,lava,Lava,0.29
2019-08,leeco,LeEco,0.06
2019-08,lenovo,Lenovo,1.22
2019-08,lg,LG,2.59
2019-08,lyf,Lyf,0.06
2019-08,meizu,Meizu,0.09
2019-08,micromax,Micromax,0.32
2019-08,mobicel,Mobicel,3.31
2019-08,motorola,Motorola,2.56
2019-08,nokia,Nokia,1.08
2019-08,oneplus,OnePlus,0.58
2019-08,oppo,Oppo,4.73
2019-08,other,Other,0.62
2019-08,panasonic,Panasonic,0.06
2019-08,qmobile,QMobile,0.15
2019-08,realme,Realme,0.29
2019-08,reliance-digital,Reliance Digital,0.02
2019-08,rim,RIM,0.04
2019-08,samsung,Samsung,31.47
2019-08,sharp,Sharp,0.02
2019-08,smartfren,Smartfren,0.02
2019-08,sony,Sony,0.9
2019-08,spice,Spice,0.02
2019-08,symphony,Symphony,0.04
2019-08,t-mobile,T-Mobile,0.01
2019-08,tecno,Tecno,0.46
2019-08,true,True,0.01
2019-08,turkcell,Turkcell,0.05
2019-08,unknown,Unknown,3.69
2019-08,vestel,Vestel,0.19
2019-08,vivo,Vivo,0.07
2019-08,vodafone,Vodafone,0.09
2019-08,wiko,Wiko,0.13
2019-08,xiaomi,Xiaomi,8.38
2019-08,xolo,Xolo,0.06
2019-08,yu,Yu,0.02
2019-08,zte,ZTE,0.32
2019-09,acer,Acer,0.01
2019-09,ais,AIS,0.01
2019-09,alcatel,Alcatel,0.29
2019-09,apple,Apple,22.48
2019-09,archos,Archos,0.01
2019-09,asus,Asus,0.8
2019-09,bbk,BBK,0.58
2019-09,blu,Blu,0.02
2019-09,bq,bq,0.07
2019-09,casper,Casper,0.12
2019-09,condor,Condor,0.04
2019-09,coolpad,Coolpad,0.07
2019-09,general-mobile,General Mobile,0.41
2019-09,gionee,Gionee,0.18
2019-09,google,Google,0.62
2019-09,hisense,Hisense,0.45
2019-09,htc,HTC,0.47
2019-09,huawei,Huawei,10.02
2019-09,infinix,Infinix,0.32
2019-09,infocus,InFocus,0.03
2019-09,intex,Intex,0.03
2019-09,itel,Itel,0.22
2019-09,karbonn,Karbonn,0.02
2019-09,kyocera,Kyocera,0.02
2019-09,lanix,Lanix,0.02
2019-09,lava,Lava,0.27
2019-09,leeco,LeEco,0.05
2019-09,lenovo,Lenovo,1.09
2019-09,lg,LG,2.47
2019-09,lyf,Lyf,0.06
2019-09,meizu,Meizu,0.08
2019-09,micromax,Micromax,0.29
2019-09,mobicel,Mobicel,3.32
2019-09,motorola,Motorola,2.48
2019-09,nokia,Nokia,1.02
2019-09,oneplus,OnePlus,0.65
2019-09,oppo,Oppo,4.57
2019-09,other,Other,0.67
2019-09,panasonic,Panasonic,0.06
2019-09,qmobile,QMobile,0.13
2019-09,realme,Realme,0.49
2019-09,reliance-digital,Reliance Digital,0.02
2019-09,rim,RIM,0.03
2019-09,samsung,Samsung,31.18
2019-09,sharp,Sharp,0.02
2019-09,smartfren,Smartfren,0.02
2019-09,sony,Sony,0.85
2019-09,spice,Spice,0.01
2019-09,symphony,Symphony,0.04
2019-09,t-mobile,T-Mobile,0.01
2019-09,tecno,Tecno,0.45
2019-09,true,True,0.01
2019-09,turkcell,Turkcell,0.05
2019-09,unknown,Unknown,3.16
2019-09,vestel,Vestel,0.18
2019-09,vivo,Vivo,0.1
2019-09,vodafone,Vodafone,0.08
2019-09,wiko,Wiko,0.12
2019-09,xiaomi,Xiaomi,8.26
2019-09,xolo,Xolo,0.05
2019-09,yu,Yu,0.01
2019-09,zte,ZTE,0.29
2019-10,acer,Acer,0.01
2019-10,ais,AIS,0.01
2019-10,alcatel,Alcatel,0.27
2019-10,apple,Apple,22.09
2019-10,archos,Archos,0.01
2019-10,asus,Asus,0.74
2019-10,bbk,BBK,0.5
2019-10,blu,Blu,0.02
2019-10,bq,bq,0.06
2019-10,casper,Casper,0.12
2019-10,condor,Condor,0.04
2019-10,coolpad,Coolpad,0.07
2019-10,general-mobile,General Mobile,0.42
2019-10,gionee,Gionee,0.15
2019-10,google,Google,2.35
2019-10,hisense,Hisense,0.51
2019-10,htc,HTC,0.42
2019-10,huawei,Huawei,10.02
2019-10,infinix,Infinix,0.32
2019-10,infocus,InFocus,0.03
2019-10,intex,Intex,0.03
2019-10,itel,Itel,0.2
2019-10,karbonn,Karbonn,0.02
2019-10,kyocera,Kyocera,0.01
2019-10,lanix,Lanix,0.02
2019-10,lava,Lava,0.24
2019-10,leeco,LeEco,0.05
2019-10,lenovo,Lenovo,0.96
2019-10,lg,LG,2.4
2019-10,lyf,Lyf,0.05
2019-10,meizu,Meizu,0.08
2019-10,micromax,Micromax,0.28
2019-10,mobicel,Mobicel,3.15
2019-10,motorola,Motorola,2.41
2019-10,nokia,Nokia,0.95
2019-10,oneplus,OnePlus,0.7
2019-10,oppo,Oppo,4.1
2019-10,other,Other,0.71
2019-10,panasonic,Panasonic,0.05
2019-10,qmobile,QMobile,0.12
2019-10,realme,Realme,0.54
2019-10,reliance-digital,Reliance Digital,0.01
2019-10,rim,RIM,0.03
2019-10,samsung,Samsung,31.49
2019-10,sharp,Sharp,0.02
2019-10,smartfren,Smartfren,0.01
2019-10,sony,Sony,0.84
2019-10,spice,Spice,0.01
2019-10,symphony,Symphony,0.03
2019-10,t-mobile,T-Mobile,0.01
2019-10,tecno,Tecno,0.42
2019-10,true,True,0.01
2019-10,turkcell,Turkcell,0.05
2019-10,unknown,Unknown,3.27
2019-10,vestel,Vestel,0.18
2019-10,vivo,Vivo,0.1
2019-10,vodafone,Vodafone,0.08
2019-10,wiko,Wiko,0.11
2019-10,xiaomi,Xiaomi,7.79
2019-10,xolo,Xolo,0.05
2019-10,yu,Yu,0.01
2019-10,zte,ZTE,0.27
2019-11,acer,Acer,0.01
2019-11,ais,AIS,0.01
2019-11,alcatel,Alcatel,0.27
2019-11,apple,Apple,22.9
2019-11,archos,Archos,0.01
2019-11,asus,Asus,0.75
2019-11,bbk,BBK,0.45
2019-11,blu,Blu,0.02
2019-11,bq,bq,0.06
2019-11,casper,Casper,0.13
2019-11,condor,Condor,0.04
2019-11,coolpad,Coolpad,0.07
2019-11,general-mobile,General Mobile,0.43
2019-11,gionee,Gionee,0.14
2019-11,google,Google,0.66
2019-11,hisense,Hisense,0.52
2019-11,honor,Honor,0.02
2019-11,htc,HTC,0.4
2019-11,huawei,Huawei,10.18
2019-11,infinex,Infinex,0.02
2019-11,infinix,Infinix,0.32
2019-11,infocus,InFocus,0.03
2019-11,intex,Intex,0.03
2019-11,itel,Itel,0.19
2019-11,karbonn,Karbonn,0.02
2019-11,kyocera,Kyocera,0.02
2019-11,lanix,Lanix,0.01
2019-11,lava,Lava,0.22
2019-11,leeco,LeEco,0.05
2019-11,lenovo,Lenovo,0.97
2019-11,lg,LG,2.4
2019-11,lyf,Lyf,0.05
2019-11,meizu,Meizu,0.07
2019-11,micromax,Micromax,0.24
2019-11,mobicel,Mobicel,3.41
2019-11,motorola,Motorola,2.4
2019-11,nokia,Nokia,0.97
2019-11,oneplus,OnePlus,0.73
2019-11,oppo,Oppo,4.42
2019-11,other,Other,0.44
2019-11,panasonic,Panasonic,0.05
2019-11,qmobile,QMobile,0.13
2019-11,realme,Realme,0.78
2019-11,reliance-digital,Reliance Digital,0.01
2019-11,rim,RIM,0.03
2019-11,samsung,Samsung,31.36
2019-11,sharp,Sharp,0.02
2019-11,smartfren,Smartfren,0.01
2019-11,sony,Sony,0.83
2019-11,spice,Spice,0.01
2019-11,symphony,Symphony,0.02
2019-11,t-mobile,T-Mobile,0.01
2019-11,tecno,Tecno,0.45
2019-11,true,True,0.01
2019-11,turkcell,Turkcell,0.05
2019-11,unknown,Unknown,3.21
2019-11,vestel,Vestel,0.19
2019-11,vivo,Vivo,0.08
2019-11,vodafone,Vodafone,0.08
2019-11,wiko,Wiko,0.1
2019-11,xiaomi,Xiaomi,8.16
2019-11,xolo,Xolo,0.05
2019-11,yu,Yu,0.01
2019-11,zte,ZTE,0.27
2019-12,acer,Acer,0.01
2019-12,ais,AIS,0.01
2019-12,alcatel,Alcatel,0.27
2019-12,apple,Apple,24.79
2019-12,archos,Archos,0.01
2019-12,asus,Asus,0.7
2019-12,bbk,BBK,0.39
2019-12,blu,Blu,0.02
2019-12,bq,bq,0.06
2019-12,casper,Casper,0.14
2019-12,condor,Condor,0.04
2019-12,coolpad,Coolpad,0.07
2019-12,general-mobile,General Mobile,0.42
2019-12,gionee,Gionee,0.12
2019-12,google,Google,0.75
2019-12,hisense,Hisense,0.53
2019-12,honor,Honor,0.02
2019-12,htc,HTC,0.38
2019-12,huawei,Huawei,9.95
2019-12,infinex,Infinex,0.03
2019-12,infinix,Infinix,0.33
2019-12,infocus,InFocus,0.02
2019-12,intex,Intex,0.02
2019-12,itel,Itel,0.18
2019-12,karbonn,Karbonn,0.01
2019-12,kyocera,Kyocera,0.03
2019-12,lanix,Lanix,0.01
2019-12,lava,Lava,0.18
2019-12,leeco,LeEco,0.04
2019-12,lenovo,Lenovo,0.87
2019-12,lg,LG,2.54
2019-12,lyf,Lyf,0.04
2019-12,meizu,Meizu,0.07
2019-12,micromax,Micromax,0.18
2019-12,mobicel,Mobicel,3.19
2019-12,motorola,Motorola,2.5
2019-12,nokia,Nokia,0.9
2019-12,oneplus,OnePlus,0.74
2019-12,oppo,Oppo,4.23
2019-12,other,Other,0.33
2019-12,panasonic,Panasonic,0.04
2019-12,qmobile,QMobile,0.11
2019-12,realme,Realme,0.84
2019-12,reliance-digital,Reliance Digital,0.01
2019-12,rim,RIM,0.03
2019-12,samsung,Samsung,31.37
2019-12,sharp,Sharp,0.02
2019-12,smartfren,Smartfren,0.01
2019-12,sony,Sony,0.77
2019-12,spice,Spice,0.01
2019-12,symphony,Symphony,0.02
2019-12,t-mobile,T-Mobile,0.02
2019-12,tecno,Tecno,0.43
2019-12,true,True,0.01
2019-12,turkcell,Turkcell,0.05
2019-12,unknown,Unknown,2.67
2019-12,vestel,Vestel,0.19
2019-12,vivo,Vivo,0.08
2019-12,vodafone,Vodafone,0.07
2019-12,wiko,Wiko,0.09
2019-12,xiaomi,Xiaomi,7.73
2019-12,xolo,Xolo,0.04
2019-12,yu,Yu,0.01
2019-12,zte,ZTE,0.27
2020-01,acer,Acer,0.01
2020-01,ais,AIS,0.01
2020-01,alcatel,Alcatel,0.27
2020-01,apple,Apple,24.76
2020-01,archos,Archos,0.01
2020-01,asus,Asus,0.69
2020-01,bbk,BBK,0.35
2020-01,blu,Blu,0.02
2020-01,bq,bq,0.06
2020-01,casper,Casper,0.15
2020-01,condor,Condor,0.03
2020-01,coolpad,Coolpad,0.06
2020-01,general-mobile,General Mobile,0.43
2020-01,gionee,Gionee,0.11
2020-01,google,Google,0.69
2020-01,hisense,Hisense,0.48
2020-01,honor,Honor,0.04
2020-01,htc,HTC,0.38
2020-01,huawei,Huawei,10.61
2020-01,infinex,Infinex,0.02
2020-01,infinix,Infinix,0.37
2020-01,infocus,InFocus,0.02
2020-01,intex,Intex,0.02
2020-01,itel,Itel,0.18
2020-01,karbonn,Karbonn,0.01
2020-01,kyocera,Kyocera,0.02
2020-01,lanix,Lanix,0.01
2020-01,lava,Lava,0.15
2020-01,leeco,LeEco,0.04
2020-01,lenovo,Lenovo,0.86
2020-01,lg,LG,2.4
2020-01,lyf,Lyf,0.03
2020-01,meizu,Meizu,0.08
2020-01,micromax,Micromax,0.15
2020-01,mobicel,Mobicel,3.02
2020-01,motorola,Motorola,2.42
2020-01,nokia,Nokia,0.88
2020-01,oneplus,OnePlus,0.79
2020-01,oppo,Oppo,4.25
2020-01,other,Other,0.33
2020-01,panasonic,Panasonic,0.03
2020-01,qmobile,QMobile,0.1
2020-01,realme,Realme,0.88
2020-01,reliance-digital,Reliance Digital,0.01
2020-01,rim,RIM,0.03
2020-01,samsung,Samsung,31.29
2020-01,sharp,Sharp,0.02
2020-01,smartfren,Smartfren,0.01
2020-01,sony,Sony,0.8
2020-01,spice,Spice,0.01
2020-01,symphony,Symphony,0.02
2020-01,t-mobile,T-Mobile,0.02
2020-01,tecno,Tecno,0.47
2020-01,turkcell,Turkcell,0.05
2020-01,unknown,Unknown,2.18
2020-01,vestel,Vestel,0.2
2020-01,vivo,Vivo,0.08
2020-01,vodafone,Vodafone,0.07
2020-01,wiko,Wiko,0.09
2020-01,xiaomi,Xiaomi,8.1
2020-01,xolo,Xolo,0.04
2020-01,yu,Yu,0.01
2020-01,zte,ZTE,0.26
2020-02,acer,Acer,0.01
2020-02,ais,AIS,0.01
2020-02,alcatel,Alcatel,0.28
2020-02,apple,Apple,25.89
2020-02,archos,Archos,0.01
2020-02,asus,Asus,0.69
2020-02,bbk,BBK,0.34
2020-02,blu,Blu,0.01
2020-02,bq,bq,0.06
2020-02,casper,Casper,0.15
2020-02,condor,Condor,0.03
2020-02,coolpad,Coolpad,0.06
2020-02,general-mobile,General Mobile,0.41
2020-02,gionee,Gionee,0.09
2020-02,google,Google,0.7
2020-02,hisense,Hisense,0.4
2020-02,honor,Honor,0.05
2020-02,htc,HTC,0.37
2020-02,huawei,Huawei,10.98
2020-02,infinex,Infinex,0.02
2020-02,infinix,Infinix,0.38
2020-02,infocus,InFocus,0.02
2020-02,intex,Intex,0.01
2020-02,itel,Itel,0.15
2020-02,karbonn,Karbonn,0.01
2020-02,kyocera,Kyocera,0.02
2020-02,lanix,Lanix,0.01
2020-02,lava,Lava,0.13
2020-02,leeco,LeEco,0.03
2020-02,lenovo,Lenovo,0.77
2020-02,lg,LG,2.34
2020-02,lyf,Lyf,0.02
2020-02,meizu,Meizu,0.08
2020-02,micromax,Micromax,0.12
2020-02,mobicel,Mobicel,2.89
2020-02,motorola,Motorola,2.36
2020-02,nokia,Nokia,0.81
2020-02,oneplus,OnePlus,0.78
2020-02,oppo,Oppo,4.31
2020-02,other,Other,0.32
2020-02,panasonic,Panasonic,0.03
2020-02,qmobile,QMobile,0.08
2020-02,realme,Realme,0.89
2020-02,reliance-digital,Reliance Digital,0.01
2020-02,rim,RIM,0.02
2020-02,samsung,Samsung,30.91
2020-02,sharp,Sharp,0.02
2020-02,smartfren,Smartfren,0.01
2020-02,sony,Sony,0.8
2020-02,symphony,Symphony,0.02
2020-02,t-mobile,T-Mobile,0.02
2020-02,tecno,Tecno,0.44
2020-02,turkcell,Turkcell,0.06
2020-02,unknown,Unknown,1.95
2020-02,vestel,Vestel,0.19
2020-02,vivo,Vivo,0.11
2020-02,vodafone,Vodafone,0.06
2020-02,wiko,Wiko,0.09
2020-02,xiaomi,Xiaomi,7.8
2020-02,xolo,Xolo,0.04
2020-02,yu,Yu,0.01
2020-02,zte,ZTE,0.31
2020-03,acer,Acer,0.01
2020-03,alcatel,Alcatel,0.28
2020-03,apple,Apple,27.03
2020-03,archos,Archos,0.01
2020-03,asus,Asus,0.66
2020-03,bbk,BBK,0.31
2020-03,blu,Blu,0.01
2020-03,bq,bq,0.05
2020-03,casper,Casper,0.13
2020-03,condor,Condor,0.03
2020-03,coolpad,Coolpad,0.05
2020-03,general-mobile,General Mobile,0.36
2020-03,gionee,Gionee,0.08
2020-03,google,Google,0.73
2020-03,hisense,Hisense,0.32
2020-03,honor,Honor,0.05
2020-03,htc,HTC,0.36
2020-03,huawei,Huawei,10.7
2020-03,infinex,Infinex,0.02
2020-03,infinix,Infinix,0.37
2020-03,infocus,InFocus,0.02
2020-03,intex,Intex,0.01
2020-03,itel,Itel,0.13
2020-03,karbonn,Karbonn,0.01
2020-03,kyocera,Kyocera,0.02
2020-03,lanix,Lanix,0.01
2020-03,lava,Lava,0.12
2020-03,leeco,LeEco,0.03
2020-03,lenovo,Lenovo,0.74
2020-03,lg,LG,2.28
2020-03,lyf,Lyf,0.02
2020-03,meizu,Meizu,0.07
2020-03,micromax,Micromax,0.12
2020-03,mobicel,Mobicel,2.87
2020-03,motorola,Motorola,2.35
2020-03,nokia,Nokia,0.72
2020-03,oneplus,OnePlus,0.78
2020-03,oppo,Oppo,4.3
2020-03,other,Other,0.32
2020-03,panasonic,Panasonic,0.02
2020-03,qmobile,QMobile,0.07
2020-03,realme,Realme,0.93
2020-03,reliance-digital,Reliance Digital,0.01
2020-03,rim,RIM,0.02
2020-03,samsung,Samsung,30.8
2020-03,sharp,Sharp,0.02
2020-03,smartfren,Smartfren,0.01
2020-03,sony,Sony,0.76
2020-03,symphony,Symphony,0.01
2020-03,t-mobile,T-Mobile,0.02
2020-03,tecno,Tecno,0.4
2020-03,turkcell,Turkcell,0.06
2020-03,unknown,Unknown,1.83
2020-03,vestel,Vestel,0.17
2020-03,vivo,Vivo,0.11
2020-03,vodafone,Vodafone,0.06
2020-03,wiko,Wiko,0.09
2020-03,xiaomi,Xiaomi,7.7
2020-03,xolo,Xolo,0.04
2020-03,yu,Yu,0.01
2020-03,zte,ZTE,0.37
2020-04,acer,Acer,0.01
2020-04,alcatel,Alcatel,0.27
2020-04,apple,Apple,28.79
2020-04,archos,Archos,0.01
2020-04,asus,Asus,0.7
2020-04,bbk,BBK,0.28
2020-04,blu,Blu,0.01
2020-04,bq,bq,0.04
2020-04,casper,Casper,0.12
2020-04,condor,Condor,0.02
2020-04,coolpad,Coolpad,0.05
2020-04,general-mobile,General Mobile,0.33
2020-04,gionee,Gionee,0.07
2020-04,google,Google,0.75
2020-04,hisense,Hisense,0.25
2020-04,honor,Honor,0.06
2020-04,htc,HTC,0.35
2020-04,huawei,Huawei,10.28
2020-04,infinex,Infinex,0.02
2020-04,infinix,Infinix,0.35
2020-04,infocus,InFocus,0.01
2020-04,intex,Intex,0.01
2020-04,itel,Itel,0.12
2020-04,karbonn,Karbonn,0.01
2020-04,kyocera,Kyocera,0.02
2020-04,lanix,Lanix,0.01
2020-04,lava,Lava,0.1
2020-04,leeco,LeEco,0.03
2020-04,lenovo,Lenovo,0.71
2020-04,lg,LG,2.28
2020-04,lyf,Lyf,0.02
2020-04,meizu,Meizu,0.07
2020-04,micromax,Micromax,0.1
2020-04,mobicel,Mobicel,2.75
2020-04,motorola,Motorola,2.51
2020-04,nokia,Nokia,0.69
2020-04,oneplus,OnePlus,0.8
2020-04,oppo,Oppo,4.2
2020-04,other,Other,0.3
2020-04,panasonic,Panasonic,0.02
2020-04,qmobile,QMobile,0.05
2020-04,realme,Realme,0.9
2020-04,reliance-digital,Reliance Digital,0.01
2020-04,rim,RIM,0.02
2020-04,samsung,Samsung,30.41
2020-04,sharp,Sharp,0.02
2020-04,smartfren,Smartfren,0.01
2020-04,sony,Sony,0.76
2020-04,symphony,Symphony,0.01
2020-04,t-mobile,T-Mobile,0.02
2020-04,tecno,Tecno,0.38
2020-04,turkcell,Turkcell,0.06
2020-04,unknown,Unknown,1.55
2020-04,vestel,Vestel,0.15
2020-04,vivo,Vivo,0.1
2020-04,vodafone,Vodafone,0.05
2020-04,wiko,Wiko,0.08
2020-04,xiaomi,Xiaomi,7.6
2020-04,xolo,Xolo,0.03
2020-04,yu,Yu,0.01
2020-04,zte,ZTE,0.24
2020-05,acer,Acer,0.01
2020-05,alcatel,Alcatel,0.29
2020-05,apple,Apple,26.72
2020-05,archos,Archos,0.01
2020-05,asus,Asus,0.76
2020-05,bbk,BBK,0.31
2020-05,blu,Blu,0.01
2020-05,bq,bq,0.05
2020-05,casper,Casper,0.11
2020-05,condor,Condor,0.03
2020-05,coolpad,Coolpad,0.05
2020-05,general-mobile,General Mobile,0.28
2020-05,gionee,Gionee,0.08
2020-05,google,Google,0.7
2020-05,hisense,Hisense,0.28
2020-05,honor,Honor,0.06
2020-05,htc,HTC,0.36
2020-05,huawei,Huawei,10.39
2020-05,infinex,Infinex,0.02
2020-05,infinix,Infinix,0.39
2020-05,infocus,InFocus,0.02
2020-05,intex,Intex,0.01
2020-05,itel,Itel,0.14
2020-05,karbonn,Karbonn,0.01
2020-05,kyocera,Kyocera,0.02
2020-05,lanix,Lanix,0.01
2020-05,lava,Lava,0.11
2020-05,leeco,LeEco,0.03
2020-05,lenovo,Lenovo,0.77
2020-05,lg,LG,2.19
2020-05,lyf,Lyf,0.02
2020-05,meizu,Meizu,0.07
2020-05,micromax,Micromax,0.1
2020-05,mobicel,Mobicel,3.12
2020-05,motorola,Motorola,2.46
2020-05,nokia,Nokia,0.73
2020-05,oneplus,OnePlus,0.81
2020-05,oppo,Oppo,4.7
2020-05,other,Other,0.31
2020-05,panasonic,Panasonic,0.02
2020-05,qmobile,QMobile,0.05
2020-05,realme,Realme,1.04
2020-05,reliance-digital,Reliance Digital,0.01
2020-05,rim,RIM,0.02
2020-05,samsung,Samsung,30.18
2020-05,sharp,Sharp,0.03
2020-05,smartfren,Smartfren,0.01
2020-05,sony,Sony,0.78
2020-05,symphony,Symphony,0.01
2020-05,t-mobile,T-Mobile,0.01
2020-05,tecno,Tecno,0.44
2020-05,true,True,0.01
2020-05,turkcell,Turkcell,0.06
2020-05,unknown,Unknown,1.8
2020-05,vestel,Vestel,0.13
2020-05,vivo,Vivo,0.11
2020-05,vodafone,Vodafone,0.05
2020-05,wiko,Wiko,0.08
2020-05,xiaomi,Xiaomi,8.36
2020-05,xolo,Xolo,0.03
2020-05,yu,Yu,0.01
2020-05,zte,ZTE,0.25
2020-06,acer,Acer,0.01
2020-06,alcatel,Alcatel,0.25
2020-06,apple,Apple,25.26
2020-06,archos,Archos,0.01
2020-06,asus,Asus,0.75
2020-06,bbk,BBK,0.29
2020-06,blu,Blu,0.01
2020-06,bq,bq,0.05
2020-06,casper,Casper,0.13
2020-06,condor,Condor,0.02
2020-06,coolpad,Coolpad,0.04
2020-06,general-mobile,General Mobile,0.34
2020-06,gionee,Gionee,0.08
2020-06,google,Google,0.68
2020-06,hisense,Hisense,0.25
2020-06,honor,Honor,0.06
2020-06,htc,HTC,0.35
2020-06,huawei,Huawei,10.69
2020-06,infinex,Infinex,0.02
2020-06,infinix,Infinix,0.42
2020-06,infocus,InFocus,0.02
2020-06,intex,Intex,0.01
2020-06,itel,Itel,0.15
2020-06,karbonn,Karbonn,0.01
2020-06,kyocera,Kyocera,0.02
2020-06,lanix,Lanix,0.01
2020-06,lava,Lava,0.11
2020-06,leeco,LeEco,0.03
2020-06,lenovo,Lenovo,0.75
2020-06,lg,LG,2.11
2020-06,lyf,Lyf,0.02
2020-06,meizu,Meizu,0.07
2020-06,micromax,Micromax,0.1
2020-06,mobicel,Mobicel,3.18
2020-06,motorola,Motorola,2.57
2020-06,nokia,Nokia,0.74
2020-06,oneplus,OnePlus,0.77
2020-06,oppo,Oppo,4.65
2020-06,other,Other,0.3
2020-06,panasonic,Panasonic,0.02
2020-06,qmobile,QMobile,0.05
2020-06,realme,Realme,1.04
2020-06,reliance-digital,Reliance Digital,0.01
2020-06,rim,RIM,0.02
2020-06,samsung,Samsung,31.06
2020-06,sharp,Sharp,0.03
2020-06,smartfren,Smartfren,0.01
2020-06,sony,Sony,0.78
2020-06,symphony,Symphony,0.01
2020-06,t-mobile,T-Mobile,0.01
2020-06,tecno,Tecno,0.5
2020-06,true,True,0.01
2020-06,turkcell,Turkcell,0.09
2020-06,unknown,Unknown,1.81
2020-06,vestel,Vestel,0.16
2020-06,vivo,Vivo,0.1
2020-06,vodafone,Vodafone,0.05
2020-06,wiko,Wiko,0.08
2020-06,xiaomi,Xiaomi,8.55
2020-06,xolo,Xolo,0.03
2020-06,yu,Yu,0.01
2020-06,zte,ZTE,0.23
2020-07,acer,Acer,0.01
2020-07,alcatel,Alcatel,0.24
2020-07,apple,Apple,24.82
2020-07,archos,Archos,0.01
2020-07,asus,Asus,0.72
2020-07,bbk,BBK,0.29
2020-07,blu,Blu,0.01
2020-07,bq,bq,0.04
2020-07,casper,Casper,0.14
2020-07,condor,Condor,0.02
2020-07,coolpad,Coolpad,0.04
2020-07,general-mobile,General Mobile,0.37
2020-07,gionee,Gionee,0.08
2020-07,google,Google,0.65
2020-07,hisense,Hisense,0.26
2020-07,honor,Honor,0.06
2020-07,htc,HTC,0.33
2020-07,huawei,Huawei,10.75
2020-07,infinex,Infinex,0.02
2020-07,infinix,Infinix,0.42
2020-07,infocus,InFocus,0.01
2020-07,intex,Intex,0.01
2020-07,itel,Itel,0.16
2020-07,karbonn,Karbonn,0.01
2020-07,kyocera,Kyocera,0.02
2020-07,lanix,Lanix,0.01
2020-07,lava,Lava,0.11
2020-07,leeco,LeEco,0.03
2020-07,lenovo,Lenovo,0.74
2020-07,lg,LG,2.03
2020-07,lyf,Lyf,0.02
2020-07,meizu,Meizu,0.07
2020-07,micromax,Micromax,0.11
2020-07,mobicel,Mobicel,3.46
2020-07,motorola,Motorola,2.45
2020-07,nokia,Nokia,0.76
2020-07,oneplus,OnePlus,0.76
2020-07,oppo,Oppo,4.69
2020-07,other,Other,0.29
2020-07,panasonic,Panasonic,0.02
2020-07,qmobile,QMobile,0.04
2020-07,realme,Realme,1.13
2020-07,reliance-digital,Reliance Digital,0.01
2020-07,rim,RIM,0.02
2020-07,samsung,Samsung,30.95
2020-07,sharp,Sharp,0.02
2020-07,smartfren,Smartfren,0.01
2020-07,sony,Sony,0.75
2020-07,symphony,Symphony,0.01
2020-07,t-mobile,T-Mobile,0.01
2020-07,tecno,Tecno,0.53
2020-07,turkcell,Turkcell,0.09
2020-07,unknown,Unknown,1.8
2020-07,vestel,Vestel,0.17
2020-07,vivo,Vivo,0.1
2020-07,vodafone,Vodafone,0.06
2020-07,wiko,Wiko,0.08
2020-07,xiaomi,Xiaomi,8.94
2020-07,xolo,Xolo,0.03
2020-07,yu,Yu,0.01
2020-07,zte,ZTE,0.21
2020-08,acer,Acer,0.01
2020-08,alcatel,Alcatel,0.23
2020-08,apple,Apple,25.15
2020-08,archos,Archos,0.01
2020-08,asus,Asus,0.7
2020-08,bbk,BBK,0.27
2020-08,blu,Blu,0.01
2020-08,bq,bq,0.04
2020-08,casper,Casper,0.15
2020-08,condor,Condor,0.02
2020-08,coolpad,Coolpad,0.04
2020-08,general-mobile,General Mobile,0.38
2020-08,gionee,Gionee,0.07
2020-08,google,Google,0.63
2020-08,hisense,Hisense,0.25
2020-08,honor,Honor,0.06
2020-08,htc,HTC,0.32
2020-08,huawei,Huawei,10.73
2020-08,infinex,Infinex,0.02
2020-08,infinix,Infinix,0.45
2020-08,infocus,InFocus,0.01
2020-08,intex,Intex,0.01
2020-08,itel,Itel,0.16
2020-08,kyocera,Kyocera,0.02
2020-08,lanix,Lanix,0.01
2020-08,lava,Lava,0.1
2020-08,leeco,LeEco,0.02
2020-08,lenovo,Lenovo,0.72
2020-08,lg,LG,1.96
2020-08,lyf,Lyf,0.02
2020-08,meizu,Meizu,0.06
2020-08,micromax,Micromax,0.1
2020-08,mobicel,Mobicel,3.38
2020-08,motorola,Motorola,2.39
2020-08,nokia,Nokia,0.74
2020-08,oneplus,OnePlus,0.75
2020-08,oppo,Oppo,4.69
2020-08,other,Other,0.27
2020-08,panasonic,Panasonic,0.02
2020-08,qmobile,QMobile,0.04
2020-08,realme,Realme,1.18
2020-08,rim,RIM,0.02
2020-08,samsung,Samsung,31.04
2020-08,sharp,Sharp,0.02
2020-08,smartfren,Smartfren,0.01
2020-08,sony,Sony,0.73
2020-08,symphony,Symphony,0.01
2020-08,t-mobile,T-Mobile,0.01
2020-08,tecno,Tecno,0.54
2020-08,turkcell,Turkcell,0.08
2020-08,unknown,Unknown,1.81
2020-08,vestel,Vestel,0.17
2020-08,vivo,Vivo,0.1
2020-08,vodafone,Vodafone,0.05
2020-08,wiko,Wiko,0.07
2020-08,xiaomi,Xiaomi,8.9
2020-08,xolo,Xolo,0.03
2020-08,yu,Yu,0.01
2020-08,zte,ZTE,0.2
2020-09,acer,Acer,0.01
2020-09,alcatel,Alcatel,0.21
2020-09,apple,Apple,24.98
2020-09,archos,Archos,0.01
2020-09,asus,Asus,0.67
2020-09,bbk,BBK,0.26
2020-09,blu,Blu,0.01
2020-09,bq,bq,0.04
2020-09,casper,Casper,0.14
2020-09,condor,Condor,0.02
2020-09,coolpad,Coolpad,0.03
2020-09,general-mobile,General Mobile,0.33
2020-09,gionee,Gionee,0.07
2020-09,google,Google,0.63
2020-09,hisense,Hisense,0.23
2020-09,honor,Honor,0.06
2020-09,htc,HTC,0.29
2020-09,huawei,Huawei,10.58
2020-09,infinex,Infinex,0.02
2020-09,infinix,Infinix,0.55
2020-09,infocus,InFocus,0.01
2020-09,intex,Intex,0.01
2020-09,itel,Itel,0.18
2020-09,kyocera,Kyocera,0.02
2020-09,lanix,Lanix,0.01
2020-09,lava,Lava,0.1
2020-09,leeco,LeEco,0.02
2020-09,lenovo,Lenovo,0.67
2020-09,lg,LG,1.88
2020-09,lyf,Lyf,0.02
2020-09,meizu,Meizu,0.06
2020-09,micromax,Micromax,0.09
2020-09,mobicel,Mobicel,3.5
2020-09,motorola,Motorola,2.27
2020-09,nokia,Nokia,0.74
2020-09,oneplus,OnePlus,0.81
2020-09,oppo,Oppo,4.94
2020-09,other,Other,0.26
2020-09,panasonic,Panasonic,0.02
2020-09,qmobile,QMobile,0.05
2020-09,realme,Realme,1.45
2020-09,rim,RIM,0.01
2020-09,samsung,Samsung,30.57
2020-09,sharp,Sharp,0.02
2020-09,smartfren,Smartfren,0.01
2020-09,sony,Sony,0.69
2020-09,symphony,Symphony,0.01
2020-09,t-mobile,T-Mobile,0.01
2020-09,tecno,Tecno,0.6
2020-09,turkcell,Turkcell,0.05
2020-09,unknown,Unknown,1.67
2020-09,vestel,Vestel,0.16
2020-09,vivo,Vivo,0.1
2020-09,vodafone,Vodafone,0.05
2020-09,wiko,Wiko,0.07
2020-09,xiaomi,Xiaomi,9.49
2020-09,xolo,Xolo,0.02
2020-09,zte,ZTE,0.19
2020-10,acer,Acer,0.01
2020-10,alcatel,Alcatel,0.2
2020-10,apple,Apple,26.53
2020-10,archos,Archos,0.01
2020-10,asus,Asus,0.64
2020-10,bbk,BBK,0.24
2020-10,blu,Blu,0.01
2020-10,bq,bq,0.04
2020-10,casper,Casper,0.13
2020-10,condor,Condor,0.02
2020-10,coolpad,Coolpad,0.03
2020-10,general-mobile,General Mobile,0.31
2020-10,gionee,Gionee,0.06
2020-10,google,Google,0.63
2020-10,hisense,Hisense,0.19
2020-10,honor,Honor,0.06
2020-10,htc,HTC,0.28
2020-10,huawei,Huawei,10.44
2020-10,infinex,Infinex,0.02
2020-10,infinix,Infinix,0.55
2020-10,infocus,InFocus,0.01
2020-10,intex,Intex,0.01
2020-10,itel,Itel,0.17
2020-10,kyocera,Kyocera,0.02
2020-10,lanix,Lanix,0.01
2020-10,lava,Lava,0.09
2020-10,leeco,LeEco,0.02
2020-10,lenovo,Lenovo,0.65
2020-10,lg,LG,1.79
2020-10,lyf,Lyf,0.01
2020-10,meizu,Meizu,0.05
2020-10,micromax,Micromax,0.08
2020-10,mobicel,Mobicel,2.54
2020-10,motorola,Motorola,2.21
2020-10,nokia,Nokia,0.69
2020-10,oneplus,OnePlus,0.85
2020-10,oppo,Oppo,4.83
2020-10,other,Other,0.24
2020-10,panasonic,Panasonic,0.02
2020-10,qmobile,QMobile,0.05
2020-10,realme,Realme,1.55
2020-10,rim,RIM,0.02
2020-10,samsung,Samsung,30.25
2020-10,sharp,Sharp,0.02
2020-10,smartfren,Smartfren,0.01
2020-10,sony,Sony,0.67
2020-10,symphony,Symphony,0.01
2020-10,t-mobile,T-Mobile,0.01
2020-10,tecno,Tecno,0.59
2020-10,turkcell,Turkcell,0.04
2020-10,unknown,Unknown,1.84
2020-10,vestel,Vestel,0.15
2020-10,vivo,Vivo,0.1
2020-10,vodafone,Vodafone,0.05
2020-10,wiko,Wiko,0.06
2020-10,xiaomi,Xiaomi,9.67
2020-10,xolo,Xolo,0.01
2020-10,zte,ZTE,0.18
2020-11,acer,Acer,0.01
2020-11,alcatel,Alcatel,0.2
2020-11,apple,Apple,28.19
2020-11,archos,Archos,0.01
2020-11,asus,Asus,0.62
2020-11,bbk,BBK,0.2
2020-11,blu,Blu,0.01
2020-11,bq,bq,0.04
2020-11,casper,Casper,0.11
2020-11,condor,Condor,0.02
2020-11,coolpad,Coolpad,0.03
2020-11,general-mobile,General Mobile,0.26
2020-11,gionee,Gionee,0.06
2020-11,google,Google,0.7
2020-11,hisense,Hisense,0.15
2020-11,honor,Honor,0.04
2020-11,htc,HTC,0.27
2020-11,huawei,Huawei,10.43
2020-11,infinex,Infinex,0.02
2020-11,infinix,Infinix,0.59
2020-11,infocus,InFocus,0.01
2020-11,intex,Intex,0.01
2020-11,itel,Itel,0.18
2020-11,kyocera,Kyocera,0.02
2020-11,lanix,Lanix,0.01
2020-11,lava,Lava,0.08
2020-11,leeco,LeEco,0.02
2020-11,lenovo,Lenovo,0.62
2020-11,lg,LG,1.81
2020-11,lyf,Lyf,0.01
2020-11,meizu,Meizu,0.05
2020-11,micromax,Micromax,0.08
2020-11,motorola,Motorola,2.2
2020-11,nokia,Nokia,0.69
2020-11,oneplus,OnePlus,0.83
2020-11,oppo,Oppo,4.8
2020-11,other,Other,0.23
2020-11,panasonic,Panasonic,0.02
2020-11,qmobile,QMobile,0.05
2020-11,realme,Realme,1.65
2020-11,rim,RIM,0.02
2020-11,samsung,Samsung,30.36
2020-11,sharp,Sharp,0.02
2020-11,smartfren,Smartfren,0.01
2020-11,sony,Sony,0.67
2020-11,symphony,Symphony,0.01
2020-11,t-mobile,T-Mobile,0.01
2020-11,tecno,Tecno,0.62
2020-11,turkcell,Turkcell,0.04
2020-11,unknown,Unknown,2.78
2020-11,vestel,Vestel,0.12
2020-11,vivo,Vivo,0.13
2020-11,vodafone,Vodafone,0.04
2020-11,wiko,Wiko,0.06
2020-11,xiaomi,Xiaomi,9.6
2020-11,zte,ZTE,0.18
2020-12,alcatel,Alcatel,0.17
2020-12,apple,Apple,26.91
2020-12,archos,Archos,0.01
2020-12,asus,Asus,0.58
2020-12,bbk,BBK,0.2
2020-12,blu,Blu,0.01
2020-12,bq,bq,0.03
2020-12,casper,Casper,0.08
2020-12,condor,Condor,0.02
2020-12,coolpad,Coolpad,0.03
2020-12,general-mobile,General Mobile,0.2
2020-12,gionee,Gionee,0.06
2020-12,google,Google,0.66
2020-12,hisense,Hisense,0.07
2020-12,honor,Honor,0.04
2020-12,htc,HTC,0.24
2020-12,huawei,Huawei,9.83
2020-12,infinex,Infinex,0.05
2020-12,infinix,Infinix,0.63
2020-12,infocus,InFocus,0.01
2020-12,intex,Intex,0.01
2020-12,itel,Itel,0.21
2020-12,kyocera,Kyocera,0.02
2020-12,lanix,Lanix,0.01
2020-12,lava,Lava,0.1
2020-12,leeco,LeEco,0.02
2020-12,lenovo,Lenovo,0.62
2020-12,lg,LG,1.71
2020-12,lyf,Lyf,0.01
2020-12,meizu,Meizu,0.04
2020-12,micromax,Micromax,0.08
2020-12,mobicel,Mobicel,0.01
2020-12,motorola,Motorola,2.09
2020-12,nokia,Nokia,0.66
2020-12,oneplus,OnePlus,0.84
2020-12,oppo,Oppo,5.02
2020-12,other,Other,0.22
2020-12,panasonic,Panasonic,0.02
2020-12,qmobile,QMobile,0.05
2020-12,realme,Realme,2.07
2020-12,rim,RIM,0.01
2020-12,samsung,Samsung,29.14
2020-12,sharp,Sharp,0.02
2020-12,smartfren,Smartfren,0.01
2020-12,sony,Sony,0.61
2020-12,symphony,Symphony,0.01
2020-12,t-mobile,T-Mobile,0.02
2020-12,tecno,Tecno,0.73
2020-12,turkcell,Turkcell,0.03
2020-12,unknown,Unknown,1.69
2020-12,vestel,Vestel,0.09
2020-12,vivo,Vivo,3.7
2020-12,vodafone,Vodafone,0.04
2020-12,wiko,Wiko,0.06
2020-12,xiaomi,Xiaomi,10.02
2020-12,zte,ZTE,0.16
2021-01,alcatel,Alcatel,0.16
2021-01,apple,Apple,27.47
2021-01,asus,Asus,0.57
2021-01,bbk,BBK,0.19
2021-01,blu,Blu,0.01
2021-01,bq,bq,0.03
2021-01,casper,Casper,0.08
2021-01,condor,Condor,0.02
2021-01,coolpad,Coolpad,0.03
2021-01,general-mobile,General Mobile,0.19
2021-01,gionee,Gionee,0.05
2021-01,google,Google,0.66
2021-01,hisense,Hisense,0.04
2021-01,honor,Honor,0.04
2021-01,htc,HTC,0.23
2021-01,huawei,Huawei,9.72
2021-01,infinex,Infinex,0.06
2021-01,infinix,Infinix,0.58
2021-01,infocus,InFocus,0.01
2021-01,intex,Intex,0.01
2021-01,itel,Itel,0.19
2021-01,kyocera,Kyocera,0.02
2021-01,lanix,Lanix,0.01
2021-01,lava,Lava,0.1
2021-01,leeco,LeEco,0.02
2021-01,lenovo,Lenovo,0.6
2021-01,lg,LG,1.69
2021-01,lyf,Lyf,0.01
2021-01,meizu,Meizu,0.04
2021-01,micromax,Micromax,0.08
2021-01,mobicel,Mobicel,0.01
2021-01,motorola,Motorola,2.13
2021-01,nokia,Nokia,0.63
2021-01,oneplus,OnePlus,0.83
2021-01,oppo,Oppo,5.03
2021-01,other,Other,0.21
2021-01,panasonic,Panasonic,0.01
2021-01,qmobile,QMobile,0.04
2021-01,realme,Realme,2.11
2021-01,rim,RIM,0.01
2021-01,samsung,Samsung,28.97
2021-01,sharp,Sharp,0.03
2021-01,smartfren,Smartfren,0.01
2021-01,sony,Sony,0.6
2021-01,symphony,Symphony,0.01
2021-01,t-mobile,T-Mobile,0.02
2021-01,tecno,Tecno,0.67
2021-01,turkcell,Turkcell,0.02
2021-01,unknown,Unknown,1.61
2021-01,vestel,Vestel,0.08
2021-01,vivo,Vivo,3.74
2021-01,vodafone,Vodafone,0.03
2021-01,wiko,Wiko,0.05
2021-01,xiaomi,Xiaomi,10.04
2021-01,zte,ZTE,0.16
2021-02,alcatel,Alcatel,0.16
2021-02,apple,Apple,27.33
2021-02,asus,Asus,0.56
2021-02,bbk,BBK,0.2
2021-02,blu,Blu,0.01
2021-02,bq,bq,0.03
2021-02,casper,Casper,0.07
2021-02,condor,Condor,0.02
2021-02,coolpad,Coolpad,0.03
2021-02,general-mobile,General Mobile,0.16
2021-02,gionee,Gionee,0.06
2021-02,google,Google,0.66
2021-02,hisense,Hisense,0.04
2021-02,honor,Honor,0.04
2021-02,htc,HTC,0.22
2021-02,huawei,Huawei,9.62
2021-02,infinex,Infinex,0.07
2021-02,infinix,Infinix,0.6
2021-02,infocus,InFocus,0.01
2021-02,intex,Intex,0.01
2021-02,itel,Itel,0.19
2021-02,kyocera,Kyocera,0.02
2021-02,lanix,Lanix,0.01
2021-02,lava,Lava,0.1
2021-02,leeco,LeEco,0.02
2021-02,lenovo,Lenovo,0.61
2021-02,lg,LG,1.67
2021-02,lyf,Lyf,0.01
2021-02,meizu,Meizu,0.04
2021-02,micromax,Micromax,0.08
2021-02,mobicel,Mobicel,0.01
2021-02,motorola,Motorola,2.17
2021-02,nokia,Nokia,0.64
2021-02,oneplus,OnePlus,0.83
2021-02,oppo,Oppo,5.07
2021-02,other,Other,0.2
2021-02,panasonic,Panasonic,0.02
2021-02,qmobile,QMobile,0.04
2021-02,realme,Realme,2.23
2021-02,rim,RIM,0.01
2021-02,samsung,Samsung,28.52
2021-02,sharp,Sharp,0.03
2021-02,sony,Sony,0.59
2021-02,symphony,Symphony,0.01
2021-02,t-mobile,T-Mobile,0.02
2021-02,tecno,Tecno,0.7
2021-02,turkcell,Turkcell,0.02
2021-02,unknown,Unknown,1.82
2021-02,vestel,Vestel,0.07
2021-02,vivo,Vivo,3.84
2021-02,vodafone,Vodafone,0.03
2021-02,wiko,Wiko,0.05
2021-02,xiaomi,Xiaomi,10.27
2021-02,zte,ZTE,0.16
2021-03,alcatel,Alcatel,0.15
2021-03,apple,Apple,27.41
2021-03,asus,Asus,0.57
2021-03,bbk,BBK,0.19
2021-03,blu,Blu,0.01
2021-03,bq,bq,0.02
2021-03,casper,Casper,0.05
2021-03,condor,Condor,0.02
2021-03,coolpad,Coolpad,0.03
2021-03,general-mobile,General Mobile,0.13
2021-03,gionee,Gionee,0.05
2021-03,google,Google,0.66
2021-03,hisense,Hisense,0.03
2021-03,honor,Honor,0.04
2021-03,htc,HTC,0.23
2021-03,huawei,Huawei,9.27
2021-03,infinex,Infinex,0.08
2021-03,infinix,Infinix,0.61
2021-03,infocus,InFocus,0.01
2021-03,intex,Intex,0.01
2021-03,itel,Itel,0.19
2021-03,kyocera,Kyocera,0.02
2021-03,lanix,Lanix,0.01
2021-03,lava,Lava,0.11
2021-03,leeco,LeEco,0.02
2021-03,lenovo,Lenovo,0.59
2021-03,lg,LG,1.63
2021-03,lyf,Lyf,0.01
2021-03,meizu,Meizu,0.04
2021-03,micromax,Micromax,0.08
2021-03,mobicel,Mobicel,0.01
2021-03,motorola,Motorola,2.16
2021-03,nokia,Nokia,0.64
2021-03,oneplus,OnePlus,0.83
2021-03,oppo,Oppo,5.29
2021-03,other,Other,0.19
2021-03,panasonic,Panasonic,0.01
2021-03,qmobile,QMobile,0.04
2021-03,realme,Realme,2.32
2021-03,rim,RIM,0.01
2021-03,samsung,Samsung,28.35
2021-03,sharp,Sharp,0.03
2021-03,sony,Sony,0.59
2021-03,symphony,Symphony,0.01
2021-03,t-mobile,T-Mobile,0.03
2021-03,tecno,Tecno,0.7
2021-03,turkcell,Turkcell,0.01
2021-03,unknown,Unknown,1.94
2021-03,vestel,Vestel,0.06
2021-03,vivo,Vivo,3.95
2021-03,vodafone,Vodafone,0.03
2021-03,wiko,Wiko,0.05
2021-03,xiaomi,Xiaomi,10.31
2021-03,zte,ZTE,0.15
2021-04,alcatel,Alcatel,0.14
2021-04,apple,Apple,27
2021-04,asus,Asus,0.55
2021-04,bbk,BBK,0.19
2021-04,blu,Blu,0.01
2021-04,bq,bq,0.02
2021-04,casper,Casper,0.05
2021-04,condor,Condor,0.02
2021-04,coolpad,Coolpad,0.03
2021-04,general-mobile,General Mobile,0.12
2021-04,gionee,Gionee,0.05
2021-04,google,Google,0.68
2021-04,hisense,Hisense,0.03
2021-04,honor,Honor,0.04
2021-04,htc,HTC,0.21
2021-04,huawei,Huawei,9.19
2021-04,infinex,Infinex,0.09
2021-04,infinix,Infinix,0.61
2021-04,infocus,InFocus,0.01
2021-04,intex,Intex,0.01
2021-04,itel,Itel,0.2
2021-04,kyocera,Kyocera,0.02
2021-04,lanix,Lanix,0.01
2021-04,lava,Lava,0.11
2021-04,leeco,LeEco,0.02
2021-04,lenovo,Lenovo,0.62
2021-04,lg,LG,1.6
2021-04,lyf,Lyf,0.01
2021-04,meizu,Meizu,0.04
2021-04,micromax,Micromax,0.08
2021-04,mobicel,Mobicel,0.01
2021-04,motorola,Motorola,2.19
2021-04,nokia,Nokia,0.64
2021-04,oneplus,OnePlus,0.85
2021-04,oppo,Oppo,5.31
2021-04,other,Other,0.18
2021-04,panasonic,Panasonic,0.01
2021-04,qmobile,QMobile,0.03
2021-04,realme,Realme,2.34
2021-04,rim,RIM,0.02
2021-04,samsung,Samsung,28.15
2021-04,sharp,Sharp,0.03
2021-04,sony,Sony,0.55
2021-04,symphony,Symphony,0.01
2021-04,t-mobile,T-Mobile,0.03
2021-04,tecno,Tecno,0.73
2021-04,turkcell,Turkcell,0.01
2021-04,unknown,Unknown,2.45
2021-04,vestel,Vestel,0.05
2021-04,vivo,Vivo,3.99
2021-04,vodafone,Vodafone,0.03
2021-04,wiko,Wiko,0.04
2021-04,xiaomi,Xiaomi,10.43
2021-04,zte,ZTE,0.14
2021-05,alcatel,Alcatel,0.13
2021-05,apple,Apple,26.46
2021-05,asus,Asus,0.53
2021-05,bbk,BBK,0.19
2021-05,blu,Blu,0.01
2021-05,bq,bq,0.02
2021-05,casper,Casper,0.06
2021-05,condor,Condor,0.01
2021-05,coolpad,Coolpad,0.03
2021-05,general-mobile,General Mobile,0.14
2021-05,gionee,Gionee,0.05
2021-05,google,Google,0.67
2021-05,hisense,Hisense,0.03
2021-05,honor,Honor,0.04
2021-05,htc,HTC,0.2
2021-05,huawei,Huawei,8.84
2021-05,infinex,Infinex,0.1
2021-05,infinix,Infinix,0.62
2021-05,infocus,InFocus,0.01
2021-05,intex,Intex,0.01
2021-05,itel,Itel,0.21
2021-05,kyocera,Kyocera,0.02
2021-05,lava,Lava,0.11
2021-05,leeco,LeEco,0.02
2021-05,lenovo,Lenovo,0.6
2021-05,lg,LG,1.58
2021-05,lyf,Lyf,0.01
2021-05,meizu,Meizu,0.04
2021-05,micromax,Micromax,0.07
2021-05,mobicel,Mobicel,0.01
2021-05,motorola,Motorola,2.18
2021-05,nokia,Nokia,0.64
2021-05,oneplus,OnePlus,0.87
2021-05,oppo,Oppo,5.39
2021-05,other,Other,0.18
2021-05,panasonic,Panasonic,0.01
2021-05,qmobile,QMobile,0.03
2021-05,realme,Realme,2.41
2021-05,rim,RIM,0.01
2021-05,samsung,Samsung,27.84
2021-05,sharp,Sharp,0.02
2021-05,sony,Sony,0.53
2021-05,symphony,Symphony,0.01
2021-05,t-mobile,T-Mobile,0.03
2021-05,tecno,Tecno,0.77
2021-05,turkcell,Turkcell,0.01
2021-05,unknown,Unknown,3.2
2021-05,vestel,Vestel,0.06
2021-05,vivo,Vivo,4.12
2021-05,vodafone,Vodafone,0.03
2021-05,wiko,Wiko,0.04
2021-05,xiaomi,Xiaomi,10.63
2021-05,zte,ZTE,0.14
2021-06,alcatel,Alcatel,0.13
2021-06,apple,Apple,26.35
2021-06,asus,Asus,0.52
2021-06,bbk,BBK,0.19
2021-06,blu,Blu,0.01
2021-06,bq,bq,0.01
2021-06,casper,Casper,0.05
2021-06,condor,Condor,0.01
2021-06,coolpad,Coolpad,0.03
2021-06,general-mobile,General Mobile,0.13
2021-06,gionee,Gionee,0.05
2021-06,google,Google,0.66
2021-06,hisense,Hisense,0.02
2021-06,honor,Honor,0.04
2021-06,htc,HTC,0.2
2021-06,huawei,Huawei,8.66
2021-06,infinex,Infinex,0.11
2021-06,infinix,Infinix,0.63
2021-06,infocus,InFocus,0.01
2021-06,intex,Intex,0.01
2021-06,itel,Itel,0.2
2021-06,kyocera,Kyocera,0.02
2021-06,lava,Lava,0.11
2021-06,leeco,LeEco,0.02
2021-06,lenovo,Lenovo,0.57
2021-06,lg,LG,1.55
2021-06,lyf,Lyf,0.01
2021-06,meizu,Meizu,0.04
2021-06,micromax,Micromax,0.07
2021-06,mobicel,Mobicel,0.01
2021-06,motorola,Motorola,2.23
2021-06,nokia,Nokia,0.64
2021-06,oneplus,OnePlus,0.89
2021-06,oppo,Oppo,5.67
2021-06,other,Other,0.18
2021-06,panasonic,Panasonic,0.01
2021-06,qmobile,QMobile,0.03
2021-06,realme,Realme,2.62
2021-06,rim,RIM,0.01
2021-06,samsung,Samsung,27.48
2021-06,sharp,Sharp,0.02
2021-06,sony,Sony,0.5
2021-06,symphony,Symphony,0.01
2021-06,t-mobile,T-Mobile,0.03
2021-06,tecno,Tecno,0.74
2021-06,turkcell,Turkcell,0.01
2021-06,unknown,Unknown,3.12
2021-06,vestel,Vestel,0.06
2021-06,vivo,Vivo,4.32
2021-06,vodafone,Vodafone,0.03
2021-06,wiko,Wiko,0.04
2021-06,xiaomi,Xiaomi,10.8
2021-06,zte,ZTE,0.14
2021-07,alcatel,Alcatel,0.12
2021-07,apple,Apple,26.92
2021-07,asus,Asus,0.5
2021-07,bbk,BBK,0.18
2021-07,bq,bq,0.01
2021-07,casper,Casper,0.05
2021-07,condor,Condor,0.01
2021-07,coolpad,Coolpad,0.03
2021-07,general-mobile,General Mobile,0.12
2021-07,gionee,Gionee,0.05
2021-07,google,Google,0.67
2021-07,hisense,Hisense,0.02
2021-07,honor,Honor,0.04
2021-07,htc,HTC,0.19
2021-07,huawei,Huawei,8.19
2021-07,infinex,Infinex,0.11
2021-07,infinix,Infinix,0.6
2021-07,infocus,InFocus,0.01
2021-07,itel,Itel,0.2
2021-07,kyocera,Kyocera,0.02
2021-07,lava,Lava,0.1
2021-07,leeco,LeEco,0.02
2021-07,lenovo,Lenovo,0.56
2021-07,lg,LG,1.55
2021-07,lyf,Lyf,0.01
2021-07,meizu,Meizu,0.03
2021-07,micromax,Micromax,0.07
2021-07,mobicel,Mobicel,0.01
2021-07,motorola,Motorola,2.27
2021-07,nokia,Nokia,0.63
2021-07,oneplus,OnePlus,0.88
2021-07,oppo,Oppo,5.54
2021-07,other,Other,0.18
2021-07,panasonic,Panasonic,0.01
2021-07,qmobile,QMobile,0.03
2021-07,realme,Realme,2.66
2021-07,rim,RIM,0.01
2021-07,samsung,Samsung,27.33
2021-07,sharp,Sharp,0.02
2021-07,sony,Sony,0.48
2021-07,symphony,Symphony,0.01
2021-07,t-mobile,T-Mobile,0.04
2021-07,tecno,Tecno,0.74
2021-07,turkcell,Turkcell,0.01
2021-07,unknown,Unknown,3.21
2021-07,vestel,Vestel,0.05
2021-07,vivo,Vivo,4.34
2021-07,vodafone,Vodafone,0.02
2021-07,wiko,Wiko,0.03
2021-07,xiaomi,Xiaomi,10.94
2021-07,zte,ZTE,0.13
2021-08,alcatel,Alcatel,0.11
2021-08,apple,Apple,26.42
2021-08,asus,Asus,0.47
2021-08,bbk,BBK,0.16
2021-08,bq,bq,0.01
2021-08,casper,Casper,0.05
2021-08,condor,Condor,0.01
2021-08,coolpad,Coolpad,0.02
2021-08,general-mobile,General Mobile,0.11
2021-08,gionee,Gionee,0.05
2021-08,google,Google,0.68
2021-08,hisense,Hisense,0.02
2021-08,honor,Honor,0.04
2021-08,htc,HTC,0.17
2021-08,huawei,Huawei,7.91
2021-08,infinex,Infinex,0.11
2021-08,infinix,Infinix,0.82
2021-08,itel,Itel,0.26
2021-08,kyocera,Kyocera,0.02
2021-08,lava,Lava,0.09
2021-08,leeco,LeEco,0.01
2021-08,lenovo,Lenovo,0.54
2021-08,lg,LG,1.52
2021-08,lyf,Lyf,0.01
2021-08,meizu,Meizu,0.03
2021-08,micromax,Micromax,0.05
2021-08,mobicel,Mobicel,0.01
2021-08,motorola,Motorola,2.25
2021-08,nokia,Nokia,0.6
2021-08,oneplus,OnePlus,0.96
2021-08,oppo,Oppo,5.61
2021-08,other,Other,0.19
2021-08,panasonic,Panasonic,0.01
2021-08,qmobile,QMobile,0.03
2021-08,realme,Realme,2.83
2021-08,rim,RIM,0.01
2021-08,samsung,Samsung,27.92
2021-08,sharp,Sharp,0.02
2021-08,sony,Sony,0.46
2021-08,symphony,Symphony,0.01
2021-08,t-mobile,T-Mobile,0.04
2021-08,tecno,Tecno,0.86
2021-08,turkcell,Turkcell,0.01
2021-08,unknown,Unknown,2.27
2021-08,vestel,Vestel,0.05
2021-08,vivo,Vivo,4.58
2021-08,vodafone,Vodafone,0.03
2021-08,wiko,Wiko,0.03
2021-08,xiaomi,Xiaomi,11.38
2021-08,zte,ZTE,0.13
2021-09,alcatel,Alcatel,0.11
2021-09,apple,Apple,26.75
2021-09,asus,Asus,0.44
2021-09,bbk,BBK,0.15
2021-09,bq,bq,0.01
2021-09,casper,Casper,0.04
2021-09,condor,Condor,0.01
2021-09,coolpad,Coolpad,0.02
2021-09,general-mobile,General Mobile,0.1
2021-09,gionee,Gionee,0.04
2021-09,google,Google,0.67
2021-09,hisense,Hisense,0.02
2021-09,honor,Honor,0.04
2021-09,htc,HTC,0.16
2021-09,huawei,Huawei,7.88
2021-09,infinex,Infinex,0.11
2021-09,infinix,Infinix,0.88
2021-09,itel,Itel,0.27
2021-09,kyocera,Kyocera,0.02
2021-09,lava,Lava,0.08
2021-09,leeco,LeEco,0.01
2021-09,lenovo,Lenovo,0.53
2021-09,lg,LG,1.45
2021-09,lyf,Lyf,0.01
2021-09,meizu,Meizu,0.03
2021-09,micromax,Micromax,0.05
2021-09,mobicel,Mobicel,0.01
2021-09,motorola,Motorola,2.26
2021-09,nokia,Nokia,0.58
2021-09,oneplus,OnePlus,0.96
2021-09,oppo,Oppo,5.65
2021-09,other,Other,0.17
2021-09,panasonic,Panasonic,0.01
2021-09,qmobile,QMobile,0.02
2021-09,realme,Realme,2.85
2021-09,rim,RIM,0.01
2021-09,samsung,Samsung,27.55
2021-09,sharp,Sharp,0.02
2021-09,sony,Sony,0.44
2021-09,symphony,Symphony,0.01
2021-09,t-mobile,T-Mobile,0.03
2021-09,tecno,Tecno,0.9
2021-09,turkcell,Turkcell,0.01
2021-09,unknown,Unknown,2.26
2021-09,vestel,Vestel,0.05
2021-09,vivo,Vivo,4.57
2021-09,vodafone,Vodafone,0.02
2021-09,wiko,Wiko,0.03
2021-09,xiaomi,Xiaomi,11.51
2021-09,zte,ZTE,0.13
2021-10,alcatel,Alcatel,0.1
2021-10,apple,Apple,28.21
2021-10,asus,Asus,0.41
2021-10,bbk,BBK,0.14
2021-10,bq,bq,0.02
2021-10,casper,Casper,0.04
2021-10,condor,Condor,0.02
2021-10,coolpad,Coolpad,0.02
2021-10,general-mobile,General Mobile,0.1
2021-10,gionee,Gionee,0.04
2021-10,google,Google,0.68
2021-10,hisense,Hisense,0.02
2021-10,honor,Honor,0.03
2021-10,htc,HTC,0.15
2021-10,huawei,Huawei,7.64
2021-10,infinex,Infinex,0.1
2021-10,infinix,Infinix,0.85
2021-10,itel,Itel,0.25
2021-10,kyocera,Kyocera,0.02
2021-10,lava,Lava,0.07
2021-10,leeco,LeEco,0.11
2021-10,lenovo,Lenovo,0.49
2021-10,lg,LG,1.41
2021-10,lyf,Lyf,0.01
2021-10,meizu,Meizu,0.03
2021-10,micromax,Micromax,0.04
2021-10,mobicel,Mobicel,0.01
2021-10,motorola,Motorola,2.28
2021-10,nokia,Nokia,0.55
2021-10,oneplus,OnePlus,0.95
2021-10,oppo,Oppo,5.37
2021-10,other,Other,0.15
2021-10,panasonic,Panasonic,0.01
2021-10,qmobile,QMobile,0.02
2021-10,realme,Realme,3.05
2021-10,rim,RIM,0.01
2021-10,samsung,Samsung,27.06
2021-10,sharp,Sharp,0.02
2021-10,sony,Sony,0.43
2021-10,t-mobile,T-Mobile,0.03
2021-10,tecno,Tecno,0.85
2021-10,turkcell,Turkcell,0.01
2021-10,unknown,Unknown,2.28
2021-10,vestel,Vestel,0.04
2021-10,vivo,Vivo,4.29
2021-10,vodafone,Vodafone,0.02
2021-10,wiko,Wiko,0.03
2021-10,xiaomi,Xiaomi,11.4
2021-10,zte,ZTE,0.13
2021-11,alcatel,Alcatel,0.1
2021-11,apple,Apple,28.54
2021-11,asus,Asus,0.39
2021-11,bbk,BBK,0.13
2021-11,bq,bq,0.01
2021-11,casper,Casper,0.04
2021-11,condor,Condor,0.02
2021-11,coolpad,Coolpad,0.02
2021-11,general-mobile,General Mobile,0.09
2021-11,gionee,Gionee,0.04
2021-11,google,Google,0.65
2021-11,hisense,Hisense,0.02
2021-11,honor,Honor,0.03
2021-11,htc,HTC,0.14
2021-11,huawei,Huawei,7.52
2021-11,infinex,Infinex,0.1
2021-11,infinix,Infinix,0.88
2021-11,itel,Itel,0.25
2021-11,kyocera,Kyocera,0.02
2021-11,lava,Lava,0.07
2021-11,leeco,LeEco,0.04
2021-11,lenovo,Lenovo,0.47
2021-11,lg,LG,1.37
2021-11,meizu,Meizu,0.03
2021-11,micromax,Micromax,0.04
2021-11,mobicel,Mobicel,0.01
2021-11,motorola,Motorola,2.33
2021-11,nokia,Nokia,0.55
2021-11,oneplus,OnePlus,0.95
2021-11,oppo,Oppo,5.3
2021-11,other,Other,0.15
2021-11,panasonic,Panasonic,0.01
2021-11,qmobile,QMobile,0.02
2021-11,realme,Realme,2.73
2021-11,rim,RIM,0.01
2021-11,samsung,Samsung,27.18
2021-11,sharp,Sharp,0.02
2021-11,sony,Sony,0.42
2021-11,t-mobile,T-Mobile,0.03
2021-11,tecno,Tecno,0.87
2021-11,turkcell,Turkcell,0.01
2021-11,unknown,Unknown,2.62
2021-11,vestel,Vestel,0.04
2021-11,vivo,Vivo,4.2
2021-11,vodafone,Vodafone,0.02
2021-11,wiko,Wiko,0.03
2021-11,xiaomi,Xiaomi,11.37
2021-11,zte,ZTE,0.13
2021-12,alcatel,Alcatel,0.09
2021-12,apple,Apple,29.24
2021-12,asus,Asus,0.39
2021-12,bbk,BBK,0.12
2021-12,bq,bq,0.01
2021-12,casper,Casper,0.04
2021-12,condor,Condor,0.01
2021-12,coolpad,Coolpad,0.02
2021-12,general-mobile,General Mobile,0.1
2021-12,gionee,Gionee,0.03
2021-12,google,Google,0.73
2021-12,hisense,Hisense,0.02
2021-12,honor,Honor,0.03
2021-12,htc,HTC,0.14
2021-12,huawei,Huawei,7.19
2021-12,infinex,Infinex,0.1
2021-12,infinix,Infinix,0.83
2021-12,itel,Itel,0.24
2021-12,kyocera,Kyocera,0.02
2021-12,lava,Lava,0.07
2021-12,leeco,LeEco,0.02
2021-12,lenovo,Lenovo,0.45
2021-12,lg,LG,1.27
2021-12,meizu,Meizu,0.03
2021-12,micromax,Micromax,0.04
2021-12,mobicel,Mobicel,0.01
2021-12,motorola,Motorola,2.25
2021-12,nokia,Nokia,0.54
2021-12,oneplus,OnePlus,0.96
2021-12,oppo,Oppo,5.31
2021-12,other,Other,0.14
2021-12,panasonic,Panasonic,0.01
2021-12,qmobile,QMobile,0.02
2021-12,realme,Realme,2.75
2021-12,rim,RIM,0.01
2021-12,samsung,Samsung,26.93
2021-12,sharp,Sharp,0.02
2021-12,sony,Sony,0.41
2021-12,t-mobile,T-Mobile,0.03
2021-12,tecno,Tecno,0.81
2021-12,turkcell,Turkcell,0.01
2021-12,unknown,Unknown,2.72
2021-12,vestel,Vestel,0.04
2021-12,vivo,Vivo,4.13
2021-12,vodafone,Vodafone,0.02
2021-12,wiko,Wiko,0.02
2021-12,xiaomi,Xiaomi,11.52
2021-12,zte,ZTE,0.12
2022-01,alcatel,Alcatel,0.1
2022-01,apple,Apple,29.49
2022-01,asus,Asus,0.36
2022-01,bbk,BBK,0.11
2022-01,bq,bq,0.01
2022-01,casper,Casper,0.04
2022-01,condor,Condor,0.02
2022-01,coolpad,Coolpad,0.02
2022-01,general-mobile,General Mobile,0.11
2022-01,gionee,Gionee,0.03
2022-01,google,Google,0.78
2022-01,hisense,Hisense,0.01
2022-01,honor,Honor,0.04
2022-01,htc,HTC,0.13
2022-01,huawei,Huawei,6.64
2022-01,infinex,Infinex,0.08
2022-01,infinix,Infinix,0.83
2022-01,itel,Itel,0.23
2022-01,kyocera,Kyocera,0.01
2022-01,lava,Lava,0.06
2022-01,leeco,LeEco,0.01
2022-01,lenovo,Lenovo,0.46
2022-01,lg,LG,1.21
2022-01,meizu,Meizu,0.02
2022-01,micromax,Micromax,0.03
2022-01,motorola,Motorola,2.42
2022-01,nokia,Nokia,0.52
2022-01,oneplus,OnePlus,1.07
2022-01,oppo,Oppo,5.29
2022-01,other,Other,0.15
2022-01,qmobile,QMobile,0.01
2022-01,realme,Realme,2.92
2022-01,rim,RIM,0.01
2022-01,samsung,Samsung,27.18
2022-01,sharp,Sharp,0.02
2022-01,sony,Sony,0.44
2022-01,t-mobile,T-Mobile,0.04
2022-01,tcl,TCL,0.03
2022-01,tecno,Tecno,0.85
2022-01,turkcell,Turkcell,0.01
2022-01,unknown,Unknown,2.19
2022-01,vestel,Vestel,0.04
2022-01,vivo,Vivo,4.26
2022-01,vodafone,Vodafone,0.02
2022-01,wiko,Wiko,0.02
2022-01,xiaomi,Xiaomi,11.54
2022-01,zte,ZTE,0.12
2022-02,alcatel,Alcatel,0.1
2022-02,apple,Apple,28.29
2022-02,asus,Asus,0.35
2022-02,bbk,BBK,0.11
2022-02,bq,bq,0.01
2022-02,casper,Casper,0.03
2022-02,condor,Condor,0.02
2022-02,coolpad,Coolpad,0.02
2022-02,general-mobile,General Mobile,0.1
2022-02,gionee,Gionee,0.03
2022-02,google,Google,0.76
2022-02,hisense,Hisense,0.01
2022-02,honor,Honor,0.05
2022-02,htc,HTC,0.12
2022-02,huawei,Huawei,6.41
2022-02,infinex,Infinex,0.09
2022-02,infinix,Infinix,0.91
2022-02,itel,Itel,0.26
2022-02,kyocera,Kyocera,0.02
2022-02,lava,Lava,0.06
2022-02,leeco,LeEco,0.01
2022-02,lenovo,Lenovo,0.45
2022-02,lg,LG,1.38
2022-02,meizu,Meizu,0.02
2022-02,micromax,Micromax,0.03
2022-02,motorola,Motorola,2.91
2022-02,nokia,Nokia,0.54
2022-02,oneplus,OnePlus,1.04
2022-02,oppo,Oppo,5.36
2022-02,other,Other,0.15
2022-02,qmobile,QMobile,0.01
2022-02,realme,Realme,3
2022-02,rim,RIM,0.01
2022-02,samsung,Samsung,27.68
2022-02,sharp,Sharp,0.02
2022-02,sony,Sony,0.43
2022-02,t-mobile,T-Mobile,0.04
2022-02,tcl,TCL,0.03
2022-02,tecno,Tecno,0.94
2022-02,turkcell,Turkcell,0.01
2022-02,unknown,Unknown,2.17
2022-02,vestel,Vestel,0.03
2022-02,vivo,Vivo,4.19
2022-02,vodafone,Vodafone,0.02
2022-02,wiko,Wiko,0.02
2022-02,xiaomi,Xiaomi,11.61
2022-02,zte,ZTE,0.12
2022-03,alcatel,Alcatel,0.1
2022-03,apple,Apple,27.57
2022-03,asus,Asus,0.35
2022-03,bbk,BBK,0.1
2022-03,bq,bq,0.01
2022-03,casper,Casper,0.05
2022-03,condor,Condor,0.01
2022-03,coolpad,Coolpad,0.01
2022-03,general-mobile,General Mobile,0.14
2022-03,gionee,Gionee,0.03
2022-03,google,Google,0.75
2022-03,hisense,Hisense,0.01
2022-03,honor,Honor,0.05
2022-03,htc,HTC,0.12
2022-03,huawei,Huawei,6.53
2022-03,infinex,Infinex,0.08
2022-03,infinix,Infinix,0.85
2022-03,itel,Itel,0.25
2022-03,kyocera,Kyocera,0.02
2022-03,lava,Lava,0.05
2022-03,leeco,LeEco,0.01
2022-03,lenovo,Lenovo,0.43
2022-03,lg,LG,1.26
2022-03,meizu,Meizu,0.02
2022-03,micromax,Micromax,0.03
2022-03,motorola,Motorola,2.66
2022-03,nokia,Nokia,0.54
2022-03,oneplus,OnePlus,1.04
2022-03,oppo,Oppo,5.25
2022-03,other,Other,0.15
2022-03,qmobile,QMobile,0.01
2022-03,realme,Realme,2.99
2022-03,rim,RIM,0.01
2022-03,samsung,Samsung,28.22
2022-03,sharp,Sharp,0.02
2022-03,sony,Sony,0.45
2022-03,t-mobile,T-Mobile,0.04
2022-03,tcl,TCL,0.03
2022-03,tecno,Tecno,0.93
2022-03,turkcell,Turkcell,0.01
2022-03,unknown,Unknown,2.25
2022-03,vestel,Vestel,0.04
2022-03,vivo,Vivo,4.12
2022-03,vodafone,Vodafone,0.02
2022-03,wiko,Wiko,0.02
2022-03,xiaomi,Xiaomi,12.24
2022-03,zte,ZTE,0.11
2022-04,alcatel,Alcatel,0.09
2022-04,apple,Apple,27.68
2022-04,asus,Asus,0.35
2022-04,bbk,BBK,0.1
2022-04,bq,bq,0.01
2022-04,casper,Casper,0.03
2022-04,condor,Condor,0.01
2022-04,coolpad,Coolpad,0.01
2022-04,general-mobile,General Mobile,0.1
2022-04,gionee,Gionee,0.03
2022-04,google,Google,0.81
2022-04,hisense,Hisense,0.02
2022-04,honor,Honor,0.05
2022-04,htc,HTC,0.12
2022-04,huawei,Huawei,6.18
2022-04,infinex,Infinex,0.08
2022-04,infinix,Infinix,0.86
2022-04,itel,Itel,0.26
2022-04,kyocera,Kyocera,0.02
2022-04,lava,Lava,0.05
2022-04,leeco,LeEco,0.01
2022-04,lenovo,Lenovo,0.42
2022-04,lg,LG,1.18
2022-04,meizu,Meizu,0.02
2022-04,micromax,Micromax,0.02
2022-04,motorola,Motorola,2.62
2022-04,nokia,Nokia,0.54
2022-04,oneplus,OnePlus,1.05
2022-04,oppo,Oppo,5.37
2022-04,other,Other,0.14
2022-04,qmobile,QMobile,0.01
2022-04,realme,Realme,3.09
2022-04,rim,RIM,0.01
2022-04,samsung,Samsung,27.94
2022-04,sharp,Sharp,0.02
2022-04,sony,Sony,0.46
2022-04,t-mobile,T-Mobile,0.05
2022-04,tcl,TCL,0.03
2022-04,tecno,Tecno,0.94
2022-04,turkcell,Turkcell,0.01
2022-04,unknown,Unknown,2.55
2022-04,vestel,Vestel,0.03
2022-04,vivo,Vivo,4.25
2022-04,vodafone,Vodafone,0.02
2022-04,wiko,Wiko,0.02
2022-04,xiaomi,Xiaomi,12.18
2022-04,zte,ZTE,0.11
2022-05,alcatel,Alcatel,0.09
2022-05,apple,Apple,27.83
2022-05,asus,Asus,0.32
2022-05,bbk,BBK,0.08
2022-05,bq,bq,0.01
2022-05,casper,Casper,0.06
2022-05,condor,Condor,0.01
2022-05,coolpad,Coolpad,0.01
2022-05,general-mobile,General Mobile,0.19
2022-05,gionee,Gionee,0.03
2022-05,google,Google,0.77
2022-05,hisense,Hisense,0.01
2022-05,honor,Honor,0.05
2022-05,htc,HTC,0.12
2022-05,huawei,Huawei,6.25
2022-05,infinex,Infinex,0.08
2022-05,infinix,Infinix,0.84
2022-05,itel,Itel,0.23
2022-05,kyocera,Kyocera,0.01
2022-05,lava,Lava,0.04
2022-05,leeco,LeEco,0.01
2022-05,lenovo,Lenovo,0.38
2022-05,lg,LG,1.09
2022-05,meizu,Meizu,0.02
2022-05,micromax,Micromax,0.02
2022-05,motorola,Motorola,2.42
2022-05,nokia,Nokia,0.51
2022-05,oneplus,OnePlus,1.04
2022-05,oppo,Oppo,5.37
2022-05,other,Other,0.14
2022-05,qmobile,QMobile,0.01
2022-05,realme,Realme,3.04
2022-05,samsung,Samsung,28.25
2022-05,sharp,Sharp,0.02
2022-05,sony,Sony,0.43
2022-05,t-mobile,T-Mobile,0.04
2022-05,tcl,TCL,0.03
2022-05,tecno,Tecno,0.9
2022-05,turkcell,Turkcell,0.01
2022-05,unknown,Unknown,2.25
2022-05,vestel,Vestel,0.06
2022-05,vivo,Vivo,4.08
2022-05,vodafone,Vodafone,0.02
2022-05,wiko,Wiko,0.02
2022-05,xiaomi,Xiaomi,12.64
2022-05,zte,ZTE,0.11
2022-06,alcatel,Alcatel,0.08
2022-06,apple,Apple,27.22
2022-06,asus,Asus,0.29
2022-06,bbk,BBK,0.08
2022-06,bq,bq,0.01
2022-06,casper,Casper,0.07
2022-06,condor,Condor,0.01
2022-06,coolpad,Coolpad,0.01
2022-06,general-mobile,General Mobile,0.2
2022-06,gionee,Gionee,0.02
2022-06,google,Google,0.73
2022-06,hisense,Hisense,0.01
2022-06,honor,Honor,0.05
2022-06,htc,HTC,0.1
2022-06,huawei,Huawei,6.09
2022-06,infinex,Infinex,0.08
2022-06,infinix,Infinix,0.87
2022-06,itel,Itel,0.22
2022-06,kyocera,Kyocera,0.01
2022-06,lava,Lava,0.04
2022-06,leeco,LeEco,0.01
2022-06,lenovo,Lenovo,0.37
2022-06,lg,LG,1.03
2022-06,meizu,Meizu,0.02
2022-06,micromax,Micromax,0.02
2022-06,motorola,Motorola,2.35
2022-06,nokia,Nokia,0.5
2022-06,oneplus,OnePlus,1.04
2022-06,oppo,Oppo,5.76
2022-06,other,Other,0.14
2022-06,qmobile,QMobile,0.01
2022-06,realme,Realme,3.26
2022-06,samsung,Samsung,28.24
2022-06,sharp,Sharp,0.02
2022-06,sony,Sony,0.4
2022-06,t-mobile,T-Mobile,0.05
2022-06,tcl,TCL,0.03
2022-06,tecno,Tecno,0.85
2022-06,turkcell,Turkcell,0.01
2022-06,unknown,Unknown,2.12
2022-06,vestel,Vestel,0.06
2022-06,vivo,Vivo,4.3
2022-06,vodafone,Vodafone,0.02
2022-06,wiko,Wiko,0.01
2022-06,xiaomi,Xiaomi,13.05
2022-06,zte,ZTE,0.1
2022-07,alcatel,Alcatel,0.08
2022-07,apple,Apple,27.5
2022-07,asus,Asus,0.26
2022-07,bbk,BBK,0.1
2022-07,bq,bq,0.01
2022-07,casper,Casper,0.07
2022-07,condor,Condor,0.01
2022-07,coolpad,Coolpad,0.01
2022-07,general-mobile,General Mobile,0.2
2022-07,gionee,Gionee,0.02
2022-07,google,Google,0.75
2022-07,hisense,Hisense,0.01
2022-07,honor,Honor,0.06
2022-07,htc,HTC,0.08
2022-07,huawei,Huawei,6.34
2022-07,infinex,Infinex,0.07
2022-07,infinix,Infinix,0.77
2022-07,itel,Itel,0.2
2022-07,kyocera,Kyocera,0.01
2022-07,lava,Lava,0.04
2022-07,leeco,LeEco,0.01
2022-07,lenovo,Lenovo,0.35
2022-07,lg,LG,1.01
2022-07,meizu,Meizu,0.02
2022-07,micromax,Micromax,0.02
2022-07,motorola,Motorola,2.41
2022-07,nokia,Nokia,0.49
2022-07,oneplus,OnePlus,1.02
2022-07,oppo,Oppo,5.39
2022-07,other,Other,0.14
2022-07,qmobile,QMobile,0.01
2022-07,realme,Realme,3.1
2022-07,samsung,Samsung,28.17
2022-07,sharp,Sharp,0.02
2022-07,sony,Sony,0.35
2022-07,t-mobile,T-Mobile,0.05
2022-07,tcl,TCL,0.04
2022-07,tecno,Tecno,0.82
2022-07,turkcell,Turkcell,0.01
2022-07,unknown,Unknown,2.62
2022-07,vestel,Vestel,0.06
2022-07,vivo,Vivo,4.28
2022-07,vodafone,Vodafone,0.02
2022-07,wiko,Wiko,0.01
2022-07,xiaomi,Xiaomi,12.86
2022-07,zte,ZTE,0.1
2022-08,alcatel,Alcatel,0.09
2022-08,apple,Apple,27.83
2022-08,asus,Asus,0.24
2022-08,bbk,BBK,0.07
2022-08,bq,bq,0.01
2022-08,casper,Casper,0.07
2022-08,condor,Condor,0.01
2022-08,coolpad,Coolpad,0.01
2022-08,general-mobile,General Mobile,0.21
2022-08,gionee,Gionee,0.02
2022-08,google,Google,0.74
2022-08,hisense,Hisense,0.01
2022-08,honor,Honor,0.06
2022-08,htc,HTC,0.09
2022-08,huawei,Huawei,6.03
2022-08,infinex,Infinex,0.08
2022-08,infinix,Infinix,0.86
2022-08,itel,Itel,0.22
2022-08,kyocera,Kyocera,0.01
2022-08,lava,Lava,0.03
2022-08,leeco,LeEco,0.01
2022-08,lenovo,Lenovo,0.35
2022-08,lg,LG,1
2022-08,meizu,Meizu,0.02
2022-08,micromax,Micromax,0.01
2022-08,motorola,Motorola,2.48
2022-08,nokia,Nokia,0.49
2022-08,oneplus,OnePlus,1.02
2022-08,oppo,Oppo,5.14
2022-08,other,Other,0.14
2022-08,realme,Realme,2.94
2022-08,samsung,Samsung,28.76
2022-08,sharp,Sharp,0.02
2022-08,sony,Sony,0.35
2022-08,t-mobile,T-Mobile,0.05
2022-08,tcl,TCL,0.04
2022-08,tecno,Tecno,0.96
2022-08,turkcell,Turkcell,0.01
2022-08,unknown,Unknown,2.54
2022-08,vestel,Vestel,0.06
2022-08,vivo,Vivo,3.95
2022-08,vodafone,Vodafone,0.02
2022-08,wiko,Wiko,0.01
2022-08,xiaomi,Xiaomi,12.8
2022-08,zte,ZTE,0.11
2022-09,alcatel,Alcatel,0.09
2022-09,apple,Apple,27.8
2022-09,asus,Asus,0.23
2022-09,bbk,BBK,0.07
2022-09,blu,Blu,0.01
2022-09,bq,bq,0.01
2022-09,casper,Casper,0.08
2022-09,coolpad,Coolpad,0.01
2022-09,general-mobile,General Mobile,0.2
2022-09,gionee,Gionee,0.02
2022-09,google,Google,0.73
2022-09,hisense,Hisense,0.02
2022-09,honor,Honor,0.08
2022-09,htc,HTC,0.08
2022-09,huawei,Huawei,5.64
2022-09,infinex,Infinex,0.08
2022-09,infinix,Infinix,0.92
2022-09,itel,Itel,0.25
2022-09,kyocera,Kyocera,0.01
2022-09,lava,Lava,0.03
2022-09,leeco,LeEco,0.01
2022-09,lenovo,Lenovo,0.34
2022-09,lg,LG,0.93
2022-09,meizu,Meizu,0.02
2022-09,micromax,Micromax,0.02
2022-09,motorola,Motorola,2.36
2022-09,nokia,Nokia,0.48
2022-09,oneplus,OnePlus,1.07
2022-09,oppo,Oppo,5.32
2022-09,other,Other,0.22
2022-09,realme,Realme,3.16
2022-09,samsung,Samsung,28.41
2022-09,sharp,Sharp,0.02
2022-09,sony,Sony,0.32
2022-09,t-mobile,T-Mobile,0.06
2022-09,tcl,TCL,0.05
2022-09,tecno,Tecno,1.02
2022-09,turkcell,Turkcell,0.01
2022-09,unknown,Unknown,2.31
2022-09,vestel,Vestel,0.06
2022-09,vivo,Vivo,4.29
2022-09,vodafone,Vodafone,0.02
2022-09,wiko,Wiko,0.01
2022-09,xiaomi,Xiaomi,13.02
2022-09,zte,ZTE,0.11
2022-10,alcatel,Alcatel,0.09
2022-10,apple,Apple,28.41
2022-10,asus,Asus,0.21
2022-10,bbk,BBK,0.06
2022-10,blu,Blu,0.01
2022-10,bq,bq,0.01
2022-10,casper,Casper,0.09
2022-10,condor,Condor,0.01
2022-10,coolpad,Coolpad,0.01
2022-10,general-mobile,General Mobile,0.18
2022-10,gionee,Gionee,0.02
2022-10,google,Google,0.77
2022-10,hisense,Hisense,0.02
2022-10,honor,Honor,0.09
2022-10,htc,HTC,0.07
2022-10,huawei,Huawei,5.27
2022-10,infinex,Infinex,0.07
2022-10,infinix,Infinix,0.96
2022-10,itel,Itel,0.26
2022-10,kyocera,Kyocera,0.02
2022-10,lava,Lava,0.03
2022-10,leeco,LeEco,0.01
2022-10,lenovo,Lenovo,0.31
2022-10,lg,LG,0.85
2022-10,meizu,Meizu,0.02
2022-10,micromax,Micromax,0.02
2022-10,motorola,Motorola,2.33
2022-10,nokia,Nokia,0.45
2022-10,oneplus,OnePlus,1.11
2022-10,oppo,Oppo,5.53
2022-10,other,Other,0.3
2022-10,realme,Realme,3.16
2022-10,samsung,Samsung,28.21
2022-10,sharp,Sharp,0.02
2022-10,sony,Sony,0.31
2022-10,t-mobile,T-Mobile,0.07
2022-10,tcl,TCL,0.07
2022-10,tecno,Tecno,1.09
2022-10,turkcell,Turkcell,0.01
2022-10,unknown,Unknown,2.19
2022-10,vestel,Vestel,0.05
2022-10,vivo,Vivo,4.31
2022-10,vodafone,Vodafone,0.01
2022-10,wiko,Wiko,0.01
2022-10,xiaomi,Xiaomi,12.73
2022-10,zte,ZTE,0.11
2022-11,alcatel,Alcatel,0.08
2022-11,apple,Apple,27.48
2022-11,asus,Asus,0.19
2022-11,bbk,BBK,0.06
2022-11,blu,Blu,0.01
2022-11,bq,bq,0.01
2022-11,casper,Casper,0.08
2022-11,condor,Condor,0.01
2022-11,coolpad,Coolpad,0.01
2022-11,general-mobile,General Mobile,0.17
2022-11,gionee,Gionee,0.02
2022-11,google,Google,0.72
2022-11,hisense,Hisense,0.02
2022-11,honor,Honor,0.09
2022-11,htc,HTC,0.06
2022-11,huawei,Huawei,4.98
2022-11,infinex,Infinex,0.07
2022-11,infinix,Infinix,0.98
2022-11,itel,Itel,0.25
2022-11,kyocera,Kyocera,0.02
2022-11,lava,Lava,0.03
2022-11,leeco,LeEco,0.02
2022-11,lenovo,Lenovo,0.3
2022-11,lg,LG,0.78
2022-11,meizu,Meizu,0.02
2022-11,micromax,Micromax,0.02
2022-11,motorola,Motorola,2.3
2022-11,nokia,Nokia,0.45
2022-11,oneplus,OnePlus,1.12
2022-11,oppo,Oppo,6.28
2022-11,other,Other,0.32
2022-11,qmobile,QMobile,0.01
2022-11,realme,Realme,3.37
2022-11,samsung,Samsung,28.33
2022-11,sharp,Sharp,0.02
2022-11,sony,Sony,0.29
2022-11,t-mobile,T-Mobile,0.06
2022-11,tcl,TCL,0.07
2022-11,tecno,Tecno,1.02
2022-11,turkcell,Turkcell,0.01
2022-11,unknown,Unknown,2.16
2022-11,vestel,Vestel,0.05
2022-11,vivo,Vivo,4.59
2022-11,vodafone,Vodafone,0.01
2022-11,wiko,Wiko,0.01
2022-11,xiaomi,Xiaomi,12.97
2022-11,zte,ZTE,0.1
2022-12,alcatel,Alcatel,0.07
2022-12,apple,Apple,26.98
2022-12,asus,Asus,0.19
2022-12,bbk,BBK,0.08
2022-12,blu,Blu,0.01
2022-12,bq,bq,0.01
2022-12,casper,Casper,0.05
2022-12,condor,Condor,0.01
2022-12,coolpad,Coolpad,0.01
2022-12,general-mobile,General Mobile,0.1
2022-12,gionee,Gionee,0.02
2022-12,google,Google,0.75
2022-12,hisense,Hisense,0.02
2022-12,honor,Honor,0.12
2022-12,htc,HTC,0.05
2022-12,huawei,Huawei,5.25
2022-12,infinex,Infinex,0.08
2022-12,infinix,Infinix,1
2022-12,itel,Itel,0.24
2022-12,kyocera,Kyocera,0.01
2022-12,lava,Lava,0.03
2022-12,leeco,LeEco,0.01
2022-12,lenovo,Lenovo,0.29
2022-12,lg,LG,0.71
2022-12,meizu,Meizu,0.02
2022-12,micromax,Micromax,0.02
2022-12,motorola,Motorola,2.25
2022-12,nokia,Nokia,0.43
2022-12,oneplus,OnePlus,1.21
2022-12,oppo,Oppo,6.4
2022-12,other,Other,0.26
2022-12,qmobile,QMobile,0.01
2022-12,realme,Realme,3.68
2022-12,samsung,Samsung,27.38
2022-12,sharp,Sharp,0.02
2022-12,sony,Sony,0.27
2022-12,t-mobile,T-Mobile,0.05
2022-12,tcl,TCL,0.06
2022-12,tecno,Tecno,0.98
2022-12,unknown,Unknown,3.28
2022-12,vestel,Vestel,0.03
2022-12,vivo,Vivo,5.07
2022-12,vodafone,Vodafone,0.01
2022-12,wiko,Wiko,0.01
2022-12,xiaomi,Xiaomi,12.35
2022-12,zte,ZTE,0.1
2023-01,alcatel,Alcatel,0.07
2023-01,apple,Apple,27.6
2023-01,asus,Asus,0.19
2023-01,bbk,BBK,0.07
2023-01,blu,Blu,0.01
2023-01,bq,bq,0.01
2023-01,casper,Casper,0.04
2023-01,coolpad,Coolpad,0.01
2023-01,general-mobile,General Mobile,0.08
2023-01,gionee,Gionee,0.02
2023-01,google,Google,0.74
2023-01,hisense,Hisense,0.02
2023-01,honor,Honor,0.12
2023-01,htc,HTC,0.05
2023-01,huawei,Huawei,4.62
2023-01,infinex,Infinex,0.08
2023-01,infinix,Infinix,1.06
2023-01,itel,Itel,0.26
2023-01,kyocera,Kyocera,0.01
2023-01,lava,Lava,0.03
2023-01,leeco,LeEco,0.01
2023-01,lenovo,Lenovo,0.3
2023-01,lg,LG,0.68
2023-01,meizu,Meizu,0.02
2023-01,micromax,Micromax,0.02
2023-01,motorola,Motorola,2.3
2023-01,nokia,Nokia,0.45
2023-01,oneplus,OnePlus,1.26
2023-01,oppo,Oppo,6.41
2023-01,other,Other,0.25
2023-01,qmobile,QMobile,0.01
2023-01,realme,Realme,3.96
2023-01,samsung,Samsung,27.09
2023-01,sharp,Sharp,0.02
2023-01,sony,Sony,0.27
2023-01,t-mobile,T-Mobile,0.05
2023-01,tcl,TCL,0.06
2023-01,tecno,Tecno,1.07
2023-01,unknown,Unknown,2.74
2023-01,vestel,Vestel,0.02
2023-01,vivo,Vivo,5.26
2023-01,vodafone,Vodafone,0.01
2023-01,wiko,Wiko,0.01
2023-01,xiaomi,Xiaomi,12.52
2023-01,zte,ZTE,0.11
2023-02,alcatel,Alcatel,0.07
2023-02,apple,Apple,27.1
2023-02,asus,Asus,0.17
2023-02,bbk,BBK,0.08
2023-02,blu,Blu,0.01
2023-02,bq,bq,0.01
2023-02,casper,Casper,0.03
2023-02,condor,Condor,0.01
2023-02,coolpad,Coolpad,0.01
2023-02,general-mobile,General Mobile,0.06
2023-02,gionee,Gionee,0.01
2023-02,google,Google,0.76
2023-02,hisense,Hisense,0.02
2023-02,honor,Honor,0.12
2023-02,htc,HTC,0.05
2023-02,huawei,Huawei,4.84
2023-02,infinex,Infinex,0.08
2023-02,infinix,Infinix,1.15
2023-02,itel,Itel,0.26
2023-02,kyocera,Kyocera,0.01
2023-02,lava,Lava,0.02
2023-02,leeco,LeEco,0.01
2023-02,lenovo,Lenovo,0.29
2023-02,lg,LG,0.64
2023-02,meizu,Meizu,0.02
2023-02,micromax,Micromax,0.02
2023-02,motorola,Motorola,2.28
2023-02,nokia,Nokia,0.45
2023-02,oneplus,OnePlus,1.22
2023-02,oppo,Oppo,6.86
2023-02,other,Other,0.23
2023-02,realme,Realme,4.03
2023-02,samsung,Samsung,26.75
2023-02,sharp,Sharp,0.01
2023-02,sony,Sony,0.24
2023-02,t-mobile,T-Mobile,0.04
2023-02,tcl,TCL,0.05
2023-02,tecno,Tecno,1.06
2023-02,unknown,Unknown,3.14
2023-02,vestel,Vestel,0.02
2023-02,vivo,Vivo,5.3
2023-02,vodafone,Vodafone,0.01
2023-02,wiko,Wiko,0.01
2023-02,xiaomi,Xiaomi,12.29
2023-02,zte,ZTE,0.1
2023-03,alcatel,Alcatel,0.07
2023-03,apple,Apple,28.42
2023-03,asus,Asus,0.18
2023-03,bbk,BBK,0.07
2023-03,blu,Blu,0.01
2023-03,bq,bq,0.01
2023-03,casper,Casper,0.03
2023-03,coolpad,Coolpad,0.01
2023-03,general-mobile,General Mobile,0.05
2023-03,gionee,Gionee,0.01
2023-03,google,Google,0.74
2023-03,hisense,Hisense,0.02
2023-03,honor,Honor,0.12
2023-03,htc,HTC,0.06
2023-03,huawei,Huawei,4.32
2023-03,infinex,Infinex,0.07
2023-03,infinix,Infinix,0.95
2023-03,itel,Itel,0.25
2023-03,kyocera,Kyocera,0.01
2023-03,lava,Lava,0.02
2023-03,leeco,LeEco,0.01
2023-03,lenovo,Lenovo,0.29
2023-03,lg,LG,0.7
2023-03,meizu,Meizu,0.01
2023-03,micromax,Micromax,0.02
2023-03,motorola,Motorola,2.5
2023-03,nokia,Nokia,0.46
2023-03,oneplus,OnePlus,1.23
2023-03,oppo,Oppo,6.39
2023-03,other,Other,0.23
2023-03,realme,Realme,3.79
2023-03,samsung,Samsung,27.1
2023-03,sharp,Sharp,0.01
2023-03,sony,Sony,0.25
2023-03,t-mobile,T-Mobile,0.04
2023-03,tcl,TCL,0.05
2023-03,tecno,Tecno,1.01
2023-03,unknown,Unknown,3
2023-03,vestel,Vestel,0.01
2023-03,vivo,Vivo,5.17
2023-03,vodafone,Vodafone,0.01
2023-03,wiko,Wiko,0.01
2023-03,xiaomi,Xiaomi,12.16
2023-03,zte,ZTE,0.1
2023-04,alcatel,Alcatel,0.06
2023-04,apple,Apple,30.61
2023-04,asus,Asus,0.18
2023-04,bbk,BBK,0.07
2023-04,blu,Blu,0.01
2023-04,bq,bq,0.01
2023-04,casper,Casper,0.02
2023-04,coolpad,Coolpad,0.01
2023-04,general-mobile,General Mobile,0.05
2023-04,gionee,Gionee,0.01
2023-04,google,Google,0.73
2023-04,hisense,Hisense,0.02
2023-04,honor,Honor,0.12
2023-04,htc,HTC,0.06
2023-04,huawei,Huawei,4.11
2023-04,infinex,Infinex,0.07
2023-04,infinix,Infinix,0.97
2023-04,itel,Itel,0.26
2023-04,kyocera,Kyocera,0.01
2023-04,lava,Lava,0.02
2023-04,leeco,LeEco,0.01
2023-04,lenovo,Lenovo,0.29
2023-04,lg,LG,0.62
2023-04,meizu,Meizu,0.02
2023-04,micromax,Micromax,0.02
2023-04,motorola,Motorola,2.21
2023-04,nokia,Nokia,0.45
2023-04,oneplus,OnePlus,1.18
2023-04,oppo,Oppo,6.35
2023-04,other,Other,0.22
2023-04,realme,Realme,3.68
2023-04,samsung,Samsung,26.05
2023-04,sharp,Sharp,0.01
2023-04,sony,Sony,0.24
2023-04,t-mobile,T-Mobile,0.04
2023-04,tcl,TCL,0.05
2023-04,tecno,Tecno,1.03
2023-04,unknown,Unknown,3.2
2023-04,vestel,Vestel,0.01
2023-04,vivo,Vivo,5.09
2023-04,vodafone,Vodafone,0.01
2023-04,wiko,Wiko,0.01
2023-04,xiaomi,Xiaomi,11.68
2023-04,zte,ZTE,0.1
2023-05,alcatel,Alcatel,0.06
2023-05,apple,Apple,31.44
2023-05,asus,Asus,0.16
2023-05,bbk,BBK,0.06
2023-05,blu,Blu,0.01
2023-05,casper,Casper,0.02
2023-05,coolpad,Coolpad,0.01
2023-05,general-mobile,General Mobile,0.03
2023-05,gionee,Gionee,0.01
2023-05,google,Google,0.76
2023-05,hisense,Hisense,0.02
2023-05,honor,Honor,0.14
2023-05,htc,HTC,0.05
2023-05,huawei,Huawei,4.01
2023-05,infinex,Infinex,0.07
2023-05,infinix,Infinix,1.02
2023-05,itel,Itel,0.26
2023-05,kyocera,Kyocera,0.01
2023-05,lava,Lava,0.02
2023-05,leeco,LeEco,0.01
2023-05,lenovo,Lenovo,0.28
2023-05,lg,LG,0.54
2023-05,meizu,Meizu,0.02
2023-05,micromax,Micromax,0.01
2023-05,motorola,Motorola,2.05
2023-05,nokia,Nokia,0.44
2023-05,nothing,Nothing,0.01
2023-05,oneplus,OnePlus,1.06
2023-05,oppo,Oppo,6.52
2023-05,other,Other,0.21
2023-05,realme,Realme,3.51
2023-05,samsung,Samsung,25.27
2023-05,sharp,Sharp,0.01
2023-05,sony,Sony,0.24
2023-05,t-mobile,T-Mobile,0.04
2023-05,tcl,TCL,0.04
2023-05,tecno,Tecno,1.01
2023-05,unknown,Unknown,4.39
2023-05,vestel,Vestel,0.01
2023-05,vivo,Vivo,4.88
2023-05,vodafone,Vodafone,0.01
2023-05,wiko,Wiko,0.01
2023-05,xiaomi,Xiaomi,11.13
2023-05,zte,ZTE,0.1
2023-06,alcatel,Alcatel,0.05
2023-06,apple,Apple,28.44
2023-06,asus,Asus,0.15
2023-06,bbk,BBK,0.07
2023-06,blu,Blu,0.02
2023-06,casper,Casper,0.01
2023-06,coolpad,Coolpad,0.01
2023-06,general-mobile,General Mobile,0.03
2023-06,gionee,Gionee,0.01
2023-06,google,Google,0.89
2023-06,hisense,Hisense,0.02
2023-06,honor,Honor,0.2
2023-06,htc,HTC,0.05
2023-06,huawei,Huawei,4.07
2023-06,infinex,Infinex,0.06
2023-06,infinix,Infinix,1.06
2023-06,itel,Itel,0.26
2023-06,kyocera,Kyocera,0.01
2023-06,lava,Lava,0.02
2023-06,lenovo,Lenovo,0.26
2023-06,lg,LG,0.49
2023-06,meizu,Meizu,0.01
2023-06,micromax,Micromax,0.01
2023-06,motorola,Motorola,2.01
2023-06,nokia,Nokia,0.42
2023-06,nothing,Nothing,0.03
2023-06,oneplus,OnePlus,1.12
2023-06,oppo,Oppo,6.95
2023-06,other,Other,0.23
2023-06,realme,Realme,3.78
2023-06,samsung,Samsung,24.59
2023-06,sharp,Sharp,0.01
2023-06,sony,Sony,0.23
2023-06,t-mobile,T-Mobile,0.06
2023-06,tcl,TCL,0.04
2023-06,tecno,Tecno,0.99
2023-06,unknown,Unknown,6.74
2023-06,vestel,Vestel,0.01
2023-06,vivo,Vivo,5.39
2023-06,vodafone,Vodafone,0.01
2023-06,wiko,Wiko,0.01
2023-06,xiaomi,Xiaomi,11.05
2023-06,zte,ZTE,0.08
2023-07,alcatel,Alcatel,0.05
2023-07,apple,Apple,28.39
2023-07,asus,Asus,0.15
2023-07,bbk,BBK,0.08
2023-07,blu,Blu,0.02
2023-07,casper,Casper,0.01
2023-07,coolpad,Coolpad,0.01
2023-07,general-mobile,General Mobile,0.03
2023-07,gionee,Gionee,0.02
2023-07,google,Google,0.95
2023-07,hisense,Hisense,0.02
2023-07,honor,Honor,0.22
2023-07,htc,HTC,0.05
2023-07,huawei,Huawei,4
2023-07,infinex,Infinex,0.07
2023-07,infinix,Infinix,1.06
2023-07,itel,Itel,0.28
2023-07,kyocera,Kyocera,0.01
2023-07,lava,Lava,0.03
2023-07,leeco,LeEco,0.01
2023-07,lenovo,Lenovo,0.26
2023-07,lg,LG,0.48
2023-07,meizu,Meizu,0.01
2023-07,micromax,Micromax,0.02
2023-07,motorola,Motorola,2.11
2023-07,nokia,Nokia,0.39
2023-07,nothing,Nothing,0.03
2023-07,oneplus,OnePlus,1.27
2023-07,oppo,Oppo,6.06
2023-07,other,Other,0.18
2023-07,realme,Realme,3.87
2023-07,samsung,Samsung,24.22
2023-07,sharp,Sharp,0.01
2023-07,sony,Sony,0.24
2023-07,t-mobile,T-Mobile,0.06
2023-07,tcl,TCL,0.04
2023-07,tecno,Tecno,1.08
2023-07,unknown,Unknown,7.35
2023-07,vestel,Vestel,0.01
2023-07,vivo,Vivo,5.53
2023-07,vodafone,Vodafone,0.01
2023-07,wiko,Wiko,0.01
2023-07,xiaomi,Xiaomi,11.21
2023-07,zte,ZTE,0.08
2023-08,alcatel,Alcatel,0.04
2023-08,apple,Apple,28.53
2023-08,asus,Asus,0.14
2023-08,bbk,BBK,0.07
2023-08,blu,Blu,0.02
2023-08,casper,Casper,0.01
2023-08,coolpad,Coolpad,0.01
2023-08,general-mobile,General Mobile,0.03
2023-08,gionee,Gionee,0.01
2023-08,google,Google,0.95
2023-08,hisense,Hisense,0.02
2023-08,honor,Honor,0.22
2023-08,htc,HTC,0.05
2023-08,huawei,Huawei,4
2023-08,infinex,Infinex,0.07
2023-08,infinix,Infinix,1.1
2023-08,itel,Itel,0.3
2023-08,kyocera,Kyocera,0.01
2023-08,lava,Lava,0.02
2023-08,lenovo,Lenovo,0.26
2023-08,lg,LG,0.47
2023-08,meizu,Meizu,0.01
2023-08,micromax,Micromax,0.01
2023-08,motorola,Motorola,2.12
2023-08,nokia,Nokia,0.4
2023-08,nothing,Nothing,0.04
2023-08,oneplus,OnePlus,1.29
2023-08,oppo,Oppo,5.85
2023-08,other,Other,0.17
2023-08,realme,Realme,3.77
2023-08,samsung,Samsung,24.16
2023-08,sharp,Sharp,0.01
2023-08,sony,Sony,0.24
2023-08,t-mobile,T-Mobile,0.06
2023-08,tcl,TCL,0.04
2023-08,tecno,Tecno,1.17
2023-08,unknown,Unknown,7.74
2023-08,vestel,Vestel,0.01
2023-08,vivo,Vivo,5.37
2023-08,vodafone,Vodafone,0.01
2023-08,wiko,Wiko,0.01
2023-08,xiaomi,Xiaomi,11.09
2023-08,zte,ZTE,0.08
2023-09,alcatel,Alcatel,0.05
2023-09,apple,Apple,29.58
2023-09,asus,Asus,0.17
2023-09,bbk,BBK,0.06
2023-09,blu,Blu,0.02
2023-09,casper,Casper,0.01
2023-09,coolpad,Coolpad,0.01
2023-09,general-mobile,General Mobile,0.02
2023-09,gionee,Gionee,0.01
2023-09,google,Google,0.95
2023-09,hisense,Hisense,0.02
2023-09,honor,Honor,0.23
2023-09,htc,HTC,0.06
2023-09,huawei,Huawei,3.81
2023-09,infinex,Infinex,0.06
2023-09,infinix,Infinix,1.06
2023-09,itel,Itel,0.3
2023-09,kyocera,Kyocera,0.01
2023-09,lava,Lava,0.02
2023-09,lenovo,Lenovo,0.25
2023-09,lg,LG,0.45
2023-09,meizu,Meizu,0.01
2023-09,micromax,Micromax,0.01
2023-09,motorola,Motorola,2.1
2023-09,nokia,Nokia,0.39
2023-09,nothing,Nothing,0.04
2023-09,oneplus,OnePlus,1.22
2023-09,oppo,Oppo,5.53
2023-09,other,Other,0.15
2023-09,realme,Realme,3.52
2023-09,samsung,Samsung,24.23
2023-09,sharp,Sharp,0.01
2023-09,sony,Sony,0.25
2023-09,t-mobile,T-Mobile,0.06
2023-09,tcl,TCL,0.04
2023-09,tecno,Tecno,1.19
2023-09,unknown,Unknown,8.12
2023-09,vestel,Vestel,0.01
2023-09,vivo,Vivo,5.02
2023-09,vodafone,Vodafone,0.01
2023-09,wiko,Wiko,0.01
2023-09,xiaomi,Xiaomi,10.84
2023-09,zte,ZTE,0.08
2023-10,alcatel,Alcatel,0.05
2023-10,apple,Apple,29.65
2023-10,asus,Asus,0.18
2023-10,bbk,BBK,0.06
2023-10,blu,Blu,0.02
2023-10,casper,Casper,0.01
2023-10,general-mobile,General Mobile,0.02
2023-10,gionee,Gionee,0.01
2023-10,google,Google,1.14
2023-10,hisense,Hisense,0.02
2023-10,honor,Honor,0.27
2023-10,htc,HTC,0.06
2023-10,huawei,Huawei,3.6
2023-10,infinex,Infinex,0.06
2023-10,infinix,Infinix,1.2
2023-10,itel,Itel,0.37
2023-10,kyocera,Kyocera,0.01
2023-10,lava,Lava,0.02
2023-10,lenovo,Lenovo,0.25
2023-10,lg,LG,0.44
2023-10,meizu,Meizu,0.01
2023-10,micromax,Micromax,0.01
2023-10,motorola,Motorola,2.17
2023-10,nokia,Nokia,0.38
2023-10,nothing,Nothing,0.04
2023-10,oneplus,OnePlus,1.22
2023-10,oppo,Oppo,5.52
2023-10,other,Other,0.16
2023-10,realme,Realme,3.48
2023-10,samsung,Samsung,24.69
2023-10,sharp,Sharp,0.01
2023-10,sony,Sony,0.26
2023-10,t-mobile,T-Mobile,0.05
2023-10,tcl,TCL,0.05
2023-10,tecno,Tecno,1.33
2023-10,unknown,Unknown,7.11
2023-10,vestel,Vestel,0.01
2023-10,vivo,Vivo,4.93
2023-10,vodafone,Vodafone,0.01
2023-10,wiko,Wiko,0.01
2023-10,xiaomi,Xiaomi,10.99
2023-10,zte,ZTE,0.08
2023-11,alcatel,Alcatel,0.06
2023-11,apple,Apple,29.12
2023-11,asus,Asus,0.19
2023-11,bbk,BBK,0.06
2023-11,blu,Blu,0.01
2023-11,casper,Casper,0.01
2023-11,general-mobile,General Mobile,0.02
2023-11,gionee,Gionee,0.01
2023-11,google,Google,0.98
2023-11,hisense,Hisense,0.02
2023-11,honor,Honor,0.35
2023-11,htc,HTC,0.05
2023-11,huawei,Huawei,3.52
2023-11,infinex,Infinex,0.06
2023-11,infinix,Infinix,1.34
2023-11,itel,Itel,0.44
2023-11,kyocera,Kyocera,0.01
2023-11,lava,Lava,0.02
2023-11,lenovo,Lenovo,0.26
2023-11,lg,LG,0.42
2023-11,meizu,Meizu,0.01
2023-11,micromax,Micromax,0.01
2023-11,motorola,Motorola,2.16
2023-11,nokia,Nokia,0.38
2023-11,nothing,Nothing,0.04
2023-11,oneplus,OnePlus,1.21
2023-11,oppo,Oppo,5.59
2023-11,other,Other,0.17
2023-11,realme,Realme,3.58
2023-11,samsung,Samsung,24.61
2023-11,sharp,Sharp,0.01
2023-11,sony,Sony,0.26
2023-11,t-mobile,T-Mobile,0.05
2023-11,tcl,TCL,0.07
2023-11,tecno,Tecno,1.47
2023-11,unknown,Unknown,6.81
2023-11,vestel,Vestel,0.01
2023-11,vivo,Vivo,4.97
2023-11,vodafone,Vodafone,0.01
2023-11,wiko,Wiko,0.01
2023-11,xiaomi,Xiaomi,11.52
2023-11,zte,ZTE,0.09
2023-12,alcatel,Alcatel,0.05
2023-12,apple,Apple,28.8
2023-12,asus,Asus,0.17
2023-12,bbk,BBK,0.06
2023-12,blu,Blu,0.01
2023-12,casper,Casper,0.01
2023-12,general-mobile,General Mobile,0.02
2023-12,gionee,Gionee,0.01
2023-12,google,Google,0.95
2023-12,hisense,Hisense,0.02
2023-12,honor,Honor,0.37
2023-12,htc,HTC,0.05
2023-12,huawei,Huawei,3.49
2023-12,infinex,Infinex,0.06
2023-12,infinix,Infinix,1.34
2023-12,itel,Itel,0.46
2023-12,kyocera,Kyocera,0.01
2023-12,lava,Lava,0.02
2023-12,lenovo,Lenovo,0.25
2023-12,lg,LG,0.38
2023-12,meizu,Meizu,0.01
2023-12,micromax,Micromax,0.01
2023-12,motorola,Motorola,2.15
2023-12,nokia,Nokia,0.38
2023-12,nothing,Nothing,0.04
2023-12,oneplus,OnePlus,1.28
2023-12,oppo,Oppo,5.63
2023-12,other,Other,0.16
2023-12,realme,Realme,3.74
2023-12,samsung,Samsung,24.15
2023-12,sharp,Sharp,0.01
2023-12,sony,Sony,0.26
2023-12,t-mobile,T-Mobile,0.04
2023-12,tcl,TCL,0.07
2023-12,tecno,Tecno,1.51
2023-12,unknown,Unknown,6.78
2023-12,vestel,Vestel,0.01
2023-12,vivo,Vivo,5.13
2023-12,vodafone,Vodafone,0.01
2023-12,wiko,Wiko,0.01
2023-12,xiaomi,Xiaomi,11.99
2023-12,zte,ZTE,0.09
2024-01,alcatel,Alcatel,0.05
2024-01,apple,Apple,29.27
2024-01,asus,Asus,0.18
2024-01,bbk,BBK,0.06
2024-01,blu,Blu,0.01
2024-01,casper,Casper,0.01
2024-01,general-mobile,General Mobile,0.02
2024-01,gionee,Gionee,0.01
2024-01,google,Google,0.97
2024-01,hisense,Hisense,0.02
2024-01,honor,Honor,0.42
2024-01,htc,HTC,0.05
2024-01,huawei,Huawei,3.59
2024-01,infinex,Infinex,0.05
2024-01,infinix,Infinix,1.3
2024-01,itel,Itel,0.43
2024-01,kyocera,Kyocera,0.01
2024-01,lava,Lava,0.02
2024-01,lenovo,Lenovo,0.26
2024-01,lg,LG,0.35
2024-01,meizu,Meizu,0.01
2024-01,micromax,Micromax,0.01
2024-01,motorola,Motorola,2.15
2024-01,nokia,Nokia,0.36
2024-01,nothing,Nothing,0.04
2024-01,oneplus,OnePlus,1.24
2024-01,oppo,Oppo,5.64
2024-01,other,Other,0.16
2024-01,realme,Realme,3.65
2024-01,samsung,Samsung,23.69
2024-01,sharp,Sharp,0.01
2024-01,sony,Sony,0.23
2024-01,t-mobile,T-Mobile,0.04
2024-01,tcl,TCL,0.07
2024-01,tecno,Tecno,1.42
2024-01,unknown,Unknown,7.15
2024-01,vestel,Vestel,0.01
2024-01,vivo,Vivo,5.02
2024-01,vodafone,Vodafone,0.01
2024-01,wiko,Wiko,0.01
2024-01,xiaomi,Xiaomi,11.9
2024-01,zte,ZTE,0.09
2024-02,alcatel,Alcatel,0.05
2024-02,apple,Apple,27.84
2024-02,asus,Asus,0.17
2024-02,bbk,BBK,0.07
2024-02,blu,Blu,0.01
2024-02,casper,Casper,0.01
2024-02,general-mobile,General Mobile,0.02
2024-02,gionee,Gionee,0.01
2024-02,google,Google,0.94
2024-02,hisense,Hisense,0.02
2024-02,honor,Honor,0.45
2024-02,htc,HTC,0.04
2024-02,huawei,Huawei,3.62
2024-02,infinex,Infinex,0.06
2024-02,infinix,Infinix,1.46
2024-02,itel,Itel,0.47
2024-02,kyocera,Kyocera,0.01
2024-02,lava,Lava,0.03
2024-02,lenovo,Lenovo,0.25
2024-02,lg,LG,0.33
2024-02,meizu,Meizu,0.01
2024-02,micromax,Micromax,0.01
2024-02,motorola,Motorola,2.07
2024-02,nokia,Nokia,0.37
2024-02,nothing,Nothing,0.03
2024-02,oneplus,OnePlus,1.16
2024-02,oppo,Oppo,6.3
2024-02,other,Other,0.17
2024-02,realme,Realme,3.98
2024-02,samsung,Samsung,23.77
2024-02,sharp,Sharp,0.01
2024-02,sony,Sony,0.24
2024-02,t-mobile,T-Mobile,0.04
2024-02,tcl,TCL,0.06
2024-02,tecno,Tecno,1.51
2024-02,unknown,Unknown,7.43
2024-02,vestel,Vestel,0.01
2024-02,vivo,Vivo,5.12
2024-02,vodafone,Vodafone,0.01
2024-02,wiko,Wiko,0.01
2024-02,xiaomi,Xiaomi,11.74
2024-02,zte,ZTE,0.09
2024-03,alcatel,Alcatel,0.05
2024-03,apple,Apple,28.46
2024-03,asus,Asus,0.16
2024-03,bbk,BBK,0.07
2024-03,blu,Blu,0.01
2024-03,casper,Casper,0.01
2024-03,general-mobile,General Mobile,0.02
2024-03,gionee,Gionee,0.01
2024-03,google,Google,1.04
2024-03,hisense,Hisense,0.02
2024-03,honor,Honor,0.44
2024-03,htc,HTC,0.04
2024-03,huawei,Huawei,3.29
2024-03,infinex,Infinex,0.05
2024-03,infinix,Infinix,1.28
2024-03,itel,Itel,0.47
2024-03,kyocera,Kyocera,0.01
2024-03,lava,Lava,0.02
2024-03,lenovo,Lenovo,0.25
2024-03,lg,LG,0.34
2024-03,meizu,Meizu,0.01
2024-03,micromax,Micromax,0.01
2024-03,motorola,Motorola,2.23
2024-03,nokia,Nokia,0.37
2024-03,nothing,Nothing,0.03
2024-03,oneplus,OnePlus,1.15
2024-03,oppo,Oppo,5.9
2024-03,other,Other,0.17
2024-03,realme,Realme,3.57
2024-03,samsung,Samsung,23.85
2024-03,sharp,Sharp,0.01
2024-03,sony,Sony,0.24
2024-03,t-mobile,T-Mobile,0.04
2024-03,tcl,TCL,0.06
2024-03,tecno,Tecno,1.48
2024-03,unknown,Unknown,8.06
2024-03,vivo,Vivo,5.08
2024-03,vodafone,Vodafone,0.01
2024-03,wiko,Wiko,0.01
2024-03,xiaomi,Xiaomi,11.59
2024-03,zte,ZTE,0.09
2024-04,alcatel,Alcatel,0.04
2024-04,apple,Apple,27.95
2024-04,asus,Asus,0.15
2024-04,bbk,BBK,0.07
2024-04,blu,Blu,0.01
2024-04,casper,Casper,0.01
2024-04,general-mobile,General Mobile,0.02
2024-04,gionee,Gionee,0.01
2024-04,google,Google,1.14
2024-04,hisense,Hisense,0.02
2024-04,honor,Honor,0.56
2024-04,htc,HTC,0.04
2024-04,huawei,Huawei,3.36
2024-04,infinex,Infinex,0.05
2024-04,infinix,Infinix,1.46
2024-04,itel,Itel,0.53
2024-04,kyocera,Kyocera,0.01
2024-04,lava,Lava,0.03
2024-04,lenovo,Lenovo,0.24
2024-04,lg,LG,0.34
2024-04,meizu,Meizu,0.01
2024-04,micromax,Micromax,0.01
2024-04,motorola,Motorola,2.29
2024-04,nokia,Nokia,0.35
2024-04,nothing,Nothing,0.04
2024-04,oneplus,OnePlus,1.16
2024-04,oppo,Oppo,5.77
2024-04,other,Other,0.16
2024-04,realme,Realme,3.53
2024-04,samsung,Samsung,23.95
2024-04,sharp,Sharp,0.01
2024-04,sony,Sony,0.26
2024-04,t-mobile,T-Mobile,0.05
2024-04,tcl,TCL,0.06
2024-04,tecno,Tecno,1.63
2024-04,unknown,Unknown,8.11
2024-04,vivo,Vivo,5
2024-04,vodafone,Vodafone,0.01
2024-04,wiko,Wiko,0.01
2024-04,xiaomi,Xiaomi,11.44
2024-04,zte,ZTE,0.1
2024-05,alcatel,Alcatel,0.04
2024-05,apple,Apple,27.73
2024-05,asus,Asus,0.14
2024-05,bbk,BBK,0.07
2024-05,blu,Blu,0.01
2024-05,casper,Casper,0.01
2024-05,general-mobile,General Mobile,0.01
2024-05,gionee,Gionee,0.01
2024-05,google,Google,1.28
2024-05,hisense,Hisense,0.02
2024-05,honor,Honor,0.62
2024-05,htc,HTC,0.04
2024-05,huawei,Huawei,3.3
2024-05,infinex,Infinex,0.05
2024-05,infinix,Infinix,1.53
2024-05,itel,Itel,0.53
2024-05,kyocera,Kyocera,0.01
2024-05,lava,Lava,0.03
2024-05,lenovo,Lenovo,0.23
2024-05,lg,LG,0.32
2024-05,meizu,Meizu,0.01
2024-05,micromax,Micromax,0.01
2024-05,motorola,Motorola,2.33
2024-05,nokia,Nokia,0.35
2024-05,nothing,Nothing,0.04
2024-05,oneplus,OnePlus,1.22
2024-05,oppo,Oppo,5.91
2024-05,other,Other,0.14
2024-05,realme,Realme,3.61
2024-05,samsung,Samsung,24.02
2024-05,sharp,Sharp,0.01
2024-05,sony,Sony,0.27
2024-05,t-mobile,T-Mobile,0.05
2024-05,tcl,TCL,0.06
2024-05,tecno,Tecno,1.61
2024-05,unknown,Unknown,7.56
2024-05,vivo,Vivo,5.23
2024-05,vodafone,Vodafone,0.01
2024-05,wiko,Wiko,0.01
2024-05,xiaomi,Xiaomi,11.44
2024-05,zte,ZTE,0.1
2024-06,alcatel,Alcatel,0.04
2024-06,apple,Apple,27.16
2024-06,asus,Asus,0.15
2024-06,bbk,BBK,0.07
2024-06,blu,Blu,0.01
2024-06,casper,Casper,0.01
2024-06,general-mobile,General Mobile,0.01
2024-06,gionee,Gionee,0.01
2024-06,google,Google,1.38
2024-06,hisense,Hisense,0.02
2024-06,honor,Honor,0.72
2024-06,htc,HTC,0.04
2024-06,huawei,Huawei,3.49
2024-06,infinex,Infinex,0.06
2024-06,infinix,Infinix,1.59
2024-06,itel,Itel,0.47
2024-06,kyocera,Kyocera,0.01
2024-06,lava,Lava,0.03
2024-06,lenovo,Lenovo,0.24
2024-06,lg,LG,0.3
2024-06,meizu,Meizu,0.01
2024-06,micromax,Micromax,0.01
2024-06,motorola,Motorola,2.38
2024-06,nokia,Nokia,0.33
2024-06,nothing,Nothing,0.04
2024-06,oneplus,OnePlus,1.31
2024-06,oppo,Oppo,6.12
2024-06,other,Other,0.12
2024-06,realme,Realme,3.89
2024-06,samsung,Samsung,23.72
2024-06,sharp,Sharp,0.01
2024-06,sony,Sony,0.26
2024-06,t-mobile,T-Mobile,0.04
2024-06,tcl,TCL,0.05
2024-06,tecno,Tecno,1.51
2024-06,unknown,Unknown,6.86
2024-06,vivo,Vivo,5.48
2024-06,vodafone,Vodafone,0.01
2024-06,wiko,Wiko,0.01
2024-06,xiaomi,Xiaomi,11.92
2024-06,zte,ZTE,0.09
2024-07,alcatel,Alcatel,0.03
2024-07,apple,Apple,27.75
2024-07,asus,Asus,0.14
2024-07,bbk,BBK,0.07
2024-07,blu,Blu,0.01
2024-07,casper,Casper,0.01
2024-07,general-mobile,General Mobile,0.01
2024-07,gionee,Gionee,0.01
2024-07,google,Google,1.57
2024-07,hisense,Hisense,0.02
2024-07,honor,Honor,0.74
2024-07,htc,HTC,0.04
2024-07,huawei,Huawei,3.49
2024-07,infinex,Infinex,0.05
2024-07,infinix,Infinix,1.48
2024-07,itel,Itel,0.43
2024-07,kyocera,Kyocera,0.01
2024-07,lava,Lava,0.03
2024-07,lenovo,Lenovo,0.22
2024-07,lg,LG,0.3
2024-07,meizu,Meizu,0.01
2024-07,micromax,Micromax,0.01
2024-07,motorola,Motorola,2.41
2024-07,nokia,Nokia,0.32
2024-07,nothing,Nothing,0.04
2024-07,oneplus,OnePlus,1.33
2024-07,oppo,Oppo,5.86
2024-07,other,Other,0.12
2024-07,realme,Realme,3.64
2024-07,samsung,Samsung,23.56
2024-07,sharp,Sharp,0.01
2024-07,sony,Sony,0.26
2024-07,t-mobile,T-Mobile,0.04
2024-07,tcl,TCL,0.05
2024-07,tecno,Tecno,1.43
2024-07,unknown,Unknown,7.18
2024-07,vivo,Vivo,5.4
2024-07,wiko,Wiko,0.01
2024-07,xiaomi,Xiaomi,11.8
2024-07,zte,ZTE,0.09
2024-08,alcatel,Alcatel,0.03
2024-08,apple,Apple,27.71
2024-08,asus,Asus,0.14
2024-08,bbk,BBK,0.07
2024-08,blu,Blu,0.01
2024-08,casper,Casper,0.01
2024-08,general-mobile,General Mobile,0.01
2024-08,gionee,Gionee,0.01
2024-08,google,Google,1.46
2024-08,hisense,Hisense,0.02
2024-08,honor,Honor,0.79
2024-08,htc,HTC,0.04
2024-08,huawei,Huawei,3.51
2024-08,infinex,Infinex,0.03
2024-08,infinix,Infinix,1.58
2024-08,itel,Itel,0.51
2024-08,kyocera,Kyocera,0.01
2024-08,lava,Lava,0.03
2024-08,lenovo,Lenovo,0.22
2024-08,lg,LG,0.27
2024-08,meizu,Meizu,0.01
2024-08,micromax,Micromax,0.01
2024-08,motorola,Motorola,2.39
2024-08,nokia,Nokia,0.31
2024-08,nothing,Nothing,0.06
2024-08,oneplus,OnePlus,1.43
2024-08,oppo,Oppo,5.68
2024-08,other,Other,0.12
2024-08,realme,Realme,3.74
2024-08,samsung,Samsung,23.58
2024-08,sharp,Sharp,0.01
2024-08,sony,Sony,0.24
2024-08,t-mobile,T-Mobile,0.04
2024-08,tcl,TCL,0.05
2024-08,tecno,Tecno,1.62
2024-08,unknown,Unknown,6.39
2024-08,vivo,Vivo,5.59
2024-08,wiko,Wiko,0.01
2024-08,xiaomi,Xiaomi,12.13
2024-08,zte,ZTE,0.1
2024-09,alcatel,Alcatel,0.03
2024-09,apple,Apple,27.61
2024-09,asus,Asus,0.13
2024-09,bbk,BBK,0.07
2024-09,blu,Blu,0.01
2024-09,casper,Casper,0.01
2024-09,general-mobile,General Mobile,0.01
2024-09,gionee,Gionee,0.01
2024-09,google,Google,1.58
2024-09,hisense,Hisense,0.02
2024-09,honor,Honor,0.92
2024-09,htc,HTC,0.03
2024-09,huawei,Huawei,3.12
2024-09,infinix,Infinix,1.72
2024-09,itel,Itel,0.57
2024-09,kyocera,Kyocera,0.01
2024-09,lava,Lava,0.04
2024-09,lenovo,Lenovo,0.2
2024-09,lg,LG,0.24
2024-09,meizu,Meizu,0.02
2024-09,micromax,Micromax,0.01
2024-09,motorola,Motorola,2.37
2024-09,nokia,Nokia,0.29
2024-09,nothing,Nothing,0.09
2024-09,oneplus,OnePlus,1.53
2024-09,oppo,Oppo,5.83
2024-09,other,Other,0.13
2024-09,realme,Realme,4.1
2024-09,samsung,Samsung,22.9
2024-09,sharp,Sharp,0.01
2024-09,sony,Sony,0.22
2024-09,t-mobile,T-Mobile,0.04
2024-09,tcl,TCL,0.06
2024-09,tecno,Tecno,1.79
2024-09,unknown,Unknown,6.12
2024-09,vivo,Vivo,6.21
2024-09,wiko,Wiko,0.01
2024-09,xiaomi,Xiaomi,11.8
2024-09,zte,ZTE,0.11
2024-10,alcatel,Alcatel,0.03
2024-10,apple,Apple,28.38
2024-10,asus,Asus,0.11
2024-10,bbk,BBK,0.06
2024-10,blu,Blu,0.01
2024-10,casper,Casper,0.01
2024-10,general-mobile,General Mobile,0.01
2024-10,gionee,Gionee,0.01
2024-10,google,Google,3.6
2024-10,hisense,Hisense,0.02
2024-10,honor,Honor,0.84
2024-10,htc,HTC,0.03
2024-10,huawei,Huawei,2.76
2024-10,infinix,Infinix,1.97
2024-10,itel,Itel,0.59
2024-10,kyocera,Kyocera,0.01
2024-10,lava,Lava,0.03
2024-10,lenovo,Lenovo,0.18
2024-10,lg,LG,0.25
2024-10,meizu,Meizu,0.02
2024-10,motorola,Motorola,2.39
2024-10,nokia,Nokia,0.26
2024-10,nothing,Nothing,0.09
2024-10,oneplus,OnePlus,1.33
2024-10,oppo,Oppo,5.39
2024-10,other,Other,0.12
2024-10,realme,Realme,3.94
2024-10,samsung,Samsung,22.82
2024-10,sharp,Sharp,0.01
2024-10,sony,Sony,0.2
2024-10,t-mobile,T-Mobile,0.04
2024-10,tcl,TCL,0.06
2024-10,tecno,Tecno,1.95
2024-10,unknown,Unknown,6.06
2024-10,vivo,Vivo,5.67
2024-10,wiko,Wiko,0.01
2024-10,xiaomi,Xiaomi,10.62
2024-10,zte,ZTE,0.11
2024-11,alcatel,Alcatel,0.03
2024-11,apple,Apple,27.69
2024-11,asus,Asus,0.12
2024-11,bbk,BBK,0.06
2024-11,blu,Blu,0.01
2024-11,casper,Casper,0.01
2024-11,general-mobile,General Mobile,0.01
2024-11,gionee,Gionee,0.01
2024-11,google,Google,2.66
2024-11,hisense,Hisense,0.02
2024-11,honor,Honor,0.82
2024-11,htc,HTC,0.03
2024-11,huawei,Huawei,2.49
2024-11,infinix,Infinix,2.06
2024-11,itel,Itel,0.56
2024-11,kyocera,Kyocera,0.01
2024-11,lava,Lava,0.03
2024-11,lenovo,Lenovo,0.17
2024-11,lg,LG,0.25
2024-11,meizu,Meizu,0.01
2024-11,motorola,Motorola,2.85
2024-11,nokia,Nokia,0.25
2024-11,nothing,Nothing,0.1
2024-11,oneplus,OnePlus,1.39
2024-11,oppo,Oppo,5.72
2024-11,other,Other,0.11
2024-11,realme,Realme,4.17
2024-11,samsung,Samsung,23.28
2024-11,sharp,Sharp,0.01
2024-11,sony,Sony,0.18
2024-11,t-mobile,T-Mobile,0.04
2024-11,tcl,TCL,0.06
2024-11,tecno,Tecno,1.86
2024-11,unknown,Unknown,5.77
2024-11,vivo,Vivo,5.95
2024-11,wiko,Wiko,0.01
2024-11,xiaomi,Xiaomi,11.08
2024-11,zte,ZTE,0.11
2024-12,alcatel,Alcatel,0.03
2024-12,apple,Apple,26.04
2024-12,asus,Asus,0.12
2024-12,bbk,BBK,0.06
2024-12,blu,Blu,0.01
2024-12,casper,Casper,0.01
2024-12,general-mobile,General Mobile,0.01
2024-12,gionee,Gionee,0.01
2024-12,google,Google,1.89
2024-12,hisense,Hisense,0.02
2024-12,honor,Honor,0.95
2024-12,htc,HTC,0.03
2024-12,huawei,Huawei,2.68
2024-12,infinix,Infinix,2.08
2024-12,itel,Itel,0.57
2024-12,kyocera,Kyocera,0.01
2024-12,lava,Lava,0.04
2024-12,lenovo,Lenovo,0.18
2024-12,lg,LG,0.24
2024-12,meizu,Meizu,0.02
2024-12,motorola,Motorola,3.13
2024-12,nokia,Nokia,0.25
2024-12,nothing,Nothing,0.1
2024-12,oneplus,OnePlus,1.44
2024-12,oppo,Oppo,5.95
2024-12,other,Other,0.12
2024-12,realme,Realme,4.27
2024-12,samsung,Samsung,23.3
2024-12,sharp,Sharp,0.01
2024-12,sony,Sony,0.18
2024-12,t-mobile,T-Mobile,0.03
2024-12,tcl,TCL,0.06
2024-12,tecno,Tecno,1.9
2024-12,unknown,Unknown,6.18
2024-12,vivo,Vivo,6.09
2024-12,wiko,Wiko,0.01
2024-12,xiaomi,Xiaomi,11.81
2024-12,zte,ZTE,0.18
2025-01,alcatel,Alcatel,0.02
2025-01,apple,Apple,27.32
2025-01,asus,Asus,0.11
2025-01,bbk,BBK,0.06
2025-01,blu,Blu,0.01
2025-01,casper,Casper,0.01
2025-01,general-mobile,General Mobile,0.01
2025-01,gionee,Gionee,0.01
2025-01,google,Google,1.38
2025-01,hisense,Hisense,0.01
2025-01,honor,Honor,1
2025-01,htc,HTC,0.03
2025-01,huawei,Huawei,2.68
2025-01,infinix,Infinix,1.91
2025-01,itel,Itel,0.56
2025-01,kyocera,Kyocera,0.01
2025-01,lava,Lava,0.04
2025-01,lenovo,Lenovo,0.17
2025-01,lg,LG,0.23
2025-01,meizu,Meizu,0.01
2025-01,motorola,Motorola,3.25
2025-01,nokia,Nokia,0.25
2025-01,nothing,Nothing,0.1
2025-01,oneplus,OnePlus,1.44
2025-01,oppo,Oppo,5.86
2025-01,other,Other,0.12
2025-01,realme,Realme,4.12
2025-01,samsung,Samsung,23.37
2025-01,sharp,Sharp,0.01
2025-01,sony,Sony,0.18
2025-01,t-mobile,T-Mobile,0.03
2025-01,tcl,TCL,0.06
2025-01,tecno,Tecno,1.82
2025-01,unknown,Unknown,5.69
2025-01,vivo,Vivo,5.91
2025-01,wiko,Wiko,0.01
2025-01,xiaomi,Xiaomi,11.95
2025-01,zte,ZTE,0.21
2025-02,alcatel,Alcatel,0.03
2025-02,apple,Apple,27.78
2025-02,asus,Asus,0.1
2025-02,bbk,BBK,0.07
2025-02,blu,Blu,0.01
2025-02,casper,Casper,0.01
2025-02,general-mobile,General Mobile,0.01
2025-02,gionee,Gionee,0.01
2025-02,google,Google,1.57
2025-02,hisense,Hisense,0.01
2025-02,honor,Honor,1.06
2025-02,htc,HTC,0.02
2025-02,huawei,Huawei,2.84
2025-02,infinix,Infinix,1.91
2025-02,itel,Itel,0.62
2025-02,kyocera,Kyocera,0.01
2025-02,lava,Lava,0.04
2025-02,lenovo,Lenovo,0.17
2025-02,lg,LG,0.23
2025-02,meizu,Meizu,0.02
2025-02,motorola,Motorola,3.04
2025-02,nokia,Nokia,0.26
2025-02,nothing,Nothing,0.09
2025-02,oneplus,OnePlus,1.27
2025-02,oppo,Oppo,5.68
2025-02,other,Other,0.13
2025-02,realme,Realme,3.72
2025-02,samsung,Samsung,23.58
2025-02,sharp,Sharp,0.01
2025-02,sony,Sony,0.18
2025-02,t-mobile,T-Mobile,0.03
2025-02,tcl,TCL,0.06
2025-02,tecno,Tecno,1.95
2025-02,unknown,Unknown,6.56
2025-02,vivo,Vivo,5.35
2025-02,wiko,Wiko,0.01
2025-02,xiaomi,Xiaomi,11.39
2025-02,zte,ZTE,0.19
2025-03,alcatel,Alcatel,0.03
2025-03,apple,Apple,27.63
2025-03,asus,Asus,0.1
2025-03,bbk,BBK,0.07
2025-03,blu,Blu,0.01
2025-03,general-mobile,General Mobile,0.01
2025-03,gionee,Gionee,0.01
2025-03,google,Google,1.67
2025-03,hisense,Hisense,0.02
2025-03,honor,Honor,1.15
2025-03,htc,HTC,0.02
2025-03,huawei,Huawei,2.74
2025-03,infinix,Infinix,1.84
2025-03,itel,Itel,0.63
2025-03,kyocera,Kyocera,0.01
2025-03,lava,Lava,0.04
2025-03,lenovo,Lenovo,0.16
2025-03,lg,LG,0.21
2025-03,meizu,Meizu,0.02
2025-03,motorola,Motorola,3.04
2025-03,nokia,Nokia,0.24
2025-03,nothing,Nothing,0.1
2025-03,oneplus,OnePlus,1.31
2025-03,oppo,Oppo,5.74
2025-03,other,Other,0.15
2025-03,realme,Realme,3.71
2025-03,samsung,Samsung,23.15
2025-03,sharp,Sharp,0.01
2025-03,sony,Sony,0.18
2025-03,t-mobile,T-Mobile,0.05
2025-03,tcl,TCL,0.06
2025-03,tecno,Tecno,1.91
2025-03,unknown,Unknown,7.06
2025-03,vivo,Vivo,5.53
2025-03,xiaomi,Xiaomi,11.2
2025-03,zte,ZTE,0.18
2025-04,alcatel,Alcatel,0.02
2025-04,apple,Apple,27.39
2025-04,asus,Asus,0.09
2025-04,bbk,BBK,0.04
2025-04,blu,Blu,0.01
2025-04,casper,Casper,0.01
2025-04,general-mobile,General Mobile,0.01
2025-04,google,Google,2.03
2025-04,hisense,Hisense,0.01
2025-04,honor,Honor,1.2
2025-04,htc,HTC,0.02
2025-04,huawei,Huawei,2.72
2025-04,infinix,Infinix,1.76
2025-04,itel,Itel,0.36
2025-04,kyocera,Kyocera,0.01
2025-04,lava,Lava,0.03
2025-04,lenovo,Lenovo,0.16
2025-04,lg,LG,0.2
2025-04,meizu,Meizu,0.01
2025-04,motorola,Motorola,3.02
2025-04,nokia,Nokia,0.22
2025-04,nothing,Nothing,0.1
2025-04,oneplus,OnePlus,1.39
2025-04,oppo,Oppo,5.91
2025-04,other,Other,0.11
2025-04,realme,Realme,3.96
2025-04,samsung,Samsung,22.87
2025-04,sharp,Sharp,0.01
2025-04,sony,Sony,0.17
2025-04,t-mobile,T-Mobile,0.04
2025-04,tcl,TCL,0.04
2025-04,tecno,Tecno,1.42
2025-04,unknown,Unknown,7.52
2025-04,vivo,Vivo,5.83
2025-04,xiaomi,Xiaomi,11.17
2025-04,zte,ZTE,0.14
2025-05,alcatel,Alcatel,0.02
2025-05,apple,Apple,26.92
2025-05,asus,Asus,0.08
2025-05,bbk,BBK,0.04
2025-05,blu,Blu,0.01
2025-05,general-mobile,General Mobile,0.01
2025-05,google,Google,1.93
2025-05,hisense,Hisense,0.01
2025-05,honor,Honor,1.24
2025-05,htc,HTC,0.02
2025-05,huawei,Huawei,2.62
2025-05,infinix,Infinix,1.93
2025-05,itel,Itel,0.33
2025-05,lava,Lava,0.02
2025-05,lenovo,Lenovo,0.15
2025-05,lg,LG,0.18
2025-05,meizu,Meizu,0.01
2025-05,motorola,Motorola,3.07
2025-05,nokia,Nokia,0.21
2025-05,nothing,Nothing,0.1
2025-05,oneplus,OnePlus,1.36
2025-05,oppo,Oppo,5.72
2025-05,other,Other,0.1
2025-05,realme,Realme,3.93
2025-05,samsung,Samsung,22.71
2025-05,sharp,Sharp,0.01
2025-05,sony,Sony,0.16
2025-05,t-mobile,T-Mobile,0.04
2025-05,tcl,TCL,0.04
2025-05,tecno,Tecno,1.76
2025-05,unknown,Unknown,7.72
2025-05,vivo,Vivo,5.68
2025-05,xiaomi,Xiaomi,11.7
2025-05,zte,ZTE,0.14
2025-06,alcatel,Alcatel,0.02
2025-06,apple,Apple,25.47
2025-06,asus,Asus,0.07
2025-06,bbk,BBK,0.04
2025-06,blu,Blu,0.01
2025-06,general-mobile,General Mobile,0.01
2025-06,google,Google,1.63
2025-06,hisense,Hisense,0.01
2025-06,honor,Honor,1.26
2025-06,htc,HTC,0.02
2025-06,huawei,Huawei,2.59
2025-06,infinix,Infinix,2.18
2025-06,itel,Itel,0.33
2025-06,kyocera,Kyocera,0.01
2025-06,lava,Lava,0.02
2025-06,lenovo,Lenovo,0.15
2025-06,lg,LG,0.17
2025-06,meizu,Meizu,0.01
2025-06,motorola,Motorola,3.21
2025-06,nokia,Nokia,0.2
2025-06,nothing,Nothing,0.1
2025-06,oneplus,OnePlus,1.33
2025-06,oppo,Oppo,5.91
2025-06,other,Other,0.1
2025-06,realme,Realme,4.11
2025-06,samsung,Samsung,22.5
2025-06,sharp,Sharp,0.01
2025-06,sony,Sony,0.16
2025-06,t-mobile,T-Mobile,0.04
2025-06,tcl,TCL,0.05
2025-06,tecno,Tecno,2.09
2025-06,unknown,Unknown,8.38
2025-06,vivo,Vivo,5.63
2025-06,xiaomi,Xiaomi,12.05
2025-06,zte,ZTE,0.15
2025-07,alcatel,Alcatel,0.02
2025-07,apple,Apple,27.59
2025-07,asus,Asus,0.07
2025-07,bbk,BBK,0.04
2025-07,blu,Blu,0.01
2025-07,general-mobile,General Mobile,0.01
2025-07,google,Google,1.91
2025-07,hisense,Hisense,0.01
2025-07,honor,Honor,1.09
2025-07,htc,HTC,0.02
2025-07,huawei,Huawei,2.48
2025-07,infinix,Infinix,1.65
2025-07,itel,Itel,0.32
2025-07,kyocera,Kyocera,0.01
2025-07,lava,Lava,0.03
2025-07,lenovo,Lenovo,0.15
2025-07,lg,LG,0.16
2025-07,meizu,Meizu,0.01
2025-07,motorola,Motorola,3.26
2025-07,nokia,Nokia,0.21
2025-07,nothing,Nothing,0.12
2025-07,oneplus,OnePlus,1.58
2025-07,oppo,Oppo,5.71
2025-07,other,Other,0.09
2025-07,realme,Realme,4.28
2025-07,samsung,Samsung,21.56
2025-07,sharp,Sharp,0.01
2025-07,sony,Sony,0.18
2025-07,t-mobile,T-Mobile,0.04
2025-07,tcl,TCL,0.04
2025-07,tecno,Tecno,1.28
2025-07,unknown,Unknown,8.86
2025-07,vivo,Vivo,6.24
2025-07,xiaomi,Xiaomi,10.84
2025-07,zte,ZTE,0.11
2025-08,alcatel,Alcatel,0.01
2025-08,apple,Apple,25.68
2025-08,asus,Asus,0.06
2025-08,bbk,BBK,0.04
2025-08,general-mobile,General Mobile,0.01
2025-08,google,Google,2.98
2025-08,hisense,Hisense,0.01
2025-08,honor,Honor,1.09
2025-08,htc,HTC,0.01
2025-08,huawei,Huawei,2.44
2025-08,infinix,Infinix,1.71
2025-08,itel,Itel,0.33
2025-08,lava,Lava,0.03
2025-08,lenovo,Lenovo,0.14
2025-08,lg,LG,0.14
2025-08,meizu,Meizu,0.01
2025-08,motorola,Motorola,3.14
2025-08,nokia,Nokia,0.19
2025-08,nothing,Nothing,0.12
2025-08,oneplus,OnePlus,1.66
2025-08,oppo,Oppo,5.88
2025-08,other,Other,0.09
2025-08,realme,Realme,4.63
2025-08,samsung,Samsung,20.93
2025-08,sharp,Sharp,0.01
2025-08,sony,Sony,0.16
2025-08,t-mobile,T-Mobile,0.03
2025-08,tcl,TCL,0.04
2025-08,tecno,Tecno,1.32
2025-08,unknown,Unknown,9.44
2025-08,vivo,Vivo,6.74
2025-08,xiaomi,Xiaomi,10.81
2025-08,zte,ZTE,0.1
2025-09,alcatel,Alcatel,0.01
2025-09,apple,Apple,24.45
2025-09,asus,Asus,0.06
2025-09,bbk,BBK,0.03
2025-09,google,Google,2.31
2025-09,hisense,Hisense,0.01
2025-09,honor,Honor,1
2025-09,htc,HTC,0.01
2025-09,huawei,Huawei,2.13
2025-09,infinix,Infinix,1.58
2025-09,itel,Itel,0.3
2025-09,lava,Lava,0.03
2025-09,lenovo,Lenovo,0.13
2025-09,lg,LG,0.12
2025-09,meizu,Meizu,0.01
2025-09,motorola,Motorola,2.79
2025-09,nokia,Nokia,0.17
2025-09,nothing,Nothing,0.11
2025-09,oneplus,OnePlus,1.48
2025-09,oppo,Oppo,5.58
2025-09,other,Other,0.07
2025-09,realme,Realme,4.31
2025-09,samsung,Samsung,19
2025-09,sharp,Sharp,0.01
2025-09,sony,Sony,0.2
2025-09,t-mobile,T-Mobile,0.03
2025-09,tcl,TCL,0.03
2025-09,tecno,Tecno,1.22
2025-09,unknown,Unknown,16.69
2025-09,vivo,Vivo,6.27
2025-09,xiaomi,Xiaomi,9.76
2025-09,zte,ZTE,0.08
2025-10,alcatel,Alcatel,0.01
2025-10,apple,Apple,27
2025-10,asus,Asus,0.06
2025-10,bbk,BBK,0.03
2025-10,blu,Blu,0.01
2025-10,google,Google,2.4
2025-10,hisense,Hisense,0.01
2025-10,honor,Honor,1.09
2025-10,htc,HTC,0.01
2025-10,huawei,Huawei,2.25
2025-10,infinix,Infinix,1.57
2025-10,itel,Itel,0.3
2025-10,lava,Lava,0.03
2025-10,lenovo,Lenovo,0.13
2025-10,lg,LG,0.12
2025-10,meizu,Meizu,0.01
2025-10,motorola,Motorola,3.13
2025-10,nokia,Nokia,0.17
2025-10,nothing,Nothing,0.12
2025-10,oneplus,OnePlus,1.6
2025-10,oppo,Oppo,5.68
2025-10,other,Other,0.07
2025-10,realme,Realme,4.42
2025-10,samsung,Samsung,20.32
2025-10,sharp,Sharp,0.01
2025-10,sony,Sony,0.3
2025-10,t-mobile,T-Mobile,0.03
2025-10,tcl,TCL,0.03
2025-10,tecno,Tecno,1.23
2025-10,unknown,Unknown,11.05
2025-10,vivo,Vivo,6.44
2025-10,xiaomi,Xiaomi,10.25
2025-10,zte,ZTE,0.08
2025-11,alcatel,Alcatel,0.01
2025-11,apple,Apple,27.67
2025-11,asus,Asus,0.06
2025-11,bbk,BBK,0.03
2025-11,blu,Blu,0.01
2025-11,google,Google,2.08
2025-11,hisense,Hisense,0.01
2025-11,honor,Honor,1.08
2025-11,htc,HTC,0.01
2025-11,huawei,Huawei,2.22
2025-11,infinix,Infinix,1.57
2025-11,itel,Itel,0.3
2025-11,lava,Lava,0.03
2025-11,lenovo,Lenovo,0.13
2025-11,lg,LG,0.12
2025-11,meizu,Meizu,0.01
2025-11,motorola,Motorola,3.29
2025-11,nokia,Nokia,0.18
2025-11,nothing,Nothing,0.12
2025-11,oneplus,OnePlus,1.61
2025-11,oppo,Oppo,6.08
2025-11,other,Other,0.08
2025-11,realme,Realme,4.63
2025-11,samsung,Samsung,20.66
2025-11,sharp,Sharp,0.01
2025-11,sony,Sony,0.32
2025-11,t-mobile,T-Mobile,0.03
2025-11,tcl,TCL,0.04
2025-11,tecno,Tecno,1.22
2025-11,unknown,Unknown,9.01
2025-11,vivo,Vivo,6.79
2025-11,xiaomi,Xiaomi,10.5
2025-11,zte,ZTE,0.08
2025-12,alcatel,Alcatel,0.01
2025-12,apple,Apple,27.91
2025-12,asus,Asus,0.06
2025-12,bbk,BBK,0.03
2025-12,google,Google,1.94
2025-12,hisense,Hisense,0.01
2025-12,honor,Honor,1.1
2025-12,htc,HTC,0.01
2025-12,huawei,Huawei,2.22
2025-12,infinix,Infinix,1.64
2025-12,itel,Itel,0.29
2025-12,lava,Lava,0.03
2025-12,lenovo,Lenovo,0.1
2025-12,lg,LG,0.11
2025-12,meizu,Meizu,0.01
2025-12,motorola,Motorola,3.17
2025-12,nokia,Nokia,0.16
2025-12,nothing,Nothing,0.12
2025-12,oneplus,OnePlus,1.59
2025-12,oppo,Oppo,6.42
2025-12,other,Other,0.07
2025-12,realme,Realme,4.7
2025-12,samsung,Samsung,20.01
2025-12,sharp,Sharp,0.01
2025-12,sony,Sony,0.3
2025-12,t-mobile,T-Mobile,0.03
2025-12,tcl,TCL,0.03
2025-12,tecno,Tecno,1.23
2025-12,unknown,Unknown,9.32
2025-12,vivo,Vivo,7
2025-12,xiaomi,Xiaomi,10.29
2025-12,zte,ZTE,0.07
2026-01,alcatel,Alcatel,0.01
2026-01,apple,Apple,29.24
2026-01,asus,Asus,0.06
2026-01,bbk,BBK,0.03
2026-01,google,Google,2.24
2026-01,hisense,Hisense,0.01
2026-01,honor,Honor,1.12
2026-01,htc,HTC,0.01
2026-01,huawei,Huawei,2.16
2026-01,infinix,Infinix,1.59
2026-01,itel,Itel,0.28
2026-01,lava,Lava,0.03
2026-01,lenovo,Lenovo,0.11
2026-01,lg,LG,0.11
2026-01,meizu,Meizu,0.01
2026-01,motorola,Motorola,3.21
2026-01,nokia,Nokia,0.16
2026-01,nothing,Nothing,0.11
2026-01,oneplus,OnePlus,1.55
2026-01,oppo,Oppo,6.28
2026-01,other,Other,0.07
2026-01,realme,Realme,4.41
2026-01,samsung,Samsung,20.32
2026-01,sony,Sony,0.31
2026-01,t-mobile,T-Mobile,0.03
2026-01,tcl,TCL,0.03
2026-01,tecno,Tecno,1.19
2026-01,unknown,Unknown,8.88
2026-01,vivo,Vivo,6.55
2026-01,xiaomi,Xiaomi,9.78
2026-01,zte,ZTE,0.08
2026-02,alcatel,Alcatel,0.01
2026-02,apple,Apple,31.48
2026-02,asus,Asus,0.07
2026-02,bbk,BBK,0.03
2026-02,google,Google,1.58
2026-02,hisense,Hisense,0.01
2026-02,honor,Honor,1.13
2026-02,htc,HTC,0.01
2026-02,huawei,Huawei,2.15
2026-02,infinix,Infinix,1.58
2026-02,itel,Itel,0.28
2026-02,lava,Lava,0.02
2026-02,lenovo,Lenovo,0.13
2026-02,lg,LG,0.11
2026-02,meizu,Meizu,0.01
2026-02,motorola,Motorola,3.15
2026-02,nokia,Nokia,0.16
2026-02,nothing,Nothing,0.1
2026-02,oneplus,OnePlus,1.29
2026-02,oppo,Oppo,6.09
2026-02,other,Other,0.07
2026-02,realme,Realme,4.01
2026-02,samsung,Samsung,21.36
2026-02,sharp,Sharp,0.01
2026-02,sony,Sony,0.17
2026-02,t-mobile,T-Mobile,0.03
2026-02,tcl,TCL,0.03
2026-02,tecno,Tecno,1.17
2026-02,unknown,Unknown,8.08
2026-02,vivo,Vivo,5.92
2026-02,xiaomi,Xiaomi,9.65
2026-02,zte,ZTE,0.08
2026-03,alcatel,Alcatel,0.01
2026-03,apple,Apple,32.27
2026-03,asus,Asus,0.06
2026-03,bbk,BBK,0.02
2026-03,google,Google,1.91
2026-03,hisense,Hisense,0.01
2026-03,honor,Honor,1.12
2026-03,htc,HTC,0.01
2026-03,huawei,Huawei,1.89
2026-03,infinix,Infinix,1.58
2026-03,itel,Itel,0.27
2026-03,lava,Lava,0.03
2026-03,lenovo,Lenovo,0.13
2026-03,lg,LG,0.11
2026-03,meizu,Meizu,0.01
2026-03,motorola,Motorola,3.44
2026-03,nokia,Nokia,0.16
2026-03,nothing,Nothing,0.11
2026-03,oneplus,OnePlus,1.44
2026-03,oppo,Oppo,5.64
2026-03,other,Other,0.06
2026-03,realme,Realme,4
2026-03,samsung,Samsung,20.44
2026-03,sharp,Sharp,0.01
2026-03,sony,Sony,0.12
2026-03,t-mobile,T-Mobile,0.03
2026-03,tcl,TCL,0.03
2026-03,tecno,Tecno,1.2
2026-03,unknown,Unknown,9.09
2026-03,vivo,Vivo,5.87
2026-03,xiaomi,Xiaomi,8.84
2026-03,zte,ZTE,0.08
2026-04,alcatel,Alcatel,0.01
2026-04,apple,Apple,32.55
2026-04,asus,Asus,0.06
2026-04,bbk,BBK,0.02
2026-04,google,Google,2.36
2026-04,honor,Honor,1.13
2026-04,htc,HTC,0.01
2026-04,huawei,Huawei,1.7
2026-04,infinix,Infinix,1.53
2026-04,itel,Itel,0.26
2026-04,lava,Lava,0.02
2026-04,lenovo,Lenovo,0.13
2026-04,lg,LG,0.1
2026-04,meizu,Meizu,0.01
2026-04,motorola,Motorola,3.32
2026-04,nokia,Nokia,0.15
2026-04,nothing,Nothing,0.1
2026-04,oneplus,OnePlus,1.35
2026-04,oppo,Oppo,5.59
2026-04,other,Other,0.07
2026-04,realme,Realme,3.76
2026-04,samsung,Samsung,19.11
2026-04,sharp,Sharp,0.01
2026-04,sony,Sony,0.11
2026-04,t-mobile,T-Mobile,0.03
2026-04,tcl,TCL,0.03
2026-04,tecno,Tecno,1.15
2026-04,unknown,Unknown,10.98
2026-04,vivo,Vivo,5.55
2026-04,xiaomi,Xiaomi,8.69
2026-04,zte,ZTE,0.08
2026-05,alcatel,Alcatel,0.01
2026-05,apple,Apple,31.95
2026-05,asus,Asus,0.05
2026-05,bbk,BBK,0.02
2026-05,google,Google,2.69
2026-05,honor,Honor,1.12
2026-05,htc,HTC,0.01
2026-05,huawei,Huawei,1.66
2026-05,infinix,Infinix,1.48
2026-05,itel,Itel,0.24
2026-05,lava,Lava,0.02
2026-05,lenovo,Lenovo,0.12
2026-05,lg,LG,0.1
2026-05,meizu,Meizu,0.01
2026-05,motorola,Motorola,3.37
2026-05,nokia,Nokia,0.14
2026-05,nothing,Nothing,0.11
2026-05,oneplus,OnePlus,1.39
2026-05,oppo,Oppo,5.64
2026-05,other,Other,0.06
2026-05,realme,Realme,3.83
2026-05,samsung,Samsung,18.84
2026-05,sony,Sony,0.1
2026-05,t-mobile,T-Mobile,0.03
2026-05,tcl,TCL,0.03
2026-05,tecno,Tecno,1.08
2026-05,unknown,Unknown,11.37
2026-05,vivo,Vivo,5.58
2026-05,xiaomi,Xiaomi,8.84
2026-05,zte,ZTE,0.07
2026-06,alcatel,Alcatel,0.01
2026-06,apple,Apple,30.85
2026-06,asus,Asus,0.05
2026-06,bbk,BBK,0.02
2026-06,google,Google,3.08
2026-06,honor,Honor,1.06
2026-06,htc,HTC,0.01
2026-06,huawei,Huawei,1.61
2026-06,infinix,Infinix,1.38
2026-06,itel,Itel,0.21
2026-06,lava,Lava,0.03
2026-06,lenovo,Lenovo,0.12
2026-06,lg,LG,0.09
2026-06,meizu,Meizu,0.01
2026-06,motorola,Motorola,3.6
2026-06,nokia,Nokia,0.14
2026-06,nothing,Nothing,0.12
2026-06,oneplus,OnePlus,1.55
2026-06,oppo,Oppo,5.79
2026-06,other,Other,0.07
2026-06,realme,Realme,4.05
2026-06,samsung,Samsung,19.09
2026-06,sharp,Sharp,0.01
2026-06,sony,Sony,0.1
2026-06,t-mobile,T-Mobile,0.02
2026-06,tcl,TCL,0.03
2026-06,tecno,Tecno,0.97
2026-06,unknown,Unknown,10.76
2026-06,vivo,Vivo,5.7
2026-06,xiaomi,Xiaomi,9.41
2026-06,zte,ZTE,0.07
2026-07,alcatel,Alcatel,0.01
2026-07,apple,Apple,31.58
2026-07,asus,Asus,0.05
2026-07,bbk,BBK,0.02
2026-07,google,Google,1.63
2026-07,honor,Honor,1.05
2026-07,htc,HTC,0.01
2026-07,huawei,Huawei,1.56
2026-07,infinix,Infinix,1.28
2026-07,itel,Itel,0.18
2026-07,lava,Lava,0.03
2026-07,lenovo,Lenovo,0.11
2026-07,lg,LG,0.09
2026-07,meizu,Meizu,0.01
2026-07,motorola,Motorola,3.99
2026-07,nokia,Nokia,0.13
2026-07,nothing,Nothing,0.13
2026-07,oneplus,OnePlus,1.67
2026-07,oppo,Oppo,5.7
2026-07,other,Other,0.07
2026-07,realme,Realme,4.14
2026-07,samsung,Samsung,19.14
2026-07,sony,Sony,0.1
2026-07,t-mobile,T-Mobile,0.02
2026-07,tcl,TCL,0.03
2026-07,tecno,Tecno,0.92
2026-07,unknown,Unknown,10.34
2026-07,vivo,Vivo,5.79
2026-07,xiaomi,Xiaomi,10.13
2026-07,zte,ZTE,0.07
2026-08,alcatel,Alcatel,0.01
2026-08,apple,Apple,32.51
2026-08,asus,Asus,0.05
2026-08,bbk,BBK,0.02
2026-08,google,Google,1.51
2026-08,honor,Honor,1.09
2026-08,htc,HTC,0.01
2026-08,huawei,Huawei,1.61
2026-08,infinix,Infinix,1.3
2026-08,itel,Itel,0.19
2026-08,lava,Lava,0.03
2026-08,lenovo,Lenovo,0.12
2026-08,lg,LG,0.09
2026-08,meizu,Meizu,0.01
2026-08,motorola,Motorola,4.1
2026-08,nokia,Nokia,0.14
2026-08,nothing,Nothing,0.13
2026-08,oneplus,OnePlus,1.68
2026-08,oppo,Oppo,5.55
2026-08,other,Other,0.08
2026-08,realme,Realme,4.14
2026-08,samsung,Samsung,19.77
2026-08,sony,Sony,0.1
2026-08,t-mobile,T-Mobile,0.03
2026-08,tcl,TCL,0.03
2026-08,tecno,Tecno,0.97
2026-08,unknown,Unknown,8.36
2026-08,vivo,Vivo,5.81
2026-08,xiaomi,Xiaomi,10.45
2026-08,zte,ZTE,0.06
2026-09,alcatel,Alcatel,0.01
2026-09,apple,Apple,31.56
2026-09,asus,Asus,0.04
2026-09,bbk,BBK,0.01
2026-09,blu,Blu,0.01
2026-09,google,Google,1.36
2026-09,hisense,Hisense,0.02
2026-09,honor,Honor,2.06
2026-09,htc,HTC,0.01
2026-09,huawei,Huawei,1.45
2026-09,infinix,Infinix,1.88
2026-09,itel,Itel,0.25
2026-09,kyocera,Kyocera,0.01
2026-09,lava,Lava,0.02
2026-09,lenovo,Lenovo,0.1
2026-09,lg,LG,0.08
2026-09,meizu,Meizu,0.01
2026-09,motorola,Motorola,2.62
2026-09,nokia,Nokia,0.12
2026-09,nothing,Nothing,0.21
2026-09,oneplus,OnePlus,1.01
2026-09,oppo,Oppo,5.45
2026-09,other,Other,0.21
2026-09,realme,Realme,2.18
2026-09,samsung,Samsung,23.85
2026-09,sharp,Sharp,0.02
2026-09,sony,Sony,0.12
2026-09,t-mobile,T-Mobile,0.03
2026-09,tcl,TCL,0.06
2026-09,tecno,Tecno,1.5
2026-09,unknown,Unknown,7.8
2026-09,vivo,Vivo,4.79
2026-09,wiko,Wiko,0.01
2026-09,xiaomi,Xiaomi,10.94
2026-09,zte,ZTE,0.18
