date,entity_id,entity_name,value
2001,abraham,Abraham,7
2001,al-kharafi,Al-Kharafi,7
2001,allen,Allen,7
2001,arison,Arison,7
2001,ballmer,Ballmer,7
2001,bezos,Bezos,7
2001,blank,Blank,7
2001,butt,Butt,7
2001,chambers,Chambers,7
2001,cook,Cook,7
2001,crown,Crown,7
2001,de-rothschild,de Rothschild,6
2001,dixon,Dixon,6
2001,dorrance,Dorrance,7
2001,ebner,Ebner,6
2001,ergen,Ergen,7
2001,ford,Ford,7
2001,frist,Frist,7
2001,gates,Gates,7
2001,getty,Getty,7
2001,goldsbury,Goldsbury,7
2001,goodnight,Goodnight,7
2001,henkel,Henkel,6
2001,hillman,Hillman,7
2001,huizenga,Huizenga,7
2001,huntsman,Huntsman,7
2001,ingram,Ingram,7
2001,jacobs,Jacobs,7
2001,jobs,Jobs,7
2001,kellogg,Kellogg,7
2001,kim,Kim,7
2001,knight,Knight,7
2001,kozuki,Kozuki,6
2001,lee,Lee,6
2001,lindemann,Lindemann,7
2001,lucas,Lucas,7
2001,malone,Malone,7
2001,marcus,Marcus,7
2001,matthews,Matthews,6
2001,mccain,McCain,7
2001,mccaw,McCaw,7
2001,mccombs,McCombs,7
2001,moreno,Moreno,7
2001,ofer,Ofer,7
2001,perot,Perot,7
2001,prada,Prada,7
2001,sall,Sall,7
2001,schneider,Schneider,7
2001,shinawatra,Shinawatra,7
2001,spangler,Spangler,7
2001,spielberg,Spielberg,7
2001,taylor,Taylor,7
2001,trump,Trump,7
2001,wexner,Wexner,7
2001,ziff,Ziff,7
2002,abraham,Abraham,3
2002,al-kharafi,Al-Kharafi,3
2002,allen,Allen,3
2002,arison,Arison,3
2002,ballmer,Ballmer,3
2002,bezos,Bezos,3
2002,blank,Blank,3
2002,bulgari,Bulgari,2
2002,butt,Butt,3
2002,chambers,Chambers,3
2002,cook,Cook,3
2002,crown,Crown,3
2002,dorrance,Dorrance,3
2002,ebner,Ebner,2
2002,ergen,Ergen,3
2002,frist,Frist,3
2002,gates,Gates,3
2002,getty,Getty,3
2002,goldsbury,Goldsbury,3
2002,goodnight,Goodnight,3
2002,haji-ioannou,Haji-Ioannou,2
2002,hillman,Hillman,3
2002,huizenga,Huizenga,3
2002,huntsman,Huntsman,3
2002,ingram,Ingram,3
2002,jacobs,Jacobs,3
2002,jobs,Jobs,3
2002,kellogg,Kellogg,3
2002,kim,Kim,3
2002,knight,Knight,3
2002,lewis,Lewis,3
2002,lindemann,Lindemann,3
2002,lucas,Lucas,3
2002,malone,Malone,3
2002,marcus,Marcus,3
2002,matthews,Matthews,2
2002,mccain,McCain,3
2002,mccaw,McCaw,3
2002,mccombs,McCombs,3
2002,oatley,Oatley,2
2002,ofer,Ofer,3
2002,perot,Perot,3
2002,prada,Prada,3
2002,sall,Sall,3
2002,schneider,Schneider,3
2002,shinawatra,Shinawatra,3
2002,smith,Smith,3
2002,spangler,Spangler,3
2002,spielberg,Spielberg,3
2002,taylor,Taylor,3
2002,trump,Trump,3
2002,ty,Ty,3
2002,wexner,Wexner,3
2002,ziff,Ziff,3
2002,zobel-de-ayala,Zobel de Ayala,3
2003,abraham,Abraham,3
2003,al-kharafi,Al-Kharafi,3
2003,allen,Allen,3
2003,arison,Arison,3
2003,ballmer,Ballmer,3
2003,bezos,Bezos,3
2003,butt,Butt,3
2003,chambers,Chambers,3
2003,cook,Cook,3
2003,crown,Crown,3
2003,dorrance,Dorrance,3
2003,ergen,Ergen,3
2003,frist,Frist,3
2003,gates,Gates,3
2003,getty,Getty,3
2003,goldsbury,Goldsbury,3
2003,goodnight,Goodnight,3
2003,haefner,Haefner,3
2003,hillman,Hillman,3
2003,huizenga,Huizenga,3
2003,huntsman,Huntsman,3
2003,ingram,Ingram,3
2003,jobs,Jobs,3
2003,kellogg,Kellogg,3
2003,knight,Knight,3
2003,lee,Lee,3
2003,lewis,Lewis,3
2003,liebherr,Liebherr,2
2003,lindemann,Lindemann,3
2003,lucas,Lucas,3
2003,malone,Malone,3
2003,marcus,Marcus,3
2003,matthews,Matthews,2
2003,mccain,McCain,3
2003,mccaw,McCaw,3
2003,mccombs,McCombs,3
2003,mordashov,Mordashov,3
2003,ofer,Ofer,3
2003,perot,Perot,3
2003,prada,Prada,3
2003,sall,Sall,3
2003,smith,Smith,3
2003,spangler,Spangler,3
2003,sperling,Sperling,3
2003,spielberg,Spielberg,3
2003,taylor,Taylor,3
2003,trump,Trump,3
2003,wexner,Wexner,3
2003,winfrey,Winfrey,3
2003,yoovidhya,Yoovidhya,3
2003,ziff,Ziff,3
2004,abraham,Abraham,3
2004,al-kharafi,Al-Kharafi,3
2004,allen,Allen,3
2004,anderson,Anderson,3
2004,arison,Arison,3
2004,ballmer,Ballmer,3
2004,bezos,Bezos,3
2004,blank,Blank,3
2004,burrell,Burrell,3
2004,butt,Butt,3
2004,chambers,Chambers,3
2004,cook,Cook,3
2004,crown,Crown,3
2004,debartolo,DeBartolo,3
2004,dorrance,Dorrance,3
2004,ergen,Ergen,3
2004,ford,Ford,3
2004,frist,Frist,3
2004,fukuda,Fukuda,2
2004,gates,Gates,3
2004,getty,Getty,3
2004,glazer,Glazer,3
2004,goldsbury,Goldsbury,3
2004,goodnight,Goodnight,3
2004,green,Green,3
2004,haefner,Haefner,3
2004,hillman,Hillman,3
2004,huizenga,Huizenga,3
2004,huntsman,Huntsman,3
2004,ingram,Ingram,3
2004,jacobs,Jacobs,3
2004,jobs,Jobs,3
2004,jones,Jones,3
2004,kao,Kao,3
2004,kellogg,Kellogg,3
2004,kim,Kim,3
2004,knight,Knight,3
2004,kwek,Kwek,3
2004,lee,Lee,3
2004,lerner,Lerner,3
2004,lewis,Lewis,3
2004,liebherr,Liebherr,2
2004,lindemann,Lindemann,3
2004,lindner,Lindner,3
2004,lucas,Lucas,3
2004,malone,Malone,3
2004,marcus,Marcus,3
2004,matthews,Matthews,2
2004,mccain,McCain,3
2004,mccaw,McCaw,3
2004,mccombs,McCombs,3
2004,mera,Mera,3
2004,mordashov,Mordashov,3
2004,ofer,Ofer,3
2004,perfetti,Perfetti,2
2004,perot,Perot,3
2004,prada,Prada,3
2004,rowling,Rowling,3
2004,sall,Sall,3
2004,santo-domingo,Santo Domingo,3
2004,shi,Shi,3
2004,smith,Smith,3
2004,spangler,Spangler,3
2004,sperling,Sperling,3
2004,spielberg,Spielberg,3
2004,taubman,Taubman,3
2004,taylor,Taylor,3
2004,trump,Trump,3
2004,wang,Wang,2
2004,wexner,Wexner,3
2004,winfrey,Winfrey,3
2004,yoovidhya,Yoovidhya,3
2004,ziff,Ziff,3
2005,abraham,Abraham,3
2005,al-kharafi,Al-Kharafi,3
2005,allen,Allen,3
2005,anderson,Anderson,3
2005,ansin,Ansin,3
2005,arison,Arison,3
2005,ballmer,Ballmer,3
2005,bezos,Bezos,3
2005,blank,Blank,3
2005,butt,Butt,3
2005,chambers,Chambers,3
2005,cook,Cook,3
2005,crown,Crown,3
2005,debartolo,DeBartolo,3
2005,deluca,DeLuca,3
2005,dorrance,Dorrance,3
2005,ergen,Ergen,3
2005,fisher,Fisher,3
2005,ford,Ford,3
2005,frist,Frist,3
2005,fukuda,Fukuda,3
2005,gates,Gates,3
2005,getty,Getty,3
2005,glazer,Glazer,3
2005,goldsbury,Goldsbury,3
2005,goodnight,Goodnight,3
2005,green,Green,3
2005,haefner,Haefner,3
2005,hillman,Hillman,3
2005,huizenga,Huizenga,3
2005,huntsman,Huntsman,3
2005,ingram,Ingram,3
2005,jacobs,Jacobs,3
2005,jobs,Jobs,3
2005,jones,Jones,3
2005,kao,Kao,3
2005,kellogg,Kellogg,3
2005,kim,Kim,3
2005,knight,Knight,3
2005,kwek,Kwek,3
2005,lee,Lee,3
2005,lerner,Lerner,3
2005,lewis,Lewis,3
2005,liebherr,Liebherr,3
2005,lindemann,Lindemann,3
2005,lindner,Lindner,3
2005,lucas,Lucas,3
2005,malone,Malone,3
2005,marcus,Marcus,3
2005,matthews,Matthews,3
2005,mccain,McCain,3
2005,mccaw,McCaw,3
2005,mccombs,McCombs,3
2005,mera,Mera,3
2005,mordashov,Mordashov,3
2005,ofer,Ofer,3
2005,penske,Penske,3
2005,perot,Perot,3
2005,prada,Prada,3
2005,ross,Ross,3
2005,rowling,Rowling,3
2005,sall,Sall,3
2005,santo-domingo,Santo Domingo,3
2005,shi,Shi,3
2005,skoll,Skoll,3
2005,smith,Smith,3
2005,spangler,Spangler,3
2005,sperling,Sperling,3
2005,spielberg,Spielberg,3
2005,taubman,Taubman,3
2005,taylor,Taylor,3
2005,trump,Trump,3
2005,wang,Wang,3
2005,wexner,Wexner,3
2005,winfrey,Winfrey,3
2005,yoovidhya,Yoovidhya,3
2005,ziff,Ziff,3
2005,zobel-de-ayala,Zobel de Ayala,3
2006,abraham,Abraham,3
2006,al-kharafi,Al-Kharafi,3
2006,allen,Allen,3
2006,anderson,Anderson,3
2006,ansin,Ansin,3
2006,arison,Arison,3
2006,ballmer,Ballmer,3
2006,bezos,Bezos,3
2006,blank,Blank,3
2006,brandes,Brandes,3
2006,burrell,Burrell,3
2006,butt,Butt,3
2006,chambers,Chambers,3
2006,cook,Cook,3
2006,crown,Crown,3
2006,debartolo,DeBartolo,3
2006,deluca,DeLuca,3
2006,dorrance,Dorrance,3
2006,edwards,Edwards,3
2006,ergen,Ergen,3
2006,fisher,Fisher,3
2006,ford,Ford,3
2006,frist,Frist,3
2006,frost,Frost,3
2006,fukuda,Fukuda,3
2006,gabelli,Gabelli,3
2006,gates,Gates,3
2006,getty,Getty,3
2006,glazer,Glazer,3
2006,goldsbury,Goldsbury,3
2006,goodnight,Goodnight,3
2006,green,Green,3
2006,haefner,Haefner,3
2006,hayne,Hayne,3
2006,hillman,Hillman,3
2006,horton,Horton,3
2006,hsieh,Hsieh,3
2006,huizenga,Huizenga,3
2006,huntsman,Huntsman,3
2006,ingram,Ingram,3
2006,jacobs,Jacobs,3
2006,jobs,Jobs,3
2006,jones,Jones,3
2006,joseph,Joseph,3
2006,kao,Kao,3
2006,keinath,Keinath,3
2006,kelley,Kelley,3
2006,kellogg,Kellogg,3
2006,kim,Kim,3
2006,knight,Knight,3
2006,kwek,Kwek,3
2006,langone,Langone,3
2006,lee,Lee,3
2006,leprino,Leprino,3
2006,lerner,Lerner,3
2006,lewis,Lewis,3
2006,lindemann,Lindemann,3
2006,lindner,Lindner,3
2006,lucas,Lucas,3
2006,macmillan,MacMillan,3
2006,malone,Malone,3
2006,marcus,Marcus,3
2006,mccain,McCain,3
2006,mccaw,McCaw,3
2006,mccombs,McCombs,3
2006,mera,Mera,3
2006,mordashov,Mordashov,3
2006,moreno,Moreno,3
2006,ofer,Ofer,3
2006,penske,Penske,3
2006,perez,Perez,3
2006,perot,Perot,3
2006,pictet,Pictet,3
2006,prada,Prada,3
2006,ross,Ross,3
2006,rowling,Rowling,3
2006,sall,Sall,3
2006,santo-domingo,Santo Domingo,3
2006,schneider,Schneider,3
2006,simon,Simon,3
2006,skoll,Skoll,3
2006,smith,Smith,3
2006,spangler,Spangler,3
2006,sperling,Sperling,3
2006,spielberg,Spielberg,3
2006,taubman,Taubman,3
2006,taylor,Taylor,3
2006,trump,Trump,3
2006,wang,Wang,3
2006,wexner,Wexner,3
2006,winfrey,Winfrey,3
2006,yoovidhya,Yoovidhya,3
2006,ziff,Ziff,3
2006,zobel-de-ayala,Zobel de Ayala,3
2007,abraham,Abraham,3
2007,al-kharafi,Al-Kharafi,3
2007,alexander,Alexander,3
2007,allen,Allen,3
2007,anderson,Anderson,3
2007,ansin,Ansin,3
2007,aponte,Aponte,3
2007,aramburuzabala,Aramburuzabala,3
2007,arison,Arison,3
2007,ballmer,Ballmer,3
2007,bezos,Bezos,3
2007,bisciotti,Bisciotti,3
2007,bjorgolfsson,Bjorgolfsson,3
2007,blank,Blank,3
2007,boyd,Boyd,3
2007,brandes,Brandes,3
2007,brown,Brown,3
2007,burrell,Burrell,3
2007,butt,Butt,3
2007,case,Case,3
2007,cathy,Cathy,3
2007,chambers,Chambers,3
2007,chandler,Chandler,3
2007,clark,Clark,3
2007,cook,Cook,3
2007,crown,Crown,3
2007,dai,Dai,3
2007,debartolo,DeBartolo,3
2007,deluca,DeLuca,3
2007,dorrance,Dorrance,3
2007,duffield,Duffield,3
2007,edwards,Edwards,3
2007,ergen,Ergen,3
2007,farmer,Farmer,3
2007,fireman,Fireman,3
2007,fisher,Fisher,3
2007,frist,Frist,3
2007,frost,Frost,3
2007,fukuda,Fukuda,3
2007,galvin,Galvin,3
2007,gates,Gates,3
2007,getty,Getty,3
2007,gilbert,Gilbert,3
2007,glazer,Glazer,3
2007,goldsbury,Goldsbury,3
2007,goodnight,Goodnight,3
2007,gordon,Gordon,3
2007,green,Green,3
2007,haefner,Haefner,3
2007,hayne,Hayne,3
2007,heisley,Heisley,3
2007,hillman,Hillman,3
2007,huizenga,Huizenga,3
2007,huntsman,Huntsman,3
2007,ilitch,Ilitch,3
2007,ingram,Ingram,3
2007,jacobs,Jacobs,3
2007,jobs,Jobs,3
2007,jones,Jones,3
2007,joseph,Joseph,3
2007,kao,Kao,3
2007,keinath,Keinath,3
2007,kelley,Kelley,3
2007,kellogg,Kellogg,3
2007,kim,Kim,3
2007,knaster,Knaster,3
2007,knight,Knight,3
2007,koch,Koch,3
2007,kwek,Kwek,3
2007,langone,Langone,3
2007,lebedev,Lebedev,3
2007,leprino,Leprino,3
2007,lerner,Lerner,3
2007,lewis,Lewis,3
2007,lindemann,Lindemann,3
2007,lindner,Lindner,3
2007,lucas,Lucas,3
2007,macmillan,MacMillan,3
2007,magness,Magness,3
2007,malone,Malone,3
2007,marcus,Marcus,3
2007,mcaulay,McAulay,3
2007,mccain,McCain,3
2007,mccaw,McCaw,3
2007,mcclendon,McClendon,3
2007,mccombs,McCombs,3
2007,menon,Menon,3
2007,mera,Mera,3
2007,mordashov,Mordashov,3
2007,moreno,Moreno,3
2007,nardone,Nardone,3
2007,ofer,Ofer,3
2007,olenicoff,Olenicoff,3
2007,penske,Penske,3
2007,perez,Perez,3
2007,perot,Perot,3
2007,pictet,Pictet,3
2007,rinehart,Rinehart,3
2007,ross,Ross,3
2007,rowling,Rowling,3
2007,sall,Sall,3
2007,santo-domingo,Santo Domingo,3
2007,saul,Saul,3
2007,schneider,Schneider,3
2007,schultz,Schultz,3
2007,simon,Simon,3
2007,skoll,Skoll,3
2007,smith,Smith,3
2007,spangler,Spangler,3
2007,sperling,Sperling,3
2007,spielberg,Spielberg,3
2007,sutardja,Sutardja,3
2007,taubman,Taubman,3
2007,taylor,Taylor,3
2007,tiriac,Tiriac,3
2007,trump,Trump,3
2007,tuchman,Tuchman,3
2007,wexner,Wexner,3
2007,winfrey,Winfrey,3
2007,yoovidhya,Yoovidhya,3
2007,yung,Yung,3
2007,ziff,Ziff,3
2007,zobel-de-ayala,Zobel de Ayala,3
2008,abraham,Abraham,3
2008,adani,Adani,3
2008,adelson,Adelson,3
2008,aga,Aga,3
2008,akhmedov,Akhmedov,3
2008,al-ghurair,Al Ghurair,3
2008,al-kharafi,Al-Kharafi,3
2008,al-rajhi,Al Rajhi,3
2008,alcocer,Alcocer,3
2008,allen,Allen,3
2008,anderson,Anderson,3
2008,anschutz,Anschutz,3
2008,ansin,Ansin,3
2008,aponte,Aponte,3
2008,argyros,Argyros,3
2008,arison,Arison,3
2008,arnold,Arnold,3
2008,arrillaga,Arrillaga,3
2008,bacon,Bacon,3
2008,ballmer,Ballmer,3
2008,baron,Baron,3
2008,bass,Bass,3
2008,beal,Beal,3
2008,bechtel,Bechtel,3
2008,beisheim,Beisheim,3
2008,benioff,Benioff,3
2008,bezos,Bezos,3
2008,bisciotti,Bisciotti,3
2008,bjorgolfsson,Bjorgolfsson,3
2008,black,Black,3
2008,blank,Blank,3
2008,blavatnik,Blavatnik,3
2008,bluhm,Bluhm,3
2008,bonderman,Bonderman,3
2008,botin,Botin,3
2008,brandes,Brandes,3
2008,bren,Bren,3
2008,broad,Broad,3
2008,brown,Brown,3
2008,buck,Buck,3
2008,burkle,Burkle,3
2008,burrell,Burrell,3
2008,butt,Butt,3
2008,case,Case,3
2008,cathy,Cathy,3
2008,catsimatidis,Catsimatidis,3
2008,chambers,Chambers,3
2008,chandler,Chandler,3
2008,chearavanont,Chearavanont,3
2008,chen,Chen,3
2008,chilton,Chilton,3
2008,clark,Clark,3
2008,cohen,Cohen,3
2008,conway,Conway,3
2008,cook,Cook,3
2008,cooke,Cooke,3
2008,cooperman,Cooperman,3
2008,coulter,Coulter,3
2008,crown,Crown,3
2008,cuban,Cuban,3
2008,d-aniello,D''Aniello,3
2008,dalio,Dalio,3
2008,davis,Davis,3
2008,debartolo,DeBartolo,3
2008,dell,Dell,3
2008,deluca,DeLuca,3
2008,desai,Desai,3
2008,devos,DeVos,3
2008,diller,Diller,3
2008,dinan,Dinan,3
2008,doerr,Doerr,3
2008,dolan,Dolan,3
2008,dolby,Dolby,3
2008,dorrance,Dorrance,3
2008,druckenmiller,Druckenmiller,3
2008,dubin,Dubin,3
2008,duffield,Duffield,3
2008,edens,Edens,3
2008,edwards,Edwards,3
2008,eisner,Eisner,3
2008,ellison,Ellison,3
2008,emmerson,Emmerson,3
2008,englander,Englander,3
2008,ergen,Ergen,3
2008,farmer,Farmer,3
2008,feinberg,Feinberg,3
2008,filo,Filo,3
2008,fireman,Fireman,3
2008,fisher,Fisher,3
2008,flowers,Flowers,3
2008,forstmann,Forstmann,3
2008,foster,Foster,3
2008,friedkin,Friedkin,3
2008,friedland,Friedland,3
2008,frist,Frist,3
2008,frost,Frost,3
2008,fukuda,Fukuda,3
2008,fung,Fung,3
2008,gabelli,Gabelli,3
2008,gage,Gage,3
2008,gates,Gates,3
2008,geffen,Geffen,3
2008,gehlaut,Gehlaut,3
2008,gerry,Gerry,3
2008,getty,Getty,3
2008,gilbert,Gilbert,3
2008,glazer,Glazer,3
2008,goldsbury,Goldsbury,3
2008,golisano,Golisano,3
2008,goodnight,Goodnight,3
2008,gores,Gores,3
2008,gottesman,Gottesman,3
2008,green,Green,3
2008,griffin,Griffin,3
2008,haefner,Haefner,3
2008,hamilton,Hamilton,3
2008,hamm,Hamm,3
2008,harris,Harris,3
2008,hayne,Hayne,3
2008,headington,Headington,3
2008,hearst,Hearst,3
2008,heisley,Heisley,3
2008,hendricks,Hendricks,3
2008,hildebrand,Hildebrand,3
2008,hillman,Hillman,3
2008,holding,Holding,3
2008,hostetter,Hostetter,3
2008,huang,Huang,3
2008,hubbard,Hubbard,3
2008,hughes,Hughes,3
2008,huizenga,Huizenga,3
2008,hunt,Hunt,3
2008,huntsman,Huntsman,3
2008,icahn,Icahn,3
2008,ilitch,Ilitch,3
2008,ingram,Ingram,3
2008,jacobs,Jacobs,3
2008,jaharis,Jaharis,3
2008,jamail,Jamail,3
2008,jannard,Jannard,3
2008,jobs,Jobs,3
2008,johnson,Johnson,3
2008,johnson-leipold,Johnson-Leipold,3
2008,johnson-marquart,Johnson-Marquart,3
2008,jones,Jones,3
2008,joseph,Joseph,3
2008,kaiser,Kaiser,3
2008,kao,Kao,3
2008,karsh,Karsh,3
2008,keinath,Keinath,3
2008,kelley,Kelley,3
2008,kellogg,Kellogg,3
2008,kennedy,Kennedy,3
2008,kerkorian,Kerkorian,3
2008,kharitonin,Kharitonin,3
2008,khorakiwala,Khorakiwala,3
2008,khosla,Khosla,3
2008,kim,Kim,3
2008,kimmel,Kimmel,3
2008,kinder,Kinder,3
2008,kirk,Kirk,3
2008,knaster,Knaster,3
2008,knight,Knight,3
2008,koch,Koch,3
2008,kohler,Kohler,3
2008,kong,Kong,3
2008,kovalchuk,Kovalchuk,3
2008,kovner,Kovner,3
2008,kraft,Kraft,3
2008,kravis,Kravis,3
2008,kroenke,Kroenke,3
2008,kuok,Kuok,3
2008,lampert,Lampert,3
2008,lasry,Lasry,3
2008,lauder,Lauder,3
2008,lauren,Lauren,3
2008,laurie,Laurie,3
2008,lebedev,Lebedev,3
2008,lee,Lee,3
2008,lefrak,LeFrak,3
2008,leprino,Leprino,3
2008,lerner,Lerner,3
2008,lewis,Lewis,3
2008,li,Li,3
2008,lim,Lim,3
2008,lindemann,Lindemann,3
2008,lindner,Lindner,3
2008,liu,Liu,3
2008,lucas,Lucas,3
2008,macmillan,MacMillan,3
2008,magness,Magness,3
2008,malone,Malone,3
2008,mandel,Mandel,3
2008,mansueto,Mansueto,3
2008,marcus,Marcus,3
2008,marks,Marks,3
2008,marriott,Marriott,3
2008,mars,Mars,3
2008,mathile,Mathile,3
2008,mccain,McCain,3
2008,mccaw,McCaw,3
2008,mcclendon,McClendon,3
2008,mccombs,McCombs,3
2008,mcgovern,McGovern,3
2008,mclane,McLane,3
2008,mcnair,McNair,3
2008,meijer,Meijer,3
2008,menard,Menard,3
2008,menon,Menon,3
2008,mera,Mera,3
2008,michelson,Michelson,3
2008,milken,Milken,3
2008,mitchell,Mitchell,3
2008,moore,Moore,3
2008,mordashov,Mordashov,3
2008,moreno,Moreno,3
2008,mori,Mori,3
2008,moritz,Moritz,3
2008,murdock,Murdock,3
2008,nelson,Nelson,3
2008,newhouse,Newhouse,3
2008,nicholas,Nicholas,3
2008,och,Och,3
2008,ofer,Ofer,3
2008,olenicoff,Olenicoff,3
2008,omidyar,Omidyar,3
2008,parry-okeden,Parry-Okeden,3
2008,patriciu,Patriciu,3
2008,paulson,Paulson,3
2008,peery,Peery,3
2008,peltz,Peltz,3
2008,penske,Penske,3
2008,perelman,Perelman,3
2008,perenchio,Perenchio,3
2008,perez,Perez,3
2008,perot,Perot,3
2008,peterson,Peterson,3
2008,petrov,Petrov,3
2008,pickens,Pickens,3
2008,pictet,Pictet,3
2008,price,Price,3
2008,pritzker,Pritzker,3
2008,rahr,Rahr,3
2008,rainwater,Rainwater,3
2008,rales,Rales,3
2008,rausing,Rausing,3
2008,redstone,Redstone,3
2008,rees-jones,Rees-Jones,3
2008,rennert,Rennert,3
2008,rich,Rich,3
2008,rinehart,Rinehart,3
2008,rizzuto,Rizzuto,3
2008,roberts,Roberts,3
2008,robertson,Robertson,3
2008,rockefeller,Rockefeller,3
2008,roski,Roski,3
2008,ross,Ross,3
2008,rowan,Rowan,3
2008,rowling,Rowling,3
2008,rubenstein,Rubenstein,3
2008,ruffin,Ruffin,3
2008,ryan,Ryan,3
2008,saban,Saban,3
2008,sall,Sall,3
2008,samueli,Samueli,3
2008,santo-domingo,Santo Domingo,3
2008,saul,Saul,3
2008,sawiris,Sawiris,3
2008,scaife,Scaife,3
2008,schmidt,Schmidt,3
2008,schneider,Schneider,3
2008,schulze,Schulze,3
2008,schusterman,Schusterman,3
2008,schwab,Schwab,3
2008,schwarzman,Schwarzman,3
2008,scott,Scott,3
2008,shaw,Shaw,3
2008,shriram,Shriram,3
2008,shvidler,Shvidler,3
2008,siebel,Siebel,3
2008,simmons,Simmons,3
2008,simon,Simon,3
2008,simons,Simons,3
2008,simonyi,Simonyi,3
2008,sirivadhanabhakdi,Sirivadhanabhakdi,3
2008,skoll,Skoll,3
2008,smith,Smith,3
2008,snyder,Snyder,3
2008,sobrato,Sobrato,3
2008,solow,Solow,3
2008,soon-shiong,Soon-Shiong,3
2008,soros,Soros,3
2008,spangler,Spangler,3
2008,spencer,Spencer,3
2008,sperling,Sperling,3
2008,speyer,Speyer,3
2008,spielberg,Spielberg,3
2008,stern,Stern,3
2008,steyer,Steyer,3
2008,straumann,Straumann,3
2008,stryker,Stryker,3
2008,sun,Sun,3
2008,swieca,Swieca,3
2008,syrian-arab-republic,Syria,3
2008,tan,Tan,3
2008,taubman,Taubman,3
2008,taylor,Taylor,3
2008,tepper,Tepper,3
2008,thiel,Thiel,3
2008,tiriac,Tiriac,3
2008,tisch,Tisch,3
2008,troutt,Troutt,3
2008,trump,Trump,3
2008,tu,Tu,3
2008,turner,Turner,3
2008,udvar-hazy,Udvar-Hazy,3
2008,ueltschi,Ueltschi,3
2008,wagner,Wagner,3
2008,walton,Walton,3
2008,wang,Wang,3
2008,warner,Warner,3
2008,washington,Washington,3
2008,weber,Weber,3
2008,wee,Wee,3
2008,weill,Weill,3
2008,west,West,3
2008,wexner,Wexner,3
2008,white,White,3
2008,whitman,Whitman,3
2008,winfrey,Winfrey,3
2008,wrigley,Wrigley,3
2008,wu,Wu,3
2008,wynn,Wynn,3
2008,wyss,Wyss,3
2008,yang,Yang,3
2008,yoovidhya,Yoovidhya,3
2008,yung,Yung,3
2008,zell,Zell,3
2008,zhang,Zhang,3
2008,zhong,Zhong,3
2008,ziff,Ziff,3
2008,zorlu,Zorlu,3
2008,zuckerman,Zuckerman,3
2009,abraham,Abraham,3
2009,adams,Adams,3
2009,adani,Adani,3
2009,adelson,Adelson,3
2009,al-ghurair,Al Ghurair,3
2009,al-kharafi,Al-Kharafi,3
2009,al-rajhi,Al Rajhi,3
2009,alcocer,Alcocer,3
2009,allen,Allen,3
2009,anderson,Anderson,3
2009,anschutz,Anschutz,3
2009,ansin,Ansin,3
2009,argyros,Argyros,3
2009,arison,Arison,3
2009,arnold,Arnold,3
2009,arrillaga,Arrillaga,3
2009,bacon,Bacon,3
2009,ballmer,Ballmer,3
2009,baron,Baron,3
2009,bass,Bass,3
2009,bechtel,Bechtel,3
2009,beisheim,Beisheim,3
2009,berggruen,Berggruen,3
2009,bezos,Bezos,3
2009,bisciotti,Bisciotti,3
2009,bjorgolfsson,Bjorgolfsson,3
2009,black,Black,3
2009,blank,Blank,3
2009,blavatnik,Blavatnik,3
2009,bloomberg,Bloomberg,3
2009,bluhm,Bluhm,3
2009,bonderman,Bonderman,3
2009,botin,Botin,3
2009,braman,Braman,3
2009,brandes,Brandes,3
2009,bren,Bren,3
2009,brin,Brin,3
2009,broad,Broad,3
2009,buck,Buck,3
2009,buffett,Buffett,3
2009,burkle,Burkle,3
2009,butt,Butt,3
2009,cargill,Cargill,3
2009,catsimatidis,Catsimatidis,3
2009,chambers,Chambers,3
2009,chandler,Chandler,3
2009,charney,Charney,3
2009,chearavanont,Chearavanont,3
2009,clark,Clark,3
2009,cohen,Cohen,3
2009,conway,Conway,3
2009,cook,Cook,3
2009,cooke,Cooke,3
2009,cooperman,Cooperman,3
2009,crown,Crown,3
2009,cuban,Cuban,3
2009,d-aniello,D''Aniello,3
2009,dalio,Dalio,3
2009,davis,Davis,3
2009,dejoria,DeJoria,3
2009,dell,Dell,3
2009,deluca,DeLuca,3
2009,desai,Desai,3
2009,devos,DeVos,3
2009,diller,Diller,3
2009,dinan,Dinan,3
2009,doerr,Doerr,3
2009,dolan,Dolan,3
2009,dolby,Dolby,3
2009,dorrance,Dorrance,3
2009,dou,Dou,3
2009,druckenmiller,Druckenmiller,3
2009,dubin,Dubin,3
2009,duffield,Duffield,3
2009,ellison,Ellison,3
2009,emmerson,Emmerson,3
2009,englander,Englander,3
2009,ergen,Ergen,3
2009,filo,Filo,3
2009,fisher,Fisher,3
2009,ford,Ford,3
2009,forstmann,Forstmann,3
2009,friedkin,Friedkin,3
2009,frist,Frist,3
2009,frost,Frost,3
2009,fung,Fung,3
2009,gage,Gage,3
2009,gates,Gates,3
2009,geffen,Geffen,3
2009,gerry,Gerry,3
2009,getty,Getty,3
2009,glazer,Glazer,3
2009,goldsbury,Goldsbury,3
2009,golisano,Golisano,3
2009,goodnight,Goodnight,3
2009,gores,Gores,3
2009,gottesman,Gottesman,3
2009,green,Green,3
2009,greene,Greene,3
2009,griffin,Griffin,3
2009,gross,Gross,3
2009,haefner,Haefner,3
2009,hamilton,Hamilton,3
2009,hamm,Hamm,3
2009,headington,Headington,3
2009,hearst,Hearst,3
2009,heisley,Heisley,3
2009,hendricks,Hendricks,3
2009,henry,Henry,3
2009,hildebrand,Hildebrand,3
2009,hillman,Hillman,3
2009,holding,Holding,3
2009,hostetter,Hostetter,3
2009,hubbard,Hubbard,3
2009,hughes,Hughes,3
2009,huizenga,Huizenga,3
2009,hunt,Hunt,3
2009,icahn,Icahn,3
2009,ilitch,Ilitch,3
2009,ingram,Ingram,3
2009,irsay,Irsay,3
2009,itoyama,Itoyama,3
2009,jacobs,Jacobs,3
2009,jaharis,Jaharis,3
2009,jamail,Jamail,3
2009,jannard,Jannard,3
2009,jobs,Jobs,3
2009,johnson,Johnson,3
2009,johnson-leipold,Johnson-Leipold,3
2009,johnson-marquart,Johnson-Marquart,3
2009,jones,Jones,3
2009,kaiser,Kaiser,3
2009,keinath,Keinath,3
2009,kelley,Kelley,3
2009,kellogg,Kellogg,3
2009,kennedy,Kennedy,3
2009,kerkorian,Kerkorian,3
2009,khosla,Khosla,3
2009,kinder,Kinder,3
2009,kirk,Kirk,3
2009,knight,Knight,3
2009,koch,Koch,3
2009,kohler,Kohler,3
2009,kovner,Kovner,3
2009,kraft,Kraft,3
2009,kravis,Kravis,3
2009,kroenke,Kroenke,3
2009,lampert,Lampert,3
2009,lampton,Lampton,3
2009,lasry,Lasry,3
2009,lauder,Lauder,3
2009,lauren,Lauren,3
2009,laurie,Laurie,3
2009,lee,Lee,3
2009,lefrak,LeFrak,3
2009,leprino,Leprino,3
2009,lerner,Lerner,3
2009,liebmann,Liebmann,3
2009,lindemann,Lindemann,3
2009,lindner,Lindner,3
2009,lucas,Lucas,3
2009,lurie,Lurie,3
2009,macaulay,Macaulay,3
2009,macmillan,MacMillan,3
2009,magerko,Magerko,3
2009,malone,Malone,3
2009,mandel,Mandel,3
2009,mansueto,Mansueto,3
2009,marcus,Marcus,3
2009,mars,Mars,3
2009,mathile,Mathile,3
2009,mccain,McCain,3
2009,mccaw,McCaw,3
2009,mccombs,McCombs,3
2009,mcgovern,McGovern,3
2009,mclane,McLane,3
2009,mcnair,McNair,3
2009,meijer,Meijer,3
2009,menard,Menard,3
2009,mera,Mera,3
2009,michelson,Michelson,3
2009,milken,Milken,3
2009,mitchell,Mitchell,3
2009,moore,Moore,3
2009,mordashov,Mordashov,3
2009,mori,Mori,3
2009,moroun,Moroun,3
2009,murdoch,Murdoch,3
2009,murdock,Murdock,3
2009,nelson,Nelson,3
2009,newhouse,Newhouse,3
2009,nicholas,Nicholas,3
2009,och,Och,3
2009,ofer,Ofer,3
2009,olenicoff,Olenicoff,3
2009,omidyar,Omidyar,3
2009,otedola,Otedola,3
2009,page,Page,3
2009,parry-okeden,Parry-Okeden,3
2009,patriciu,Patriciu,3
2009,paulson,Paulson,3
2009,peery,Peery,3
2009,peltz,Peltz,3
2009,perelman,Perelman,3
2009,perenchio,Perenchio,3
2009,perot,Perot,3
2009,peterson,Peterson,3
2009,pickens,Pickens,3
2009,pictet,Pictet,3
2009,price,Price,3
2009,pritzker,Pritzker,3
2009,rahr,Rahr,3
2009,rainwater,Rainwater,3
2009,rales,Rales,3
2009,rausing,Rausing,3
2009,redstone,Redstone,3
2009,rees-jones,Rees-Jones,3
2009,rennert,Rennert,3
2009,rich,Rich,3
2009,rinehart,Rinehart,3
2009,rizzuto,Rizzuto,3
2009,roberts,Roberts,3
2009,robertson,Robertson,3
2009,rockefeller,Rockefeller,3
2009,roski,Roski,3
2009,ross,Ross,3
2009,rovt,Rovt,3
2009,rowling,Rowling,3
2009,rubenstein,Rubenstein,3
2009,ruffin,Ruffin,3
2009,ryan,Ryan,3
2009,saban,Saban,3
2009,sall,Sall,3
2009,samueli,Samueli,3
2009,santo-domingo,Santo Domingo,3
2009,scaife,Scaife,3
2009,schmidt,Schmidt,3
2009,schneider,Schneider,3
2009,schulze,Schulze,3
2009,schusterman,Schusterman,3
2009,schwab,Schwab,3
2009,schwarzman,Schwarzman,3
2009,scott,Scott,3
2009,secunda,Secunda,3
2009,shaw,Shaw,3
2009,shriram,Shriram,3
2009,shvidler,Shvidler,3
2009,siebel,Siebel,3
2009,simmons,Simmons,3
2009,simons,Simons,3
2009,sirivadhanabhakdi,Sirivadhanabhakdi,3
2009,skoll,Skoll,3
2009,smith,Smith,3
2009,snyder,Snyder,3
2009,sobrato,Sobrato,3
2009,solow,Solow,3
2009,soon-shiong,Soon-Shiong,3
2009,soros,Soros,3
2009,sperling,Sperling,3
2009,speyer,Speyer,3
2009,spielberg,Spielberg,3
2009,stern,Stern,3
2009,stryker,Stryker,3
2009,sun,Sun,3
2009,swieca,Swieca,3
2009,syrian-arab-republic,Syria,3
2009,tan,Tan,3
2009,taubman,Taubman,3
2009,taylor,Taylor,3
2009,tepper,Tepper,3
2009,tisch,Tisch,3
2009,troutt,Troutt,3
2009,trump,Trump,3
2009,tu,Tu,3
2009,turner,Turner,3
2009,udvar-hazy,Udvar-Hazy,3
2009,ueltschi,Ueltschi,3
2009,wagner,Wagner,3
2009,walton,Walton,3
2009,warner,Warner,3
2009,washington,Washington,3
2009,weber,Weber,3
2009,wee,Wee,3
2009,wexner,Wexner,3
2009,white,White,3
2009,whitman,Whitman,3
2009,winfrey,Winfrey,3
2009,wrigley,Wrigley,3
2009,wynn,Wynn,3
2009,wyss,Wyss,3
2009,yang,Yang,3
2009,yoovidhya,Yoovidhya,3
2009,zell,Zell,3
2009,zhang,Zhang,3
2009,ziff,Ziff,3
2009,zuckerman,Zuckerman,3
2010,abello,Abello,3
2010,abraham,Abraham,3
2010,abramov,Abramov,3
2010,abramovich,Abramovich,3
2010,adams,Adams,3
2010,adani,Adani,3
2010,adelson,Adelson,3
2010,agalarov,Agalarov,3
2010,agaoglu,Agaoglu,3
2010,agarwal,Agarwal,3
2010,akhmetov,Akhmetov,3
2010,al-amoudi,Al Amoudi,3
2010,al-futtaim,Al Futtaim,3
2010,al-ghurair,Al Ghurair,3
2010,al-issa,Al Issa,3
2010,al-jaber,Al Jaber,3
2010,al-kharafi,Al-Kharafi,3
2010,al-rajhi,Al Rajhi,3
2010,albrecht,Albrecht,3
2010,albukhary,AlBukhary,3
2010,alcocer,Alcocer,3
2010,alekperov,Alekperov,3
2010,allen,Allen,3
2010,alsaud,Alsaud,3
2010,altushkin,Altushkin,3
2010,alves-de-queiroz-filho,Alves de Queiroz Filho,3
2010,ambani,Ambani,3
2010,amorim,Amorim,3
2010,ananyev,Ananyev,3
2010,anderson,Anderson,3
2010,andic,Andic,3
2010,anisimov,Anisimov,3
2010,anschutz,Anschutz,3
2010,ansin,Ansin,3
2010,arango,Arango,3
2010,argyros,Argyros,3
2010,arison,Arison,3
2010,aristrain,Aristrain,3
2010,armani,Armani,3
2010,arnault,Arnault,3
2010,arnold,Arnold,3
2010,arrillaga,Arrillaga,3
2010,arsel,Arsel,3
2010,ashley,Ashley,3
2010,auchi,Auchi,3
2010,aven,Aven,3
2010,azcarraga-jean,Azcarraga Jean,3
2010,azrieli,Azrieli,3
2010,babis,Babis,3
2010,bacon,Bacon,3
2010,bailey,Bailey,3
2010,bailleres,Bailleres,3
2010,bajaj,Bajaj,3
2010,bakala,Bakala,3
2010,balakin,Balakin,3
2010,ballmer,Ballmer,3
2010,balsillie,Balsillie,3
2010,balwa,Balwa,3
2010,bangur,Bangur,3
2010,banuelos,Banuelos,3
2010,barclay,Barclay,3
2010,baron,Baron,3
2010,barrack,Barrack,3
2010,basaran,Basaran,3
2010,bass,Bass,3
2010,batista,Batista,3
2010,baturina,Baturina,3
2010,bauer,Bauer,3
2010,beal,Beal,3
2010,bechtel,Bechtel,3
2010,beisheim,Beisheim,3
2010,bellon,Bellon,3
2010,benetton,Benetton,3
2010,benioff,Benioff,3
2010,berg,Berg,3
2010,berggruen,Berggruen,3
2010,berlusconi,Berlusconi,3
2010,bertarelli,Bertarelli,3
2010,bettencourt,Bettencourt,3
2010,bezos,Bezos,3
2010,birla,Birla,3
2010,bisciotti,Bisciotti,3
2010,black,Black,3
2010,blank,Blank,3
2010,blavatnik,Blavatnik,3
2010,bloomberg,Bloomberg,3
2010,bluhm,Bluhm,3
2010,bogdanov,Bogdanov,3
2010,boholyubov,Boholyubov,3
2010,bollore,Bollore,3
2010,bonderman,Bonderman,3
2010,botin,Botin,3
2010,bouygues,Bouygues,3
2010,bowlen,Bowlen,3
2010,bozano,Bozano,3
2010,braman,Braman,3
2010,brandes,Brandes,3
2010,branson,Branson,3
2010,bren,Bren,3
2010,brin,Brin,3
2010,broad,Broad,3
2010,broermann,Broermann,3
2010,bronfman,Bronfman,3
2010,brown,Brown,3
2010,bruch,Bruch,3
2010,buck,Buck,3
2010,buffett,Buffett,3
2010,burda,Burda,3
2010,burkle,Burkle,3
2010,burrell,Burrell,3
2010,busujima,Busujima,3
2010,butt,Butt,3
2010,cadogan,Cadogan,3
2010,calder,Calder,3
2010,calik,Calik,3
2010,caltagirone,Caltagirone,3
2010,cargill,Cargill,3
2010,casden,Casden,3
2010,case,Case,3
2010,cathy,Cathy,3
2010,catsimatidis,Catsimatidis,3
2010,caudwell,Caudwell,3
2010,chambers,Chambers,3
2010,chan,Chan,3
2010,chandler,Chandler,3
2010,chandra,Chandra,3
2010,chang,Chang,3
2010,chao,Chao,3
2010,charney,Charney,3
2010,chearavanont,Chearavanont,3
2010,chen,Chen,3
2010,cheng,Cheng,3
2010,cheriton,Cheriton,3
2010,cheung,Cheung,3
2010,chey,Chey,3
2010,chilton,Chilton,3
2010,cho,Cho,3
2010,chodiev,Chodiev,3
2010,choi,Choi,3
2010,chu,Chu,3
2010,chung,Chung,3
2010,ciner,Ciner,3
2010,cisneros,Cisneros,3
2010,clark,Clark,3
2010,cohen,Cohen,3
2010,connor,Connor,3
2010,conway,Conway,3
2010,cook,Cook,3
2010,cooke,Cooke,3
2010,coombs,Coombs,3
2010,cooperman,Cooperman,3
2010,cortina,Cortina,3
2010,coulter,Coulter,3
2010,coutu,Coutu,3
2010,crown,Crown,3
2010,cuban,Cuban,3
2010,czarnecki,Czarnecki,3
2010,d-aniello,D'Aniello,3
2010,dalio,Dalio,3
2010,dangermond,Dangermond,3
2010,dangote,Dangote,3
2010,dassault,Dassault,3
2010,davis,Davis,3
2010,de-azevedo,de Azevedo,3
2010,de-carvalho-heineken,de Carvalho-Heineken,3
2010,de-mol,de Mol,3
2010,debartolo,DeBartolo,3
2010,decaux,Decaux,3
2010,deichmann,Deichmann,3
2010,dejoria,DeJoria,3
2010,del-vecchio,Del Vecchio,3
2010,dell,Dell,3
2010,deluca,DeLuca,3
2010,deripaska,Deripaska,3
2010,desai,Desai,3
2010,desmarais,Desmarais,3
2010,desmond,Desmond,3
2010,devos,DeVos,3
2010,diller,Diller,3
2010,dinan,Dinan,3
2010,ding,Ding,3
2010,diniz,Diniz,3
2010,doerr,Doerr,3
2010,dogan,Dogan,3
2010,dolan,Dolan,3
2010,dolby,Dolby,3
2010,dommermuth,Dommermuth,3
2010,dorfman,Dorfman,3
2010,doris,Doris,3
2010,dorrance,Dorrance,3
2010,douglas,Douglas,3
2010,druckenmiller,Druckenmiller,3
2010,du,Du,3
2010,dubin,Dubin,3
2010,duffield,Duffield,3
2010,duncan,Duncan,3
2010,dyson,Dyson,3
2010,dzhaparidze,Dzhaparidze,3
2010,ecclestone,Ecclestone,3
2010,eczacibasi,Eczacibasi,3
2010,edson,Edson,3
2010,edwards,Edwards,3
2010,ellison,Ellison,3
2010,elman,Elman,3
2010,emmerson,Emmerson,3
2010,engelhorn,Engelhorn,3
2010,englander,Englander,3
2010,ergen,Ergen,3
2010,ermirio-de-moraes,Ermirio de Moraes,3
2010,falcone,Falcone,3
2010,fang,Fang,3
2010,faria,Faria,3
2010,federmann,Federmann,3
2010,fedun,Fedun,3
2010,ferrero,Ferrero,3
2010,fetisov,Fetisov,3
2010,filo,Filo,3
2010,fisher,Fisher,3
2010,fontbona,Fontbona,3
2010,ford,Ford,3
2010,foriel-destezet,Foriel-Destezet,3
2010,forrest,Forrest,3
2010,forstmann,Forstmann,3
2010,fox,Fox,3
2010,fredriksen,Fredriksen,3
2010,fregin,Fregin,3
2010,frere,Frere,3
2010,fridman,Fridman,3
2010,friedkin,Friedkin,3
2010,friedland,Friedland,3
2010,frist,Frist,3
2010,frolov,Frolov,3
2010,frost,Frost,3
2010,fu,Fu,3
2010,fukutake,Fukutake,3
2010,funai,Funai,3
2010,fung,Fung,3
2010,gabelli,Gabelli,3
2010,gage,Gage,3
2010,galchev,Galchev,3
2010,galitsky,Galitsky,3
2010,gandel,Gandel,3
2010,gandur,Gandur,3
2010,gao,Gao,3
2010,garfinkel,Garfinkel,3
2010,gates,Gates,3
2010,gaur,Gaur,3
2010,geffen,Geffen,3
2010,gerling,Gerling,3
2010,gerry,Gerry,3
2010,getty,Getty,3
2010,glazer,Glazer,3
2010,godrej,Godrej,3
2010,goenka,Goenka,3
2010,goldsbury,Goldsbury,3
2010,goldschmeding,Goldschmeding,3
2010,golisano,Golisano,3
2010,goodnight,Goodnight,3
2010,gopalakrishnan,Gopalakrishnan,3
2010,gores,Gores,3
2010,gottesman,Gottesman,3
2010,gou,Gou,3
2010,graff,Graff,3
2010,green,Green,3
2010,greene,Greene,3
2010,grether,Grether,3
2010,griffin,Griffin,3
2010,gross,Gross,3
2010,grosvenor,Grosvenor,3
2010,gubay,Gubay,3
2010,guo,Guo,3
2010,gupta,Gupta,3
2010,gurbanoglu,Gurbanoglu,3
2010,guriev,Guriev,3
2010,gutseriev,Gutseriev,3
2010,guzman-loera,Guzman Loera,3
2010,haefner,Haefner,3
2010,hagen,Hagen,3
2010,hall,Hall,3
2010,halle,Halle,3
2010,hamied,Hamied,3
2010,hamilton,Hamilton,3
2010,hamm,Hamm,3
2010,han,Han,3
2010,happel,Happel,3
2010,harbert,Harbert,3
2010,hariri,Hariri,3
2010,harp-helu,Harp Helu,3
2010,harris,Harris,3
2010,hart,Hart,3
2010,hartono,Hartono,3
2010,harvey,Harvey,3
2010,haub,Haub,3
2010,hawken,Hawken,3
2010,hayek,Hayek,3
2010,hayne,Hayne,3
2010,he,He,3
2010,headington,Headington,3
2010,hearst,Hearst,3
2010,hector,Hector,3
2010,heisley,Heisley,3
2010,hendricks,Hendricks,3
2010,herlin,Herlin,3
2010,hernandez-ramirez,Hernandez Ramirez,3
2010,herz,Herz,3
2010,hildebrand,Hildebrand,3
2010,hillman,Hillman,3
2010,hilton,Hilton,3
2010,hintze,Hintze,3
2010,ho,Ho,3
2010,holding,Holding,3
2010,horn,Horn,3
2010,horten,Horten,3
2010,hostetter,Hostetter,3
2010,howard,Howard,3
2010,huang,Huang,3
2010,hubbard,Hubbard,3
2010,hughes,Hughes,3
2010,hui,Hui,3
2010,huizenga,Huizenga,3
2010,hunt,Hunt,3
2010,huntsman,Huntsman,3
2010,ibragimov,Ibragimov,3
2010,ibrahim,Ibrahim,3
2010,icahn,Icahn,3
2010,ilicak,Ilicak,3
2010,ilitch,Ilitch,3
2010,ingram,Ingram,3
2010,iorikh,Iorikh,3
2010,irsay,Irsay,3
2010,irving,Irving,3
2010,ito,Ito,3
2010,itoyama,Itoyama,3
2010,ivanishvili,Ivanishvili,3
2010,jackson,Jackson,3
2010,jacobs,Jacobs,3
2010,jagtiani,Jagtiani,3
2010,jaharis,Jaharis,3
2010,jain,Jain,3
2010,jamail,Jamail,3
2010,james,James,3
2010,jannard,Jannard,3
2010,jarislowsky,Jarislowsky,3
2010,jhunjhunwala,Jhunjhunwala,3
2010,jindal,Jindal,3
2010,jinnai,Jinnai,3
2010,jobs,Jobs,3
2010,johnson,Johnson,3
2010,johnson-leipold,Johnson-Leipold,3
2010,johnson-marquart,Johnson-Marquart,3
2010,jones,Jones,3
2010,joseph,Joseph,3
2010,jove,Jove,3
2010,kadoorie,Kadoorie,3
2010,kahn,Kahn,3
2010,kaiser,Kaiser,3
2010,kalyani,Kalyani,3
2010,kamel,Kamel,3
2010,kamprad,Kamprad,3
2010,kantor,Kantor,3
2010,kao,Kao,3
2010,karamehmet,Karamehmet,3
2010,katz,Katz,3
2010,keinath,Keinath,3
2010,kelley,Kelley,3
2010,kellner,Kellner,3
2010,kellogg,Kellogg,3
2010,kennedy,Kennedy,3
2010,kenya,Kenya,3
2010,kerimov,Kerimov,3
2010,kerkorian,Kerkorian,3
2010,kesaev,Kesaev,3
2010,khachaturov,Khachaturov,3
2010,khalili,Khalili,3
2010,khan,Khan,3
2010,khosla,Khosla,3
2010,kim,Kim,3
2010,kimmel,Kimmel,3
2010,kinder,Kinder,3
2010,kipp,Kipp,3
2010,kirac,Kirac,3
2010,kirk,Kirk,3
2010,klatten,Klatten,3
2010,kluge,Kluge,3
2010,knaster,Knaster,3
2010,knight,Knight,3
2010,koc,Koc,3
2010,koch,Koch,3
2010,kohler,Kohler,3
2010,kolomoyskyy,Kolomoyskyy,3
2010,kondrashev,Kondrashev,3
2010,koo,Koo,3
2010,koplowitz,Koplowitz,3
2010,kosogov,Kosogov,3
2010,kotak,Kotak,3
2010,kovner,Kovner,3
2010,kozitsyn,Kozitsyn,3
2010,kraft,Kraft,3
2010,krasny,Krasny,3
2010,kravis,Kravis,3
2010,krishnan,Krishnan,3
2010,kristiansen,Kristiansen,3
2010,kroenke,Kroenke,3
2010,kuhne,Kuhne,3
2010,kulczyk,Kulczyk,3
2010,kulibaev,Kulibaev,3
2010,kulibaeva,Kulibaeva,3
2010,kuok,Kuok,3
2010,kuzmichev,Kuzmichev,3
2010,kvetnoi,Kvetnoi,3
2010,kwok-family,Kwok family,3
2010,ladreit-de-lacharriere,Ladreit de Lacharriere,3
2010,laliberte,Laliberte,3
2010,lam,Lam,3
2010,lampert,Lampert,3
2010,langone,Langone,3
2010,larrea-mota-velasco,Larrea Mota Velasco,3
2010,lasry,Lasry,3
2010,latsis,Latsis,3
2010,lau,Lau,3
2010,lauder,Lauder,3
2010,lauren,Lauren,3
2010,laurie,Laurie,3
2010,lazaridis,Lazaridis,3
2010,leal,Leal,3
2010,lebedev,Lebedev,3
2010,lee,Lee,3
2010,lee-chin,Lee-Chin,3
2010,lefrak,LeFrak,3
2010,lei,Lei,3
2010,lemann,Lemann,3
2010,leprino,Leprino,3
2010,lerner,Lerner,3
2010,leviev,Leviev,3
2010,lew,Lew,3
2010,lewis,Lewis,3
2010,li,Li,3
2010,liang,Liang,3
2010,liebmann,Liebmann,3
2010,lim,Lim,3
2010,lin,Lin,3
2010,lindemann,Lindemann,3
2010,lindner,Lindner,3
2010,lisin,Lisin,3
2010,liu,Liu,3
2010,lo,Lo,3
2010,loh,Loh,3
2010,lomakin,Lomakin,3
2010,louis-hansen,Louis-Hansen,3
2010,low-tuck,Low Tuck,3
2010,lowy,Lowy,3
2010,lucas,Lucas,3
2010,lui,Lui,3
2010,lundberg,Lundberg,3
2010,luo,Luo,3
2010,lurie,Lurie,3
2010,luxembourg,Luxembourg,3
2010,macaulay,Macaulay,3
2010,machkevich,Machkevich,3
2010,macmillan,MacMillan,3
2010,magerko,Magerko,3
2010,magness,Magness,3
2010,makhmudov,Makhmudov,3
2010,mallya,Mallya,3
2010,malone,Malone,3
2010,mamut,Mamut,3
2010,mandel,Mandel,3
2010,mann,Mann,3
2010,mansha,Mansha,3
2010,mansueto,Mansueto,3
2010,mantegazza,Mantegazza,3
2010,maran,Maran,3
2010,marcus,Marcus,3
2010,marriott,Marriott,3
2010,mars,Mars,3
2010,mateschitz,Mateschitz,3
2010,mathile,Mathile,3
2010,matte,Matte,3
2010,mccain,McCain,3
2010,mccaw,McCaw,3
2010,mcclendon,McClendon,3
2010,mccombs,McCombs,3
2010,mcgovern,McGovern,3
2010,mclane,McLane,3
2010,mcnair,McNair,3
2010,mehta,Mehta,3
2010,meijer,Meijer,3
2010,melnichenko,Melnichenko,3
2010,menard,Menard,3
2010,mendoza,Mendoza,3
2010,mera,Mera,3
2010,merieux,Merieux,3
2010,mhaiskar,Mhaiskar,3
2010,michelson,Michelson,3
2010,mikati,Mikati,3
2010,mikhelson,Mikhelson,3
2010,miki,Miki,3
2010,mikitani,Mikitani,3
2010,milchan,Milchan,3
2010,milken,Milken,3
2010,miller,Miller,3
2010,milstein,Milstein,3
2010,mistry,Mistry,3
2010,mitchell,Mitchell,3
2010,mittal,Mittal,3
2010,mohn,Mohn,3
2010,molchanov,Molchanov,3
2010,moncrief,Moncrief,3
2010,moore,Moore,3
2010,mordashov,Mordashov,3
2010,moreno,Moreno,3
2010,moretti-polegato,Moretti Polegato,3
2010,morgridge,Morgridge,3
2010,mori,Mori,3
2010,moritz,Moritz,3
2010,morocco,Morocco,3
2010,moroun,Moroun,3
2010,morrison,Morrison,3
2010,motsepe,Motsepe,3
2010,munger,Munger,3
2010,murdoch,Murdoch,3
2010,murdock,Murdock,3
2010,murthy,Murthy,3
2010,nadar,Nadar,3
2010,nagamori,Nagamori,3
2010,naughton,Naughton,3
2010,neilson,Neilson,3
2010,nelson,Nelson,3
2010,nesis,Nesis,3
2010,newhouse,Newhouse,3
2010,niarchos,Niarchos,3
2010,nicholas,Nicholas,3
2010,niculae,Niculae,3
2010,nilekani,Nilekani,3
2010,north-america,North America,3
2010,o-brien,O'Brien,3
2010,oberoi,Oberoi,3
2010,oberwelland,Oberwelland,3
2010,och,Och,3
2010,ofer,Ofer,3
2010,okada,Okada,3
2010,olenicoff,Olenicoff,3
2010,ometto-silveira-mello,Ometto Silveira Mello,3
2010,omidyar,Omidyar,3
2010,oppenheimer,Oppenheimer,3
2010,or,Or,3
2010,ortega,Ortega,3
2010,otto,Otto,3
2010,ozilhan,Ozilhan,3
2010,ozokur,Ozokur,3
2010,ozyegin,Ozyegin,3
2010,packer,Packer,3
2010,page,Page,3
2010,parry-okeden,Parry-Okeden,3
2010,patel,Patel,3
2010,patriciu,Patriciu,3
2010,pattison,Pattison,3
2010,paulmann,Paulmann,3
2010,paulson,Paulson,3
2010,peery,Peery,3
2010,peltz,Peltz,3
2010,penske,Penske,3
2010,perelman,Perelman,3
2010,perenchio,Perenchio,3
2010,perez,Perez,3
2010,perez-companc,Perez Companc,3
2010,perlmutter,Perlmutter,3
2010,perot,Perot,3
2010,persson,Persson,3
2010,pessina,Pessina,3
2010,peterffy,Peterffy,3
2010,peterson,Peterson,3
2010,pickens,Pickens,3
2010,pictet,Pictet,3
2010,pinault,Pinault,3
2010,pinchuk,Pinchuk,3
2010,pinera,Pinera,3
2010,piramal,Piramal,3
2010,plattner,Plattner,3
2010,ponomarenko,Ponomarenko,3
2010,poonawalla,Poonawalla,3
2010,popov,Popov,3
2010,potanin,Potanin,3
2010,premji,Premji,3
2010,price,Price,3
2010,pritzker,Pritzker,3
2010,prokhorov,Prokhorov,3
2010,pumpyansky,Pumpyansky,3
2010,qi,Qi,3
2010,quandt,Quandt,3
2010,quek,Quek,3
2010,quinn,Quinn,3
2010,raheja,Raheja,3
2010,rahimkulov,Rahimkulov,3
2010,rahr,Rahr,3
2010,rainwater,Rainwater,3
2010,rakhimov,Rakhimov,3
2010,rales,Rales,3
2010,rao,Rao,3
2010,rashnikov,Rashnikov,3
2010,rausing,Rausing,3
2010,reddy,Reddy,3
2010,redstone,Redstone,3
2010,rees-jones,Rees-Jones,3
2010,rennert,Rennert,3
2010,reuben,Reuben,3
2010,reyes,Reyes,3
2010,rich,Rich,3
2010,riddell,Riddell,3
2010,riegel,Riegel,3
2010,rinehart,Rinehart,3
2010,rizzuto,Rizzuto,3
2010,roberts,Roberts,3
2010,robertson,Robertson,3
2010,rockefeller,Rockefeller,3
2010,rokke,Rokke,3
2010,roski,Roski,3
2010,ross,Ross,3
2010,rovt,Rovt,3
2010,rowan,Rowan,3
2010,rowling,Rowling,3
2010,rubenstein,Rubenstein,3
2010,ruffin,Ruffin,3
2010,ruia,Ruia,3
2010,rupert,Rupert,3
2010,ryan,Ryan,3
2010,rybolovlev,Rybolovlev,3
2010,saban,Saban,3
2010,sabanci,Sabanci,3
2010,sabanci-dincer,Sabanci Dincer,3
2010,safra,Safra,3
2010,sahenk,Sahenk,3
2010,sainsbury,Sainsbury,3
2010,saji,Saji,3
2010,salinas-pliego,Salinas Pliego,3
2010,sall,Sall,3
2010,samueli,Samueli,3
2010,sandell,Sandell,3
2010,santo-domingo,Santo Domingo,3
2010,sapir,Sapir,3
2010,saputo,Saputo,3
2010,sarmiento,Sarmiento,3
2010,saul,Saul,3
2010,sawiris,Sawiris,3
2010,scaglia,Scaglia,3
2010,scaife,Scaife,3
2010,schar,Schar,3
2010,schlecker,Schlecker,3
2010,schmidheiny,Schmidheiny,3
2010,schmidt,Schmidt,3
2010,schmidt-ruthenbeck,Schmidt-Ruthenbeck,3
2010,schnabel,Schnabel,3
2010,schneider,Schneider,3
2010,schoeller,Schoeller,3
2010,schonfeld,Schonfeld,3
2010,schorghuber,Schorghuber,3
2010,schorling,Schorling,3
2010,schroder,Schroder,3
2010,schulze,Schulze,3
2010,schusterman,Schusterman,3
2010,schwab,Schwab,3
2010,schwarzman,Schwarzman,3
2010,scott,Scott,3
2010,seabra,Seabra,3
2010,secunda,Secunda,3
2010,sedykh,Sedykh,3
2010,shanghvi,Shanghvi,3
2010,shaw,Shaw,3
2010,shen,Shen,3
2010,sherman,Sherman,3
2010,shi,Shi,3
2010,shifrin,Shifrin,3
2010,shimamura,Shimamura,3
2010,shin,Shin,3
2010,shnaider,Shnaider,3
2010,shorenstein,Shorenstein,3
2010,shriram,Shriram,3
2010,shvidler,Shvidler,3
2010,sicupira,Sicupira,3
2010,siebel,Siebel,3
2010,simmons,Simmons,3
2010,simon,Simon,3
2010,simons,Simons,3
2010,singh,Singh,3
2010,sirivadhanabhakdi,Sirivadhanabhakdi,3
2010,sitorus,Sitorus,3
2010,skoch,Skoch,3
2010,skoll,Skoll,3
2010,skorobogatko,Skorobogatko,3
2010,slim-helu,Slim Helu,3
2010,smith,Smith,3
2010,snyder,Snyder,3
2010,sobrato,Sobrato,3
2010,sohmen,Sohmen,3
2010,solorz-zak,Solorz-Zak,3
2010,solow,Solow,3
2010,solowow,Solowow,3
2010,son,Son,3
2010,sondakh,Sondakh,3
2010,sonnenberg,Sonnenberg,3
2010,soon-shiong,Soon-Shiong,3
2010,soros,Soros,3
2010,spangler,Spangler,3
2010,spanos,Spanos,3
2010,sperling,Sperling,3
2010,speyer,Speyer,3
2010,spielberg,Spielberg,3
2010,springer,Springer,3
2010,steinbrenner,Steinbrenner,3
2010,steinbruch,Steinbruch,3
2010,steinmetz,Steinmetz,3
2010,stephens,Stephens,3
2010,stern,Stern,3
2010,straumann,Straumann,3
2010,stroher,Stroher,3
2010,strungmann,Strungmann,3
2010,stryker,Stryker,3
2010,subkhanberdin,Subkhanberdin,3
2010,sun,Sun,3
2010,swieca,Swieca,3
2010,syrian-arab-republic,Syria,3
2010,tada,Tada,3
2010,takahara,Takahara,3
2010,takizaki,Takizaki,3
2010,tan,Tan,3
2010,tanaka,Tanaka,3
2010,tang,Tang,3
2010,tanjung,Tanjung,3
2010,tanoto,Tanoto,3
2010,tara,Tara,3
2010,tariko,Tariko,3
2010,taubman,Taubman,3
2010,taylor,Taylor,3
2010,teel,Teel,3
2010,teh,Teh,3
2010,telles,Telles,3
2010,tepper,Tepper,3
2010,thapar,Thapar,3
2010,thiel,Thiel,3
2010,thiele,Thiele,3
2010,thomson,Thomson,3
2010,thon,Thon,3
2010,timchenko,Timchenko,3
2010,tiong,Tiong,3
2010,tiriac,Tiriac,3
2010,tisch,Tisch,3
2010,tong,Tong,3
2010,topbas,Topbas,3
2010,triguboff,Triguboff,3
2010,troutt,Troutt,3
2010,trump,Trump,3
2010,tsai,Tsai,3
2010,tschira,Tschira,3
2010,tshuva,Tshuva,3
2010,tsvetkov,Tsvetkov,3
2010,tu,Tu,3
2010,turner,Turner,3
2010,udvar-hazy,Udvar-Hazy,3
2010,ueltschi,Ueltschi,3
2010,ulker,Ulker,3
2010,unger,Unger,3
2010,usmanov,Usmanov,3
2010,van-beuren,van Beuren,3
2010,van-den-ende,van den Ende,3
2010,vargi,Vargi,3
2010,vekselberg,Vekselberg,3
2010,viessmann,Viessmann,3
2010,von-bechtolsheim,von Bechtolsheim,3
2010,von-finck,von Finck,3
2010,von-holtzbrinck,von Holtzbrinck,3
2010,von-opel,von Opel,3
2010,von-thurn-und-taxis,von Thurn und Taxis,3
2010,wadhawan,Wadhawan,3
2010,wadhwani,Wadhwani,3
2010,wagner,Wagner,3
2010,walton,Walton,3
2010,wang,Wang,3
2010,warner,Warner,3
2010,warren,Warren,3
2010,washington,Washington,3
2010,weber,Weber,3
2010,wee,Wee,3
2010,wei,Wei,3
2010,wenchi-chen,Wenchi Chen,3
2010,wertheimer,Wertheimer,3
2010,weston,Weston,3
2010,wexner,Wexner,3
2010,white,White,3
2010,whitman,Whitman,3
2010,whittaker,Whittaker,3
2010,wilhelmsen,Wilhelmsen,3
2010,winfrey,Winfrey,3
2010,wlaschek,Wlaschek,3
2010,wobben,Wobben,3
2010,wong,Wong,3
2010,woo,Woo,3
2010,wrigley,Wrigley,3
2010,wu,Wu,3
2010,wurth,Wurth,3
2010,wyly,Wyly,3
2010,wynn,Wynn,3
2010,wyss,Wyss,3
2010,xian,Xian,3
2010,yamauchi,Yamauchi,3
2010,yanai,Yanai,3
2010,yang,Yang,3
2010,yao,Yao,3
2010,yazici,Yazici,3
2010,yemen-rep,Yemen,3
2010,yeoh,Yeoh,3
2010,yevtushenkov,Yevtushenkov,3
2010,ying,Ying,3
2010,yoovidhya,Yoovidhya,3
2010,zegar,Zegar,3
2010,zell,Zell,3
2010,zhang,Zhang,3
2010,zhevago,Zhevago,3
2010,zhong,Zhong,3
2010,zhou,Zhou,3
2010,zhu,Zhu,3
2010,ziff,Ziff,3
2010,zong,Zong,3
2010,zorlu,Zorlu,3
2010,zuckerberg,Zuckerberg,3
2010,zuckerman,Zuckerman,3
2010,zyuzin,Zyuzin,3
2011,abello,Abello,3
2011,abraham,Abraham,3
2011,abramov,Abramov,3
2011,abramovich,Abramovich,3
2011,abyzov,Abyzov,3
2011,adams,Adams,3
2011,adani,Adani,3
2011,adelson,Adelson,3
2011,adenuga,Adenuga,3
2011,aga,Aga,3
2011,agalarov,Agalarov,3
2011,agaoglu,Agaoglu,3
2011,agarwal,Agarwal,3
2011,aguiar,Aguiar,3
2011,akhmetov,Akhmetov,3
2011,al-amoudi,Al Amoudi,3
2011,al-fayed,Al Fayed,3
2011,al-futtaim,Al Futtaim,3
2011,al-ghurair,Al Ghurair,3
2011,al-issa,Al Issa,3
2011,al-jaber,Al Jaber,3
2011,al-kharafi,Al-Kharafi,3
2011,al-rajhi,Al Rajhi,3
2011,albrecht,Albrecht,3
2011,albukhary,AlBukhary,3
2011,alcocer,Alcocer,3
2011,alekperov,Alekperov,3
2011,alghanim,Alghanim,3
2011,allen,Allen,3
2011,alsaud,Alsaud,3
2011,altushkin,Altushkin,3
2011,alves-de-queiroz-filho,Alves de Queiroz Filho,3
2011,ambani,Ambani,3
2011,amorim,Amorim,3
2011,ananyev,Ananyev,3
2011,anderson,Anderson,3
2011,andic,Andic,3
2011,anisimov,Anisimov,3
2011,anschutz,Anschutz,3
2011,ansin,Ansin,3
2011,arango,Arango,3
2011,argyros,Argyros,3
2011,arison,Arison,3
2011,aristrain,Aristrain,3
2011,armani,Armani,3
2011,arnault,Arnault,3
2011,arnold,Arnold,3
2011,arrillaga,Arrillaga,3
2011,arsel,Arsel,3
2011,asfari,Asfari,3
2011,ashley,Ashley,3
2011,auchi,Auchi,3
2011,avara,Avara,3
2011,aven,Aven,3
2011,azcarraga-jean,Azcarraga Jean,3
2011,azrieli,Azrieli,3
2011,babis,Babis,3
2011,bacon,Bacon,3
2011,bailey,Bailey,3
2011,bailleres-gonzalez,Bailleres Gonzalez,3
2011,bajaj,Bajaj,3
2011,bakala,Bakala,3
2011,bakhmatyuk,Bakhmatyuk,3
2011,balakin,Balakin,3
2011,ballmer,Ballmer,3
2011,balsillie,Balsillie,3
2011,banga,Banga,3
2011,banuelos,Banuelos,3
2011,barclay,Barclay,3
2011,barki,Barki,3
2011,baron,Baron,3
2011,barrack,Barrack,3
2011,basaran,Basaran,3
2011,bass,Bass,3
2011,batista,Batista,3
2011,baturina,Baturina,3
2011,bauer,Bauer,3
2011,beal,Beal,3
2011,bechtel,Bechtel,3
2011,beisheim,Beisheim,3
2011,bellon,Bellon,3
2011,benetton,Benetton,3
2011,benioff,Benioff,3
2011,benson,Benson,3
2011,berg,Berg,3
2011,berggruen,Berggruen,3
2011,berlusconi,Berlusconi,3
2011,bertarelli,Bertarelli,3
2011,bettencourt,Bettencourt,3
2011,bezos,Bezos,3
2011,birla,Birla,3
2011,bisciotti,Bisciotti,3
2011,black,Black,3
2011,blank,Blank,3
2011,blavatnik,Blavatnik,3
2011,bloomberg,Bloomberg,3
2011,bluhm,Bluhm,3
2011,bogdanov,Bogdanov,3
2011,boholyubov,Boholyubov,3
2011,bollore,Bollore,3
2011,bonderman,Bonderman,3
2011,borodin,Borodin,3
2011,bose,Bose,3
2011,botin,Botin,3
2011,bouygues,Bouygues,3
2011,boyko,Boyko,3
2011,bozano,Bozano,3
2011,braman,Braman,3
2011,brandes,Brandes,3
2011,branson,Branson,3
2011,bren,Bren,3
2011,brin,Brin,3
2011,broad,Broad,3
2011,broermann,Broermann,3
2011,bronfman,Bronfman,3
2011,brown,Brown,3
2011,bruch,Bruch,3
2011,buck,Buck,3
2011,buckeridge,Buckeridge,3
2011,bucksbaum,Bucksbaum,3
2011,buffett,Buffett,3
2011,bukhtoyarov,Bukhtoyarov,3
2011,bulgheroni,Bulgheroni,3
2011,burda,Burda,3
2011,burkle,Burkle,3
2011,burrell,Burrell,3
2011,busujima,Busujima,3
2011,butt,Butt,3
2011,cadogan,Cadogan,3
2011,calder,Calder,3
2011,calik,Calik,3
2011,caltagirone,Caltagirone,3
2011,cargill,Cargill,3
2011,casden,Casden,3
2011,case,Case,3
2011,cathy,Cathy,3
2011,catsimatidis,Catsimatidis,3
2011,caudwell,Caudwell,3
2011,chambers,Chambers,3
2011,chan,Chan,3
2011,chandler,Chandler,3
2011,chandra,Chandra,3
2011,chang,Chang,3
2011,chao,Chao,3
2011,charney,Charney,3
2011,chearavanont,Chearavanont,3
2011,chen,Chen,3
2011,cheng,Cheng,3
2011,cheriton,Cheriton,3
2011,cheung,Cheung,3
2011,chey,Chey,3
2011,chiang,Chiang,3
2011,chilton-jr,Chilton Jr,3
2011,cho,Cho,3
2011,chodiev,Chodiev,3
2011,choi,Choi,3
2011,choy,Choy,3
2011,chu,Chu,3
2011,chung,Chung,3
2011,ciner,Ciner,3
2011,cisneros,Cisneros,3
2011,clark,Clark,3
2011,cline,Cline,3
2011,cohen,Cohen,3
2011,connor,Connor,3
2011,conway,Conway,3
2011,cook,Cook,3
2011,cooke,Cooke,3
2011,coombs,Coombs,3
2011,cooperman,Cooperman,3
2011,cortina,Cortina,3
2011,coulter,Coulter,3
2011,coutu,Coutu,3
2011,craft,Craft,3
2011,crown,Crown,3
2011,cuban,Cuban,3
2011,czarnecki,Czarnecki,3
2011,d-aniello,D'Aniello,3
2011,dalio,Dalio,3
2011,dangermond,Dangermond,3
2011,dangote,Dangote,3
2011,dani,Dani,3
2011,dankner,Dankner,3
2011,dassault,Dassault,3
2011,davidovich,Davidovich,3
2011,davis,Davis,3
2011,de-azevedo,de Azevedo,3
2011,de-carvalho-heineken,de Carvalho-Heineken,3
2011,de-godoy-bueno,de Godoy Bueno,3
2011,de-mattos-barretto-villela,de Mattos Barretto Villela,3
2011,de-mol,de Mol,3
2011,deason,Deason,3
2011,debartolo,DeBartolo,3
2011,decaux,Decaux,3
2011,deichmann,Deichmann,3
2011,dejoria,DeJoria,3
2011,del-vecchio,Del Vecchio,3
2011,dell,Dell,3
2011,della-valle,Della Valle,3
2011,deluca,DeLuca,3
2011,deripaska,Deripaska,3
2011,desai,Desai,3
2011,desmarais,Desmarais,3
2011,desmond,Desmond,3
2011,devos,DeVos,3
2011,dhoot,Dhoot,3
2011,diller,Diller,3
2011,dinan,Dinan,3
2011,dinesh,Dinesh,3
2011,ding,Ding,3
2011,diniz,Diniz,3
2011,doerr,Doerr,3
2011,dogan,Dogan,3
2011,dolan,Dolan,3
2011,dolby,Dolby,3
2011,dommermuth,Dommermuth,3
2011,doris,Doris,3
2011,dorrance,Dorrance,3
2011,douglas,Douglas,3
2011,druckenmiller,Druckenmiller,3
2011,du,Du,3
2011,dubin,Dubin,3
2011,duffield,Duffield,3
2011,duncan,Duncan,3
2011,dyson,Dyson,3
2011,dzhaparidze,Dzhaparidze,3
2011,ecclestone,Ecclestone,3
2011,eczacibasi,Eczacibasi,3
2011,edson,Edson,3
2011,edwards,Edwards,3
2011,egydio-arruda-villela-filho,Egydio Arruda Villela Filho,3
2011,egydio-villela,Egydio Villela,3
2011,eliahu,Eliahu,3
2011,ellison,Ellison,3
2011,elman,Elman,3
2011,emmerson,Emmerson,3
2011,engelhardt,Engelhardt,3
2011,engelhorn,Engelhorn,3
2011,englander,Englander,3
2011,ergen,Ergen,3
2011,ermirio-de-moraes,Ermirio de Moraes,3
2011,escarrer,Escarrer,3
2011,esteves,Esteves,3
2011,falcone,Falcone,3
2011,fang,Fang,3
2011,faria,Faria,3
2011,federmann,Federmann,3
2011,fedun,Fedun,3
2011,feng,Feng,3
2011,ferrero,Ferrero,3
2011,fertitta,Fertitta,3
2011,fetisov,Fetisov,3
2011,filatov,Filatov,3
2011,filo,Filo,3
2011,fisher,Fisher,3
2011,fong,Fong,3
2011,fontbona,Fontbona,3
2011,ford,Ford,3
2011,ford-sr,Ford Sr.,3
2011,foriel-destezet,Foriel-Destezet,3
2011,forrest,Forrest,3
2011,forstmann,Forstmann,3
2011,fox,Fox,3
2011,frantz,Frantz,3
2011,fredriksen,Fredriksen,3
2011,frere,Frere,3
2011,fridman,Fridman,3
2011,friedkin,Friedkin,3
2011,friedland,Friedland,3
2011,frist,Frist,3
2011,frolov,Frolov,3
2011,frost,Frost,3
2011,fu,Fu,3
2011,fukutake,Fukutake,3
2011,funai,Funai,3
2011,fung,Fung,3
2011,gage,Gage,3
2011,galchev,Galchev,3
2011,galitsky,Galitsky,3
2011,gandel,Gandel,3
2011,gandur,Gandur,3
2011,gao,Gao,3
2011,garfinkel,Garfinkel,3
2011,gates,Gates,3
2011,geffen,Geffen,3
2011,geiger,Geiger,3
2011,geng,Geng,3
2011,gerling,Gerling,3
2011,gerry,Gerry,3
2011,getty,Getty,3
2011,girda,Girda,3
2011,glazer,Glazer,3
2011,godrej,Godrej,3
2011,goenka,Goenka,3
2011,goldsbury,Goldsbury,3
2011,goldschmeding,Goldschmeding,3
2011,golisano,Golisano,3
2011,gong,Gong,3
2011,gonzalez-barrera,Gonzalez Barrera,3
2011,goodnight,Goodnight,3
2011,gopalakrishnan,Gopalakrishnan,3
2011,gores,Gores,3
2011,gottesman,Gottesman,3
2011,gou,Gou,3
2011,graf,Graf,3
2011,graff,Graff,3
2011,green,Green,3
2011,greene,Greene,3
2011,grether,Grether,3
2011,gridin,Gridin,3
2011,griffin,Griffin,3
2011,gross,Gross,3
2011,grosvenor,Grosvenor,3
2011,gu,Gu,3
2011,gunsel,Gunsel,3
2011,guo,Guo,3
2011,gupta,Gupta,3
2011,gurbanoglu,Gurbanoglu,3
2011,guriev,Guriev,3
2011,gustavson,Gustavson,3
2011,gutseriev,Gutseriev,3
2011,guzman-loera,Guzman Loera,3
2011,haefner,Haefner,3
2011,hagen,Hagen,3
2011,hains,Hains,3
2011,hall,Hall,3
2011,halle,Halle,3
2011,hamied,Hamied,3
2011,hamm,Hamm,3
2011,han,Han,3
2011,happel,Happel,3
2011,harbert,Harbert,3
2011,hariri,Hariri,3
2011,harmsworth,Harmsworth,3
2011,harp-helu,Harp Helu,3
2011,harris,Harris,3
2011,hart,Hart,3
2011,hartono,Hartono,3
2011,harvey,Harvey,3
2011,hattat,Hattat,3
2011,haub,Haub,3
2011,hawken,Hawken,3
2011,hayne,Hayne,3
2011,he,He,3
2011,headington,Headington,3
2011,hearst,Hearst,3
2011,hearst-iii,Hearst III,3
2011,hearst-jr,Hearst Jr,3
2011,hector,Hector,3
2011,heisley,Heisley,3
2011,hendricks,Hendricks,3
2011,henry,Henry,3
2011,herlin,Herlin,3
2011,hernandez-ramirez,Hernandez Ramirez,3
2011,herz,Herz,3
2011,hildebrand,Hildebrand,3
2011,hillman,Hillman,3
2011,hilton,Hilton,3
2011,hintze,Hintze,3
2011,holding,Holding,3
2011,horn,Horn,3
2011,horten,Horten,3
2011,hostetter,Hostetter,3
2011,howard,Howard,3
2011,hsu,Hsu,3
2011,huang,Huang,3
2011,hubbard,Hubbard,3
2011,hughes,Hughes,3
2011,hui,Hui,3
2011,huizenga,Huizenga,3
2011,hunt,Hunt,3
2011,ibragimov,Ibragimov,3
2011,ibrahim,Ibrahim,3
2011,icahn,Icahn,3
2011,ilicak,Ilicak,3
2011,iliev,Iliev,3
2011,ilitch,Ilitch,3
2011,inamori,Inamori,3
2011,ingram,Ingram,3
2011,iorich,Iorich,3
2011,irsay,Irsay,3
2011,irving,Irving,3
2011,ito,Ito,3
2011,itoyama,Itoyama,3
2011,ivanishvili,Ivanishvili,3
2011,jacobs,Jacobs,3
2011,jagtiani,Jagtiani,3
2011,jaharis,Jaharis,3
2011,jain,Jain,3
2011,jamail,Jamail,3
2011,jannard,Jannard,3
2011,jarislowsky,Jarislowsky,3
2011,jhunjhunwala,Jhunjhunwala,3
2011,jiang,Jiang,3
2011,jindal,Jindal,3
2011,jinnai,Jinnai,3
2011,jobs,Jobs,3
2011,johnson,Johnson,3
2011,johnson-leipold,Johnson-Leipold,3
2011,johnson-marquart,Johnson-Marquart,3
2011,jones,Jones,3
2011,joseph,Joseph,3
2011,jove,Jove,3
2011,kadoorie,Kadoorie,3
2011,kahn,Kahn,3
2011,kaiser,Kaiser,3
2011,kalsi,Kalsi,3
2011,kalyani,Kalyani,3
2011,kamel,Kamel,3
2011,kamenshchik,Kamenshchik,3
2011,kamprad,Kamprad,3
2011,kantor,Kantor,3
2011,kao,Kao,3
2011,kaplan,Kaplan,3
2011,karamehmet,Karamehmet,3
2011,karapetyan,Karapetyan,3
2011,karsh,Karsh,3
2011,katz,Katz,3
2011,kazanci,Kazanci,3
2011,keinath,Keinath,3
2011,kelley,Kelley,3
2011,kellner,Kellner,3
2011,kellogg,Kellogg,3
2011,kennedy,Kennedy,3
2011,kerimov,Kerimov,3
2011,kerkorian,Kerkorian,3
2011,kesaev,Kesaev,3
2011,khachaturov,Khachaturov,3
2011,khalili,Khalili,3
2011,khan,Khan,3
2011,kharitonin,Kharitonin,3
2011,khosla,Khosla,3
2011,kim,Kim,3
2011,kimmel,Kimmel,3
2011,kinder,Kinder,3
2011,kipp,Kipp,3
2011,kirac,Kirac,3
2011,kirk,Kirk,3
2011,klatten,Klatten,3
2011,klyamko,Klyamko,3
2011,knaster,Knaster,3
2011,knight,Knight,3
2011,koc,Koc,3
2011,koch,Koch,3
2011,kogan,Kogan,3
2011,kohler,Kohler,3
2011,kolomoyskyy,Kolomoyskyy,3
2011,komarov,Komarov,3
2011,kondrashev,Kondrashev,3
2011,koo,Koo,3
2011,koplowitz,Koplowitz,3
2011,korzhev,Korzhev,3
2011,kosiuk,Kosiuk,3
2011,kosogov,Kosogov,3
2011,kotak,Kotak,3
2011,kovalchuk,Kovalchuk,3
2011,kovner,Kovner,3
2011,kozitsyn,Kozitsyn,3
2011,kozovoy,Kozovoy,3
2011,kraft,Kraft,3
2011,krasny,Krasny,3
2011,kravis,Kravis,3
2011,krishnan,Krishnan,3
2011,kristiansen,Kristiansen,3
2011,kroenke,Kroenke,3
2011,kuhne,Kuhne,3
2011,kulczyk,Kulczyk,3
2011,kulibaev,Kulibaev,3
2011,kulibaeva,Kulibaeva,3
2011,kuok,Kuok,3
2011,kuzmichev,Kuzmichev,3
2011,kuzyaev,Kuzyaev,3
2011,kvetnoi,Kvetnoi,3
2011,kwok,Kwok,3
2011,ladreit-de-lacharriere,Ladreit de Lacharriere,3
2011,laliberte,Laliberte,3
2011,lam,Lam,3
2011,lampert,Lampert,3
2011,langone,Langone,3
2011,larrea-mota-velasco,Larrea Mota Velasco,3
2011,larsen,Larsen,3
2011,lasry,Lasry,3
2011,latsis,Latsis,3
2011,lau,Lau,3
2011,lauder,Lauder,3
2011,lauren,Lauren,3
2011,laurie,Laurie,3
2011,law,Law,3
2011,lazaridis,Lazaridis,3
2011,leal,Leal,3
2011,lebedev,Lebedev,3
2011,lee,Lee,3
2011,lefkofsky,Lefkofsky,3
2011,lefrak,LeFrak,3
2011,lei,Lei,3
2011,lemann,Lemann,3
2011,leong,Leong,3
2011,leprino,Leprino,3
2011,lerner,Lerner,3
2011,leviev,Leviev,3
2011,lew,Lew,3
2011,lewis,Lewis,3
2011,li,Li,3
2011,liang,Liang,3
2011,liao,Liao,3
2011,liebmann,Liebmann,3
2011,lim,Lim,3
2011,lin,Lin,3
2011,lindemann,Lindemann,3
2011,lisin,Lisin,3
2011,liu,Liu,3
2011,livingstone,Livingstone,3
2011,lo,Lo,3
2011,lodha,Lodha,3
2011,loh,Loh,3
2011,lohia,Lohia,3
2011,lomakin,Lomakin,3
2011,louis-hansen,Louis-Hansen,3
2011,low-tuck,Low Tuck,3
2011,lowy,Lowy,3
2011,lucas,Lucas,3
2011,lui,Lui,3
2011,lundberg,Lundberg,3
2011,luo,Luo,3
2011,lurie,Lurie,3
2011,luxembourg,Luxembourg,3
2011,macaulay,Macaulay,3
2011,machkevich,Machkevich,3
2011,macmillan,MacMillan,3
2011,maezawa,Maezawa,3
2011,magness,Magness,3
2011,mahindra,Mahindra,3
2011,makhmudov,Makhmudov,3
2011,mallya,Mallya,3
2011,malone,Malone,3
2011,mamut,Mamut,3
2011,manasir,Manasir,3
2011,mandel,Mandel,3
2011,mann,Mann,3
2011,mansour,Mansour,3
2011,mansueto,Mansueto,3
2011,mantegazza,Mantegazza,3
2011,mao,Mao,3
2011,maran,Maran,3
2011,marcus,Marcus,3
2011,marks,Marks,3
2011,marriott,Marriott,3
2011,mars,Mars,3
2011,masuda,Masuda,3
2011,mateschitz,Mateschitz,3
2011,mathile,Mathile,3
2011,matte,Matte,3
2011,maximov,Maximov,3
2011,mazepin,Mazepin,3
2011,mccain,McCain,3
2011,mccaw,McCaw,3
2011,mcclendon,McClendon,3
2011,mccombs,McCombs,3
2011,mcgovern,McGovern,3
2011,mclane,McLane,3
2011,mcnair,McNair,3
2011,mehta,Mehta,3
2011,meijer,Meijer,3
2011,melchers,Melchers,3
2011,melnichenko,Melnichenko,3
2011,menard,Menard,3
2011,mendoza,Mendoza,3
2011,meng,Meng,3
2011,mera,Mera,3
2011,merieux,Merieux,3
2011,metropoulos,Metropoulos,3
2011,michelson,Michelson,3
2011,mikati,Mikati,3
2011,mikhelson,Mikhelson,3
2011,miki,Miki,3
2011,mikitani,Mikitani,3
2011,milchan,Milchan,3
2011,milken,Milken,3
2011,miller,Miller,3
2011,milner,Milner,3
2011,mishin,Mishin,3
2011,mistry,Mistry,3
2011,mitchell,Mitchell,3
2011,mittal,Mittal,3
2011,modi,Modi,3
2011,mohn,Mohn,3
2011,molchanov,Molchanov,3
2011,moncrief,Moncrief,3
2011,moore,Moore,3
2011,mordashov,Mordashov,3
2011,moreira-salles,Moreira Salles,3
2011,moreno,Moreno,3
2011,moretti-polegato,Moretti Polegato,3
2011,morgridge,Morgridge,3
2011,mori,Mori,3
2011,moritz,Moritz,3
2011,morocco,Morocco,3
2011,moroun,Moroun,3
2011,morrison,Morrison,3
2011,moshkovich,Moshkovich,3
2011,moskovitz,Moskovitz,3
2011,motsepe,Motsepe,3
2011,munger,Munger,3
2011,munjal,Munjal,3
2011,munot,Munot,3
2011,murdoch,Murdoch,3
2011,murdock,Murdock,3
2011,murthy,Murthy,3
2011,nacht,Nacht,3
2011,nadar,Nadar,3
2011,nagamori,Nagamori,3
2011,nahmad,Nahmad,3
2011,naughton,Naughton,3
2011,neilson,Neilson,3
2011,nelson,Nelson,3
2011,nesis,Nesis,3
2011,newhouse,Newhouse,3
2011,niarchos,Niarchos,3
2011,nicholas,Nicholas,3
2011,niel,Niel,3
2011,nikolaev,Nikolaev,3
2011,nilekani,Nilekani,3
2011,nisanov,Nisanov,3
2011,nitori,Nitori,3
2011,north-america,North America,3
2011,novinsky,Novinsky,3
2011,o-brien,O'Brien,3
2011,oberoi,Oberoi,3
2011,oberwelland,Oberwelland,3
2011,och,Och,3
2011,ofer,Ofer,3
2011,okada,Okada,3
2011,olenicoff,Olenicoff,3
2011,ometto-silveira-mello,Ometto Silveira Mello,3
2011,omidyar,Omidyar,3
2011,oppenheimer,Oppenheimer,3
2011,or,Or,3
2011,ortega,Ortega,3
2011,otto,Otto,3
2011,ozdemir,Ozdemir,3
2011,ozilhan,Ozilhan,3
2011,ozokur,Ozokur,3
2011,ozyegin,Ozyegin,3
2011,packer,Packer,3
2011,page,Page,3
2011,pang,Pang,3
2011,parker,Parker,3
2011,parry-okeden,Parry-Okeden,3
2011,patel,Patel,3
2011,patriciu,Patriciu,3
2011,pattison,Pattison,3
2011,paulmann,Paulmann,3
2011,paulson,Paulson,3
2011,peery,Peery,3
2011,pegula,Pegula,3
2011,peltz,Peltz,3
2011,penske,Penske,3
2011,perelman,Perelman,3
2011,perenchio,Perenchio,3
2011,perez,Perez,3
2011,perez-companc,Perez Companc,3
2011,perlmutter,Perlmutter,3
2011,perot-jr,Perot Jr,3
2011,perot-sr,Perot Sr,3
2011,perron,Perron,3
2011,persson,Persson,3
2011,pessina,Pessina,3
2011,peterffy,Peterffy,3
2011,peterson,Peterson,3
2011,pickens,Pickens,3
2011,pictet,Pictet,3
2011,pinault,Pinault,3
2011,pinchuk,Pinchuk,3
2011,pincus,Pincus,3
2011,pinera,Pinera,3
2011,piramal,Piramal,3
2011,plattner,Plattner,3
2011,ponomarenko,Ponomarenko,3
2011,poo,Poo,3
2011,poonawalla,Poonawalla,3
2011,popov,Popov,3
2011,potanin,Potanin,3
2011,premji,Premji,3
2011,price,Price,3
2011,pritzker,Pritzker,3
2011,prokhorov,Prokhorov,3
2011,pumpyansky,Pumpyansky,3
2011,putilov,Putilov,3
2011,qi,Qi,3
2011,qiu,Qiu,3
2011,quandt,Quandt,3
2011,quek,Quek,3
2011,rachmat,Rachmat,3
2011,raheja,Raheja,3
2011,rahimkulov,Rahimkulov,3
2011,rahr,Rahr,3
2011,rainwater,Rainwater,3
2011,rales,Rales,3
2011,ramsay,Ramsay,3
2011,rao,Rao,3
2011,rashnikov,Rashnikov,3
2011,ratcliffe,Ratcliffe,3
2011,rausing,Rausing,3
2011,razon,Razon,3
2011,reddy,Reddy,3
2011,redstone,Redstone,3
2011,rees-jones,Rees-Jones,3
2011,ren,Ren,3
2011,rennert,Rennert,3
2011,reuben,Reuben,3
2011,reyes,Reyes,3
2011,rich,Rich,3
2011,riddell,Riddell,3
2011,riegel,Riegel,3
2011,rinehart,Rinehart,3
2011,rizzuto,Rizzuto,3
2011,roberts,Roberts,3
2011,robertson,Robertson,3
2011,rockefeller,Rockefeller,3
2011,rogachev,Rogachev,3
2011,roig,Roig,3
2011,rokke,Rokke,3
2011,roski,Roski,3
2011,ross,Ross,3
2011,rotenberg,Rotenberg,3
2011,roth,Roth,3
2011,rovt,Rovt,3
2011,rowan,Rowan,3
2011,rowling,Rowling,3
2011,rubenstein,Rubenstein,3
2011,ruffin,Ruffin,3
2011,ruia,Ruia,3
2011,rupert,Rupert,3
2011,ryan,Ryan,3
2011,rybolovlev,Rybolovlev,3
2011,saban,Saban,3
2011,sabanci,Sabanci,3
2011,sabanci-bilen,Sabanci Bilen,3
2011,sabanci-dincer,Sabanci Dincer,3
2011,safra,Safra,3
2011,sagi,Sagi,3
2011,sahenk,Sahenk,3
2011,sainsbury,Sainsbury,3
2011,salinas-pliego,Salinas Pliego,3
2011,sall,Sall,3
2011,samueli,Samueli,3
2011,sandell,Sandell,3
2011,santo-domingo,Santo Domingo,3
2011,saputo,Saputo,3
2011,sarkisov,Sarkisov,3
2011,sarmiento,Sarmiento,3
2011,satomi,Satomi,3
2011,saul,Saul,3
2011,saverin,Saverin,3
2011,sawiris,Sawiris,3
2011,scaife,Scaife,3
2011,schaeffler,Schaeffler,3
2011,schlecker,Schlecker,3
2011,schmidheiny,Schmidheiny,3
2011,schmidt,Schmidt,3
2011,schmidt-ruthenbeck,Schmidt-Ruthenbeck,3
2011,schnabel,Schnabel,3
2011,schneider,Schneider,3
2011,schoeller,Schoeller,3
2011,schorghuber,Schorghuber,3
2011,schorling,Schorling,3
2011,schroder,Schroder,3
2011,schulze,Schulze,3
2011,schusterman,Schusterman,3
2011,schwab,Schwab,3
2011,schwartz,Schwartz,3
2011,schwarzman,Schwarzman,3
2011,scott,Scott,3
2011,seabra,Seabra,3
2011,secunda,Secunda,3
2011,sedykh,Sedykh,3
2011,sepil,Sepil,3
2011,servitje-montull,Servitje Montull,3
2011,sezai,Sezai,3
2011,shanghvi,Shanghvi,3
2011,shao,Shao,3
2011,shaw,Shaw,3
2011,shchukin,Shchukin,3
2011,shen,Shen,3
2011,sherman,Sherman,3
2011,shi,Shi,3
2011,shibulal,Shibulal,3
2011,shimamura,Shimamura,3
2011,shin,Shin,3
2011,shriram,Shriram,3
2011,shvidler,Shvidler,3
2011,shwed,Shwed,3
2011,sicupira,Sicupira,3
2011,siebel,Siebel,3
2011,simmons,Simmons,3
2011,simon,Simon,3
2011,simons,Simons,3
2011,singal,Singal,3
2011,singh,Singh,3
2011,sirivadhanabhakdi,Sirivadhanabhakdi,3
2011,sit,Sit,3
2011,sitorus,Sitorus,3
2011,skoch,Skoch,3
2011,skoll,Skoll,3
2011,skorobogatko,Skorobogatko,3
2011,skurov,Skurov,3
2011,slim-helu,Slim Helu,3
2011,smith,Smith,3
2011,snyder,Snyder,3
2011,soares-dos-santos,Soares dos Santos,3
2011,sobrato,Sobrato,3
2011,soeryadjaya,Soeryadjaya,3
2011,sohmen,Sohmen,3
2011,solorz-zak,Solorz-Zak,3
2011,solow,Solow,3
2011,solowow,Solowow,3
2011,son,Son,3
2011,sondakh,Sondakh,3
2011,song,Song,3
2011,sonnenberg,Sonnenberg,3
2011,soon-shiong,Soon-Shiong,3
2011,soros,Soros,3
2011,south-america,South America,3
2011,spangler,Spangler,3
2011,spanos,Spanos,3
2011,sperling,Sperling,3
2011,speyer,Speyer,3
2011,spielberg,Spielberg,3
2011,springer,Springer,3
2011,steinbruch,Steinbruch,3
2011,steinmetz,Steinmetz,3
2011,stephens,Stephens,3
2011,stern,Stern,3
2011,stokes,Stokes,3
2011,straumann,Straumann,3
2011,strauss,Strauss,3
2011,stroher,Stroher,3
2011,stronach,Stronach,3
2011,strungmann,Strungmann,3
2011,stryker,Stryker,3
2011,subianto,Subianto,3
2011,subkhanberdin,Subkhanberdin,3
2011,suh,Suh,3
2011,sun,Sun,3
2011,swieca,Swieca,3
2011,switzerland,Switzerland,3
2011,syrian-arab-republic,Syria,3
2011,sze,Sze,3
2011,tada,Tada,3
2011,takizaki,Takizaki,3
2011,tan,Tan,3
2011,tanaka,Tanaka,3
2011,tang,Tang,3
2011,tanjung,Tanjung,3
2011,tanoto,Tanoto,3
2011,tara,Tara,3
2011,tariko,Tariko,3
2011,taubman,Taubman,3
2011,taylor,Taylor,3
2011,teh,Teh,3
2011,telles,Telles,3
2011,tepper,Tepper,3
2011,thapar,Thapar,3
2011,thiel,Thiel,3
2011,thiele,Thiele,3
2011,thohir,Thohir,3
2011,thomson,Thomson,3
2011,thon,Thon,3
2011,timchenko,Timchenko,3
2011,timis,Timis,3
2011,tiong,Tiong,3
2011,tisch,Tisch,3
2011,tong,Tong,3
2011,topbas,Topbas,3
2011,triguboff,Triguboff,3
2011,troitsky,Troitsky,3
2011,troutt,Troutt,3
2011,trump,Trump,3
2011,tsai,Tsai,3
2011,tschira,Tschira,3
2011,tseng,Tseng,3
2011,tshuva,Tshuva,3
2011,tsvetkov,Tsvetkov,3
2011,tu,Tu,3
2011,tung,Tung,3
2011,turner,Turner,3
2011,udvar-hazy,Udvar-Hazy,3
2011,ueltschi,Ueltschi,3
2011,ulker,Ulker,3
2011,unger,Unger,3
2011,usmanov,Usmanov,3
2011,vagin,Vagin,3
2011,van-beuren,van Beuren,3
2011,van-den-ende,van den Ende,3
2011,vargi,Vargi,3
2011,vekselberg,Vekselberg,3
2011,verevskiy,Verevskiy,3
2011,viessmann,Viessmann,3
2011,von-bechtolsheim,von Bechtolsheim,3
2011,von-finck,von Finck,3
2011,von-holtzbrinck,von Holtzbrinck,3
2011,von-opel,von Opel,3
2011,von-thurn-und-taxis,von Thurn und Taxis,3
2011,wadhwani,Wadhwani,3
2011,wagner,Wagner,3
2011,wallin,Wallin,3
2011,walton,Walton,3
2011,wang,Wang,3
2011,warner,Warner,3
2011,warren,Warren,3
2011,washington,Washington,3
2011,weber,Weber,3
2011,wee,Wee,3
2011,wei,Wei,3
2011,wen,Wen,3
2011,wenchi-chen,Wenchi Chen,3
2011,wertheimer,Wertheimer,3
2011,weston,Weston,3
2011,wexner,Wexner,3
2011,white,White,3
2011,whitman,Whitman,3
2011,whittaker,Whittaker,3
2011,wiese,Wiese,3
2011,wilhelmsen,Wilhelmsen,3
2011,williams,Williams,3
2011,wilson,Wilson,3
2011,winfrey,Winfrey,3
2011,wlaschek,Wlaschek,3
2011,wobben,Wobben,3
2011,wong,Wong,3
2011,woo,Woo,3
2011,wrigley,Wrigley,3
2011,wu,Wu,3
2011,wurth,Wurth,3
2011,wynn,Wynn,3
2011,wyss,Wyss,3
2011,xian,Xian,3
2011,xiang,Xiang,3
2011,xiu,Xiu,3
2011,yakunin,Yakunin,3
2011,yamauchi,Yamauchi,3
2011,yanai,Yanai,3
2011,yang,Yang,3
2011,yasuda,Yasuda,3
2011,yazici,Yazici,3
2011,yemen-rep,Yemen,3
2011,yeoh,Yeoh,3
2011,yeung,Yeung,3
2011,yevtushenkov,Yevtushenkov,3
2011,ying,Ying,3
2011,yoovidhya,Yoovidhya,3
2011,yu,Yu,3
2011,yung,Yung,3
2011,yushvaev,Yushvaev,3
2011,zakay,Zakay,3
2011,zan,Zan,3
2011,zell,Zell,3
2011,zhang,Zhang,3
2011,zhevago,Zhevago,3
2011,zhong,Zhong,3
2011,zhou,Zhou,3
2011,zhu,Zhu,3
2011,ziff,Ziff,3
2011,zong,Zong,3
2011,zorlu,Zorlu,3
2011,zucker,Zucker,3
2011,zuckerberg,Zuckerberg,3
2011,zuckerman,Zuckerman,3
2011,zyuzin,Zyuzin,3
2012,abello,Abello,3
2012,abraham,Abraham,3
2012,abramov,Abramov,3
2012,abramovich,Abramovich,3
2012,abyzov,Abyzov,3
2012,adams,Adams,3
2012,adani,Adani,3
2012,adelson,Adelson,3
2012,adenuga,Adenuga,3
2012,agalarov,Agalarov,3
2012,agaoglu,Agaoglu,3
2012,agarwal,Agarwal,3
2012,agostinelli,Agostinelli,3
2012,aguiar,Aguiar,3
2012,akhmetov,Akhmetov,3
2012,al-amoudi,Al Amoudi,3
2012,al-fayed,Al Fayed,3
2012,al-futtaim,Al Futtaim,3
2012,al-ghurair,Al Ghurair,3
2012,al-issa,Al Issa,3
2012,al-jaber,Al Jaber,3
2012,al-kharafi,Al-Kharafi,3
2012,al-rajhi,Al Rajhi,3
2012,albrecht,Albrecht,3
2012,albukhary,AlBukhary,3
2012,alcocer,Alcocer,3
2012,alekperov,Alekperov,3
2012,alghanim,Alghanim,3
2012,allen,Allen,3
2012,alsaud,Alsaud,3
2012,altushkin,Altushkin,3
2012,alves-de-queiroz-filho,Alves de Queiroz Filho,3
2012,ambani,Ambani,3
2012,amorim,Amorim,3
2012,ananyev,Ananyev,3
2012,andic,Andic,3
2012,angelini-rossi,Angelini Rossi,3
2012,anisimov,Anisimov,3
2012,anschutz,Anschutz,3
2012,ansin,Ansin,3
2012,arango,Arango,3
2012,argyros,Argyros,3
2012,arison,Arison,3
2012,aristrain,Aristrain,3
2012,armani,Armani,3
2012,arnault,Arnault,3
2012,arnold,Arnold,3
2012,arrillaga,Arrillaga,3
2012,arsel,Arsel,3
2012,asfari,Asfari,3
2012,ashcroft,Ashcroft,3
2012,ashley,Ashley,3
2012,auchi,Auchi,3
2012,avara,Avara,3
2012,avdeev,Avdeev,3
2012,aven,Aven,3
2012,azcarraga-jean,Azcarraga Jean,3
2012,azrieli,Azrieli,3
2012,babis,Babis,3
2012,bacon,Bacon,3
2012,badinter,Badinter,3
2012,bailey,Bailey,3
2012,bailleres-gonzalez,Bailleres Gonzalez,3
2012,bajaj,Bajaj,3
2012,bakala,Bakala,3
2012,balakin,Balakin,3
2012,ballmer,Ballmer,3
2012,bamford,Bamford,3
2012,bangur,Bangur,3
2012,banuelos,Banuelos,3
2012,barclay,Barclay,3
2012,barki,Barki,3
2012,baron,Baron,3
2012,barrack,Barrack,3
2012,basaran,Basaran,3
2012,bass,Bass,3
2012,batista,Batista,3
2012,baturina,Baturina,3
2012,bauer,Bauer,3
2012,beal,Beal,3
2012,beard,Beard,3
2012,bechtel,Bechtel,3
2012,beisheim,Beisheim,3
2012,bellon,Bellon,3
2012,benetton,Benetton,3
2012,benioff,Benioff,3
2012,benjelloun,Benjelloun,3
2012,bennett-michael-wright,Bennett & Michael Wright,3
2012,benson,Benson,3
2012,berg,Berg,3
2012,berggruen,Berggruen,3
2012,berlusconi,Berlusconi,3
2012,bertarelli,Bertarelli,3
2012,bertelli,Bertelli,3
2012,bettencourt,Bettencourt,3
2012,bezos,Bezos,3
2012,bhargava,Bhargava,3
2012,birla,Birla,3
2012,bisciotti,Bisciotti,3
2012,black,Black,3
2012,blakely,Blakely,3
2012,blank,Blank,3
2012,blavatnik,Blavatnik,3
2012,bloomberg,Bloomberg,3
2012,bluhm,Bluhm,3
2012,bogdanov,Bogdanov,3
2012,boholyubov,Boholyubov,3
2012,bollore,Bollore,3
2012,bonderman,Bonderman,3
2012,botin,Botin,3
2012,bouygues,Bouygues,3
2012,boyko,Boyko,3
2012,bozano,Bozano,3
2012,braman,Braman,3
2012,brandes,Brandes,3
2012,branson,Branson,3
2012,bren,Bren,3
2012,breyer,Breyer,3
2012,brin,Brin,3
2012,broad,Broad,3
2012,broermann,Broermann,3
2012,bronfman,Bronfman,3
2012,brown,Brown,3
2012,bruch,Bruch,3
2012,buck,Buck,3
2012,buckeridge,Buckeridge,3
2012,buffett,Buffett,3
2012,bulgheroni,Bulgheroni,3
2012,burda,Burda,3
2012,burkle,Burkle,3
2012,burrell,Burrell,3
2012,busujima,Busujima,3
2012,butt,Butt,3
2012,cadogan,Cadogan,3
2012,calder,Calder,3
2012,calik,Calik,3
2012,cargill,Cargill,3
2012,carneiro,Carneiro,3
2012,casden,Casden,3
2012,case,Case,3
2012,cathy,Cathy,3
2012,catsimatidis,Catsimatidis,3
2012,caudwell,Caudwell,3
2012,chaabi,Chaabi,3
2012,chambers,Chambers,3
2012,chan,Chan,3
2012,chandler,Chandler,3
2012,chandra,Chandra,3
2012,chang,Chang,3
2012,chao,Chao,3
2012,charney,Charney,3
2012,chearavanont,Chearavanont,3
2012,chen,Chen,3
2012,cheng,Cheng,3
2012,cheriton,Cheriton,3
2012,cheung,Cheung,3
2012,chey,Chey,3
2012,chiang,Chiang,3
2012,chilton-jr,Chilton Jr,3
2012,cho,Cho,3
2012,chodiev,Chodiev,3
2012,choi,Choi,3
2012,chou,Chou,3
2012,chu,Chu,3
2012,chung,Chung,3
2012,ciner,Ciner,3
2012,cisneros,Cisneros,3
2012,clark,Clark,3
2012,cline,Cline,3
2012,cohen,Cohen,3
2012,cojuangco,Cojuangco,3
2012,coleman,Coleman,3
2012,connor,Connor,3
2012,conway,Conway,3
2012,cook,Cook,3
2012,cooke,Cooke,3
2012,coombs,Coombs,3
2012,cooperman,Cooperman,3
2012,cortina,Cortina,3
2012,coulter,Coulter,3
2012,coutu,Coutu,3
2012,craft,Craft,3
2012,cruddas,Cruddas,3
2012,cuban,Cuban,3
2012,czarnecki,Czarnecki,3
2012,d-aniello,D'Aniello,3
2012,dalio,Dalio,3
2012,dangermond,Dangermond,3
2012,dangote,Dangote,3
2012,dani,Dani,3
2012,dassault,Dassault,3
2012,davis,Davis,3
2012,de-azevedo,de Azevedo,3
2012,de-carvalho-heineken,de Carvalho-Heineken,3
2012,de-godoy-bueno,de Godoy Bueno,3
2012,de-lafuente-lacroze,de Lafuente Lacroze,3
2012,de-mattos-barretto-villela,de Mattos Barretto Villela,3
2012,de-mol,de Mol,3
2012,deason,Deason,3
2012,debartolo,DeBartolo,3
2012,decaux,Decaux,3
2012,deichmann,Deichmann,3
2012,dejoria,DeJoria,3
2012,del-vecchio,Del Vecchio,3
2012,dell,Dell,3
2012,della-valle,Della Valle,3
2012,deluca,DeLuca,3
2012,deripaska,Deripaska,3
2012,desai,Desai,3
2012,desmarais,Desmarais,3
2012,desmond,Desmond,3
2012,devos,DeVos,3
2012,dhoot,Dhoot,3
2012,dias-branco,Dias Branco,3
2012,diller,Diller,3
2012,dinan,Dinan,3
2012,dinesh,Dinesh,3
2012,ding,Ding,3
2012,diniz,Diniz,3
2012,doerr,Doerr,3
2012,dogan,Dogan,3
2012,dolan,Dolan,3
2012,dolby,Dolby,3
2012,dommermuth,Dommermuth,3
2012,doris,Doris,3
2012,dorrance,Dorrance,3
2012,douglas,Douglas,3
2012,druckenmiller,Druckenmiller,3
2012,dubin,Dubin,3
2012,duffield,Duffield,3
2012,duncan,Duncan,3
2012,dunstone,Dunstone,3
2012,dyson,Dyson,3
2012,dzhaparidze,Dzhaparidze,3
2012,ecclestone,Ecclestone,3
2012,eczacibasi,Eczacibasi,3
2012,edson,Edson,3
2012,edwards,Edwards,3
2012,egydio-arruda-villela-filho,Egydio Arruda Villela Filho,3
2012,egydio-villela,Egydio Villela,3
2012,einhorn,Einhorn,3
2012,ellison,Ellison,3
2012,elman,Elman,3
2012,emmerson,Emmerson,3
2012,engelhorn,Engelhorn,3
2012,englander,Englander,3
2012,ergen,Ergen,3
2012,ermirio-de-moraes,Ermirio de Moraes,3
2012,escarrer,Escarrer,3
2012,esteves,Esteves,3
2012,eurnekian,Eurnekian,3
2012,falcone,Falcone,3
2012,fan,Fan,3
2012,fang,Fang,3
2012,faria,Faria,3
2012,faulkner,Faulkner,3
2012,fedun,Fedun,3
2012,fedyaev,Fedyaev,3
2012,feng,Feng,3
2012,ferrero,Ferrero,3
2012,fertitta,Fertitta,3
2012,fetisov,Fetisov,3
2012,fidani,Fidani,3
2012,fielmann,Fielmann,3
2012,filatov,Filatov,3
2012,filo,Filo,3
2012,fisher,Fisher,3
2012,fong-yun-wah,Fong Yun Wah,3
2012,fontbona,Fontbona,3
2012,ford,Ford,3
2012,foriel-destezet,Foriel-Destezet,3
2012,forrest,Forrest,3
2012,fox,Fox,3
2012,frantz,Frantz,3
2012,fredriksen,Fredriksen,3
2012,frere,Frere,3
2012,fridman,Fridman,3
2012,friedkin,Friedkin,3
2012,friedland,Friedland,3
2012,frist,Frist,3
2012,frolov,Frolov,3
2012,frost,Frost,3
2012,fu,Fu,3
2012,fukutake,Fukutake,3
2012,funai,Funai,3
2012,fung,Fung,3
2012,gage,Gage,3
2012,galchev,Galchev,3
2012,galitsky,Galitsky,3
2012,gandel,Gandel,3
2012,gandur,Gandur,3
2012,gao,Gao,3
2012,gapontsev,Gapontsev,3
2012,garfinkel,Garfinkel,3
2012,gates,Gates,3
2012,geffen,Geffen,3
2012,geiger,Geiger,3
2012,geng,Geng,3
2012,gerling,Gerling,3
2012,gerry,Gerry,3
2012,getty,Getty,3
2012,gilbert,Gilbert,3
2012,glasenberg,Glasenberg,3
2012,glazer,Glazer,3
2012,godrej,Godrej,3
2012,goi,Goi,3
2012,goldhar,Goldhar,3
2012,goldsbury,Goldsbury,3
2012,goldschmeding,Goldschmeding,3
2012,golisano,Golisano,3
2012,gong,Gong,3
2012,gonzalez-barrera,Gonzalez Barrera,3
2012,goodnight,Goodnight,3
2012,gopalakrishnan,Gopalakrishnan,3
2012,gores,Gores,3
2012,gottesman,Gottesman,3
2012,gou,Gou,3
2012,graf,Graf,3
2012,graff,Graff,3
2012,green,Green,3
2012,greene,Greene,3
2012,grether,Grether,3
2012,gridin,Gridin,3
2012,griffin,Griffin,3
2012,grigorishin,Grigorishin,3
2012,gross,Gross,3
2012,grosvenor,Grosvenor,3
2012,gruzdev,Gruzdev,3
2012,gunal,Gunal,3
2012,gunsel,Gunsel,3
2012,guo,Guo,3
2012,gupta,Gupta,3
2012,gurbanoglu,Gurbanoglu,3
2012,guriev,Guriev,3
2012,gustavson,Gustavson,3
2012,gutseriev,Gutseriev,3
2012,guzman-loera,Guzman Loera,3
2012,haefner,Haefner,3
2012,hagen,Hagen,3
2012,hains,Hains,3
2012,halle,Halle,3
2012,hamami,Hamami,3
2012,hamied,Hamied,3
2012,hamm,Hamm,3
2012,han,Han,3
2012,hank-rhon,Hank Rhon,3
2012,happel,Happel,3
2012,harding,Harding,3
2012,hargreaves,Hargreaves,3
2012,hariri,Hariri,3
2012,harp-helu,Harp Helu,3
2012,harris,Harris,3
2012,hart,Hart,3
2012,hartono,Hartono,3
2012,hattat,Hattat,3
2012,haub,Haub,3
2012,hawken,Hawken,3
2012,hayne,Hayne,3
2012,he,He,3
2012,headington,Headington,3
2012,hearst,Hearst,3
2012,hector,Hector,3
2012,heisley,Heisley,3
2012,hendricks,Hendricks,3
2012,henry,Henry,3
2012,herlin,Herlin,3
2012,hernandez-ramirez,Hernandez Ramirez,3
2012,herz,Herz,3
2012,hildebrand,Hildebrand,3
2012,hillman,Hillman,3
2012,hintze,Hintze,3
2012,ho,Ho,3
2012,hochschild,Hochschild,3
2012,hoffman,Hoffman,3
2012,holding,Holding,3
2012,hong-lee,Hong Lee,3
2012,hopp,Hopp,3
2012,horn,Horn,3
2012,horten,Horten,3
2012,hostetter,Hostetter,3
2012,howard,Howard,3
2012,hsu,Hsu,3
2012,huang,Huang,3
2012,hubbard,Hubbard,3
2012,hughes,Hughes,3
2012,hui,Hui,3
2012,huizenga,Huizenga,3
2012,hult,Hult,3
2012,hunt,Hunt,3
2012,ibragimov,Ibragimov,3
2012,ibrahim,Ibrahim,3
2012,icahn,Icahn,3
2012,ilicak,Ilicak,3
2012,iliev,Iliev,3
2012,ilitch,Ilitch,3
2012,ingram,Ingram,3
2012,iorich,Iorich,3
2012,irsay,Irsay,3
2012,irving,Irving,3
2012,ito,Ito,3
2012,itoyama,Itoyama,3
2012,ivanishvili,Ivanishvili,3
2012,jacobs,Jacobs,3
2012,jagtiani,Jagtiani,3
2012,jaharis,Jaharis,3
2012,jain,Jain,3
2012,jamail,Jamail,3
2012,jannard,Jannard,3
2012,jarislowsky,Jarislowsky,3
2012,jhunjhunwala,Jhunjhunwala,3
2012,jiang,Jiang,3
2012,jindal,Jindal,3
2012,jinnai,Jinnai,3
2012,johnson,Johnson,3
2012,johnson-leipold,Johnson-Leipold,3
2012,johnson-marquart,Johnson-Marquart,3
2012,jones,Jones,3
2012,joseph,Joseph,3
2012,jove,Jove,3
2012,justice,Justice,3
2012,kadoorie,Kadoorie,3
2012,kahn,Kahn,3
2012,kaiser,Kaiser,3
2012,kalsi,Kalsi,3
2012,kamel,Kamel,3
2012,kamenshchik,Kamenshchik,3
2012,kamprad,Kamprad,3
2012,kantor,Kantor,3
2012,kao,Kao,3
2012,kaplan,Kaplan,3
2012,karamehmet,Karamehmet,3
2012,karapetyan,Karapetyan,3
2012,karsh,Karsh,3
2012,katz,Katz,3
2012,kazanci,Kazanci,3
2012,keinath,Keinath,3
2012,kelley,Kelley,3
2012,kellner,Kellner,3
2012,kellogg,Kellogg,3
2012,kennedy,Kennedy,3
2012,kenya,Kenya,3
2012,kerimov,Kerimov,3
2012,kerkorian,Kerkorian,3
2012,kesaev,Kesaev,3
2012,khachaturov,Khachaturov,3
2012,khalili,Khalili,3
2012,khan,Khan,3
2012,khosla,Khosla,3
2012,kim,Kim,3
2012,kimmel,Kimmel,3
2012,kinder,Kinder,3
2012,kipp,Kipp,3
2012,kirac,Kirac,3
2012,kirk,Kirk,3
2012,klatten,Klatten,3
2012,klyamko,Klyamko,3
2012,knaster,Knaster,3
2012,knight,Knight,3
2012,koc,Koc,3
2012,koch,Koch,3
2012,kogan,Kogan,3
2012,kohler,Kohler,3
2012,kolomoyskyy,Kolomoyskyy,3
2012,kondrashev,Kondrashev,3
2012,koo,Koo,3
2012,koplowitz,Koplowitz,3
2012,kosiuk,Kosiuk,3
2012,kosogov,Kosogov,3
2012,kotak,Kotak,3
2012,kovalchuk,Kovalchuk,3
2012,kovner,Kovner,3
2012,kozitsyn,Kozitsyn,3
2012,kraft,Kraft,3
2012,krasny,Krasny,3
2012,kravis,Kravis,3
2012,krishnan,Krishnan,3
2012,kristiansen,Kristiansen,3
2012,kroenke,Kroenke,3
2012,kuhne,Kuhne,3
2012,kulczyk,Kulczyk,3
2012,kuok,Kuok,3
2012,kuzmichev,Kuzmichev,3
2012,kvetnoi,Kvetnoi,3
2012,kwok,Kwok,3
2012,ladreit-de-lacharriere,Ladreit de Lacharriere,3
2012,laliberte,Laliberte,3
2012,lam,Lam,3
2012,lampert,Lampert,3
2012,langone,Langone,3
2012,larrea-mota-velasco,Larrea Mota Velasco,3
2012,larsen,Larsen,3
2012,lasry,Lasry,3
2012,latsis,Latsis,3
2012,lau,Lau,3
2012,lauder,Lauder,3
2012,lauren,Lauren,3
2012,laurie,Laurie,3
2012,law,Law,3
2012,leal,Leal,3
2012,lebedev,Lebedev,3
2012,lee,Lee,3
2012,lefkofsky,Lefkofsky,3
2012,lefrak,LeFrak,3
2012,leininger,Leininger,3
2012,lemann,Lemann,3
2012,leong,Leong,3
2012,leprino,Leprino,3
2012,lerner,Lerner,3
2012,leviev,Leviev,3
2012,lew,Lew,3
2012,lewis,Lewis,3
2012,li,Li,3
2012,liang,Liang,3
2012,liao,Liao,3
2012,liebmann,Liebmann,3
2012,lim,Lim,3
2012,lin,Lin,3
2012,lindemann,Lindemann,3
2012,lisin,Lisin,3
2012,liu,Liu,3
2012,livingstone,Livingstone,3
2012,lo,Lo,3
2012,lodha,Lodha,3
2012,loeb,Loeb,3
2012,loh,Loh,3
2012,lohia,Lohia,3
2012,lomakin,Lomakin,3
2012,louis-hansen,Louis-Hansen,3
2012,low-tuck,Low Tuck,3
2012,lowy,Lowy,3
2012,lucas,Lucas,3
2012,lui,Lui,3
2012,lundberg,Lundberg,3
2012,luo,Luo,3
2012,lurie,Lurie,3
2012,luxembourg,Luxembourg,3
2012,macaulay,Macaulay,3
2012,machkevich,Machkevich,3
2012,macmillan,MacMillan,3
2012,maezawa,Maezawa,3
2012,magness,Magness,3
2012,makarov,Makarov,3
2012,makhmudov,Makhmudov,3
2012,mallya,Mallya,3
2012,malone,Malone,3
2012,mamut,Mamut,3
2012,manasir,Manasir,3
2012,mandel,Mandel,3
2012,mansour,Mansour,3
2012,mansueto,Mansueto,3
2012,mantegazza,Mantegazza,3
2012,mao,Mao,3
2012,maran,Maran,3
2012,marcus,Marcus,3
2012,marks,Marks,3
2012,marriott,Marriott,3
2012,mars,Mars,3
2012,mate,Mate,3
2012,mateschitz,Mateschitz,3
2012,mathile,Mathile,3
2012,matte,Matte,3
2012,maximov,Maximov,3
2012,mazepin,Mazepin,3
2012,mccaw,McCaw,3
2012,mcclendon,McClendon,3
2012,mccombs,McCombs,3
2012,mcgovern,McGovern,3
2012,mclane,McLane,3
2012,mcnair,McNair,3
2012,meijer,Meijer,3
2012,meister,Meister,3
2012,melchers,Melchers,3
2012,melnichenko,Melnichenko,3
2012,menard,Menard,3
2012,mendoza,Mendoza,3
2012,meng,Meng,3
2012,menin-teixeira-de-souza,Menin Teixeira de Souza,3
2012,mera,Mera,3
2012,merckle,Merckle,3
2012,merieux,Merieux,3
2012,metropoulos,Metropoulos,3
2012,meyer,Meyer,3
2012,michelson,Michelson,3
2012,mikati,Mikati,3
2012,mikhelson,Mikhelson,3
2012,miki,Miki,3
2012,mikitani,Mikitani,3
2012,milchan,Milchan,3
2012,milken,Milken,3
2012,miller,Miller,3
2012,milner,Milner,3
2012,mishin,Mishin,3
2012,mistakidis,Mistakidis,3
2012,mistry,Mistry,3
2012,mitchell,Mitchell,3
2012,mittal,Mittal,3
2012,modi,Modi,3
2012,mohn,Mohn,3
2012,molchanov,Molchanov,3
2012,moncrief,Moncrief,3
2012,moore,Moore,3
2012,mordashov,Mordashov,3
2012,moreira-salles,Moreira Salles,3
2012,moretti-polegato,Moretti Polegato,3
2012,morgridge,Morgridge,3
2012,mori,Mori,3
2012,moritz,Moritz,3
2012,morocco,Morocco,3
2012,moroun,Moroun,3
2012,moshkovich,Moshkovich,3
2012,moskovitz,Moskovitz,3
2012,motsepe,Motsepe,3
2012,munger,Munger,3
2012,munjal,Munjal,3
2012,murdoch,Murdoch,3
2012,murdock,Murdock,3
2012,murthy,Murthy,3
2012,musk,Musk,3
2012,mutsoev,Mutsoev,3
2012,nacht,Nacht,3
2012,nadar,Nadar,3
2012,nagamori,Nagamori,3
2012,nahmad,Nahmad,3
2012,naoroji,Naoroji,3
2012,naughton,Naughton,3
2012,neilson,Neilson,3
2012,nelson,Nelson,3
2012,nesis,Nesis,3
2012,newell,Newell,3
2012,newhouse,Newhouse,3
2012,niarchos,Niarchos,3
2012,nicholas,Nicholas,3
2012,niel,Niel,3
2012,nikolaev,Nikolaev,3
2012,nilekani,Nilekani,3
2012,nisanov,Nisanov,3
2012,nitori,Nitori,3
2012,niu,Niu,3
2012,nogotkov,Nogotkov,3
2012,novinsky,Novinsky,3
2012,nusenkis,Nusenkis,3
2012,o-brien,O'Brien,3
2012,oberoi,Oberoi,3
2012,oberwelland,Oberwelland,3
2012,och,Och,3
2012,ofer,Ofer,3
2012,okada,Okada,3
2012,olenicoff,Olenicoff,3
2012,ometto-silveira-mello,Ometto Silveira Mello,3
2012,omidyar,Omidyar,3
2012,ongpin,Ongpin,3
2012,oppenheimer,Oppenheimer,3
2012,or,Or,3
2012,ortega,Ortega,3
2012,otto,Otto,3
2012,ozdemir,Ozdemir,3
2012,ozilhan,Ozilhan,3
2012,ozokur,Ozokur,3
2012,ozyegin,Ozyegin,3
2012,packer,Packer,3
2012,page,Page,3
2012,parisotto,Parisotto,3
2012,parker,Parker,3
2012,parry-okeden,Parry-Okeden,3
2012,parsons,Parsons,3
2012,patel,Patel,3
2012,patriciu,Patriciu,3
2012,pattison,Pattison,3
2012,paulmann,Paulmann,3
2012,paulson,Paulson,3
2012,peery,Peery,3
2012,pegula,Pegula,3
2012,peltz,Peltz,3
2012,penske,Penske,3
2012,pera,Pera,3
2012,perelman,Perelman,3
2012,perenchio,Perenchio,3
2012,peres,Peres,3
2012,perez,Perez,3
2012,perez-companc,Perez Companc,3
2012,perlmutter,Perlmutter,3
2012,perot,Perot,3
2012,perron,Perron,3
2012,persson,Persson,3
2012,pessina,Pessina,3
2012,peterffy,Peterffy,3
2012,peterson,Peterson,3
2012,pickens,Pickens,3
2012,pinault,Pinault,3
2012,pinchuk,Pinchuk,3
2012,pincus,Pincus,3
2012,pinera,Pinera,3
2012,piramal,Piramal,3
2012,plank,Plank,3
2012,plattner,Plattner,3
2012,ponomarenko,Ponomarenko,3
2012,poo,Poo,3
2012,poonawalla,Poonawalla,3
2012,popov,Popov,3
2012,poroshenko,Poroshenko,3
2012,potanin,Potanin,3
2012,powell-jobs,Powell Jobs,3
2012,prada,Prada,3
2012,premji,Premji,3
2012,price,Price,3
2012,pritzker,Pritzker,3
2012,prokhorov,Prokhorov,3
2012,pumpyansky,Pumpyansky,3
2012,qiu,Qiu,3
2012,quandt,Quandt,3
2012,que,Que,3
2012,quek,Quek,3
2012,rachmat,Rachmat,3
2012,raheja,Raheja,3
2012,rahimkulov,Rahimkulov,3
2012,rahr,Rahr,3
2012,rainwater,Rainwater,3
2012,rales,Rales,3
2012,ramsay,Ramsay,3
2012,rao,Rao,3
2012,rashnikov,Rashnikov,3
2012,ratanarak,Ratanarak,3
2012,ratcliffe,Ratcliffe,3
2012,rausing,Rausing,3
2012,razon,Razon,3
2012,reddy,Reddy,3
2012,redstone,Redstone,3
2012,rees-jones,Rees-Jones,3
2012,ren,Ren,3
2012,rennert,Rennert,3
2012,resnick,Resnick,3
2012,reuben,Reuben,3
2012,reyes,Reyes,3
2012,rich,Rich,3
2012,riddell,Riddell,3
2012,riegel,Riegel,3
2012,rinehart,Rinehart,3
2012,rizzuto,Rizzuto,3
2012,roberts,Roberts,3
2012,robertson,Robertson,3
2012,rocca,Rocca,3
2012,rocha,Rocha,3
2012,rockefeller,Rockefeller,3
2012,rodriguez-pastor,Rodriguez-Pastor,3
2012,roig,Roig,3
2012,rokke,Rokke,3
2012,roski,Roski,3
2012,ross,Ross,3
2012,rotenberg,Rotenberg,3
2012,rothschild,Rothschild,3
2012,rovt,Rovt,3
2012,rowan,Rowan,3
2012,rowling,Rowling,3
2012,ruayrungruang,Ruayrungruang,3
2012,rubenstein,Rubenstein,3
2012,ruffin,Ruffin,3
2012,ruia,Ruia,3
2012,rupert,Rupert,3
2012,ryan,Ryan,3
2012,rybolovlev,Rybolovlev,3
2012,saban,Saban,3
2012,sabanci,Sabanci,3
2012,sabanci-dincer,Sabanci Dincer,3
2012,safra,Safra,3
2012,sagi,Sagi,3
2012,sahenk,Sahenk,3
2012,sainsbury,Sainsbury,3
2012,salinas-pliego,Salinas Pliego,3
2012,sall,Sall,3
2012,samueli,Samueli,3
2012,sandell,Sandell,3
2012,santo-domingo-davila,Santo Domingo Davila,3
2012,saputo,Saputo,3
2012,sarkisov,Sarkisov,3
2012,sarmiento,Sarmiento,3
2012,satomi,Satomi,3
2012,saul,Saul,3
2012,saverin,Saverin,3
2012,sawiris,Sawiris,3
2012,scaife,Scaife,3
2012,schaeffler,Schaeffler,3
2012,schmidheiny,Schmidheiny,3
2012,schmidt,Schmidt,3
2012,schmidt-ruthenbeck,Schmidt-Ruthenbeck,3
2012,schnabel,Schnabel,3
2012,schoeller,Schoeller,3
2012,schorghuber,Schorghuber,3
2012,schorling,Schorling,3
2012,schroder,Schroder,3
2012,schultz,Schultz,3
2012,schulze,Schulze,3
2012,schusterman,Schusterman,3
2012,schwab,Schwab,3
2012,schwartz,Schwartz,3
2012,schwarzman,Schwarzman,3
2012,scott,Scott,3
2012,seabra,Seabra,3
2012,secunda,Secunda,3
2012,sedykh,Sedykh,3
2012,sefrioui,Sefrioui,3
2012,sezai,Sezai,3
2012,shanghvi,Shanghvi,3
2012,shaw,Shaw,3
2012,shen,Shen,3
2012,sherman,Sherman,3
2012,shi,Shi,3
2012,shimamura,Shimamura,3
2012,shin,Shin,3
2012,shriram,Shriram,3
2012,shvidler,Shvidler,3
2012,shwed,Shwed,3
2012,sicupira,Sicupira,3
2012,siebel,Siebel,3
2012,simanovsky,Simanovsky,3
2012,simmons,Simmons,3
2012,simon,Simon,3
2012,simons,Simons,3
2012,singal,Singal,3
2012,singer,Singer,3
2012,singh,Singh,3
2012,sirivadhanabhakdi,Sirivadhanabhakdi,3
2012,sit,Sit,3
2012,sitorus,Sitorus,3
2012,skoch,Skoch,3
2012,skoll,Skoll,3
2012,skorobogatko,Skorobogatko,3
2012,skurov,Skurov,3
2012,slim-helu,Slim Helu,3
2012,smith,Smith,3
2012,snyder,Snyder,3
2012,soares-dos-santos,Soares dos Santos,3
2012,sobrato,Sobrato,3
2012,soeryadjaya,Soeryadjaya,3
2012,sohmen,Sohmen,3
2012,solorz-zak,Solorz-Zak,3
2012,solow,Solow,3
2012,solowow,Solowow,3
2012,son,Son,3
2012,sondakh,Sondakh,3
2012,song,Song,3
2012,sonnenberg,Sonnenberg,3
2012,soon-shiong,Soon-Shiong,3
2012,soros,Soros,3
2012,south-america,South America,3
2012,southern,Southern,3
2012,spangler,Spangler,3
2012,spanos,Spanos,3
2012,sperling,Sperling,3
2012,speyer,Speyer,3
2012,spielberg,Spielberg,3
2012,springer,Springer,3
2012,sprott,Sprott,3
2012,staton,Staton,3
2012,steinbruch,Steinbruch,3
2012,steinmetz,Steinmetz,3
2012,stephens,Stephens,3
2012,sterling,Sterling,3
2012,stern,Stern,3
2012,stevens,Stevens,3
2012,steyer,Steyer,3
2012,stokes,Stokes,3
2012,stordalen,Stordalen,3
2012,straumann,Straumann,3
2012,stroher,Stroher,3
2012,stroll,Stroll,3
2012,stronach,Stronach,3
2012,strungmann,Strungmann,3
2012,stryker,Stryker,3
2012,suh,Suh,3
2012,sun,Sun,3
2012,susanto,Susanto,3
2012,svetakov,Svetakov,3
2012,swieca,Swieca,3
2012,switzerland,Switzerland,3
2012,syrian-arab-republic,Syria,3
2012,sze,Sze,3
2012,tada,Tada,3
2012,tahir,Tahir,3
2012,takahara,Takahara,3
2012,takizaki,Takizaki,3
2012,tan,Tan,3
2012,tanaka,Tanaka,3
2012,tang,Tang,3
2012,tanjung,Tanjung,3
2012,tanoesoedibjo,Tanoesoedibjo,3
2012,tanoto,Tanoto,3
2012,tara,Tara,3
2012,taravella,Taravella,3
2012,tariko,Tariko,3
2012,taubman,Taubman,3
2012,taylor,Taylor,3
2012,teh,Teh,3
2012,telles,Telles,3
2012,tepper,Tepper,3
2012,thapar,Thapar,3
2012,thiel,Thiel,3
2012,thiele,Thiele,3
2012,thohir,Thohir,3
2012,thomson,Thomson,3
2012,thon,Thon,3
2012,timchenko,Timchenko,3
2012,tiong,Tiong,3
2012,tisch,Tisch,3
2012,tong,Tong,3
2012,topbas,Topbas,3
2012,triguboff,Triguboff,3
2012,troutt,Troutt,3
2012,trump,Trump,3
2012,tsai,Tsai,3
2012,tschira,Tschira,3
2012,tseng,Tseng,3
2012,tshuva,Tshuva,3
2012,tsikalyuk,Tsikalyuk,3
2012,tsvetkov,Tsvetkov,3
2012,tu,Tu,3
2012,tung,Tung,3
2012,turner,Turner,3
2012,udvar-hazy,Udvar-Hazy,3
2012,ueltschi,Ueltschi,3
2012,ulker,Ulker,3
2012,unger,Unger,3
2012,usmanov,Usmanov,3
2012,utemuratov,Utemuratov,3
2012,van-den-ende,van den Ende,3
2012,vargi,Vargi,3
2012,vekselberg,Vekselberg,3
2012,verevskiy,Verevskiy,3
2012,viessmann,Viessmann,3
2012,von-bechtolsheim,von Bechtolsheim,3
2012,von-finck,von Finck,3
2012,von-holtzbrinck,von Holtzbrinck,3
2012,von-opel,von Opel,3
2012,von-thurn-und-taxis,von Thurn und Taxis,3
2012,wadhwani,Wadhwani,3
2012,wagner,Wagner,3
2012,wallin,Wallin,3
2012,walton,Walton,3
2012,wang,Wang,3
2012,warner,Warner,3
2012,warren,Warren,3
2012,washington,Washington,3
2012,weber,Weber,3
2012,wee,Wee,3
2012,wei,Wei,3
2012,wen,Wen,3
2012,wenchi-chen,Wenchi Chen,3
2012,wertheimer,Wertheimer,3
2012,weston,Weston,3
2012,wexner,Wexner,3
2012,white,White,3
2012,whitman,Whitman,3
2012,whittaker,Whittaker,3
2012,wiese,Wiese,3
2012,wilhelmsen,Wilhelmsen,3
2012,wilks,Wilks,3
2012,williams,Williams,3
2012,wilson,Wilson,3
2012,winfrey,Winfrey,3
2012,wlaschek,Wlaschek,3
2012,wobben,Wobben,3
2012,wong,Wong,3
2012,woo,Woo,3
2012,wrigley,Wrigley,3
2012,wu,Wu,3
2012,wurth,Wurth,3
2012,wynn,Wynn,3
2012,wyss,Wyss,3
2012,xiang,Xiang,3
2012,xiong,Xiong,3
2012,xiu,Xiu,3
2012,yamauchi,Yamauchi,3
2012,yan,Yan,3
2012,yanai,Yanai,3
2012,yang,Yang,3
2012,yazici,Yazici,3
2012,yemen-rep,Yemen,3
2012,yeoh,Yeoh,3
2012,yeung,Yeung,3
2012,yevtushenkov,Yevtushenkov,3
2012,ying,Ying,3
2012,yoovidhya,Yoovidhya,3
2012,york,York,3
2012,yu,Yu,3
2012,yung,Yung,3
2012,yushvaev,Yushvaev,3
2012,zakay,Zakay,3
2012,zan,Zan,3
2012,zell,Zell,3
2012,zhang,Zhang,3
2012,zhevago,Zhevago,3
2012,zhong,Zhong,3
2012,zhou,Zhou,3
2012,zhu,Zhu,3
2012,ziff,Ziff,3
2012,zong,Zong,3
2012,zorlu,Zorlu,3
2012,zucker,Zucker,3
2012,zuckerberg,Zuckerberg,3
2012,zuckerman,Zuckerman,3
2012,zyuzin,Zyuzin,3
2013,abello,Abello,3
2013,abraham,Abraham,3
2013,abramov,Abramov,3
2013,abramovich,Abramovich,3
2013,abyzov,Abyzov,3
2013,ackman,Ackman,3
2013,adams,Adams,3
2013,adani,Adani,3
2013,adelson,Adelson,3
2013,adenuga,Adenuga,3
2013,adikoesoemo,Adikoesoemo,3
2013,agalarov,Agalarov,3
2013,agaoglu,Agaoglu,3
2013,agarwal,Agarwal,3
2013,aguiar,Aguiar,3
2013,ainsworth,Ainsworth,3
2013,akhmedov,Akhmedov,3
2013,akhmetov,Akhmetov,3
2013,al-amoudi,Al Amoudi,3
2013,al-fayed,Al Fayed,3
2013,al-futtaim,Al Futtaim,3
2013,al-ghurair,Al Ghurair,3
2013,al-issa,Al Issa,3
2013,al-jaber,Al Jaber,3
2013,al-kabeer,Al Kabeer,3
2013,al-kharafi,Al-Kharafi,3
2013,al-rajhi,Al Rajhi,3
2013,albrecht,Albrecht,3
2013,albukhary,AlBukhary,3
2013,alekperov,Alekperov,3
2013,alghanim,Alghanim,3
2013,allen,Allen,3
2013,alsaud,Alsaud,3
2013,altushkin,Altushkin,3
2013,alukkas,Alukkas,3
2013,alves-de-queiroz-filho,Alves de Queiroz Filho,3
2013,ambani,Ambani,3
2013,amorim,Amorim,3
2013,ananyev,Ananyev,3
2013,andic,Andic,3
2013,angelini-rossi,Angelini Rossi,3
2013,anisimov,Anisimov,3
2013,anschutz,Anschutz,3
2013,ansin,Ansin,3
2013,aramburuzabala,Aramburuzabala,3
2013,arango,Arango,3
2013,ardila-lulle,Ardila Lulle,3
2013,argyros,Argyros,3
2013,arison,Arison,3
2013,aristrain,Aristrain,3
2013,arkin,Arkin,3
2013,armani,Armani,3
2013,arnault,Arnault,3
2013,arnold,Arnold,3
2013,arrillaga,Arrillaga,3
2013,arsel,Arsel,3
2013,asfari,Asfari,3
2013,ashcroft,Ashcroft,3
2013,ashley,Ashley,3
2013,auchi,Auchi,3
2013,avara,Avara,3
2013,avdeev,Avdeev,3
2013,aven,Aven,3
2013,azcarraga-jean,Azcarraga Jean,3
2013,azrieli,Azrieli,3
2013,babis,Babis,3
2013,bacon,Bacon,3
2013,badinter,Badinter,3
2013,bailey,Bailey,3
2013,bailleres-gonzalez,Bailleres Gonzalez,3
2013,bajaj,Bajaj,3
2013,bakala,Bakala,3
2013,balakin,Balakin,3
2013,ballmer,Ballmer,3
2013,bamford,Bamford,3
2013,bangur,Bangur,3
2013,banuelos,Banuelos,3
2013,barclay,Barclay,3
2013,barki,Barki,3
2013,barnett,Barnett,3
2013,baron,Baron,3
2013,barrack,Barrack,3
2013,barut,Barut,3
2013,basaran,Basaran,3
2013,bass,Bass,3
2013,batista,Batista,3
2013,baturina,Baturina,3
2013,bauer,Bauer,3
2013,baus,Baus,3
2013,beal,Beal,3
2013,beard,Beard,3
2013,bechtel,Bechtel,3
2013,bellon,Bellon,3
2013,belmont-anderson,Belmont Anderson,3
2013,benavides,Benavides,3
2013,benetton,Benetton,3
2013,benioff,Benioff,3
2013,benjelloun,Benjelloun,3
2013,bennet,Bennet,3
2013,benson,Benson,3
2013,berg,Berg,3
2013,berggruen,Berggruen,3
2013,berlusconi,Berlusconi,3
2013,bertarelli,Bertarelli,3
2013,bertelli,Bertelli,3
2013,besnier,Besnier,3
2013,besnier-beauvalot,Besnier Beauvalot,3
2013,bettencourt,Bettencourt,3
2013,bezos,Bezos,3
2013,bhargava,Bhargava,3
2013,bino,Bino,3
2013,birla,Birla,3
2013,bisciotti,Bisciotti,3
2013,black,Black,3
2013,blakely,Blakely,3
2013,blank,Blank,3
2013,blavatnik,Blavatnik,3
2013,bloomberg,Bloomberg,3
2013,bluhm,Bluhm,3
2013,bogdanov,Bogdanov,3
2013,boholyubov,Boholyubov,3
2013,bokarev,Bokarev,3
2013,bollore,Bollore,3
2013,bonderman,Bonderman,3
2013,bouchard,Bouchard,3
2013,bouygues,Bouygues,3
2013,boyko,Boyko,3
2013,bozano,Bozano,3
2013,braman,Braman,3
2013,brandes,Brandes,3
2013,branson,Branson,3
2013,bren,Bren,3
2013,brescia-cafferata,Brescia Cafferata,3
2013,breyer,Breyer,3
2013,brin,Brin,3
2013,broad,Broad,3
2013,broermann,Broermann,3
2013,bronfman,Bronfman,3
2013,brown,Brown,3
2013,bruch,Bruch,3
2013,bucher-haefner,Bucher-Haefner,3
2013,buck,Buck,3
2013,buckeridge,Buckeridge,3
2013,buffett,Buffett,3
2013,bulgari,Bulgari,3
2013,bulgheroni,Bulgheroni,3
2013,burch,Burch,3
2013,burda,Burda,3
2013,burkle,Burkle,3
2013,burrell,Burrell,3
2013,busujima,Busujima,3
2013,butt,Butt,3
2013,cadogan,Cadogan,3
2013,cai,Cai,3
2013,calder,Calder,3
2013,calderon-rojas,Calderon Rojas,3
2013,calik,Calik,3
2013,camargo,Camargo,3
2013,cao,Cao,3
2013,cargill,Cargill,3
2013,carneiro,Carneiro,3
2013,case,Case,3
2013,cathy,Cathy,3
2013,catsimatidis,Catsimatidis,3
2013,caudwell,Caudwell,3
2013,chaabi,Chaabi,3
2013,chaiyawan,Chaiyawan,3
2013,chambers,Chambers,3
2013,chan,Chan,3
2013,chandler,Chandler,3
2013,chandra,Chandra,3
2013,chang,Chang,3
2013,chao,Chao,3
2013,charney,Charney,3
2013,chaudhary,Chaudhary,3
2013,chearavanont,Chearavanont,3
2013,chen,Chen,3
2013,cheng,Cheng,3
2013,cheriton,Cheriton,3
2013,cherng,Cherng,3
2013,cheung,Cheung,3
2013,chey,Chey,3
2013,chiang,Chiang,3
2013,chilton-jr,Chilton Jr,3
2013,cho,Cho,3
2013,chodiev,Chodiev,3
2013,choi,Choi,3
2013,chou,Chou,3
2013,chu,Chu,3
2013,chung,Chung,3
2013,ciner,Ciner,3
2013,ciputra,Ciputra,3
2013,cisneros,Cisneros,3
2013,civita,Civita,3
2013,clark,Clark,3
2013,cline,Cline,3
2013,cohen,Cohen,3
2013,coleman,Coleman,3
2013,colombia,Colombia,3
2013,consunji,Consunji,3
2013,conway,Conway,3
2013,cook,Cook,3
2013,coombs,Coombs,3
2013,cooperman,Cooperman,3
2013,cortina,Cortina,3
2013,coulter,Coulter,3
2013,courtin-clarins,Courtin-Clarins,3
2013,coutu,Coutu,3
2013,coyiuto,Coyiuto,3
2013,cuban,Cuban,3
2013,cui,Cui,3
2013,cuneo-solari-family,Cuneo Solari & family,3
2013,czarnecki,Czarnecki,3
2013,d-aniello,D'Aniello,3
2013,d-ornano,D'Ornano,3
2013,dalio,Dalio,3
2013,dangermond,Dangermond,3
2013,dangote,Dangote,3
2013,dani,Dani,3
2013,dassault,Dassault,3
2013,dauphin,Dauphin,3
2013,davis,Davis,3
2013,de-azevedo,de Azevedo,3
2013,de-carvalho-heineken,de Carvalho-Heineken,3
2013,de-godoy-bueno,de Godoy Bueno,3
2013,de-lafuente-lacroze,de Lafuente Lacroze,3
2013,de-mattos-barretto-villela,de Mattos Barretto Villela,3
2013,de-mol,de Mol,3
2013,deason,Deason,3
2013,debartolo,DeBartolo,3
2013,decaux,Decaux,3
2013,deichmann,Deichmann,3
2013,dejoria,DeJoria,3
2013,del-pino-y-calvo-sotelo,Del Pino y Calvo-Sotelo,3
2013,del-vecchio,Del Vecchio,3
2013,dell,Dell,3
2013,della-valle,Della Valle,3
2013,deluca,DeLuca,3
2013,deripaska,Deripaska,3
2013,desai,Desai,3
2013,desmarais,Desmarais,3
2013,desmond,Desmond,3
2013,devos,DeVos,3
2013,dhoot,Dhoot,3
2013,dias-branco,Dias Branco,3
2013,diller,Diller,3
2013,dinan,Dinan,3
2013,ding,Ding,3
2013,diniz,Diniz,3
2013,divi,Divi,3
2013,doerr,Doerr,3
2013,dogan,Dogan,3
2013,dolan,Dolan,3
2013,dolby,Dolby,3
2013,dolce,Dolce,3
2013,dommermuth,Dommermuth,3
2013,doris,Doris,3
2013,dorrance,Dorrance,3
2013,dorsey,Dorsey,3
2013,dos-santos,dos Santos,3
2013,douglas,Douglas,3
2013,druckenmiller,Druckenmiller,3
2013,dubin,Dubin,3
2013,duffield,Duffield,3
2013,duggan,Duggan,3
2013,duncan,Duncan,3
2013,dunstone,Dunstone,3
2013,dyson,Dyson,3
2013,dzhaparidze,Dzhaparidze,3
2013,ecclestone,Ecclestone,3
2013,eczacibasi,Eczacibasi,3
2013,edson,Edson,3
2013,edwards,Edwards,3
2013,egydio-arruda-villela-filho,Egydio Arruda Villela Filho,3
2013,einhorn,Einhorn,3
2013,ellison,Ellison,3
2013,elman,Elman,3
2013,emmerson,Emmerson,3
2013,engelhorn,Engelhorn,3
2013,englander,Englander,3
2013,erbey,Erbey,3
2013,ergen,Ergen,3
2013,ermirio-de-moraes,Ermirio de Moraes,3
2013,escarrer,Escarrer,3
2013,escotet,Escotet,3
2013,esteves,Esteves,3
2013,eurnekian,Eurnekian,3
2013,falcone,Falcone,3
2013,fang,Fang,3
2013,faria,Faria,3
2013,faulkner,Faulkner,3
2013,fedun,Fedun,3
2013,fedyaev,Fedyaev,3
2013,fegel,Fegel,3
2013,feng,Feng,3
2013,ferrero,Ferrero,3
2013,fertitta,Fertitta,3
2013,fetisov,Fetisov,3
2013,fidani,Fidani,3
2013,fielmann,Fielmann,3
2013,filatov,Filatov,3
2013,filo,Filo,3
2013,fisher,Fisher,3
2013,fong-yun-wah,Fong Yun Wah,3
2013,fontbona,Fontbona,3
2013,ford,Ford,3
2013,foriel-destezet,Foriel-Destezet,3
2013,forrest,Forrest,3
2013,foster,Foster,3
2013,fox,Fox,3
2013,frantz,Frantz,3
2013,fredriksen,Fredriksen,3
2013,frere,Frere,3
2013,fridman,Fridman,3
2013,friedkin,Friedkin,3
2013,friedland,Friedland,3
2013,frist,Frist,3
2013,frolov,Frolov,3
2013,frost,Frost,3
2013,fu,Fu,3
2013,fukutake,Fukutake,3
2013,fung,Fung,3
2013,gabbana,Gabbana,3
2013,gabelli,Gabelli,3
2013,gage,Gage,3
2013,galchev,Galchev,3
2013,galitsky,Galitsky,3
2013,gallardo-thurlow,Gallardo Thurlow,3
2013,gandel,Gandel,3
2013,gandur,Gandur,3
2013,gao,Gao,3
2013,gapontsev,Gapontsev,3
2013,garfinkel,Garfinkel,3
2013,gates,Gates,3
2013,geffen,Geffen,3
2013,geiger,Geiger,3
2013,geng,Geng,3
2013,gerling,Gerling,3
2013,gerry,Gerry,3
2013,gertler,Gertler,3
2013,getty,Getty,3
2013,gilbert,Gilbert,3
2013,gilgan,Gilgan,3
2013,gilinski-bacal,Gilinski Bacal,3
2013,gittinger,Gittinger,3
2013,glasenberg,Glasenberg,3
2013,glazer,Glazer,3
2013,godrej,Godrej,3
2013,goi,Goi,3
2013,goldhar,Goldhar,3
2013,goldsbury,Goldsbury,3
2013,goldschmeding,Goldschmeding,3
2013,golisano,Golisano,3
2013,gonda-rivera-and-family,Gonda Rivera and family,3
2013,gong,Gong,3
2013,goodnight,Goodnight,3
2013,gopalakrishnan,Gopalakrishnan,3
2013,gores,Gores,3
2013,gotianun,Gotianun,3
2013,gottesman,Gottesman,3
2013,gou,Gou,3
2013,gradin,Gradin,3
2013,graf,Graf,3
2013,graff,Graff,3
2013,grainger,Grainger,3
2013,green,Green,3
2013,greene,Greene,3
2013,grether,Grether,3
2013,gridin,Gridin,3
2013,griffin,Griffin,3
2013,grigorishin,Grigorishin,3
2013,gross,Gross,3
2013,grosvenor,Grosvenor,3
2013,gruzdev,Gruzdev,3
2013,gunal,Gunal,3
2013,gunsel,Gunsel,3
2013,guo,Guo,3
2013,gupta,Gupta,3
2013,gurbanoglu,Gurbanoglu,3
2013,guriev,Guriev,3
2013,gushchin,Gushchin,3
2013,gustavson,Gustavson,3
2013,gutseriev,Gutseriev,3
2013,haefner,Haefner,3
2013,hagen,Hagen,3
2013,hains,Hains,3
2013,haji-ioannou,Haji-Ioannou,3
2013,hall,Hall,3
2013,halle,Halle,3
2013,halvorsen,Halvorsen,3
2013,hamami,Hamami,3
2013,hamied,Hamied,3
2013,hamm,Hamm,3
2013,han,Han,3
2013,handojo,Handojo,3
2013,hank-rhon,Hank Rhon,3
2013,happel,Happel,3
2013,harding,Harding,3
2013,hargreaves,Hargreaves,3
2013,hariri,Hariri,3
2013,harp-helu,Harp Helu,3
2013,harris,Harris,3
2013,harrison,Harrison,3
2013,hart,Hart,3
2013,hartono,Hartono,3
2013,harvey,Harvey,3
2013,haslam,Haslam,3
2013,hattat,Hattat,3
2013,haub,Haub,3
2013,hawken,Hawken,3
2013,hayne,Hayne,3
2013,he,He,3
2013,headington,Headington,3
2013,hector,Hector,3
2013,hendricks,Hendricks,3
2013,henry,Henry,3
2013,herlin,Herlin,3
2013,hernandez-ramirez,Hernandez Ramirez,3
2013,herz,Herz,3
2013,hildebrand,Hildebrand,3
2013,hillman,Hillman,3
2013,hinduja,Hinduja,3
2013,hintze,Hintze,3
2013,hiranandani,Hiranandani,3
2013,hirt-hagen,Hirt Hagen,3
2013,ho,Ho,3
2013,hochschild,Hochschild,3
2013,hoffman,Hoffman,3
2013,holding,Holding,3
2013,hong,Hong,3
2013,hopp,Hopp,3
2013,horn,Horn,3
2013,horten,Horten,3
2013,hostetter,Hostetter,3
2013,howard,Howard,3
2013,hsu,Hsu,3
2013,hua,Hua,3
2013,huang,Huang,3
2013,hubbard,Hubbard,3
2013,hughes,Hughes,3
2013,hui,Hui,3
2013,huizenga,Huizenga,3
2013,hult,Hult,3
2013,hunt,Hunt,3
2013,huo,Huo,3
2013,ibragimov,Ibragimov,3
2013,ibrahim,Ibrahim,3
2013,icahn,Icahn,3
2013,igel,Igel,3
2013,ilicak,Ilicak,3
2013,iliev,Iliev,3
2013,ilitch,Ilitch,3
2013,ingham,Ingham,3
2013,ingram,Ingram,3
2013,iorich,Iorich,3
2013,irsay,Irsay,3
2013,irving,Irving,3
2013,ito,Ito,3
2013,ivanishvili,Ivanishvili,3
2013,jacobs,Jacobs,3
2013,jacobson,Jacobson,3
2013,jagtiani,Jagtiani,3
2013,jaharis,Jaharis,3
2013,jain,Jain,3
2013,jaipuria,Jaipuria,3
2013,jamail,Jamail,3
2013,jannard,Jannard,3
2013,jarislowsky,Jarislowsky,3
2013,jensen,Jensen,3
2013,jhunjhunwala,Jhunjhunwala,3
2013,jiang,Jiang,3
2013,jindal,Jindal,3
2013,jinnai,Jinnai,3
2013,johnson,Johnson,3
2013,johnson-leipold,Johnson-Leipold,3
2013,johnson-marquart,Johnson-Marquart,3
2013,jones,Jones,3
2013,joseph,Joseph,3
2013,jove,Jove,3
2013,joyce,Joyce,3
2013,justice,Justice,3
2013,kadoorie,Kadoorie,3
2013,kahn,Kahn,3
2013,kaiser,Kaiser,3
2013,kalsi,Kalsi,3
2013,kalyanaraman,Kalyanaraman,3
2013,kalyani,Kalyani,3
2013,kamel,Kamel,3
2013,kamenshchik,Kamenshchik,3
2013,kamprad,Kamprad,3
2013,kanjanapas,Kanjanapas,3
2013,kantor,Kantor,3
2013,kao,Kao,3
2013,kaplan,Kaplan,3
2013,karamehmet,Karamehmet,3
2013,karapetyan,Karapetyan,3
2013,karsh,Karsh,3
2013,kasprzak,Kasprzak,3
2013,katz,Katz,3
2013,kavanaugh,Kavanaugh,3
2013,kazanci,Kazanci,3
2013,keinath,Keinath,3
2013,kelley,Kelley,3
2013,kellner,Kellner,3
2013,kellogg,Kellogg,3
2013,kennedy,Kennedy,3
2013,kenya,Kenya,3
2013,kerimov,Kerimov,3
2013,kerkorian,Kerkorian,3
2013,kesaev,Kesaev,3
2013,khachaturov,Khachaturov,3
2013,khalili,Khalili,3
2013,khan,Khan,3
2013,kharitonin,Kharitonin,3
2013,khorakiwala,Khorakiwala,3
2013,khosla,Khosla,3
2013,kim,Kim,3
2013,kimmel,Kimmel,3
2013,kinder,Kinder,3
2013,kipp,Kipp,3
2013,kirac,Kirac,3
2013,kirk,Kirk,3
2013,kirsh,Kirsh,3
2013,kislov,Kislov,3
2013,klarman,Klarman,3
2013,klatten,Klatten,3
2013,klyamko,Klyamko,3
2013,knaster,Knaster,3
2013,knight,Knight,3
2013,koc,Koc,3
2013,koch,Koch,3
2013,kogan,Kogan,3
2013,koh,Koh,3
2013,kohler,Kohler,3
2013,kolomoyskyy,Kolomoyskyy,3
2013,komarek,Komarek,3
2013,kondrashev,Kondrashev,3
2013,kong,Kong,3
2013,koo,Koo,3
2013,koplowitz,Koplowitz,3
2013,korzhev,Korzhev,3
2013,kosiuk,Kosiuk,3
2013,kosogov,Kosogov,3
2013,kotak,Kotak,3
2013,kovalchuk,Kovalchuk,3
2013,kovner,Kovner,3
2013,kozitsyn,Kozitsyn,3
2013,kraft,Kraft,3
2013,krasny,Krasny,3
2013,kravis,Kravis,3
2013,krishnan,Krishnan,3
2013,kristiansen,Kristiansen,3
2013,kroenke,Kroenke,3
2013,kuhne,Kuhne,3
2013,kulczyk,Kulczyk,3
2013,kulibaev,Kulibaev,3
2013,kulibaeva,Kulibaeva,3
2013,kuok,Kuok,3
2013,kuzmichev,Kuzmichev,3
2013,kvetnoi,Kvetnoi,3
2013,kwee,Kwee,3
2013,kwok,Kwok,3
2013,ladreit-de-lacharriere,Ladreit de Lacharriere,3
2013,laliberte,Laliberte,3
2013,lam,Lam,3
2013,lampert,Lampert,3
2013,langone,Langone,3
2013,lansdown,Lansdown,3
2013,larrea-mota-velasco,Larrea Mota Velasco,3
2013,larsen,Larsen,3
2013,lasry,Lasry,3
2013,latsis,Latsis,3
2013,lau,Lau,3
2013,lauder,Lauder,3
2013,lauren,Lauren,3
2013,laurie,Laurie,3
2013,law,Law,3
2013,leal,Leal,3
2013,lee,Lee,3
2013,lefkofsky,Lefkofsky,3
2013,lefrak,LeFrak,3
2013,lei,Lei,3
2013,leininger,Leininger,3
2013,leitner,Leitner,3
2013,lemann,Lemann,3
2013,leong,Leong,3
2013,leprino,Leprino,3
2013,lerner,Lerner,3
2013,leviev,Leviev,3
2013,lew,Lew,3
2013,lewis,Lewis,3
2013,li,Li,3
2013,liang,Liang,3
2013,liao,Liao,3
2013,liebmann,Liebmann,3
2013,lim,Lim,3
2013,lin,Lin,3
2013,lindemann,Lindemann,3
2013,lisin,Lisin,3
2013,liu,Liu,3
2013,livingstone,Livingstone,3
2013,llado-fernandez-urrutia,Llado Fernandez-Urrutia,3
2013,lo,Lo,3
2013,lodha,Lodha,3
2013,loeb,Loeb,3
2013,loh,Loh,3
2013,lohia,Lohia,3
2013,lomakin,Lomakin,3
2013,lorberbaum,Lorberbaum,3
2013,louis-dreyfus,Louis-Dreyfus,3
2013,louis-hansen,Louis-Hansen,3
2013,love,Love,3
2013,low-tuck,Low Tuck,3
2013,lowy,Lowy,3
2013,lucas,Lucas,3
2013,lui,Lui,3
2013,lundberg,Lundberg,3
2013,luo,Luo,3
2013,lutsenko,Lutsenko,3
2013,luxembourg,Luxembourg,3
2013,macaulay,Macaulay,3
2013,macedo,Macedo,3
2013,machkevich,Machkevich,3
2013,macmillan,MacMillan,3
2013,magness,Magness,3
2013,makarov,Makarov,3
2013,makhmudov,Makhmudov,3
2013,malone,Malone,3
2013,mamut,Mamut,3
2013,manasir,Manasir,3
2013,mandel,Mandel,3
2013,mansour,Mansour,3
2013,mansueto,Mansueto,3
2013,mantegazza,Mantegazza,3
2013,mao,Mao,3
2013,maran,Maran,3
2013,marcondes-penido-dalla-vecchia,Marcondes Penido Dalla Vecchia,3
2013,marcondes-penido-sant-anna,Marcondes Penido Sant'Anna,3
2013,marcus,Marcus,3
2013,marinho,Marinho,3
2013,marks,Marks,3
2013,marriott,Marriott,3
2013,mars,Mars,3
2013,marshall,Marshall,3
2013,mate,Mate,3
2013,mateschitz,Mateschitz,3
2013,mathile,Mathile,3
2013,matte,Matte,3
2013,maximov,Maximov,3
2013,mazepin,Mazepin,3
2013,mccaw,McCaw,3
2013,mccombs,McCombs,3
2013,mcgovern,McGovern,3
2013,mclane,McLane,3
2013,mcnair,McNair,3
2013,meijer,Meijer,3
2013,meister,Meister,3
2013,melchers,Melchers,3
2013,melnichenko,Melnichenko,3
2013,menard,Menard,3
2013,mendoza,Mendoza,3
2013,menin-teixeira-de-souza,Menin Teixeira de Souza,3
2013,mera,Mera,3
2013,merckle,Merckle,3
2013,merieux,Merieux,3
2013,metropoulos,Metropoulos,3
2013,meyer,Meyer,3
2013,michel-suberville,Michel Suberville,3
2013,michelson,Michelson,3
2013,mikati,Mikati,3
2013,mikhelson,Mikhelson,3
2013,miki,Miki,3
2013,mikitani,Mikitani,3
2013,milchan,Milchan,3
2013,milken,Milken,3
2013,miller,Miller,3
2013,milner,Milner,3
2013,mishin,Mishin,3
2013,mistakidis,Mistakidis,3
2013,mistry,Mistry,3
2013,mitchell,Mitchell,3
2013,mittal,Mittal,3
2013,modi,Modi,3
2013,mohn,Mohn,3
2013,molchanov,Molchanov,3
2013,molina-dos-santos,Molina dos Santos,3
2013,moncrief,Moncrief,3
2013,moore,Moore,3
2013,mordashov,Mordashov,3
2013,moreno,Moreno,3
2013,moretti-polegato,Moretti Polegato,3
2013,morgridge,Morgridge,3
2013,mori,Mori,3
2013,moritz,Moritz,3
2013,morocco,Morocco,3
2013,moroun,Moroun,3
2013,moshiri,Moshiri,3
2013,moshkovich,Moshkovich,3
2013,moskovitz,Moskovitz,3
2013,motsepe,Motsepe,3
2013,mueller,Mueller,3
2013,munger,Munger,3
2013,munjal,Munjal,3
2013,munot,Munot,3
2013,murdoch,Murdoch,3
2013,murdock,Murdock,3
2013,murthy,Murthy,3
2013,musk,Musk,3
2013,mutsoev,Mutsoev,3
2013,nacht,Nacht,3
2013,nadar,Nadar,3
2013,nagamori,Nagamori,3
2013,nahmad,Nahmad,3
2013,naoroji,Naoroji,3
2013,naughton,Naughton,3
2013,neilson,Neilson,3
2013,nelson,Nelson,3
2013,nesis,Nesis,3
2013,newell,Newell,3
2013,newhouse,Newhouse,3
2013,ni,Ni,3
2013,niarchos,Niarchos,3
2013,nicholas,Nicholas,3
2013,niculae,Niculae,3
2013,niel,Niel,3
2013,nigeria,Nigeria,3
2013,nikolaev,Nikolaev,3
2013,nilekani,Nilekani,3
2013,nisanov,Nisanov,3
2013,nitori,Nitori,3
2013,nogotkov,Nogotkov,3
2013,nordstrom,Nordstrom,3
2013,novinsky,Novinsky,3
2013,nursalim,Nursalim,3
2013,nusenkis,Nusenkis,3
2013,o-brien,O'Brien,3
2013,oberoi,Oberoi,3
2013,oberwelland,Oberwelland,3
2013,och,Och,3
2013,oeri,Oeri,3
2013,ofer,Ofer,3
2013,okada,Okada,3
2013,olenicoff,Olenicoff,3
2013,ometto-silveira-mello,Ometto Silveira Mello,3
2013,omidyar,Omidyar,3
2013,ongpin,Ongpin,3
2013,oppenheimer,Oppenheimer,3
2013,or,Or,3
2013,ortega,Ortega,3
2013,otto,Otto,3
2013,ozdemir,Ozdemir,3
2013,ozilhan,Ozilhan,3
2013,ozokur,Ozokur,3
2013,ozyegin,Ozyegin,3
2013,packer,Packer,3
2013,page,Page,3
2013,pai,Pai,3
2013,panama,Panama,3
2013,parisotto,Parisotto,3
2013,park,Park,3
2013,parker,Parker,3
2013,parry-okeden,Parry-Okeden,3
2013,parsons,Parsons,3
2013,patel,Patel,3
2013,patterson,Patterson,3
2013,pattison,Pattison,3
2013,paulmann,Paulmann,3
2013,paulson,Paulson,3
2013,paulus,Paulus,3
2013,peery,Peery,3
2013,pegula,Pegula,3
2013,peltz,Peltz,3
2013,penske,Penske,3
2013,perelman,Perelman,3
2013,perenchio,Perenchio,3
2013,peres,Peres,3
2013,perez,Perez,3
2013,perez-companc,Perez Companc,3
2013,perfetti,Perfetti,3
2013,perlmutter,Perlmutter,3
2013,perot,Perot,3
2013,perron,Perron,3
2013,persson,Persson,3
2013,pessina,Pessina,3
2013,peterffy,Peterffy,3
2013,peterson,Peterson,3
2013,pickens,Pickens,3
2013,pieper,Pieper,3
2013,pinault,Pinault,3
2013,pinchuk,Pinchuk,3
2013,pinera,Pinera,3
2013,piramal,Piramal,3
2013,plank,Plank,3
2013,plattner,Plattner,3
2013,ponomarenko,Ponomarenko,3
2013,poo,Poo,3
2013,poonawalla,Poonawalla,3
2013,popov,Popov,3
2013,poroshenko,Poroshenko,3
2013,potanin,Potanin,3
2013,povlsen,Povlsen,3
2013,powell-jobs,Powell Jobs,3
2013,prada,Prada,3
2013,prasarttong-osoth,Prasarttong-Osoth,3
2013,premji,Premji,3
2013,price,Price,3
2013,pritzker,Pritzker,3
2013,prokhorov,Prokhorov,3
2013,puech,Puech,3
2013,pumpyansky,Pumpyansky,3
2013,putilov,Putilov,3
2013,qi,Qi,3
2013,qiu,Qiu,3
2013,quandt,Quandt,3
2013,que,Que,3
2013,quek,Quek,3
2013,rachmat,Rachmat,3
2013,ragon,Ragon,3
2013,raheja,Raheja,3
2013,rahimkulov,Rahimkulov,3
2013,rahr,Rahr,3
2013,rainwater,Rainwater,3
2013,rales,Rales,3
2013,ramsay,Ramsay,3
2013,rao,Rao,3
2013,rashnikov,Rashnikov,3
2013,ratanarak,Ratanarak,3
2013,ratcliffe,Ratcliffe,3
2013,rausing,Rausing,3
2013,razon,Razon,3
2013,reddy,Reddy,3
2013,redstone,Redstone,3
2013,rees-jones,Rees-Jones,3
2013,rennert,Rennert,3
2013,resnick,Resnick,3
2013,reuben,Reuben,3
2013,revoredo,Revoredo,3
2013,reyes,Reyes,3
2013,rich,Rich,3
2013,riddell,Riddell,3
2013,riegel,Riegel,3
2013,rinehart,Rinehart,3
2013,rizzuto,Rizzuto,3
2013,roberts,Roberts,3
2013,robertson,Robertson,3
2013,rocca,Rocca,3
2013,rocha,Rocha,3
2013,rockefeller,Rockefeller,3
2013,rodriguez-pastor,Rodriguez-Pastor,3
2013,rodriguez-rodriguez,Rodriguez Rodriguez,3
2013,roemmers,Roemmers,3
2013,roig,Roig,3
2013,rokke,Rokke,3
2013,roski,Roski,3
2013,ross,Ross,3
2013,rossmann,Rossmann,3
2013,rosso,Rosso,3
2013,rotenberg,Rotenberg,3
2013,rovt,Rovt,3
2013,rowan,Rowan,3
2013,rowling,Rowling,3
2013,ruayrungruang,Ruayrungruang,3
2013,rubenstein,Rubenstein,3
2013,rubin,Rubin,3
2013,ruffin,Ruffin,3
2013,ruia,Ruia,3
2013,rupert,Rupert,3
2013,ryan,Ryan,3
2013,rybolovlev,Rybolovlev,3
2013,saad,Saad,3
2013,saban,Saban,3
2013,sabanci,Sabanci,3
2013,sabanci-bilen,Sabanci Bilen,3
2013,sabanci-dincer,Sabanci Dincer,3
2013,sacco,Sacco,3
2013,safra,Safra,3
2013,sagi,Sagi,3
2013,sahenk,Sahenk,3
2013,saieh-bendeck,Saieh Bendeck,3
2013,sainsbury,Sainsbury,3
2013,saji,Saji,3
2013,salinas-pliego,Salinas Pliego,3
2013,sall,Sall,3
2013,samueli,Samueli,3
2013,sandell,Sandell,3
2013,santo-domingo-davila,Santo Domingo Davila,3
2013,santos,Santos,3
2013,saputo,Saputo,3
2013,sarkisov,Sarkisov,3
2013,sarmiento,Sarmiento,3
2013,sarofim,Sarofim,3
2013,saul,Saul,3
2013,saverin,Saverin,3
2013,sawiris,Sawiris,3
2013,scaife,Scaife,3
2013,schaeffler,Schaeffler,3
2013,scherbakov,Scherbakov,3
2013,schmidheiny,Schmidheiny,3
2013,schmidt,Schmidt,3
2013,schmidt-ruthenbeck,Schmidt-Ruthenbeck,3
2013,schnabel,Schnabel,3
2013,schoeller,Schoeller,3
2013,schorghuber,Schorghuber,3
2013,schorling,Schorling,3
2013,schroder,Schroder,3
2013,schultz,Schultz,3
2013,schulze,Schulze,3
2013,schusterman,Schusterman,3
2013,schwab,Schwab,3
2013,schwartz,Schwartz,3
2013,schwarz,Schwarz,3
2013,schwarzman,Schwarzman,3
2013,scott,Scott,3
2013,seabra,Seabra,3
2013,secunda,Secunda,3
2013,sedykh,Sedykh,3
2013,sefrioui,Sefrioui,3
2013,seo,Seo,3
2013,sezai,Sezai,3
2013,shaimiev,Shaimiev,3
2013,shanghvi,Shanghvi,3
2013,shani,Shani,3
2013,shao,Shao,3
2013,shaw,Shaw,3
2013,shen,Shen,3
2013,sheng,Sheng,3
2013,sherman,Sherman,3
2013,shi,Shi,3
2013,shigaboutdinov,Shigaboutdinov,3
2013,shigeta,Shigeta,3
2013,shin,Shin,3
2013,shinawatra,Shinawatra,3
2013,shriram,Shriram,3
2013,shvidler,Shvidler,3
2013,shwed,Shwed,3
2013,sicupira,Sicupira,3
2013,siebel,Siebel,3
2013,simanovsky,Simanovsky,3
2013,simmons,Simmons,3
2013,simon,Simon,3
2013,simons,Simons,3
2013,singal,Singal,3
2013,singer,Singer,3
2013,singh,Singh,3
2013,sirivadhanabhakdi,Sirivadhanabhakdi,3
2013,sit,Sit,3
2013,sitorus,Sitorus,3
2013,skoch,Skoch,3
2013,skoll,Skoll,3
2013,skorobogatko,Skorobogatko,3
2013,skurov,Skurov,3
2013,slaight,Slaight,3
2013,slim-helu,Slim Helu,3
2013,smith,Smith,3
2013,snyder,Snyder,3
2013,soares-dos-santos,Soares dos Santos,3
2013,sobrato,Sobrato,3
2013,soeryadjaya,Soeryadjaya,3
2013,sohmen,Sohmen,3
2013,solari-donaggio,Solari Donaggio,3
2013,solari-falabella,Solari Falabella,3
2013,solari-falabella-family,Solari Falabella & family,3
2013,solorz-zak,Solorz-Zak,3
2013,solow,Solow,3
2013,solowow,Solowow,3
2013,son,Son,3
2013,sondakh,Sondakh,3
2013,song,Song,3
2013,sonnenberg,Sonnenberg,3
2013,soon-shiong,Soon-Shiong,3
2013,soros,Soros,3
2013,south-america,South America,3
2013,southern,Southern,3
2013,spangler,Spangler,3
2013,spanos,Spanos,3
2013,sperling,Sperling,3
2013,speyer,Speyer,3
2013,spielberg,Spielberg,3
2013,springer,Springer,3
2013,stack,Stack,3
2013,staton,Staton,3
2013,steinbruch,Steinbruch,3
2013,steinmetz,Steinmetz,3
2013,stephens,Stephens,3
2013,sterling,Sterling,3
2013,stern,Stern,3
2013,stevens,Stevens,3
2013,steyer,Steyer,3
2013,stokes,Stokes,3
2013,stordalen,Stordalen,3
2013,stroher,Stroher,3
2013,stroll,Stroll,3
2013,stronach,Stronach,3
2013,strungmann,Strungmann,3
2013,stryker,Stryker,3
2013,subianto,Subianto,3
2013,suh,Suh,3
2013,sulteev,Sulteev,3
2013,sun,Sun,3
2013,susanto,Susanto,3
2013,sutanto,Sutanto,3
2013,svetakov,Svetakov,3
2013,swieca,Swieca,3
2013,switzerland,Switzerland,3
2013,syrian-arab-republic,Syria,3
2013,sze,Sze,3
2013,tada,Tada,3
2013,tahir,Tahir,3
2013,takahara,Takahara,3
2013,takizaki,Takizaki,3
2013,tan,Tan,3
2013,tan-caktiong,Tan Caktiong,3
2013,tanaka,Tanaka,3
2013,tang,Tang,3
2013,tanjung,Tanjung,3
2013,tanoesoedibjo,Tanoesoedibjo,3
2013,tanoto,Tanoto,3
2013,tara,Tara,3
2013,taravella,Taravella,3
2013,tariko,Tariko,3
2013,taubman,Taubman,3
2013,taylor,Taylor,3
2013,tedja,Tedja,3
2013,teh,Teh,3
2013,telles,Telles,3
2013,tepper,Tepper,3
2013,thiel,Thiel,3
2013,thiele,Thiele,3
2013,thohir,Thohir,3
2013,thompson,Thompson,3
2013,thomson,Thomson,3
2013,thon,Thon,3
2013,thongthan,Thongthan,3
2013,tihipko,Tihipko,3
2013,timchenko,Timchenko,3
2013,tiong,Tiong,3
2013,tisch,Tisch,3
2013,tong,Tong,3
2013,topbas,Topbas,3
2013,triguboff,Triguboff,3
2013,troitsky,Troitsky,3
2013,troutt,Troutt,3
2013,trump,Trump,3
2013,tsai,Tsai,3
2013,tschira,Tschira,3
2013,tseng,Tseng,3
2013,tshuva,Tshuva,3
2013,tsikalyuk,Tsikalyuk,3
2013,tsvetkov,Tsvetkov,3
2013,tu,Tu,3
2013,tung,Tung,3
2013,turnauer,Turnauer,3
2013,turner,Turner,3
2013,ty,Ty,3
2013,udvar-hazy,Udvar-Hazy,3
2013,ulker,Ulker,3
2013,ulukaya,Ulukaya,3
2013,unger,Unger,3
2013,usmanov,Usmanov,3
2013,utemuratov,Utemuratov,3
2013,van-den-ende,van den Ende,3
2013,van-lieshout,Van Lieshout,3
2013,vargi,Vargi,3
2013,vekselberg,Vekselberg,3
2013,verevskiy,Verevskiy,3
2013,veronesi,Veronesi,3
2013,viessmann,Viessmann,3
2013,vigil-gonzalez,Vigil Gonzalez,3
2013,vijitpongpun,Vijitpongpun,3
2013,villar-mir,Villar Mir,3
2013,virwani,Virwani,3
2013,volozh,Volozh,3
2013,von-bechtolsheim,von Bechtolsheim,3
2013,von-finck,von Finck,3
2013,von-holtzbrinck,von Holtzbrinck,3
2013,von-opel,von Opel,3
2013,von-thurn-und-taxis,von Thurn und Taxis,3
2013,vuong,Vuong,3
2013,wadhwani,Wadhwani,3
2013,wagner,Wagner,3
2013,walker,Walker,3
2013,walton,Walton,3
2013,wang,Wang,3
2013,warner,Warner,3
2013,warren,Warren,3
2013,washington,Washington,3
2013,weber,Weber,3
2013,wee,Wee,3
2013,wei,Wei,3
2013,wen,Wen,3
2013,wenchi-chen,Wenchi Chen,3
2013,wertheimer,Wertheimer,3
2013,weston,Weston,3
2013,wexner,Wexner,3
2013,white,White,3
2013,whitman,Whitman,3
2013,whittaker,Whittaker,3
2013,wiese,Wiese,3
2013,wilhelmsen,Wilhelmsen,3
2013,wilks,Wilks,3
2013,williams,Williams,3
2013,wilson,Wilson,3
2013,winfrey,Winfrey,3
2013,wlaschek,Wlaschek,3
2013,wobben,Wobben,3
2013,wong,Wong,3
2013,woo,Woo,3
2013,woodman,Woodman,3
2013,wrigley,Wrigley,3
2013,wu,Wu,3
2013,wurth,Wurth,3
2013,wynn,Wynn,3
2013,wyss,Wyss,3
2013,xiang,Xiang,3
2013,xiong,Xiong,3
2013,yamauchi,Yamauchi,3
2013,yan,Yan,3
2013,yanai,Yanai,3
2013,yang,Yang,3
2013,yarur-rey,Yarur Rey,3
2013,yasuda,Yasuda,3
2013,yazici,Yazici,3
2013,yemen-rep,Yemen,3
2013,yeoh,Yeoh,3
2013,yeung,Yeung,3
2013,yevtushenkov,Yevtushenkov,3
2013,yin,Yin,3
2013,ying,Ying,3
2013,york,York,3
2013,yuengling,Yuengling,3
2013,yung,Yung,3
2013,yushvaev,Yushvaev,3
2013,yusuff-ali,Yusuff Ali,3
2013,zakay,Zakay,3
2013,zan,Zan,3
2013,zegar,Zegar,3
2013,zell,Zell,3
2013,zhang,Zhang,3
2013,zhevago,Zhevago,3
2013,zhong,Zhong,3
2013,zhou,Zhou,3
2013,zhu,Zhu,3
2013,ziff,Ziff,3
2013,zong,Zong,3
2013,zorlu,Zorlu,3
2013,zucker,Zucker,3
2013,zuckerberg,Zuckerberg,3
2013,zuckerman,Zuckerman,3
2013,zyuzin,Zyuzin,3
2014,abello,Abello,3
2014,abraham,Abraham,3
2014,abramov,Abramov,3
2014,abramovich,Abramovich,3
2014,abyzov,Abyzov,3
2014,ackman,Ackman,3
2014,acton,Acton,3
2014,adams,Adams,3
2014,adani,Adani,3
2014,adderley,Adderley,3
2014,adelson,Adelson,3
2014,adenuga,Adenuga,3
2014,agalarov,Agalarov,3
2014,agaoglu,Agaoglu,3
2014,agarwal,Agarwal,3
2014,aguiar,Aguiar,3
2014,ainsworth,Ainsworth,3
2014,akhannouch,Akhannouch,3
2014,akhmedov,Akhmedov,3
2014,akhmetov,Akhmetov,3
2014,al-amoudi,Al Amoudi,3
2014,al-barwani,Al Barwani,3
2014,al-bukhary,Al-Bukhary,3
2014,al-fayed,Al Fayed,3
2014,al-futtaim,Al Futtaim,3
2014,al-ghurair,Al Ghurair,3
2014,al-issa,Al Issa,3
2014,al-kabeer,Al Kabeer,3
2014,al-kharafi,Al-Kharafi,3
2014,al-rajhi,Al Rajhi,3
2014,alakija,Alakija,3
2014,albrecht,Albrecht,3
2014,alcocer,Alcocer,3
2014,alekperov,Alekperov,3
2014,alghanim,Alghanim,3
2014,allen,Allen,3
2014,alsaud,Alsaud,3
2014,altushkin,Altushkin,3
2014,alvarez,Alvarez,3
2014,alves-de-queiroz-filho,Alves de Queiroz Filho,3
2014,ambani,Ambani,3
2014,amorim,Amorim,3
2014,ananyev,Ananyev,3
2014,andic,Andic,3
2014,andrade,Andrade,3
2014,angelini-rossi,Angelini Rossi,3
2014,anisimov,Anisimov,3
2014,anschutz,Anschutz,3
2014,ansin,Ansin,3
2014,aponte,Aponte,3
2014,aramburuzabala,Aramburuzabala,3
2014,arango,Arango,3
2014,ardila-lulle,Ardila Lulle,3
2014,argyros,Argyros,3
2014,arison,Arison,3
2014,aristrain,Aristrain,3
2014,arkin,Arkin,3
2014,armani,Armani,3
2014,arnault,Arnault,3
2014,arnold,Arnold,3
2014,arrillaga,Arrillaga,3
2014,arsel,Arsel,3
2014,asfari,Asfari,3
2014,ashcroft,Ashcroft,3
2014,ashley,Ashley,3
2014,auchi,Auchi,3
2014,avara,Avara,3
2014,avdeev,Avdeev,3
2014,aven,Aven,3
2014,azcarraga-jean,Azcarraga Jean,3
2014,azizi,Azizi,3
2014,azrieli,Azrieli,3
2014,baba,Baba,3
2014,babis,Babis,3
2014,bacon,Bacon,3
2014,badinter,Badinter,3
2014,bailey,Bailey,3
2014,bailleres-gonzalez,Bailleres Gonzalez,3
2014,bajaj,Bajaj,3
2014,bakala,Bakala,3
2014,balakin,Balakin,3
2014,ballmer,Ballmer,3
2014,bamford,Bamford,3
2014,banga,Banga,3
2014,bangur,Bangur,3
2014,banuelos,Banuelos,3
2014,barclay,Barclay,3
2014,barnett,Barnett,3
2014,baron,Baron,3
2014,bass,Bass,3
2014,baturina,Baturina,3
2014,bauer,Bauer,3
2014,baus,Baus,3
2014,beal,Beal,3
2014,beard,Beard,3
2014,beaufour,Beaufour,3
2014,bechtel,Bechtel,3
2014,bekker,Bekker,3
2014,bellon,Bellon,3
2014,belmont-anderson,Belmont Anderson,3
2014,benetton,Benetton,3
2014,benioff,Benioff,3
2014,benjelloun,Benjelloun,3
2014,bennet,Bennet,3
2014,bennett,Bennett,3
2014,benson,Benson,3
2014,berggruen,Berggruen,3
2014,berlusconi,Berlusconi,3
2014,bertarelli,Bertarelli,3
2014,bertelli,Bertelli,3
2014,besnier,Besnier,3
2014,besnier-beauvalot,Besnier Beauvalot,3
2014,bettencourt,Bettencourt,3
2014,bezos,Bezos,3
2014,bhusri,Bhusri,3
2014,bino,Bino,3
2014,biondi,Biondi,3
2014,birla,Birla,3
2014,bisciotti,Bisciotti,3
2014,bishop,Bishop,3
2014,black,Black,3
2014,blakely,Blakely,3
2014,blank,Blank,3
2014,blavatnik,Blavatnik,3
2014,blocher,Blocher,3
2014,blokker,Blokker,3
2014,bloomberg,Bloomberg,3
2014,bluhm,Bluhm,3
2014,bogachev,Bogachev,3
2014,bogdanov,Bogdanov,3
2014,boholyubov,Boholyubov,3
2014,bokarev,Bokarev,3
2014,bollore,Bollore,3
2014,bombassei,Bombassei,3
2014,bonderman,Bonderman,3
2014,booth,Booth,3
2014,botin,Botin,3
2014,bouchard,Bouchard,3
2014,bouygues,Bouygues,3
2014,boyko,Boyko,3
2014,boyle,Boyle,3
2014,bozano,Bozano,3
2014,braman,Braman,3
2014,brandes,Brandes,3
2014,brandstaetter,Brandstaetter,3
2014,branson,Branson,3
2014,bren,Bren,3
2014,brescia-cafferata,Brescia Cafferata,3
2014,breyer,Breyer,3
2014,brin,Brin,3
2014,broad,Broad,3
2014,broermann,Broermann,3
2014,bronfman,Bronfman,3
2014,brown,Brown,3
2014,bruch,Bruch,3
2014,bucher-haefner,Bucher-Haefner,3
2014,buck,Buck,3
2014,buckeridge,Buckeridge,3
2014,buffett,Buffett,3
2014,bulgari,Bulgari,3
2014,bulgheroni,Bulgheroni,3
2014,burch,Burch,3
2014,burda,Burda,3
2014,burelle,Burelle,3
2014,burkle,Burkle,3
2014,burrell,Burrell,3
2014,busujima,Busujima,3
2014,butt,Butt,3
2014,cadogan,Cadogan,3
2014,cai,Cai,3
2014,calder,Calder,3
2014,calderon-rojas,Calderon Rojas,3
2014,calik,Calik,3
2014,caltagirone,Caltagirone,3
2014,camargo-de-arruda-botelho,Camargo de Arruda Botelho,3
2014,cao,Cao,3
2014,caprotti,Caprotti,3
2014,cargill,Cargill,3
2014,case,Case,3
2014,castel,Castel,3
2014,cathy,Cathy,3
2014,catsimatidis,Catsimatidis,3
2014,caudwell,Caudwell,3
2014,cayard,Cayard,3
2014,chaabi,Chaabi,3
2014,chaiyawan,Chaiyawan,3
2014,chalhoub,Chalhoub,3
2014,chamberlain,Chamberlain,3
2014,chambers,Chambers,3
2014,chan,Chan,3
2014,chandler,Chandler,3
2014,chandra,Chandra,3
2014,chang,Chang,3
2014,chao,Chao,3
2014,charney,Charney,3
2014,chaudhary,Chaudhary,3
2014,chearavanont,Chearavanont,3
2014,chen,Chen,3
2014,cheng,Cheng,3
2014,cheriton,Cheriton,3
2014,cherng,Cherng,3
2014,cheung,Cheung,3
2014,chey,Chey,3
2014,chilton-jr,Chilton Jr,3
2014,cho,Cho,3
2014,chodiev,Chodiev,3
2014,choi,Choi,3
2014,choo,Choo,3
2014,chou,Chou,3
2014,chow,Chow,3
2014,chu,Chu,3
2014,chung,Chung,3
2014,ciputra,Ciputra,3
2014,cisneros,Cisneros,3
2014,citrone,Citrone,3
2014,civita,Civita,3
2014,civita-neto,Civita Neto,3
2014,clark,Clark,3
2014,cline,Cline,3
2014,coates,Coates,3
2014,cohen,Cohen,3
2014,coleman,Coleman,3
2014,consunji,Consunji,3
2014,conway,Conway,3
2014,cook,Cook,3
2014,coombs,Coombs,3
2014,cooperman,Cooperman,3
2014,cortina,Cortina,3
2014,coulter,Coulter,3
2014,coutu,Coutu,3
2014,coyiuto,Coyiuto,3
2014,cuban,Cuban,3
2014,cucinelli,Cucinelli,3
2014,czarnecki,Czarnecki,3
2014,d-aniello,D'Aniello,3
2014,d-ornano,d'Ornano,3
2014,da-silva,da Silva,3
2014,dalio,Dalio,3
2014,dangermond,Dangermond,3
2014,dangote,Dangote,3
2014,dani,Dani,3
2014,dassault,Dassault,3
2014,dauphin,Dauphin,3
2014,davis,Davis,3
2014,de-azevedo,de Azevedo,3
2014,de-carvalho-heineken,de Carvalho-Heineken,3
2014,de-godoy-bueno,de Godoy Bueno,3
2014,de-lafuente-lacroze,de Lafuente Lacroze,3
2014,de-longhi,De'Longhi,3
2014,de-mattos-barretto-villela,de Mattos Barretto Villela,3
2014,de-mol,de Mol,3
2014,de-picciotto,de Picciotto,3
2014,de-rothschild,de Rothschild,3
2014,deason,Deason,3
2014,debartolo,DeBartolo,3
2014,decaux,Decaux,3
2014,deichmann,Deichmann,3
2014,dejoria,DeJoria,3
2014,del-pino-y-calvo-sotelo,Del Pino y Calvo-Sotelo,3
2014,del-valle-ruiz,Del Valle Ruiz,3
2014,del-vecchio,Del Vecchio,3
2014,dell,Dell,3
2014,della-valle,Della Valle,3
2014,deluca,DeLuca,3
2014,deripaska,Deripaska,3
2014,desai,Desai,3
2014,desmarais,Desmarais,3
2014,desmond,Desmond,3
2014,devos,DeVos,3
2014,dhoot,Dhoot,3
2014,dias-branco,Dias Branco,3
2014,dick,Dick,3
2014,diller,Diller,3
2014,dinan,Dinan,3
2014,dinesh,Dinesh,3
2014,ding,Ding,3
2014,diniz,Diniz,3
2014,divi,Divi,3
2014,dixon,Dixon,3
2014,doerr,Doerr,3
2014,dogan,Dogan,3
2014,dolan,Dolan,3
2014,dolby,Dolby,3
2014,dolce,Dolce,3
2014,dommermuth,Dommermuth,3
2014,doris,Doris,3
2014,dorrance,Dorrance,3
2014,dorsey,Dorsey,3
2014,dos-santos,dos Santos,3
2014,douglas,Douglas,3
2014,draexlmaier,Draexlmaier,3
2014,drahi,Drahi,3
2014,druckenmiller,Druckenmiller,3
2014,du,Du,3
2014,dubin,Dubin,3
2014,duffield,Duffield,3
2014,duggan,Duggan,3
2014,duncan,Duncan,3
2014,dunstone,Dunstone,3
2014,dyson,Dyson,3
2014,dzhaparidze,Dzhaparidze,3
2014,ecclestone,Ecclestone,3
2014,eczacibasi,Eczacibasi,3
2014,edson,Edson,3
2014,edwards,Edwards,3
2014,egydio-arruda-villela-filho,Egydio Arruda Villela Filho,3
2014,einhorn,Einhorn,3
2014,eliahu,Eliahu,3
2014,ell,Ell,3
2014,ellison,Ellison,3
2014,elman,Elman,3
2014,emmerson,Emmerson,3
2014,engelhardt,Engelhardt,3
2014,engelhorn,Engelhorn,3
2014,englander,Englander,3
2014,erbey,Erbey,3
2014,ergen,Ergen,3
2014,ermirio-de-moraes,Ermirio de Moraes,3
2014,ermirio-de-moraes-neto,Ermirio de Moraes Neto,3
2014,escarrer,Escarrer,3
2014,escotet,Escotet,3
2014,esteves,Esteves,3
2014,eurnekian,Eurnekian,3
2014,falcone,Falcone,3
2014,fang,Fang,3
2014,farber,Farber,3
2014,faria,Faria,3
2014,faulkner,Faulkner,3
2014,fayat,Fayat,3
2014,fedun,Fedun,3
2014,feld,Feld,3
2014,feng,Feng,3
2014,ferrero,Ferrero,3
2014,fertitta,Fertitta,3
2014,fetisov,Fetisov,3
2014,fidani,Fidani,3
2014,fielmann,Fielmann,3
2014,filatov,Filatov,3
2014,filo,Filo,3
2014,fisher,Fisher,3
2014,fong-yun-wah,Fong Yun Wah,3
2014,fontbona,Fontbona,3
2014,ford,Ford,3
2014,foriel-destezet,Foriel-Destezet,3
2014,forrest,Forrest,3
2014,foster,Foster,3
2014,fox,Fox,3
2014,france,France,3
2014,frantz,Frantz,3
2014,fredriksen,Fredriksen,3
2014,freier,Freier,3
2014,frere,Frere,3
2014,frey,Frey,3
2014,fridman,Fridman,3
2014,friedkin,Friedkin,3
2014,frist,Frist,3
2014,frolov,Frolov,3
2014,frost,Frost,3
2014,fu,Fu,3
2014,fukutake,Fukutake,3
2014,fung,Fung,3
2014,gabbana,Gabbana,3
2014,gabelli,Gabelli,3
2014,gage,Gage,3
2014,galchev,Galchev,3
2014,galitsky,Galitsky,3
2014,gandel,Gandel,3
2014,gandur,Gandur,3
2014,gao,Gao,3
2014,garavoglia,Garavoglia,3
2014,garfinkel,Garfinkel,3
2014,gates,Gates,3
2014,geffen,Geffen,3
2014,geiger,Geiger,3
2014,geminder,Geminder,3
2014,gerling,Gerling,3
2014,gerry,Gerry,3
2014,gertler,Gertler,3
2014,getty,Getty,3
2014,gilbert,Gilbert,3
2014,gilgan,Gilgan,3
2014,gilinski-bacal,Gilinski Bacal,3
2014,gittinger,Gittinger,3
2014,glasenberg,Glasenberg,3
2014,glazer,Glazer,3
2014,godrej,Godrej,3
2014,goh,Goh,3
2014,goi,Goi,3
2014,gokongwei,Gokongwei,3
2014,goldhar,Goldhar,3
2014,goldsbury,Goldsbury,3
2014,goldschmeding,Goldschmeding,3
2014,golisano,Golisano,3
2014,gonda-de-rivera,Gonda de Rivera,3
2014,gong,Gong,3
2014,goodnight,Goodnight,3
2014,gopalakrishnan,Gopalakrishnan,3
2014,gores,Gores,3
2014,gotianun,Gotianun,3
2014,gottesman,Gottesman,3
2014,gou,Gou,3
2014,gradin,Gradin,3
2014,graf,Graf,3
2014,graff,Graff,3
2014,gray,Gray,3
2014,green,Green,3
2014,greene,Greene,3
2014,grendene-bartelle,Grendene Bartelle,3
2014,grendys,Grendys,3
2014,grether,Grether,3
2014,griffin,Griffin,3
2014,grigorishin,Grigorishin,3
2014,gross,Gross,3
2014,grosvenor,Grosvenor,3
2014,gruzdev,Gruzdev,3
2014,gu,Gu,3
2014,gunal,Gunal,3
2014,gunsel,Gunsel,3
2014,guo,Guo,3
2014,gupta,Gupta,3
2014,gurbanoglu,Gurbanoglu,3
2014,guriev,Guriev,3
2014,gushchin,Gushchin,3
2014,gustavson,Gustavson,3
2014,gutseriev,Gutseriev,3
2014,haefner,Haefner,3
2014,hagen,Hagen,3
2014,hains,Hains,3
2014,haji-ioannou,Haji-Ioannou,3
2014,hall,Hall,3
2014,halle,Halle,3
2014,halvorsen,Halvorsen,3
2014,hamami,Hamami,3
2014,hamied,Hamied,3
2014,hamm,Hamm,3
2014,han,Han,3
2014,hank-rhon,Hank Rhon,3
2014,hankey,Hankey,3
2014,happel,Happel,3
2014,harding,Harding,3
2014,hargreaves,Hargreaves,3
2014,hariri,Hariri,3
2014,harmsworth,Harmsworth,3
2014,harp-helu,Harp Helu,3
2014,harris,Harris,3
2014,harrison,Harrison,3
2014,hart,Hart,3
2014,hartono,Hartono,3
2014,harvey,Harvey,3
2014,haslam,Haslam,3
2014,haub,Haub,3
2014,hawken,Hawken,3
2014,hayne,Hayne,3
2014,he,He,3
2014,headington,Headington,3
2014,hector,Hector,3
2014,helmig,Helmig,3
2014,hendricks,Hendricks,3
2014,henkel,Henkel,3
2014,henry,Henry,3
2014,herlin,Herlin,3
2014,hernandez-ramirez,Hernandez Ramirez,3
2014,herz,Herz,3
2014,herz-family,Herz & Family,3
2014,higgins,Higgins,3
2014,hildebrand,Hildebrand,3
2014,hillman,Hillman,3
2014,hinduja-brothers,Hinduja Brothers,3
2014,hintze,Hintze,3
2014,hiranandani,Hiranandani,3
2014,hirschfeld,Hirschfeld,3
2014,hirt-hagen,Hirt Hagen,3
2014,ho,Ho,3
2014,hoang,Hoang,3
2014,hochschild,Hochschild,3
2014,hoffman,Hoffman,3
2014,hohn,Hohn,3
2014,hong,Hong,3
2014,hopp,Hopp,3
2014,horejsi,Horejsi,3
2014,horn,Horn,3
2014,horten,Horten,3
2014,hostetter,Hostetter,3
2014,houston,Houston,3
2014,howard,Howard,3
2014,hsu,Hsu,3
2014,huang,Huang,3
2014,hubbard,Hubbard,3
2014,hughes,Hughes,3
2014,hui,Hui,3
2014,huizenga,Huizenga,3
2014,hult,Hult,3
2014,hungary,Hungary,3
2014,hunt,Hunt,3
2014,huntsman,Huntsman,3
2014,huo,Huo,3
2014,ibragimov,Ibragimov,3
2014,ibrahim,Ibrahim,3
2014,icahn,Icahn,3
2014,igel,Igel,3
2014,ilicak,Ilicak,3
2014,iliev,Iliev,3
2014,ilitch,Ilitch,3
2014,ingham,Ingham,3
2014,ingram,Ingram,3
2014,iorich,Iorich,3
2014,irani,Irani,3
2014,irsay,Irsay,3
2014,irving,Irving,3
2014,ito,Ito,3
2014,ivanishvili,Ivanishvili,3
2014,jacobs,Jacobs,3
2014,jacobson,Jacobson,3
2014,jagtiani,Jagtiani,3
2014,jaharis,Jaharis,3
2014,jain,Jain,3
2014,jaipuria,Jaipuria,3
2014,jamail,Jamail,3
2014,james,James,3
2014,jannard,Jannard,3
2014,jarislowsky,Jarislowsky,3
2014,jensen,Jensen,3
2014,jereissati,Jereissati,3
2014,jhunjhunwala,Jhunjhunwala,3
2014,jia,Jia,3
2014,jiang,Jiang,3
2014,jindal,Jindal,3
2014,jinnai,Jinnai,3
2014,johannson,Johannson,3
2014,johnson,Johnson,3
2014,johnson-leipold,Johnson-Leipold,3
2014,johnson-marquart,Johnson-Marquart,3
2014,jones,Jones,3
2014,joseph,Joseph,3
2014,jove,Jove,3
2014,joyce,Joyce,3
2014,justice,Justice,3
2014,kadoorie,Kadoorie,3
2014,kahn,Kahn,3
2014,kaiser,Kaiser,3
2014,kalsi,Kalsi,3
2014,kalyanaraman,Kalyanaraman,3
2014,kalyani,Kalyani,3
2014,kamel,Kamel,3
2014,kamenshchik,Kamenshchik,3
2014,kamprad,Kamprad,3
2014,kanjanapas,Kanjanapas,3
2014,kantor,Kantor,3
2014,kao,Kao,3
2014,kaplan,Kaplan,3
2014,kapoor,Kapoor,3
2014,karamehmet,Karamehmet,3
2014,karapetyan,Karapetyan,3
2014,karim,Karim,3
2014,karsh,Karsh,3
2014,kasprzak,Kasprzak,3
2014,kathrein,Kathrein,3
2014,katsiev,Katsiev,3
2014,katz,Katz,3
2014,kavanaugh,Kavanaugh,3
2014,kei,Kei,3
2014,keinath,Keinath,3
2014,kellerhals,Kellerhals,3
2014,kelley,Kelley,3
2014,kellner,Kellner,3
2014,kellogg,Kellogg,3
2014,kennedy,Kennedy,3
2014,kenya,Kenya,3
2014,kerimov,Kerimov,3
2014,kerkorian,Kerkorian,3
2014,kesaev,Kesaev,3
2014,khachaturov,Khachaturov,3
2014,khan,Khan,3
2014,khosla,Khosla,3
2014,kim,Kim,3
2014,kimmel,Kimmel,3
2014,kinder,Kinder,3
2014,kipp,Kipp,3
2014,kirac,Kirac,3
2014,kirk,Kirk,3
2014,kirkham,Kirkham,3
2014,kirsh,Kirsh,3
2014,kislov,Kislov,3
2014,klarman,Klarman,3
2014,klatten,Klatten,3
2014,klein,Klein,3
2014,klyamko,Klyamko,3
2014,knaster,Knaster,3
2014,knight,Knight,3
2014,koc,Koc,3
2014,koch,Koch,3
2014,kogan,Kogan,3
2014,koh,Koh,3
2014,kohler,Kohler,3
2014,kolomoyskyy,Kolomoyskyy,3
2014,komarek,Komarek,3
2014,kondrashev,Kondrashev,3
2014,koo,Koo,3
2014,koplowitz,Koplowitz,3
2014,kors,Kors,3
2014,korzhev,Korzhev,3
2014,kosiuk,Kosiuk,3
2014,kosogov,Kosogov,3
2014,kotak,Kotak,3
2014,koum,Koum,3
2014,kovalchuk,Kovalchuk,3
2014,kovner,Kovner,3
2014,kozitsyn,Kozitsyn,3
2014,kozuki,Kozuki,3
2014,kraft,Kraft,3
2014,krasny,Krasny,3
2014,kravis,Kravis,3
2014,krigsner,Krigsner,3
2014,krishnan,Krishnan,3
2014,kristiansen,Kristiansen,3
2014,kroenke,Kroenke,3
2014,kuehne,Kuehne,3
2014,kulczyk,Kulczyk,3
2014,kulibaev,Kulibaev,3
2014,kulibaeva,Kulibaeva,3
2014,kumar-kishin-rk,Kumar & Kishin RK,3
2014,kuok,Kuok,3
2014,kuzmichev,Kuzmichev,3
2014,kuzyaev,Kuzyaev,3
2014,kvetnoi,Kvetnoi,3
2014,kwee,Kwee,3
2014,kwek,Kwek,3
2014,kwok,Kwok,3
2014,ladreit-de-lacharriere,Ladreit de Lacharriere,3
2014,lal,Lal,3
2014,laliberte,Laliberte,3
2014,lam,Lam,3
2014,lampert,Lampert,3
2014,langes-swarovski,Langes-Swarovski,3
2014,langone,Langone,3
2014,lansdown,Lansdown,3
2014,lao-hernandez,Lao Hernandez,3
2014,larian,Larian,3
2014,larrea-mota-velasco,Larrea Mota Velasco,3
2014,larsen,Larsen,3
2014,lasry,Lasry,3
2014,latsis,Latsis,3
2014,lau,Lau,3
2014,lauder,Lauder,3
2014,lauder-zinterhofer,Lauder Zinterhofer,3
2014,lauren,Lauren,3
2014,laurie,Laurie,3
2014,law,Law,3
2014,le-duff,Le Duff,3
2014,leal,Leal,3
2014,leclercq,Leclercq,3
2014,lee,Lee,3
2014,lefkofsky,Lefkofsky,3
2014,lefrak,LeFrak,3
2014,lehmann,Lehmann,3
2014,lei,Lei,3
2014,leininger,Leininger,3
2014,leitner,Leitner,3
2014,lemann,Lemann,3
2014,leong,Leong,3
2014,leprino,Leprino,3
2014,lerner,Lerner,3
2014,leviev,Leviev,3
2014,lew,Lew,3
2014,lewis,Lewis,3
2014,li,Li,3
2014,liang,Liang,3
2014,liao,Liao,3
2014,liebmann,Liebmann,3
2014,lim,Lim,3
2014,lin,Lin,3
2014,lindemann,Lindemann,3
2014,lisin,Lisin,3
2014,liu,Liu,3
2014,livingstone,Livingstone,3
2014,llado-fernandez-urrutia,Llado Fernandez-Urrutia,3
2014,lo,Lo,3
2014,lodha,Lodha,3
2014,loeb,Loeb,3
2014,loh,Loh,3
2014,lohia,Lohia,3
2014,lomakin,Lomakin,3
2014,lorberbaum,Lorberbaum,3
2014,loro-piana,Loro Piana,3
2014,louis,Louis,3
2014,louis-dreyfus,Louis-Dreyfus,3
2014,louis-hansen,Louis-Hansen,3
2014,love,Love,3
2014,low-tuck,Low Tuck,3
2014,lowy,Lowy,3
2014,lozick,Lozick,3
2014,lucas,Lucas,3
2014,lui,Lui,3
2014,lundberg,Lundberg,3
2014,luo,Luo,3
2014,luxembourg,Luxembourg,3
2014,lynch,Lynch,3
2014,macaulay,Macaulay,3
2014,macedo,Macedo,3
2014,machkevich,Machkevich,3
2014,macmillan,MacMillan,3
2014,maezawa,Maezawa,3
2014,magness,Magness,3
2014,magomedov,Magomedov,3
2014,mahathir,Mahathir,3
2014,makarov,Makarov,3
2014,makhmudov,Makhmudov,3
2014,malone,Malone,3
2014,mamut,Mamut,3
2014,manasir,Manasir,3
2014,mandel,Mandel,3
2014,mann,Mann,3
2014,mansour,Mansour,3
2014,mansueto,Mansueto,3
2014,mantegazza,Mantegazza,3
2014,maran,Maran,3
2014,marcondes-penido-sant-anna,Marcondes Penido Sant'Anna,3
2014,marcus,Marcus,3
2014,marguerre,Marguerre,3
2014,marinho,Marinho,3
2014,marks,Marks,3
2014,marriott,Marriott,3
2014,mars,Mars,3
2014,marshall,Marshall,3
2014,martin,Martin,3
2014,martins,Martins,3
2014,martullo-blocher,Martullo-Blocher,3
2014,mata-pires,Mata Pires,3
2014,mate,Mate,3
2014,mateschitz,Mateschitz,3
2014,mathile,Mathile,3
2014,matte,Matte,3
2014,maximov,Maximov,3
2014,mazepin,Mazepin,3
2014,mccaw,McCaw,3
2014,mccombs,McCombs,3
2014,mcgovern,McGovern,3
2014,mclane,McLane,3
2014,mcmahon,McMahon,3
2014,mcnair,McNair,3
2014,meijer,Meijer,3
2014,meister,Meister,3
2014,melchers,Melchers,3
2014,melnichenko,Melnichenko,3
2014,menard,Menard,3
2014,mendes-nogueira,Mendes Nogueira,3
2014,mendoza,Mendoza,3
2014,menin-teixeira-de-souza,Menin Teixeira de Souza,3
2014,menon,Menon,3
2014,merceron-vicat,Merceron-Vicat,3
2014,merckle,Merckle,3
2014,merieux,Merieux,3
2014,metropoulos,Metropoulos,3
2014,meyer,Meyer,3
2014,miao,Miao,3
2014,michel-suberville,Michel Suberville,3
2014,michelson,Michelson,3
2014,mikati,Mikati,3
2014,mikhelson,Mikhelson,3
2014,miki,Miki,3
2014,mikitani,Mikitani,3
2014,milchan,Milchan,3
2014,milek,Milek,3
2014,milken,Milken,3
2014,miller,Miller,3
2014,milner,Milner,3
2014,mints,Mints,3
2014,mishin,Mishin,3
2014,mistakidis,Mistakidis,3
2014,mistry,Mistry,3
2014,mittal,Mittal,3
2014,mo,Mo,3
2014,modi,Modi,3
2014,mohn,Mohn,3
2014,molchanov,Molchanov,3
2014,moll-filho,Moll Filho,3
2014,moncrief,Moncrief,3
2014,moore,Moore,3
2014,moraes,Moraes,3
2014,moraes-scripilliti,Moraes Scripilliti,3
2014,moratti,Moratti,3
2014,mordashov,Mordashov,3
2014,moreira-salles,Moreira Salles,3
2014,moreira-salles-junior,Moreira Salles Junior,3
2014,moreno,Moreno,3
2014,moretti-polegato,Moretti Polegato,3
2014,morgridge,Morgridge,3
2014,mori,Mori,3
2014,moritz,Moritz,3
2014,morocco,Morocco,3
2014,moroun,Moroun,3
2014,morris,Morris,3
2014,moshiri,Moshiri,3
2014,moshkovich,Moshkovich,3
2014,moskovitz,Moskovitz,3
2014,motsepe,Motsepe,3
2014,mueller,Mueller,3
2014,munger,Munger,3
2014,munjal,Munjal,3
2014,munot,Munot,3
2014,murdoch,Murdoch,3
2014,murdock,Murdock,3
2014,murthy,Murthy,3
2014,musk,Musk,3
2014,mutsoev,Mutsoev,3
2014,nacht,Nacht,3
2014,nadar,Nadar,3
2014,nagamori,Nagamori,3
2014,nahmad,Nahmad,3
2014,nan,Nan,3
2014,naoroji,Naoroji,3
2014,nascimento,Nascimento,3
2014,naughton,Naughton,3
2014,neilson,Neilson,3
2014,nelson,Nelson,3
2014,nesis,Nesis,3
2014,newell,Newell,3
2014,newhouse,Newhouse,3
2014,ni,Ni,3
2014,niarchos,Niarchos,3
2014,nicholas,Nicholas,3
2014,niculae,Niculae,3
2014,niel,Niel,3
2014,nigeria,Nigeria,3
2014,nikolaev,Nikolaev,3
2014,nilekani,Nilekani,3
2014,nisanov,Nisanov,3
2014,nitori,Nitori,3
2014,nordstrom,Nordstrom,3
2014,north-america,North America,3
2014,novinsky,Novinsky,3
2014,numavicius,Numavicius,3
2014,o-brien,O'Brien,3
2014,oberwelland,Oberwelland,3
2014,och,Och,3
2014,oeri,Oeri,3
2014,oetker,Oetker,3
2014,ofer,Ofer,3
2014,okada,Okada,3
2014,olenicoff,Olenicoff,3
2014,olsson,Olsson,3
2014,olsson-ericksson,Olsson Ericksson,3
2014,ometto-silveira-mello,Ometto Silveira Mello,3
2014,omidyar,Omidyar,3
2014,oppenheimer,Oppenheimer,3
2014,or,Or,3
2014,oringer,Oringer,3
2014,ortega,Ortega,3
2014,ortega-mera,Ortega Mera,3
2014,otto,Otto,3
2014,ozokur,Ozokur,3
2014,ozyegin,Ozyegin,3
2014,packer,Packer,3
2014,page,Page,3
2014,pai,Pai,3
2014,palfinger,Palfinger,3
2014,panama,Panama,3
2014,pang,Pang,3
2014,papillaud,Papillaud,3
2014,parisotto,Parisotto,3
2014,park,Park,3
2014,parker,Parker,3
2014,parry-okeden,Parry-Okeden,3
2014,parsons,Parsons,3
2014,patel,Patel,3
2014,patterson,Patterson,3
2014,pattison,Pattison,3
2014,paulmann,Paulmann,3
2014,paulsen,Paulsen,3
2014,paulson,Paulson,3
2014,peery,Peery,3
2014,pegula,Pegula,3
2014,peltz,Peltz,3
2014,penaloza-sandoval,Penaloza Sandoval,3
2014,penske,Penske,3
2014,pera,Pera,3
2014,perelman,Perelman,3
2014,perenchio,Perenchio,3
2014,peres,Peres,3
2014,perez,Perez,3
2014,perez-companc,Perez Companc,3
2014,perfetti,Perfetti,3
2014,perkins,Perkins,3
2014,perlmutter,Perlmutter,3
2014,perot,Perot,3
2014,perrodo,Perrodo,3
2014,perron,Perron,3
2014,persson,Persson,3
2014,pessina,Pessina,3
2014,peterffy,Peterffy,3
2014,peterson,Peterson,3
2014,petrov,Petrov,3
2014,piccinini,Piccinini,3
2014,pieper,Pieper,3
2014,pillai,Pillai,3
2014,pinault,Pinault,3
2014,pinchuk,Pinchuk,3
2014,pincus,Pincus,3
2014,pinera,Pinera,3
2014,piramal,Piramal,3
2014,pires-oliveira-dias,Pires Oliveira Dias,3
2014,plank,Plank,3
2014,platt,Platt,3
2014,plattner,Plattner,3
2014,pohl,Pohl,3
2014,pohl-stroher,Pohl-Stroher,3
2014,ponce,Ponce,3
2014,ponomarenko,Ponomarenko,3
2014,poo,Poo,3
2014,poonawalla,Poonawalla,3
2014,popov,Popov,3
2014,poroshenko,Poroshenko,3
2014,potanin,Potanin,3
2014,povlsen,Povlsen,3
2014,powell-jobs,Powell Jobs,3
2014,prada,Prada,3
2014,prasarttong-osoth,Prasarttong-Osoth,3
2014,pratt,Pratt,3
2014,premji,Premji,3
2014,price,Price,3
2014,pritzker,Pritzker,3
2014,prokhorov,Prokhorov,3
2014,pudwill,Pudwill,3
2014,puech,Puech,3
2014,pumpyansky,Pumpyansky,3
2014,putilov,Putilov,3
2014,qi,Qi,3
2014,qiu,Qiu,3
2014,quandt,Quandt,3
2014,que,Que,3
2014,quek,Quek,3
2014,rabiu,Rabiu,3
2014,rachmat,Rachmat,3
2014,ragon,Ragon,3
2014,raheja,Raheja,3
2014,rahimkulov,Rahimkulov,3
2014,rahr,Rahr,3
2014,rainwater,Rainwater,3
2014,rales,Rales,3
2014,ramsay,Ramsay,3
2014,rappoport,Rappoport,3
2014,rashnikov,Rashnikov,3
2014,ratanarak,Ratanarak,3
2014,ratcliffe,Ratcliffe,3
2014,rausing,Rausing,3
2014,razon,Razon,3
2014,rebrab,Rebrab,3
2014,redstone,Redstone,3
2014,rees-jones,Rees-Jones,3
2014,reimann,Reimann,3
2014,reimann-andersen,Reimann-Andersen,3
2014,reimann-ciardelli,Reimann-Ciardelli,3
2014,reimann-haas,Reimann-Haas,3
2014,reitan,Reitan,3
2014,rennert,Rennert,3
2014,resnick,Resnick,3
2014,reuben,Reuben,3
2014,revoredo,Revoredo,3
2014,reyes,Reyes,3
2014,riady,Riady,3
2014,riberas-mera,Riberas Mera,3
2014,rich,Rich,3
2014,ricketts,Ricketts,3
2014,riddell,Riddell,3
2014,rinehart,Rinehart,3
2014,rizzuto,Rizzuto,3
2014,robbins,Robbins,3
2014,roberts,Roberts,3
2014,robertson,Robertson,3
2014,rocca,Rocca,3
2014,rocha,Rocha,3
2014,rockefeller,Rockefeller,3
2014,rodriguez-pastor,Rodriguez-Pastor,3
2014,rodriguez-rodriguez,Rodriguez Rodriguez,3
2014,roemmers,Roemmers,3
2014,roig,Roig,3
2014,rokke,Rokke,3
2014,ron,Ron,3
2014,roski,Roski,3
2014,ross,Ross,3
2014,rossmann,Rossmann,3
2014,rosso,Rosso,3
2014,rotenberg,Rotenberg,3
2014,rothschild,Rothschild,3
2014,roullier,Roullier,3
2014,rovt,Rovt,3
2014,rowan,Rowan,3
2014,rowling,Rowling,3
2014,ruayrungruang,Ruayrungruang,3
2014,rubenstein,Rubenstein,3
2014,rubin,Rubin,3
2014,ruffin,Ruffin,3
2014,ruffini,Ruffini,3
2014,ruia,Ruia,3
2014,ruparelia,Ruparelia,3
2014,rupert,Rupert,3
2014,ryan,Ryan,3
2014,rybolovlev,Rybolovlev,3
2014,rydge,Rydge,3
2014,saad,Saad,3
2014,saade,Saade,3
2014,saban,Saban,3
2014,sacco,Sacco,3
2014,safra,Safra,3
2014,sagi,Sagi,3
2014,sahenk,Sahenk,3
2014,sahi,Sahi,3
2014,saieh-bendeck,Saieh Bendeck,3
2014,sainsbury,Sainsbury,3
2014,saji,Saji,3
2014,salinas-pliego,Salinas Pliego,3
2014,salini,Salini,3
2014,sall,Sall,3
2014,samueli,Samueli,3
2014,sandberg,Sandberg,3
2014,sandell,Sandell,3
2014,santo-domingo-davila,Santo Domingo Davila,3
2014,saputo,Saputo,3
2014,sarkisov,Sarkisov,3
2014,sarmiento,Sarmiento,3
2014,sarofim,Sarofim,3
2014,satomi,Satomi,3
2014,saul,Saul,3
2014,saverin,Saverin,3
2014,sawiris,Sawiris,3
2014,scaife,Scaife,3
2014,schaeffler,Schaeffler,3
2014,scherbakov,Scherbakov,3
2014,schleifer,Schleifer,3
2014,schmidheiny,Schmidheiny,3
2014,schmidt,Schmidt,3
2014,schmidt-ruthenbeck,Schmidt-Ruthenbeck,3
2014,schmieding,Schmieding,3
2014,schnabel,Schnabel,3
2014,schoeller,Schoeller,3
2014,schorghuber,Schorghuber,3
2014,schorling,Schorling,3
2014,schroder,Schroder,3
2014,schultz,Schultz,3
2014,schulze,Schulze,3
2014,schusterman,Schusterman,3
2014,schwab,Schwab,3
2014,schwartz,Schwartz,3
2014,schwarz,Schwarz,3
2014,schwarzman,Schwarzman,3
2014,schweizer,Schweizer,3
2014,scott,Scott,3
2014,seabra,Seabra,3
2014,secunda,Secunda,3
2014,sedykh,Sedykh,3
2014,sefrioui,Sefrioui,3
2014,sehgal,Sehgal,3
2014,semin,Semin,3
2014,seo,Seo,3
2014,servier,Servier,3
2014,shaimiev,Shaimiev,3
2014,shanghvi,Shanghvi,3
2014,shani,Shani,3
2014,shao,Shao,3
2014,shaw,Shaw,3
2014,shen,Shen,3
2014,sherman,Sherman,3
2014,shetty,Shetty,3
2014,shi,Shi,3
2014,shigaboutdinov,Shigaboutdinov,3
2014,shigeta,Shigeta,3
2014,shin,Shin,3
2014,shinawatra,Shinawatra,3
2014,shoen,Shoen,3
2014,shriram,Shriram,3
2014,shvidler,Shvidler,3
2014,shwed,Shwed,3
2014,sicupira,Sicupira,3
2014,siebel,Siebel,3
2014,simanovsky,Simanovsky,3
2014,simon,Simon,3
2014,simons,Simons,3
2014,simonyi,Simonyi,3
2014,singal,Singal,3
2014,singer,Singer,3
2014,singh,Singh,3
2014,sirivadhanabhakdi,Sirivadhanabhakdi,3
2014,sit,Sit,3
2014,sitorus,Sitorus,3
2014,skoch,Skoch,3
2014,skoll,Skoll,3
2014,skorobogatko,Skorobogatko,3
2014,slaight,Slaight,3
2014,slim-helu,Slim Helu,3
2014,smith,Smith,3
2014,snyder,Snyder,3
2014,soares-dos-santos,Soares dos Santos,3
2014,sobrato,Sobrato,3
2014,soeryadjaya,Soeryadjaya,3
2014,sohmen,Sohmen,3
2014,solari-falabella-family,Solari Falabella & family,3
2014,solorz-zak,Solorz-Zak,3
2014,solow,Solow,3
2014,solowow,Solowow,3
2014,son,Son,3
2014,sondakh,Sondakh,3
2014,song,Song,3
2014,sonnenberg,Sonnenberg,3
2014,soon-shiong,Soon-Shiong,3
2014,soros,Soros,3
2014,south-america,South America,3
2014,southern,Southern,3
2014,spangler,Spangler,3
2014,spanos,Spanos,3
2014,sperling,Sperling,3
2014,speyer,Speyer,3
2014,spielberg,Spielberg,3
2014,springer,Springer,3
2014,srivaddhanaprabha,Srivaddhanaprabha,3
2014,stack,Stack,3
2014,steinbruch,Steinbruch,3
2014,steinhardt,Steinhardt,3
2014,steinmetz,Steinmetz,3
2014,stephens,Stephens,3
2014,sterling,Sterling,3
2014,stern,Stern,3
2014,stevens,Stevens,3
2014,steyer,Steyer,3
2014,stine,Stine,3
2014,stokes,Stokes,3
2014,stolt-nielsen,Stolt-Nielsen,3
2014,stordalen,Stordalen,3
2014,stoschek,Stoschek,3
2014,straumann,Straumann,3
2014,stroher,Stroher,3
2014,stroll,Stroll,3
2014,stronach,Stronach,3
2014,struengmann,Struengmann,3
2014,stryker,Stryker,3
2014,suh,Suh,3
2014,sulteev,Sulteev,3
2014,sun,Sun,3
2014,sutanto,Sutanto,3
2014,sutton,Sutton,3
2014,svetakov,Svetakov,3
2014,swieca,Swieca,3
2014,switzerland,Switzerland,3
2014,syrian-arab-republic,Syria,3
2014,sze,Sze,3
2014,tada,Tada,3
2014,tahir,Tahir,3
2014,takahara,Takahara,3
2014,takizaki,Takizaki,3
2014,tan,Tan,3
2014,tan-caktiong,Tan Caktiong,3
2014,tan-chee-sing,Tan Chee Sing,3
2014,tanaka,Tanaka,3
2014,tang,Tang,3
2014,tanjung,Tanjung,3
2014,tanoesoedibjo,Tanoesoedibjo,3
2014,tanoto,Tanoto,3
2014,tara,Tara,3
2014,taravella,Taravella,3
2014,tariko,Tariko,3
2014,taubman,Taubman,3
2014,taylor,Taylor,3
2014,teel,Teel,3
2014,teh,Teh,3
2014,telles,Telles,3
2014,tepper,Tepper,3
2014,thiel,Thiel,3
2014,thiele,Thiele,3
2014,thompson,Thompson,3
2014,thomson,Thomson,3
2014,tian,Tian,3
2014,tihipko,Tihipko,3
2014,timchenko,Timchenko,3
2014,tinkov,Tinkov,3
2014,tiong,Tiong,3
2014,tisch,Tisch,3
2014,tong,Tong,3
2014,topbas,Topbas,3
2014,tornqvist,Tornqvist,3
2014,triguboff,Triguboff,3
2014,troitsky,Troitsky,3
2014,troutt,Troutt,3
2014,trump,Trump,3
2014,tsai,Tsai,3
2014,tschira,Tschira,3
2014,tseng,Tseng,3
2014,tshuva,Tshuva,3
2014,tsikalyuk,Tsikalyuk,3
2014,tsvetkov,Tsvetkov,3
2014,tu,Tu,3
2014,tuchman,Tuchman,3
2014,tung,Tung,3
2014,turnauer,Turnauer,3
2014,turner,Turner,3
2014,ty,Ty,3
2014,tykac,Tykac,3
2014,udvar-hazy,Udvar-Hazy,3
2014,uehara,Uehara,3
2014,ulker,Ulker,3
2014,ulukaya,Ulukaya,3
2014,unger,Unger,3
2014,upatkoon,Upatkoon,3
2014,usmanov,Usmanov,3
2014,utemuratov,Utemuratov,3
2014,vadon,Vadon,3
2014,van-den-ende,van den Ende,3
2014,van-lieshout,Van Lieshout,3
2014,vargi,Vargi,3
2014,varkey,Varkey,3
2014,vekselberg,Vekselberg,3
2014,veronesi,Veronesi,3
2014,viessmann,Viessmann,3
2014,vigil-gonzalez,Vigil Gonzalez,3
2014,vijitpongpun,Vijitpongpun,3
2014,vik,Vik,3
2014,villar-mir,Villar Mir,3
2014,virwani,Virwani,3
2014,vitek,Vitek,3
2014,voigt,Voigt,3
2014,volozh,Volozh,3
2014,von-bechtolsheim,von Bechtolsheim,3
2014,von-finck,von Finck,3
2014,von-holtzbrinck,von Holtzbrinck,3
2014,von-opel,von Opel,3
2014,von-thurn-und-taxis,von Thurn und Taxis,3
2014,vuong,Vuong,3
2014,wadhwani,Wadhwani,3
2014,wagner,Wagner,3
2014,waislitz,Waislitz,3
2014,walentas,Walentas,3
2014,walker,Walker,3
2014,walsh,Walsh,3
2014,walton,Walton,3
2014,wanek,Wanek,3
2014,wang,Wang,3
2014,warner,Warner,3
2014,warren,Warren,3
2014,washington,Washington,3
2014,weber,Weber,3
2014,wee,Wee,3
2014,wei,Wei,3
2014,wen,Wen,3
2014,werninghaus,Werninghaus,3
2014,wertheimer,Wertheimer,3
2014,weston,Weston,3
2014,wexner,Wexner,3
2014,white,White,3
2014,whitman,Whitman,3
2014,whittaker,Whittaker,3
2014,wiese,Wiese,3
2014,wild,Wild,3
2014,wilhelmsen,Wilhelmsen,3
2014,wilks,Wilks,3
2014,williams,Williams,3
2014,wilson,Wilson,3
2014,winfrey,Winfrey,3
2014,wlaschek,Wlaschek,3
2014,wobben,Wobben,3
2014,wong,Wong,3
2014,woo,Woo,3
2014,wood,Wood,3
2014,woodman,Woodman,3
2014,wrigley,Wrigley,3
2014,wu,Wu,3
2014,wuerth,Wuerth,3
2014,wynn,Wynn,3
2014,wyss,Wyss,3
2014,xiong,Xiong,3
2014,xue,Xue,3
2014,yakobashvili,Yakobashvili,3
2014,yan,Yan,3
2014,yanai,Yanai,3
2014,yang,Yang,3
2014,yao,Yao,3
2014,yarur-rey,Yarur Rey,3
2014,yasuda,Yasuda,3
2014,yemen-rep,Yemen,3
2014,yeoh,Yeoh,3
2014,yeung,Yeung,3
2014,yevtushenkov,Yevtushenkov,3
2014,yin,Yin,3
2014,ying,Ying,3
2014,york,York,3
2014,yu,Yu,3
2014,yuengling,Yuengling,3
2014,yushvaev,Yushvaev,3
2014,yusuff-ali,Yusuff Ali,3
2014,zakay,Zakay,3
2014,zegar,Zegar,3
2014,zell,Zell,3
2014,zhang,Zhang,3
2014,zhevago,Zhevago,3
2014,zhong,Zhong,3
2014,zhou,Zhou,3
2014,zhu,Zhu,3
2014,ziff,Ziff,3
2014,zong,Zong,3
2014,zorlu,Zorlu,3
2014,zucker,Zucker,3
2014,zuckerberg,Zuckerberg,3
2014,zuckerman,Zuckerman,3
2015,aarnio-wihuri,Aarnio-Wihuri,3
2015,abello,Abello,3
2015,abraham,Abraham,3
2015,abramov,Abramov,3
2015,abramovich,Abramovich,3
2015,ackman,Ackman,3
2015,acton,Acton,3
2015,adani,Adani,3
2015,adderley,Adderley,3
2015,adelson,Adelson,3
2015,adenuga,Adenuga,3
2015,aga,Aga,3
2015,agalarov,Agalarov,3
2015,agaoglu,Agaoglu,3
2015,agarwal,Agarwal,3
2015,aguiar,Aguiar,3
2015,ahunai,Ahunai,3
2015,ainsworth,Ainsworth,3
2015,akhannouch,Akhannouch,3
2015,akhmedov,Akhmedov,3
2015,akhmetov,Akhmetov,3
2015,al-amoudi,Al Amoudi,3
2015,al-barwani,Al Barwani,3
2015,al-fayed,Al Fayed,3
2015,al-futtaim,Al Futtaim,3
2015,al-ghurair,Al Ghurair,3
2015,al-issa,Al Issa,3
2015,al-kabeer,Al Kabeer,3
2015,al-kharafi,Al-Kharafi,3
2015,al-rajhi,Al Rajhi,3
2015,alakija,Alakija,3
2015,albrecht,Albrecht,3
2015,albrecht-jr,Albrecht Jr.,3
2015,albukhary,AlBukhary,3
2015,alcocer,Alcocer,3
2015,alekperov,Alekperov,3
2015,alexander,Alexander,3
2015,alghanim,Alghanim,3
2015,alhokair,Alhokair,3
2015,allen,Allen,3
2015,alsaud,Alsaud,3
2015,alter,Alter,3
2015,altrad,Altrad,3
2015,altushkin,Altushkin,3
2015,alves-de-queiroz-filho,Alves de Queiroz Filho,3
2015,ambani,Ambani,3
2015,amorim,Amorim,3
2015,ananyev,Ananyev,3
2015,andic,Andic,3
2015,andrade,Andrade,3
2015,angelini-rossi,Angelini Rossi,3
2015,anisimov,Anisimov,3
2015,anschutz,Anschutz,3
2015,ansin,Ansin,3
2015,aponte,Aponte,3
2015,aramburuzabala,Aramburuzabala,3
2015,arango,Arango,3
2015,ardila-lulle,Ardila Lulle,3
2015,argyros,Argyros,3
2015,arison,Arison,3
2015,arkin,Arkin,3
2015,armani,Armani,3
2015,arnault,Arnault,3
2015,arnold,Arnold,3
2015,arrillaga,Arrillaga,3
2015,arsel,Arsel,3
2015,asfari,Asfari,3
2015,ashcroft,Ashcroft,3
2015,ashley,Ashley,3
2015,auerbach,Auerbach,3
2015,austin,Austin,3
2015,avara,Avara,3
2015,avdeev,Avdeev,3
2015,aven,Aven,3
2015,aydinlar,Aydinlar,3
2015,azcarraga-jean,Azcarraga Jean,3
2015,azizi,Azizi,3
2015,baba,Baba,3
2015,babis,Babis,3
2015,bacon,Bacon,3
2015,badinter,Badinter,3
2015,bailey,Bailey,3
2015,bailleres-gonzalez,Bailleres Gonzalez,3
2015,bajaj,Bajaj,3
2015,bakeri,Bakeri,3
2015,balakin,Balakin,3
2015,ballmer,Ballmer,3
2015,bamford,Bamford,3
2015,bangur,Bangur,3
2015,barclay,Barclay,3
2015,barnett,Barnett,3
2015,baron,Baron,3
2015,basaran,Basaran,3
2015,bass,Bass,3
2015,baturina,Baturina,3
2015,bauer,Bauer,3
2015,baumann-blocher,Baumann-Blocher,3
2015,baus,Baus,3
2015,beal,Beal,3
2015,beard,Beard,3
2015,beaufour,Beaufour,3
2015,bechtel,Bechtel,3
2015,bekker,Bekker,3
2015,bellon,Bellon,3
2015,belmont-anderson,Belmont Anderson,3
2015,benetton,Benetton,3
2015,benioff,Benioff,3
2015,benjelloun,Benjelloun,3
2015,bennet,Bennet,3
2015,bensadoun,Bensadoun,3
2015,benson,Benson,3
2015,berggruen,Berggruen,3
2015,berkley,Berkley,3
2015,berlusconi,Berlusconi,3
2015,berner,Berner,3
2015,bertarelli,Bertarelli,3
2015,bertelli,Bertelli,3
2015,besnier,Besnier,3
2015,besnier-beauvalot,Besnier Beauvalot,3
2015,bettencourt,Bettencourt,3
2015,bezos,Bezos,3
2015,bhusri,Bhusri,3
2015,billi,Billi,3
2015,biondi,Biondi,3
2015,birla,Birla,3
2015,bisciotti,Bisciotti,3
2015,bishop,Bishop,3
2015,bjorgolfsson,Bjorgolfsson,3
2015,black,Black,3
2015,blakely,Blakely,3
2015,blank,Blank,3
2015,blavatnik,Blavatnik,3
2015,blecharczyk,Blecharczyk,3
2015,blickle,Blickle,3
2015,blocher,Blocher,3
2015,bloomberg,Bloomberg,3
2015,bluhm,Bluhm,3
2015,bogachev,Bogachev,3
2015,bogdanov,Bogdanov,3
2015,boholyubov,Boholyubov,3
2015,bollore,Bollore,3
2015,bombassei,Bombassei,3
2015,bonderman,Bonderman,3
2015,booth,Booth,3
2015,boquoi,Boquoi,3
2015,botin,Botin,3
2015,bouchard,Bouchard,3
2015,bouygues,Bouygues,3
2015,boyd,Boyd,3
2015,boyko,Boyko,3
2015,boyle,Boyle,3
2015,bozano,Bozano,3
2015,braman,Braman,3
2015,brandes,Brandes,3
2015,brandstaetter,Brandstaetter,3
2015,branson,Branson,3
2015,bren,Bren,3
2015,brescia-cafferata,Brescia Cafferata,3
2015,breyer,Breyer,3
2015,brin,Brin,3
2015,broad,Broad,3
2015,broermann,Broermann,3
2015,bronfman,Bronfman,3
2015,brown,Brown,3
2015,bruch,Bruch,3
2015,bucher-haefner,Bucher-Haefner,3
2015,buck,Buck,3
2015,buffett,Buffett,3
2015,buinov,Buinov,3
2015,bulgari,Bulgari,3
2015,bulgheroni,Bulgheroni,3
2015,burch,Burch,3
2015,burda,Burda,3
2015,burelle,Burelle,3
2015,burkle,Burkle,3
2015,burman,Burman,3
2015,burrell,Burrell,3
2015,busujima,Busujima,3
2015,butt,Butt,3
2015,cadogan,Cadogan,3
2015,cai,Cai,3
2015,calder,Calder,3
2015,calderon-rojas,Calderon Rojas,3
2015,calik,Calik,3
2015,caltagirone,Caltagirone,3
2015,camargo-de-arruda-botelho,Camargo de Arruda Botelho,3
2015,camp,Camp,3
2015,cannon-brookes,Cannon-Brookes,3
2015,cao,Cao,3
2015,caprotti,Caprotti,3
2015,cargill,Cargill,3
2015,carmignac,Carmignac,3
2015,case,Case,3
2015,casiraghi,Casiraghi,3
2015,castel,Castel,3
2015,cathy,Cathy,3
2015,catsimatidis,Catsimatidis,3
2015,caudwell,Caudwell,3
2015,cayard,Cayard,3
2015,chaabi,Chaabi,3
2015,chaiyawan,Chaiyawan,3
2015,chalhoub,Chalhoub,3
2015,chamberlain,Chamberlain,3
2015,chambers,Chambers,3
2015,chan,Chan,3
2015,chandler,Chandler,3
2015,chandra,Chandra,3
2015,chang,Chang,3
2015,chao,Chao,3
2015,charney,Charney,3
2015,chaudhary,Chaudhary,3
2015,chearavanont,Chearavanont,3
2015,chen,Chen,3
2015,cheng,Cheng,3
2015,cheriton,Cheriton,3
2015,cherng,Cherng,3
2015,chesky,Chesky,3
2015,cheung,Cheung,3
2015,chey,Chey,3
2015,chiaravanont,Chiaravanont,3
2015,chilton-jr,Chilton Jr,3
2015,chin,Chin,3
2015,cho,Cho,3
2015,chodiev,Chodiev,3
2015,choi,Choi,3
2015,choo,Choo,3
2015,chou,Chou,3
2015,chu,Chu,3
2015,chua,Chua,3
2015,chudgar,Chudgar,3
2015,chung,Chung,3
2015,ciner,Ciner,3
2015,ciputra,Ciputra,3
2015,cisneros,Cisneros,3
2015,citrone,Citrone,3
2015,clark,Clark,3
2015,cline,Cline,3
2015,coates,Coates,3
2015,cohen,Cohen,3
2015,coleman,Coleman,3
2015,colombia,Colombia,3
2015,consunji,Consunji,3
2015,conway,Conway,3
2015,cook,Cook,3
2015,coombs,Coombs,3
2015,cooperman,Cooperman,3
2015,cortina,Cortina,3
2015,coulter,Coulter,3
2015,coutu,Coutu,3
2015,cowin,Cowin,3
2015,coyiuto,Coyiuto,3
2015,cremonini,Cremonini,3
2015,cuban,Cuban,3
2015,cucinelli,Cucinelli,3
2015,cui,Cui,3
2015,cutrale,Cutrale,3
2015,czarnecki,Czarnecki,3
2015,d-amours,D'Amours,3
2015,d-aniello,D'Aniello,3
2015,d-ornano,d'Ornano,3
2015,dai,Dai,3
2015,daitch,Daitch,3
2015,dalio,Dalio,3
2015,damen,Damen,3
2015,dangermond,Dangermond,3
2015,dangote,Dangote,3
2015,dani,Dani,3
2015,dassault,Dassault,3
2015,dauphin,Dauphin,3
2015,davis,Davis,3
2015,dawson,Dawson,3
2015,de-azevedo,de Azevedo,3
2015,de-carvalho-heineken,de Carvalho-Heineken,3
2015,de-godoy-bueno,de Godoy Bueno,3
2015,de-lafuente-lacroze,de Lafuente Lacroze,3
2015,de-longhi,De'Longhi,3
2015,de-mattos-barretto-villela,de Mattos Barretto Villela,3
2015,de-mol,de Mol,3
2015,de-picciotto,de Picciotto,3
2015,de-rothschild,de Rothschild,3
2015,deason,Deason,3
2015,debartolo,DeBartolo,3
2015,decaux,Decaux,3
2015,deichmann,Deichmann,3
2015,dejoria,DeJoria,3
2015,del-pino-y-calvo-sotelo,Del Pino y Calvo-Sotelo,3
2015,del-valle-ruiz,Del Valle Ruiz,3
2015,del-vecchio,Del Vecchio,3
2015,dell,Dell,3
2015,della-valle,Della Valle,3
2015,deluca,DeLuca,3
2015,denegri,Denegri,3
2015,deripaska,Deripaska,3
2015,desai,Desai,3
2015,desmond,Desmond,3
2015,devos,DeVos,3
2015,dewji,Dewji,3
2015,dhingra,Dhingra,3
2015,dhoot,Dhoot,3
2015,dias-branco,Dias Branco,3
2015,dick,Dick,3
2015,diethelm,Diethelm,3
2015,diller,Diller,3
2015,dinan,Dinan,3
2015,dinesh,Dinesh,3
2015,ding,Ding,3
2015,diniz,Diniz,3
2015,divi,Divi,3
2015,dixon,Dixon,3
2015,djojonegoro,Djojonegoro,3
2015,doerr,Doerr,3
2015,dogan,Dogan,3
2015,dolan,Dolan,3
2015,dolby,Dolby,3
2015,dolce,Dolce,3
2015,dommermuth,Dommermuth,3
2015,doris,Doris,3
2015,dorrance,Dorrance,3
2015,dorsey,Dorsey,3
2015,dos-santos,dos Santos,3
2015,douglas,Douglas,3
2015,draexlmaier,Draexlmaier,3
2015,drahi,Drahi,3
2015,druckenmiller,Druckenmiller,3
2015,du,Du,3
2015,dubin,Dubin,3
2015,duffield,Duffield,3
2015,duggan,Duggan,3
2015,duncan,Duncan,3
2015,dunstone,Dunstone,3
2015,dyson,Dyson,3
2015,dzhaparidze,Dzhaparidze,3
2015,ecclestone,Ecclestone,3
2015,eczacibasi,Eczacibasi,3
2015,edelstenne,Edelstenne,3
2015,edson,Edson,3
2015,edwards,Edwards,3
2015,egydio-arruda-villela-filho,Egydio Arruda Villela Filho,3
2015,egydio-villela,Egydio Villela,3
2015,einhorn,Einhorn,3
2015,eliahu,Eliahu,3
2015,ell,Ell,3
2015,ellison,Ellison,3
2015,elman,Elman,3
2015,emmerson,Emmerson,3
2015,engelhardt,Engelhardt,3
2015,engelhorn,Engelhorn,3
2015,englander,Englander,3
2015,ergen,Ergen,3
2015,escarrer,Escarrer,3
2015,escotet,Escotet,3
2015,esteves,Esteves,3
2015,eurnekian,Eurnekian,3
2015,fan,Fan,3
2015,fang,Fang,3
2015,farber,Farber,3
2015,faria,Faria,3
2015,farquhar,Farquhar,3
2015,faulkner,Faulkner,3
2015,fayat,Fayat,3
2015,fedun,Fedun,3
2015,fegel,Fegel,3
2015,feinberg,Feinberg,3
2015,feld,Feld,3
2015,feng,Feng,3
2015,fertitta,Fertitta,3
2015,fetisov,Fetisov,3
2015,fidani,Fidani,3
2015,fielmann,Fielmann,3
2015,filo,Filo,3
2015,fireman,Fireman,3
2015,firodia,Firodia,3
2015,fisher,Fisher,3
2015,fissolo,Fissolo,3
2015,flowers,Flowers,3
2015,fong,Fong,3
2015,fontbona,Fontbona,3
2015,ford,Ford,3
2015,foriel-destezet,Foriel-Destezet,3
2015,forrest,Forrest,3
2015,foster,Foster,3
2015,fox,Fox,3
2015,fraisse,Fraisse,3
2015,france,France,3
2015,frantz,Frantz,3
2015,fredriksen,Fredriksen,3
2015,freier,Freier,3
2015,frere,Frere,3
2015,frey,Frey,3
2015,fridman,Fridman,3
2015,friedkin,Friedkin,3
2015,frist,Frist,3
2015,frolov,Frolov,3
2015,frost,Frost,3
2015,fu,Fu,3
2015,fukutake,Fukutake,3
2015,fung,Fung,3
2015,gabbana,Gabbana,3
2015,gabelli,Gabelli,3
2015,gage,Gage,3
2015,galchev,Galchev,3
2015,galitsky,Galitsky,3
2015,gandel,Gandel,3
2015,gandur,Gandur,3
2015,gao,Gao,3
2015,gapontsev,Gapontsev,3
2015,garavoglia,Garavoglia,3
2015,garfinkel,Garfinkel,3
2015,gates,Gates,3
2015,gebbia,Gebbia,3
2015,geffen,Geffen,3
2015,gehlaut,Gehlaut,3
2015,geiger,Geiger,3
2015,gelpke,Gelpke,3
2015,geminder,Geminder,3
2015,geng,Geng,3
2015,gerling,Gerling,3
2015,gerry,Gerry,3
2015,gertler,Gertler,3
2015,getty,Getty,3
2015,gilbert,Gilbert,3
2015,gilgan,Gilgan,3
2015,gilinski-bacal,Gilinski Bacal,3
2015,gittinger,Gittinger,3
2015,glasenberg,Glasenberg,3
2015,godin,Godin,3
2015,godrej,Godrej,3
2015,goenka,Goenka,3
2015,goh,Goh,3
2015,goi,Goi,3
2015,gokongwei,Gokongwei,3
2015,goldhar,Goldhar,3
2015,goldsbury,Goldsbury,3
2015,goldschmeding,Goldschmeding,3
2015,golisano,Golisano,3
2015,gonda-de-rivera,Gonda de Rivera,3
2015,gong,Gong,3
2015,goodnight,Goodnight,3
2015,gopalakrishnan,Gopalakrishnan,3
2015,gores,Gores,3
2015,gottesman,Gottesman,3
2015,gou,Gou,3
2015,graf,Graf,3
2015,graff,Graff,3
2015,graves,Graves,3
2015,gray,Gray,3
2015,green,Green,3
2015,greene,Greene,3
2015,grendene-bartelle,Grendene Bartelle,3
2015,grendys,Grendys,3
2015,grether,Grether,3
2015,griffin,Griffin,3
2015,grigorishin,Grigorishin,3
2015,gross,Gross,3
2015,grossman,Grossman,3
2015,grosvenor,Grosvenor,3
2015,gruzdev,Gruzdev,3
2015,gu,Gu,3
2015,gunal,Gunal,3
2015,gundlach,Gundlach,3
2015,gunsel,Gunsel,3
2015,guo,Guo,3
2015,gupta,Gupta,3
2015,gurbanoglu,Gurbanoglu,3
2015,guriev,Guriev,3
2015,gushchin,Gushchin,3
2015,gustavson,Gustavson,3
2015,gutseriev,Gutseriev,3
2015,haefner,Haefner,3
2015,hagen,Hagen,3
2015,hains,Hains,3
2015,haji-ioannou,Haji-Ioannou,3
2015,hall,Hall,3
2015,halle,Halle,3
2015,halvorsen,Halvorsen,3
2015,hamami,Hamami,3
2015,hamied,Hamied,3
2015,hamilton,Hamilton,3
2015,hamm,Hamm,3
2015,han,Han,3
2015,hank-rhon,Hank Rhon,3
2015,hankey,Hankey,3
2015,happel,Happel,3
2015,harding,Harding,3
2015,hargreaves,Hargreaves,3
2015,hariri,Hariri,3
2015,harmsworth,Harmsworth,3
2015,harp-helu,Harp Helu,3
2015,harris,Harris,3
2015,hart,Hart,3
2015,hartono,Hartono,3
2015,harvey,Harvey,3
2015,hasenfratz,Hasenfratz,3
2015,haslam,Haslam,3
2015,hastings,Hastings,3
2015,haub,Haub,3
2015,hayne,Hayne,3
2015,he,He,3
2015,headington,Headington,3
2015,hector,Hector,3
2015,heinecke,Heinecke,3
2015,helmig,Helmig,3
2015,hendricks,Hendricks,3
2015,henkel,Henkel,3
2015,henry,Henry,3
2015,herlin,Herlin,3
2015,hernandez-ramirez,Hernandez Ramirez,3
2015,herrero,Herrero,3
2015,herz,Herz,3
2015,herz-family,Herz & Family,3
2015,higgins,Higgins,3
2015,hildebrand,Hildebrand,3
2015,hill,Hill,3
2015,hillman,Hillman,3
2015,hinduja,Hinduja,3
2015,hintze,Hintze,3
2015,hiranandani,Hiranandani,3
2015,hirschfeld,Hirschfeld,3
2015,hirt-hagen,Hirt Hagen,3
2015,ho,Ho,3
2015,hoang,Hoang,3
2015,hoffman,Hoffman,3
2015,holmes,Holmes,3
2015,hong,Hong,3
2015,hopp,Hopp,3
2015,horejsi,Horejsi,3
2015,horten,Horten,3
2015,hostetter,Hostetter,3
2015,houston,Houston,3
2015,howard,Howard,3
2015,hsu,Hsu,3
2015,huang,Huang,3
2015,hubbard,Hubbard,3
2015,hughes,Hughes,3
2015,hui,Hui,3
2015,huizenga,Huizenga,3
2015,hult,Hult,3
2015,hungary,Hungary,3
2015,hunt,Hunt,3
2015,huntsman,Huntsman,3
2015,huo,Huo,3
2015,ibragimov,Ibragimov,3
2015,ibrahim,Ibrahim,3
2015,icahn,Icahn,3
2015,igel,Igel,3
2015,ilicak,Ilicak,3
2015,iliev,Iliev,3
2015,ilitch,Ilitch,3
2015,illig,Illig,3
2015,ingram,Ingram,3
2015,irani,Irani,3
2015,irsay,Irsay,3
2015,irving,Irving,3
2015,ito,Ito,3
2015,ivanishvili,Ivanishvili,3
2015,jackman,Jackman,3
2015,jacobs,Jacobs,3
2015,jagtiani,Jagtiani,3
2015,jaharis,Jaharis,3
2015,jain,Jain,3
2015,jaipuria,Jaipuria,3
2015,jamail,Jamail,3
2015,james,James,3
2015,jannard,Jannard,3
2015,jarislowsky,Jarislowsky,3
2015,jhunjhunwala,Jhunjhunwala,3
2015,jia,Jia,3
2015,jiang,Jiang,3
2015,jindal,Jindal,3
2015,johannson,Johannson,3
2015,johnson,Johnson,3
2015,johnson-leipold,Johnson-Leipold,3
2015,johnson-marquart,Johnson-Marquart,3
2015,johnston,Johnston,3
2015,jones,Jones,3
2015,jordan,Jordan,3
2015,joseph,Joseph,3
2015,jove,Jove,3
2015,joyce,Joyce,3
2015,justice,Justice,3
2015,kadoorie,Kadoorie,3
2015,kahn,Kahn,3
2015,kaiser,Kaiser,3
2015,kalanick,Kalanick,3
2015,kalyanaraman,Kalyanaraman,3
2015,kalyani,Kalyani,3
2015,kamel,Kamel,3
2015,kamenshchik,Kamenshchik,3
2015,kamprad,Kamprad,3
2015,kan,Kan,3
2015,kanjanapas,Kanjanapas,3
2015,kantor,Kantor,3
2015,kao,Kao,3
2015,kaplan,Kaplan,3
2015,kapoor,Kapoor,3
2015,karamehmet,Karamehmet,3
2015,karapetyan,Karapetyan,3
2015,karim,Karim,3
2015,karp,Karp,3
2015,karsh,Karsh,3
2015,kasahara,Kasahara,3
2015,kaspersky,Kaspersky,3
2015,kataria,Kataria,3
2015,kathrein,Kathrein,3
2015,katsiev,Katsiev,3
2015,katz,Katz,3
2015,kavanaugh,Kavanaugh,3
2015,kei,Kei,3
2015,keinath,Keinath,3
2015,kellerhals,Kellerhals,3
2015,kelley,Kelley,3
2015,kellner,Kellner,3
2015,kellogg,Kellogg,3
2015,kennedy,Kennedy,3
2015,kenya,Kenya,3
2015,kerimov,Kerimov,3
2015,kerkorian,Kerkorian,3
2015,kesaev,Kesaev,3
2015,khachaturov,Khachaturov,3
2015,khan,Khan,3
2015,khorakiwala,Khorakiwala,3
2015,khosla,Khosla,3
2015,kim,Kim,3
2015,kimmel,Kimmel,3
2015,kinder,Kinder,3
2015,king,King,3
2015,kipp,Kipp,3
2015,kirac,Kirac,3
2015,kirk,Kirk,3
2015,kirsh,Kirsh,3
2015,klarman,Klarman,3
2015,klatten,Klatten,3
2015,klein,Klein,3
2015,knapp,Knapp,3
2015,knight,Knight,3
2015,koc,Koc,3
2015,koch,Koch,3
2015,koh,Koh,3
2015,kohler,Kohler,3
2015,kolomoyskyy,Kolomoyskyy,3
2015,komarek,Komarek,3
2015,kondrashev,Kondrashev,3
2015,koo,Koo,3
2015,koplowitz,Koplowitz,3
2015,kosiuk,Kosiuk,3
2015,kosogov,Kosogov,3
2015,kotak,Kotak,3
2015,koum,Koum,3
2015,kovner,Kovner,3
2015,kozitsyn,Kozitsyn,3
2015,kraft,Kraft,3
2015,krasny,Krasny,3
2015,kravis,Kravis,3
2015,krigsner,Krigsner,3
2015,krishnan,Krishnan,3
2015,kristiansen,Kristiansen,3
2015,kroenke,Kroenke,3
2015,kuehne,Kuehne,3
2015,kulczyk,Kulczyk,3
2015,kulibaev,Kulibaev,3
2015,kulibaeva,Kulibaeva,3
2015,kumar-kishin-rk,Kumar & Kishin RK,3
2015,kuok,Kuok,3
2015,kuzmichev,Kuzmichev,3
2015,kvetnoi,Kvetnoi,3
2015,kwee,Kwee,3
2015,kwek,Kwek,3
2015,kwok,Kwok,3
2015,kwon,Kwon,3
2015,ladreit-de-lacharriere,Ladreit de Lacharriere,3
2015,lal,Lal,3
2015,laliberte,Laliberte,3
2015,lam,Lam,3
2015,lampert,Lampert,3
2015,landini-aleotti,Landini Aleotti,3
2015,langone,Langone,3
2015,lansdown,Lansdown,3
2015,lao-hernandez,Lao Hernandez,3
2015,larrea-mota-velasco,Larrea Mota Velasco,3
2015,larsen,Larsen,3
2015,lasry,Lasry,3
2015,latsis,Latsis,3
2015,latvia,Latvia,3
2015,lau,Lau,3
2015,lauder,Lauder,3
2015,lauder-zinterhofer,Lauder Zinterhofer,3
2015,lauren,Lauren,3
2015,laurie,Laurie,3
2015,law,Law,3
2015,lazari,Lazari,3
2015,le-duff,Le Duff,3
2015,leclercq,Leclercq,3
2015,lee,Lee,3
2015,lefkofsky,Lefkofsky,3
2015,lefrak,LeFrak,3
2015,lehmann,Lehmann,3
2015,lei,Lei,3
2015,leininger,Leininger,3
2015,leitner,Leitner,3
2015,lemann,Lemann,3
2015,leone,Leone,3
2015,leong,Leong,3
2015,leprino,Leprino,3
2015,lerner,Lerner,3
2015,leviev,Leviev,3
2015,lew,Lew,3
2015,lewis,Lewis,3
2015,li,Li,3
2015,liang,Liang,3
2015,liao,Liao,3
2015,liebherr,Liebherr,3
2015,liebmann,Liebmann,3
2015,lim,Lim,3
2015,lin,Lin,3
2015,lindemann,Lindemann,3
2015,lisin,Lisin,3
2015,liu,Liu,3
2015,livingstone,Livingstone,3
2015,llado-fernandez-urrutia,Llado Fernandez-Urrutia,3
2015,lo,Lo,3
2015,locks,Locks,3
2015,lodha,Lodha,3
2015,loeb,Loeb,3
2015,loh,Loh,3
2015,lohia,Lohia,3
2015,lomakin,Lomakin,3
2015,lopez-estrada,Lopez Estrada,3
2015,lorberbaum,Lorberbaum,3
2015,loro-piana,Loro Piana,3
2015,lou,Lou,3
2015,louie,Louie,3
2015,louis,Louis,3
2015,louis-dreyfus,Louis-Dreyfus,3
2015,louis-hansen,Louis-Hansen,3
2015,love,Love,3
2015,low-tuck,Low Tuck,3
2015,lowy,Lowy,3
2015,lozick,Lozick,3
2015,lucas,Lucas,3
2015,lui,Lui,3
2015,lundberg,Lundberg,3
2015,luo,Luo,3
2015,lurie,Lurie,3
2015,lutsenko,Lutsenko,3
2015,luxembourg,Luxembourg,3
2015,lynch,Lynch,3
2015,maag,Maag,3
2015,macaulay,Macaulay,3
2015,macedo,Macedo,3
2015,machkevich,Machkevich,3
2015,macmillan,MacMillan,3
2015,maezawa,Maezawa,3
2015,magerko,Magerko,3
2015,maggi,Maggi,3
2015,magness,Magness,3
2015,mahindra,Mahindra,3
2015,makarov,Makarov,3
2015,makhmudov,Makhmudov,3
2015,malone,Malone,3
2015,mamut,Mamut,3
2015,manasir,Manasir,3
2015,mandel,Mandel,3
2015,mann,Mann,3
2015,mansour,Mansour,3
2015,mansueto,Mansueto,3
2015,mantegazza,Mantegazza,3
2015,maran,Maran,3
2015,marc,Marc,3
2015,marcondes-penido-sant-anna,Marcondes Penido Sant'Anna,3
2015,marcus,Marcus,3
2015,marguerre,Marguerre,3
2015,marinho,Marinho,3
2015,mariwala,Mariwala,3
2015,marks,Marks,3
2015,mars,Mars,3
2015,martin,Martin,3
2015,martullo-blocher,Martullo-Blocher,3
2015,mate,Mate,3
2015,mateschitz,Mateschitz,3
2015,mathile,Mathile,3
2015,matte,Matte,3
2015,maximov,Maximov,3
2015,mazepin,Mazepin,3
2015,mazumdar-shaw,Mazumdar-Shaw,3
2015,mcaulay,McAulay,3
2015,mccaw,McCaw,3
2015,mccombs,McCombs,3
2015,mclane,McLane,3
2015,mcmurtry,McMurtry,3
2015,mcnair,McNair,3
2015,mehta,Mehta,3
2015,meijer,Meijer,3
2015,meister,Meister,3
2015,melchers,Melchers,3
2015,melnichenko,Melnichenko,3
2015,menard,Menard,3
2015,mendoza,Mendoza,3
2015,menon,Menon,3
2015,merceron-vicat,Merceron-Vicat,3
2015,merckle,Merckle,3
2015,merieux,Merieux,3
2015,metropoulos,Metropoulos,3
2015,meyer,Meyer,3
2015,miao,Miao,3
2015,michel-suberville,Michel Suberville,3
2015,michelson,Michelson,3
2015,mikati,Mikati,3
2015,mikhelson,Mikhelson,3
2015,miki,Miki,3
2015,mikitani,Mikitani,3
2015,milchan,Milchan,3
2015,milek,Milek,3
2015,milken,Milken,3
2015,miller,Miller,3
2015,milner,Milner,3
2015,mints,Mints,3
2015,mistakidis,Mistakidis,3
2015,mistry,Mistry,3
2015,mittal,Mittal,3
2015,modi,Modi,3
2015,mohn,Mohn,3
2015,moll-filho,Moll Filho,3
2015,moopen,Moopen,3
2015,moore,Moore,3
2015,moraes,Moraes,3
2015,moraes-scripilliti,Moraes Scripilliti,3
2015,moratti,Moratti,3
2015,mordashov,Mordashov,3
2015,moreira-salles,Moreira Salles,3
2015,moreira-salles-junior,Moreira Salles Junior,3
2015,moreno,Moreno,3
2015,moretti-polegato,Moretti Polegato,3
2015,morgridge,Morgridge,3
2015,mori,Mori,3
2015,moritz,Moritz,3
2015,morocco,Morocco,3
2015,moroun,Moroun,3
2015,morris,Morris,3
2015,moshiri,Moshiri,3
2015,moshkovich,Moshkovich,3
2015,moskovitz,Moskovitz,3
2015,motsepe,Motsepe,3
2015,mouawad,Mouawad,3
2015,mueller,Mueller,3
2015,munger,Munger,3
2015,munjal,Munjal,3
2015,munot,Munot,3
2015,murdoch,Murdoch,3
2015,murdock,Murdock,3
2015,murphy,Murphy,3
2015,murthy,Murthy,3
2015,musk,Musk,3
2015,mutsoev,Mutsoev,3
2015,nacht,Nacht,3
2015,nadar,Nadar,3
2015,naeder,Naeder,3
2015,nagamori,Nagamori,3
2015,nahmad,Nahmad,3
2015,nan,Nan,3
2015,naoroji,Naoroji,3
2015,naouri,Naouri,3
2015,nascimento,Nascimento,3
2015,naughton,Naughton,3
2015,neilson,Neilson,3
2015,nelson,Nelson,3
2015,nesis,Nesis,3
2015,newell,Newell,3
2015,newhouse,Newhouse,3
2015,ni,Ni,3
2015,niarchos,Niarchos,3
2015,nicholas,Nicholas,3
2015,niculae,Niculae,3
2015,niel,Niel,3
2015,nigeria,Nigeria,3
2015,nilekani,Nilekani,3
2015,nisanov,Nisanov,3
2015,nitori,Nitori,3
2015,nolet,Nolet,3
2015,nordstrom,Nordstrom,3
2015,north-america,North America,3
2015,numavicius,Numavicius,3
2015,o-brien,O'Brien,3
2015,oberoi,Oberoi,3
2015,oberwelland,Oberwelland,3
2015,och,Och,3
2015,oei,Oei,3
2015,oeri,Oeri,3
2015,oetker,Oetker,3
2015,ofer,Ofer,3
2015,okada,Okada,3
2015,olenicoff,Olenicoff,3
2015,olsson,Olsson,3
2015,olsson-ericksson,Olsson Ericksson,3
2015,ometto-silveira-mello,Ometto Silveira Mello,3
2015,omidyar,Omidyar,3
2015,oppenheimer,Oppenheimer,3
2015,or,Or,3
2015,oringer,Oringer,3
2015,ortega,Ortega,3
2015,ortega-mera,Ortega Mera,3
2015,otedola,Otedola,3
2015,otto,Otto,3
2015,ou,Ou,3
2015,ozokur,Ozokur,3
2015,ozyegin,Ozyegin,3
2015,packer,Packer,3
2015,page,Page,3
2015,pai,Pai,3
2015,panama,Panama,3
2015,pang,Pang,3
2015,papillaud,Papillaud,3
2015,parisotto,Parisotto,3
2015,park,Park,3
2015,parker,Parker,3
2015,parry-okeden,Parry-Okeden,3
2015,parsons,Parsons,3
2015,patel,Patel,3
2015,patterson,Patterson,3
2015,pattison,Pattison,3
2015,paul,Paul,3
2015,paulmann,Paulmann,3
2015,paulsen,Paulsen,3
2015,paulson,Paulson,3
2015,pearson,Pearson,3
2015,peery,Peery,3
2015,pegula,Pegula,3
2015,peltz,Peltz,3
2015,penaloza-alanis,Penaloza Alanis,3
2015,penske,Penske,3
2015,pera,Pera,3
2015,perelman,Perelman,3
2015,perenchio,Perenchio,3
2015,peres,Peres,3
2015,perez,Perez,3
2015,perez-companc,Perez Companc,3
2015,perfetti,Perfetti,3
2015,perkins,Perkins,3
2015,perlmutter,Perlmutter,3
2015,perot,Perot,3
2015,perrodo,Perrodo,3
2015,perron,Perron,3
2015,persson,Persson,3
2015,pessina,Pessina,3
2015,peterffy,Peterffy,3
2015,peterson,Peterson,3
2015,piccinini,Piccinini,3
2015,pieper,Pieper,3
2015,pillai,Pillai,3
2015,pinault,Pinault,3
2015,pinchuk,Pinchuk,3
2015,pinera,Pinera,3
2015,piramal,Piramal,3
2015,pires-oliveira-dias,Pires Oliveira Dias,3
2015,pissollo,Pissollo,3
2015,plank,Plank,3
2015,platt,Platt,3
2015,plattner,Plattner,3
2015,pohl,Pohl,3
2015,pohl-stroher,Pohl-Stroher,3
2015,ponce,Ponce,3
2015,ponomarenko,Ponomarenko,3
2015,poo,Poo,3
2015,poonawalla,Poonawalla,3
2015,popov,Popov,3
2015,potanin,Potanin,3
2015,povlsen,Povlsen,3
2015,powell-jobs,Powell Jobs,3
2015,prada,Prada,3
2015,prasad,Prasad,3
2015,prasarttong-osoth,Prasarttong-Osoth,3
2015,pratt,Pratt,3
2015,prawiro,Prawiro,3
2015,premji,Premji,3
2015,prempree,Prempree,3
2015,preston,Preston,3
2015,price,Price,3
2015,pritzker,Pritzker,3
2015,prokhorov,Prokhorov,3
2015,pudwill,Pudwill,3
2015,puech,Puech,3
2015,qi,Qi,3
2015,qin,Qin,3
2015,qiu,Qiu,3
2015,quandt,Quandt,3
2015,que,Que,3
2015,quek,Quek,3
2015,rabiu,Rabiu,3
2015,rachmat,Rachmat,3
2015,ragon,Ragon,3
2015,raheja,Raheja,3
2015,rahr,Rahr,3
2015,rainwater,Rainwater,3
2015,rales,Rales,3
2015,rappoport,Rappoport,3
2015,rashnikov,Rashnikov,3
2015,ratanarak,Ratanarak,3
2015,ratcliffe,Ratcliffe,3
2015,rausing,Rausing,3
2015,razon,Razon,3
2015,rebrab,Rebrab,3
2015,reddy,Reddy,3
2015,redstone,Redstone,3
2015,rees-jones,Rees-Jones,3
2015,reimann,Reimann,3
2015,reimann-andersen,Reimann-Andersen,3
2015,reimann-ciardelli,Reimann-Ciardelli,3
2015,reimann-haas,Reimann-Haas,3
2015,reinsdorf,Reinsdorf,3
2015,reitan,Reitan,3
2015,ren,Ren,3
2015,rennert,Rennert,3
2015,resnick,Resnick,3
2015,ressler,Ressler,3
2015,reuben,Reuben,3
2015,revoredo,Revoredo,3
2015,reyes,Reyes,3
2015,riady,Riady,3
2015,ribeiro,Ribeiro,3
2015,rich,Rich,3
2015,ricketts,Ricketts,3
2015,riddell,Riddell,3
2015,rinehart,Rinehart,3
2015,rizzuto,Rizzuto,3
2015,robbins,Robbins,3
2015,roberts,Roberts,3
2015,robertson,Robertson,3
2015,robinson,Robinson,3
2015,rocca,Rocca,3
2015,rocha,Rocha,3
2015,rockefeller,Rockefeller,3
2015,rodriguez-pastor,Rodriguez-Pastor,3
2015,rodriguez-rodriguez,Rodriguez Rodriguez,3
2015,roemmers,Roemmers,3
2015,roig,Roig,3
2015,rokke,Rokke,3
2015,rollins,Rollins,3
2015,roosmale-nepveu,Roosmale Nepveu,3
2015,roski,Roski,3
2015,ross,Ross,3
2015,rossmann,Rossmann,3
2015,rosso,Rosso,3
2015,rotenberg,Rotenberg,3
2015,roth,Roth,3
2015,rothschild,Rothschild,3
2015,roullier,Roullier,3
2015,rovati,Rovati,3
2015,rovt,Rovt,3
2015,rowan,Rowan,3
2015,rowling,Rowling,3
2015,ruan,Ruan,3
2015,ruayrungruang,Ruayrungruang,3
2015,rubenstein,Rubenstein,3
2015,rubin,Rubin,3
2015,ruffin,Ruffin,3
2015,ruffini,Ruffini,3
2015,ruia,Ruia,3
2015,runwal,Runwal,3
2015,ruparelia,Ruparelia,3
2015,rupert,Rupert,3
2015,ryan,Ryan,3
2015,rybolovlev,Rybolovlev,3
2015,rydge,Rydge,3
2015,saad,Saad,3
2015,saade,Saade,3
2015,saban,Saban,3
2015,sabanci,Sabanci,3
2015,sabanci-dincer,Sabanci Dincer,3
2015,sacks,Sacks,3
2015,safra,Safra,3
2015,sagi,Sagi,3
2015,sahenk,Sahenk,3
2015,sahi,Sahi,3
2015,saieh-bendeck,Saieh Bendeck,3
2015,sainsbury,Sainsbury,3
2015,saji,Saji,3
2015,salinas-pliego,Salinas Pliego,3
2015,sall,Sall,3
2015,samueli,Samueli,3
2015,samwer,Samwer,3
2015,sanchez,Sanchez,3
2015,sandberg,Sandberg,3
2015,sandell,Sandell,3
2015,sankai,Sankai,3
2015,santo-domingo,Santo Domingo,3
2015,saputo,Saputo,3
2015,sariaatmadja,Sariaatmadja,3
2015,sarmiento,Sarmiento,3
2015,sarofim,Sarofim,3
2015,saul,Saul,3
2015,saverin,Saverin,3
2015,sawiris,Sawiris,3
2015,schaeffler,Schaeffler,3
2015,scheinberg,Scheinberg,3
2015,scheufele,Scheufele,3
2015,schleifer,Schleifer,3
2015,schlosberg,Schlosberg,3
2015,schmidheiny,Schmidheiny,3
2015,schmidt,Schmidt,3
2015,schmidt-ruthenbeck,Schmidt-Ruthenbeck,3
2015,schmieding,Schmieding,3
2015,schnabel,Schnabel,3
2015,schoeller,Schoeller,3
2015,schorghuber,Schorghuber,3
2015,schorling,Schorling,3
2015,schroder,Schroder,3
2015,schulenberg,Schulenberg,3
2015,schultz,Schultz,3
2015,schulze,Schulze,3
2015,schusterman,Schusterman,3
2015,schwab,Schwab,3
2015,schwartz,Schwartz,3
2015,schwarz,Schwarz,3
2015,schwarzman,Schwarzman,3
2015,schweizer,Schweizer,3
2015,scott,Scott,3
2015,seabra,Seabra,3
2015,secunda,Secunda,3
2015,sehgal,Sehgal,3
2015,seo,Seo,3
2015,shah,Shah,3
2015,shaimiev,Shaimiev,3
2015,shanghvi,Shanghvi,3
2015,shani,Shani,3
2015,shao,Shao,3
2015,shaw,Shaw,3
2015,shefler,Shefler,3
2015,shen,Shen,3
2015,sherman,Sherman,3
2015,shetty,Shetty,3
2015,shi,Shi,3
2015,shibulal,Shibulal,3
2015,shigaboutdinov,Shigaboutdinov,3
2015,shigeta,Shigeta,3
2015,shin,Shin,3
2015,shinawatra,Shinawatra,3
2015,shoen,Shoen,3
2015,shriram,Shriram,3
2015,shuai,Shuai,3
2015,shvidler,Shvidler,3
2015,shwed,Shwed,3
2015,sicupira,Sicupira,3
2015,siddhartha,Siddhartha,3
2015,siebel,Siebel,3
2015,sim,Sim,3
2015,simanovsky,Simanovsky,3
2015,simon,Simon,3
2015,simons,Simons,3
2015,simonyi,Simonyi,3
2015,singal,Singal,3
2015,singer,Singer,3
2015,singh,Singh,3
2015,sirivadhanabhakdi,Sirivadhanabhakdi,3
2015,sit,Sit,3
2015,sitorus,Sitorus,3
2015,skoch,Skoch,3
2015,skoll,Skoll,3
2015,skorobogatko,Skorobogatko,3
2015,slim-helu,Slim Helu,3
2015,smith,Smith,3
2015,snyder,Snyder,3
2015,soares-dos-santos,Soares dos Santos,3
2015,sobrato,Sobrato,3
2015,soderstrom,Soderstrom,3
2015,soeryadjaya,Soeryadjaya,3
2015,sohmen,Sohmen,3
2015,solari-falabella-family,Solari Falabella & family,3
2015,solorz-zak,Solorz-Zak,3
2015,solow,Solow,3
2015,solowow,Solowow,3
2015,son,Son,3
2015,sondakh,Sondakh,3
2015,song,Song,3
2015,sonnenberg,Sonnenberg,3
2015,soon-shiong,Soon-Shiong,3
2015,soros,Soros,3
2015,south-america,South America,3
2015,southern,Southern,3
2015,spangler,Spangler,3
2015,spanos,Spanos,3
2015,sperling,Sperling,3
2015,speyer,Speyer,3
2015,spiegel,Spiegel,3
2015,spielberg,Spielberg,3
2015,springer,Springer,3
2015,spuhler,Spuhler,3
2015,srivaddhanaprabha,Srivaddhanaprabha,3
2015,stack,Stack,3
2015,steinhardt,Steinhardt,3
2015,steinhoff,Steinhoff,3
2015,steinmetz,Steinmetz,3
2015,stephens,Stephens,3
2015,sterling,Sterling,3
2015,stern,Stern,3
2015,stevens,Stevens,3
2015,steyer,Steyer,3
2015,stiller,Stiller,3
2015,stine,Stine,3
2015,stitzer,Stitzer,3
2015,stokes,Stokes,3
2015,stordalen,Stordalen,3
2015,stoschek,Stoschek,3
2015,straumann,Straumann,3
2015,stroeher,Stroeher,3
2015,stroll,Stroll,3
2015,stronach,Stronach,3
2015,struengmann,Struengmann,3
2015,stryker,Stryker,3
2015,subianto,Subianto,3
2015,suh,Suh,3
2015,sulteev,Sulteev,3
2015,sun,Sun,3
2015,susanto,Susanto,3
2015,sutanto,Sutanto,3
2015,sutton,Sutton,3
2015,svetakov,Svetakov,3
2015,swieca,Swieca,3
2015,switzerland,Switzerland,3
2015,syrian-arab-republic,Syria,3
2015,sze,Sze,3
2015,tada,Tada,3
2015,tahir,Tahir,3
2015,takahara,Takahara,3
2015,takizaki,Takizaki,3
2015,tan,Tan,3
2015,tan-caktiong,Tan Caktiong,3
2015,tan-chee-sing,Tan Chee Sing,3
2015,tanaka,Tanaka,3
2015,tang,Tang,3
2015,tanjung,Tanjung,3
2015,tanner,Tanner,3
2015,tanoesoedibjo,Tanoesoedibjo,3
2015,tanoto,Tanoto,3
2015,tara,Tara,3
2015,taravella,Taravella,3
2015,tariko,Tariko,3
2015,taubman,Taubman,3
2015,taylor,Taylor,3
2015,teel,Teel,3
2015,teh,Teh,3
2015,telles,Telles,3
2015,tepper,Tepper,3
2015,tham,Tham,3
2015,thiel,Thiel,3
2015,thiele,Thiele,3
2015,thompson,Thompson,3
2015,thomson,Thomson,3
2015,thongtang,Thongtang,3
2015,tian,Tian,3
2015,timchenko,Timchenko,3
2015,tiong,Tiong,3
2015,tiriac,Tiriac,3
2015,tisch,Tisch,3
2015,toeller,Toeller,3
2015,toennies,Toennies,3
2015,tong,Tong,3
2015,toosbuy-kasprzak,Toosbuy Kasprzak,3
2015,topbas,Topbas,3
2015,tornqvist,Tornqvist,3
2015,triguboff,Triguboff,3
2015,troutt,Troutt,3
2015,trump,Trump,3
2015,tsai,Tsai,3
2015,tschira,Tschira,3
2015,tse,Tse,3
2015,tseng,Tseng,3
2015,tshuva,Tshuva,3
2015,tsvetkov,Tsvetkov,3
2015,tu,Tu,3
2015,tuchman,Tuchman,3
2015,tung,Tung,3
2015,turner,Turner,3
2015,ty,Ty,3
2015,tykac,Tykac,3
2015,tyson,Tyson,3
2015,udvar-hazy,Udvar-Hazy,3
2015,ulker,Ulker,3
2015,ulukaya,Ulukaya,3
2015,unger,Unger,3
2015,upatkoon,Upatkoon,3
2015,usmanov,Usmanov,3
2015,utemuratov,Utemuratov,3
2015,van-den-ende,van den Ende,3
2015,van-der-leegte,Van Der Leegte,3
2015,vargi,Vargi,3
2015,varkey,Varkey,3
2015,vekselberg,Vekselberg,3
2015,veronesi,Veronesi,3
2015,viessmann,Viessmann,3
2015,vigil-gonzalez,Vigil Gonzalez,3
2015,vijitpongpun,Vijitpongpun,3
2015,vik,Vik,3
2015,villar,Villar,3
2015,villar-mir,Villar Mir,3
2015,viola,Viola,3
2015,virwani,Virwani,3
2015,vitek,Vitek,3
2015,von-bechtolsheim,von Bechtolsheim,3
2015,von-finck,von Finck,3
2015,von-holtzbrinck,von Holtzbrinck,3
2015,von-opel,von Opel,3
2015,vuong,Vuong,3
2015,wadhwani,Wadhwani,3
2015,wagner,Wagner,3
2015,waislitz,Waislitz,3
2015,walentas,Walentas,3
2015,walker,Walker,3
2015,walter,Walter,3
2015,walton,Walton,3
2015,wan,Wan,3
2015,wanek,Wanek,3
2015,wang,Wang,3
2015,warner,Warner,3
2015,warren,Warren,3
2015,washington,Washington,3
2015,watsa,Watsa,3
2015,weber,Weber,3
2015,wee,Wee,3
2015,wei,Wei,3
2015,weill,Weill,3
2015,weiner,Weiner,3
2015,wen,Wen,3
2015,wertheimer,Wertheimer,3
2015,weston,Weston,3
2015,wexner,Wexner,3
2015,white,White,3
2015,whitman,Whitman,3
2015,whittaker,Whittaker,3
2015,wiese,Wiese,3
2015,wild,Wild,3
2015,wilhelmsen,Wilhelmsen,3
2015,wilks,Wilks,3
2015,williams,Williams,3
2015,wilson,Wilson,3
2015,winfrey,Winfrey,3
2015,wlaschek,Wlaschek,3
2015,wobben,Wobben,3
2015,wong,Wong,3
2015,woo,Woo,3
2015,wood,Wood,3
2015,woodman,Woodman,3
2015,wortmann,Wortmann,3
2015,wrigley,Wrigley,3
2015,wu,Wu,3
2015,wuerth,Wuerth,3
2015,wynn,Wynn,3
2015,wyss,Wyss,3
2015,xia,Xia,3
2015,xiao,Xiao,3
2015,xie,Xie,3
2015,xiong,Xiong,3
2015,xiu,Xiu,3
2015,xue,Xue,3
2015,yan,Yan,3
2015,yanai,Yanai,3
2015,yang,Yang,3
2015,yarbrough,Yarbrough,3
2015,yarur-rey,Yarur Rey,3
2015,yasuda,Yasuda,3
2015,yazici,Yazici,3
2015,yemen-rep,Yemen,3
2015,yeoh,Yeoh,3
2015,yeung,Yeung,3
2015,yevtushenkov,Yevtushenkov,3
2015,yi,Yi,3
2015,yin,Yin,3
2015,ying,Ying,3
2015,you,You,3
2015,young,Young,3
2015,yu,Yu,3
2015,yuan,Yuan,3
2015,yuengling,Yuengling,3
2015,yushvaev,Yushvaev,3
2015,yusuff-ali,Yusuff Ali,3
2015,zakay,Zakay,3
2015,zan,Zan,3
2015,zegar,Zegar,3
2015,zell,Zell,3
2015,zeller,Zeller,3
2015,zhang,Zhang,3
2015,zheng,Zheng,3
2015,zhong,Zhong,3
2015,zhou,Zhou,3
2015,zhu,Zhu,3
2015,ziff,Ziff,3
2015,zong,Zong,3
2015,zorlu,Zorlu,3
2015,zucker,Zucker,3
2015,zuckerberg,Zuckerberg,3
2015,zuckerman,Zuckerman,3
2016,aarnio-wihuri,Aarnio-Wihuri,3
2016,abdul,Abdul,3
2016,abello,Abello,3
2016,abraham,Abraham,3
2016,abramov,Abramov,3
2016,abramovich,Abramovich,3
2016,ackman,Ackman,3
2016,acton,Acton,3
2016,adani,Adani,3
2016,adelson,Adelson,3
2016,adenuga,Adenuga,3
2016,adikoesoemo,Adikoesoemo,3
2016,agalarov,Agalarov,3
2016,agaoglu,Agaoglu,3
2016,agarwal,Agarwal,3
2016,akhannouch,Akhannouch,3
2016,akhmedov,Akhmedov,3
2016,akhmetov,Akhmetov,3
2016,akin,Akin,3
2016,al-amoudi,Al Amoudi,3
2016,al-fayed,Al Fayed,3
2016,al-futtaim,Al Futtaim,3
2016,al-ghurair,Al Ghurair,3
2016,al-issa,Al Issa,3
2016,al-kabeer,Al Kabeer,3
2016,al-rajhi,Al Rajhi,3
2016,al-thani,Al Thani,3
2016,alakija,Alakija,3
2016,albrecht,Albrecht,3
2016,albrecht-jr,Albrecht Jr.,3
2016,albukhary,AlBukhary,3
2016,alcocer,Alcocer,3
2016,alekperov,Alekperov,3
2016,alexander,Alexander,3
2016,alfond,Alfond,3
2016,allen,Allen,3
2016,alsaud,Alsaud,3
2016,alter,Alter,3
2016,altrad,Altrad,3
2016,altushkin,Altushkin,3
2016,alukkas,Alukkas,3
2016,ambani,Ambani,3
2016,amin,Amin,3
2016,amorim,Amorim,3
2016,ananyev,Ananyev,3
2016,andic,Andic,3
2016,andresen,Andresen,3
2016,angelini-rossi,Angelini Rossi,3
2016,angola,Angola,3
2016,anisimov,Anisimov,3
2016,anschutz,Anschutz,3
2016,ansin,Ansin,3
2016,aponte,Aponte,3
2016,aramburuzabala,Aramburuzabala,3
2016,arango,Arango,3
2016,ardila-l-lle,Ardila Lülle,3
2016,argyros,Argyros,3
2016,arison,Arison,3
2016,arkin,Arkin,3
2016,armani,Armani,3
2016,arnault,Arnault,3
2016,arnold,Arnold,3
2016,arrillaga,Arrillaga,3
2016,arsel,Arsel,3
2016,asfari,Asfari,3
2016,ashcroft,Ashcroft,3
2016,ashley,Ashley,3
2016,austin,Austin,3
2016,avara,Avara,3
2016,avdeev,Avdeev,3
2016,aven,Aven,3
2016,aydinlar,Aydinlar,3
2016,azcarraga-jean,Azcarraga Jean,3
2016,baba,Baba,3
2016,babis,Babis,3
2016,bacaksiz,Bacaksiz,3
2016,bacon,Bacon,3
2016,bailey,Bailey,3
2016,bailleres-gonzalez,Bailleres Gonzalez,3
2016,bajaj,Bajaj,3
2016,bakeri,Bakeri,3
2016,ballmer,Ballmer,3
2016,bamford,Bamford,3
2016,bangur,Bangur,3
2016,bansal,Bansal,3
2016,barclay,Barclay,3
2016,barilla,Barilla,3
2016,barnett,Barnett,3
2016,baron,Baron,3
2016,basaran,Basaran,3
2016,bass,Bass,3
2016,baturina,Baturina,3
2016,bauer,Bauer,3
2016,baumann-blocher,Baumann-Blocher,3
2016,baus,Baus,3
2016,beal,Beal,3
2016,beaufour,Beaufour,3
2016,bechtel,Bechtel,3
2016,bekker,Bekker,3
2016,bellon,Bellon,3
2016,belmont-anderson,Belmont Anderson,3
2016,benetton,Benetton,3
2016,benioff,Benioff,3
2016,benjelloun,Benjelloun,3
2016,bennet,Bennet,3
2016,bensadoun,Bensadoun,3
2016,benson,Benson,3
2016,benteler,Benteler,3
2016,berggruen,Berggruen,3
2016,berkley,Berkley,3
2016,berlusconi,Berlusconi,3
2016,berner,Berner,3
2016,bertarelli,Bertarelli,3
2016,bertelli,Bertelli,3
2016,besnier,Besnier,3
2016,besnier-beauvalot,Besnier Beauvalot,3
2016,bettencourt,Bettencourt,3
2016,bezos,Bezos,3
2016,bhatia,Bhatia,3
2016,biondi,Biondi,3
2016,birla,Birla,3
2016,bisciotti,Bisciotti,3
2016,bishop,Bishop,3
2016,bjorgolfsson,Bjorgolfsson,3
2016,black,Black,3
2016,blakely,Blakely,3
2016,blank,Blank,3
2016,blavatnik,Blavatnik,3
2016,blecharczyk,Blecharczyk,3
2016,blickle,Blickle,3
2016,blocher,Blocher,3
2016,bloomberg,Bloomberg,3
2016,bloor,Bloor,3
2016,bluhm,Bluhm,3
2016,bogdanov,Bogdanov,3
2016,boguslavsky,Boguslavsky,3
2016,boholyubov,Boholyubov,3
2016,bollore,Bollore,3
2016,bombassei,Bombassei,3
2016,bonderman,Bonderman,3
2016,booth,Booth,3
2016,boquoi,Boquoi,3
2016,botin,Botin,3
2016,bouchard,Bouchard,3
2016,bouygues,Bouygues,3
2016,boyko,Boyko,3
2016,boyle,Boyle,3
2016,bozano,Bozano,3
2016,braman,Braman,3
2016,brandes,Brandes,3
2016,branson,Branson,3
2016,braun,Braun,3
2016,braun-luedicke,Braun-Luedicke,3
2016,bren,Bren,3
2016,brescia-cafferata,Brescia Cafferata,3
2016,breyer,Breyer,3
2016,brin,Brin,3
2016,broad,Broad,3
2016,broermann,Broermann,3
2016,bronfman,Bronfman,3
2016,brown,Brown,3
2016,bruch,Bruch,3
2016,bucher-haefner,Bucher-Haefner,3
2016,buck,Buck,3
2016,buffett,Buffett,3
2016,bulgari,Bulgari,3
2016,bulgheroni,Bulgheroni,3
2016,burda,Burda,3
2016,burelle,Burelle,3
2016,burkle,Burkle,3
2016,burman,Burman,3
2016,busujima,Busujima,3
2016,cai,Cai,3
2016,calder,Calder,3
2016,calderon-rojas,Calderon Rojas,3
2016,calik,Calik,3
2016,caltagirone,Caltagirone,3
2016,camargo-de-arruda-botelho,Camargo de Arruda Botelho,3
2016,camp,Camp,3
2016,cannon-brookes,Cannon-Brookes,3
2016,cao,Cao,3
2016,caprotti,Caprotti,3
2016,cargill,Cargill,3
2016,carmignac,Carmignac,3
2016,caruso,Caruso,3
2016,case,Case,3
2016,casiraghi,Casiraghi,3
2016,cathy,Cathy,3
2016,catsimatidis,Catsimatidis,3
2016,caudwell,Caudwell,3
2016,cayard,Cayard,3
2016,chaiyawan,Chaiyawan,3
2016,chalhoub,Chalhoub,3
2016,chambers,Chambers,3
2016,chan,Chan,3
2016,chandler,Chandler,3
2016,chandra,Chandra,3
2016,chang,Chang,3
2016,chao,Chao,3
2016,charney,Charney,3
2016,chaudhary,Chaudhary,3
2016,chearavanont,Chearavanont,3
2016,chen,Chen,3
2016,cheng,Cheng,3
2016,cheriton,Cheriton,3
2016,cherng,Cherng,3
2016,chesky,Chesky,3
2016,chey,Chey,3
2016,chiaravanont,Chiaravanont,3
2016,cho,Cho,3
2016,chodiev,Chodiev,3
2016,choi,Choi,3
2016,choo,Choo,3
2016,chou,Chou,3
2016,chu,Chu,3
2016,chudgar,Chudgar,3
2016,chung,Chung,3
2016,ciner,Ciner,3
2016,ciputra,Ciputra,3
2016,cisneros,Cisneros,3
2016,citrone,Citrone,3
2016,clark,Clark,3
2016,cline,Cline,3
2016,coates,Coates,3
2016,cohen,Cohen,3
2016,coleman,Coleman,3
2016,colombia,Colombia,3
2016,consunji,Consunji,3
2016,conway,Conway,3
2016,cook,Cook,3
2016,coombs,Coombs,3
2016,cooperman,Cooperman,3
2016,coucke,Coucke,3
2016,coulter,Coulter,3
2016,coutu,Coutu,3
2016,cowin,Cowin,3
2016,coyiuto,Coyiuto,3
2016,cremonini,Cremonini,3
2016,crishna-godrej,Crishna-Godrej,3
2016,cuban,Cuban,3
2016,cui,Cui,3
2016,currie,Currie,3
2016,cutrale,Cutrale,3
2016,d-amours,D'Amours,3
2016,d-aniello,D'Aniello,3
2016,daitch,Daitch,3
2016,dalio,Dalio,3
2016,damen,Damen,3
2016,dangermond,Dangermond,3
2016,dangote,Dangote,3
2016,dani,Dani,3
2016,dassault,Dassault,3
2016,davis,Davis,3
2016,de-azevedo,de Azevedo,3
2016,de-carvalho-heineken,de Carvalho-Heineken,3
2016,de-godoy-bueno,de Godoy Bueno,3
2016,de-longhi,De'Longhi,3
2016,de-mol,de Mol,3
2016,de-picciotto,de Picciotto,3
2016,de-rothschild,de Rothschild,3
2016,deason,Deason,3
2016,debartolo,DeBartolo,3
2016,decaux,Decaux,3
2016,deichmann,Deichmann,3
2016,dejoria,DeJoria,3
2016,del-pino-y-calvo-sotelo,Del Pino y Calvo-Sotelo,3
2016,del-valle-ruiz,Del Valle Ruiz,3
2016,del-vecchio,Del Vecchio,3
2016,dell,Dell,3
2016,della-valle,Della Valle,3
2016,denegri,Denegri,3
2016,dentressangle,Dentressangle,3
2016,deripaska,Deripaska,3
2016,desai,Desai,3
2016,desmond,Desmond,3
2016,devos,DeVos,3
2016,dewji,Dewji,3
2016,dhingra,Dhingra,3
2016,dias-branco,Dias Branco,3
2016,diller,Diller,3
2016,dinan,Dinan,3
2016,dinesh,Dinesh,3
2016,ding,Ding,3
2016,diniz,Diniz,3
2016,divi,Divi,3
2016,dixon,Dixon,3
2016,dizdar,Dizdar,3
2016,djojonegoro,Djojonegoro,3
2016,doerr,Doerr,3
2016,dolan,Dolan,3
2016,dolby,Dolby,3
2016,dolce,Dolce,3
2016,dommermuth,Dommermuth,3
2016,doris,Doris,3
2016,dorrance,Dorrance,3
2016,dorsey,Dorsey,3
2016,dos-santos,dos Santos,3
2016,dou,Dou,3
2016,douglas,Douglas,3
2016,draexlmaier,Draexlmaier,3
2016,drahi,Drahi,3
2016,droege,Droege,3
2016,druckenmiller,Druckenmiller,3
2016,du,Du,3
2016,dubin,Dubin,3
2016,duffield,Duffield,3
2016,duggan,Duggan,3
2016,duncan,Duncan,3
2016,dunstone,Dunstone,3
2016,dyson,Dyson,3
2016,dzhaparidze,Dzhaparidze,3
2016,ebner,Ebner,3
2016,ecclestone,Ecclestone,3
2016,eczacibasi,Eczacibasi,3
2016,edelstenne,Edelstenne,3
2016,edson,Edson,3
2016,edwards,Edwards,3
2016,egydio-arruda-villela-filho,Egydio Arruda Villela Filho,3
2016,einhorn,Einhorn,3
2016,ell,Ell,3
2016,ellison,Ellison,3
2016,emmerson,Emmerson,3
2016,engelhardt,Engelhardt,3
2016,engelhorn,Engelhorn,3
2016,englander,Englander,3
2016,ergen,Ergen,3
2016,erni,Erni,3
2016,escarrer,Escarrer,3
2016,escotet,Escotet,3
2016,esteves,Esteves,3
2016,eurnekian,Eurnekian,3
2016,fan,Fan,3
2016,fang,Fang,3
2016,farber,Farber,3
2016,faria,Faria,3
2016,farquhar,Farquhar,3
2016,faulkner,Faulkner,3
2016,fayat,Fayat,3
2016,fedun,Fedun,3
2016,fegel,Fegel,3
2016,feinberg,Feinberg,3
2016,feld,Feld,3
2016,feng,Feng,3
2016,ferrari,Ferrari,3
2016,fertitta,Fertitta,3
2016,fetisov,Fetisov,3
2016,fidani,Fidani,3
2016,fielmann,Fielmann,3
2016,filo,Filo,3
2016,fireman,Fireman,3
2016,firodia,Firodia,3
2016,fisher,Fisher,3
2016,fissolo,Fissolo,3
2016,flowers,Flowers,3
2016,fluxa-rossello,Fluxa Rossello,3
2016,fong,Fong,3
2016,fontbona,Fontbona,3
2016,ford,Ford,3
2016,foriel-destezet,Foriel-Destezet,3
2016,forrest,Forrest,3
2016,foster,Foster,3
2016,fox,Fox,3
2016,fraisse,Fraisse,3
2016,france,France,3
2016,frantz,Frantz,3
2016,fredriksen,Fredriksen,3
2016,freier,Freier,3
2016,frere,Frere,3
2016,frey,Frey,3
2016,fridman,Fridman,3
2016,friedkin,Friedkin,3
2016,friese,Friese,3
2016,frist,Frist,3
2016,frolov,Frolov,3
2016,frost,Frost,3
2016,fu,Fu,3
2016,fukutake,Fukutake,3
2016,fung,Fung,3
2016,gabbana,Gabbana,3
2016,gabelli,Gabelli,3
2016,galchev,Galchev,3
2016,galitsky,Galitsky,3
2016,gandel,Gandel,3
2016,gangwal,Gangwal,3
2016,gantner,Gantner,3
2016,gao,Gao,3
2016,gapontsev,Gapontsev,3
2016,garavoglia,Garavoglia,3
2016,gates,Gates,3
2016,gebbia,Gebbia,3
2016,geffen,Geffen,3
2016,gehlaut,Gehlaut,3
2016,geiger,Geiger,3
2016,geminder,Geminder,3
2016,geng,Geng,3
2016,gerling,Gerling,3
2016,gerry,Gerry,3
2016,gertler,Gertler,3
2016,getty,Getty,3
2016,gilbert,Gilbert,3
2016,gilgan,Gilgan,3
2016,gilinski-bacal,Gilinski Bacal,3
2016,gittinger,Gittinger,3
2016,glasenberg,Glasenberg,3
2016,godin,Godin,3
2016,godrej,Godrej,3
2016,goenka,Goenka,3
2016,goh,Goh,3
2016,goi,Goi,3
2016,gokongwei,Gokongwei,3
2016,goldhar,Goldhar,3
2016,goldsbury,Goldsbury,3
2016,goldschmeding,Goldschmeding,3
2016,golisano,Golisano,3
2016,gonda-de-rivera,Gonda de Rivera,3
2016,gong,Gong,3
2016,goodnight,Goodnight,3
2016,gopalakrishnan,Gopalakrishnan,3
2016,gores,Gores,3
2016,gottesman,Gottesman,3
2016,gou,Gou,3
2016,graf,Graf,3
2016,graff,Graff,3
2016,graves,Graves,3
2016,gray,Gray,3
2016,grayken,Grayken,3
2016,green,Green,3
2016,greene,Greene,3
2016,grendene-bartelle,Grendene Bartelle,3
2016,grendys,Grendys,3
2016,grether,Grether,3
2016,griffin,Griffin,3
2016,gross,Gross,3
2016,grossman,Grossman,3
2016,grosvenor,Grosvenor,3
2016,gu,Gu,3
2016,gunal,Gunal,3
2016,gundlach,Gundlach,3
2016,gunsel,Gunsel,3
2016,guo,Guo,3
2016,gupta,Gupta,3
2016,guriev,Guriev,3
2016,gustavson,Gustavson,3
2016,gutseriev,Gutseriev,3
2016,haefner,Haefner,3
2016,hagen,Hagen,3
2016,hagen-kjos,Hagen Kjos,3
2016,hains,Hains,3
2016,haji-ioannou,Haji-Ioannou,3
2016,halle,Halle,3
2016,halvorsen,Halvorsen,3
2016,hamami,Hamami,3
2016,hamied,Hamied,3
2016,hamilton,Hamilton,3
2016,hamm,Hamm,3
2016,han,Han,3
2016,hank-rhon,Hank Rhon,3
2016,hankey,Hankey,3
2016,happel,Happel,3
2016,harding,Harding,3
2016,hargreaves,Hargreaves,3
2016,hariri,Hariri,3
2016,harmsworth,Harmsworth,3
2016,harp-helu,Harp Helu,3
2016,harris,Harris,3
2016,hart,Hart,3
2016,hartono,Hartono,3
2016,harvey,Harvey,3
2016,haslam,Haslam,3
2016,hastings,Hastings,3
2016,haub,Haub,3
2016,hayne,Hayne,3
2016,he,He,3
2016,headington,Headington,3
2016,hector,Hector,3
2016,heine,Heine,3
2016,heinecke,Heinecke,3
2016,hellmann,Hellmann,3
2016,helmig,Helmig,3
2016,hendricks,Hendricks,3
2016,henkel,Henkel,3
2016,henry,Henry,3
2016,herlin,Herlin,3
2016,hernandez-ramirez,Hernandez Ramirez,3
2016,herrero,Herrero,3
2016,herz,Herz,3
2016,higgins,Higgins,3
2016,hildebrand,Hildebrand,3
2016,hill,Hill,3
2016,hillman,Hillman,3
2016,hindawi,Hindawi,3
2016,hinduja,Hinduja,3
2016,hintze,Hintze,3
2016,hiranandani,Hiranandani,3
2016,hirschfeld,Hirschfeld,3
2016,ho,Ho,3
2016,hoang,Hoang,3
2016,hoffman,Hoffman,3
2016,hohn,Hohn,3
2016,holmes,Holmes,3
2016,hong,Hong,3
2016,hopp,Hopp,3
2016,horejsi,Horejsi,3
2016,horten,Horten,3
2016,hostetter,Hostetter,3
2016,houston,Houston,3
2016,howard,Howard,3
2016,hua,Hua,3
2016,huang,Huang,3
2016,hubbard,Hubbard,3
2016,hughes,Hughes,3
2016,hui,Hui,3
2016,huizenga,Huizenga,3
2016,hult,Hult,3
2016,hung,Hung,3
2016,hungary,Hungary,3
2016,hunt,Hunt,3
2016,huo,Huo,3
2016,hur,Hur,3
2016,ibragimov,Ibragimov,3
2016,ibrahim,Ibrahim,3
2016,icahn,Icahn,3
2016,ilicak,Ilicak,3
2016,iliev,Iliev,3
2016,ilitch,Ilitch,3
2016,ingram,Ingram,3
2016,irsay,Irsay,3
2016,irving,Irving,3
2016,ito,Ito,3
2016,ivanishvili,Ivanishvili,3
2016,jackman,Jackman,3
2016,jacobs,Jacobs,3
2016,jagtiani,Jagtiani,3
2016,jain,Jain,3
2016,jaipuria,Jaipuria,3
2016,james,James,3
2016,jannard,Jannard,3
2016,jarislowsky,Jarislowsky,3
2016,jenkins,Jenkins,3
2016,jhunjhunwala,Jhunjhunwala,3
2016,ji,Ji,3
2016,jia,Jia,3
2016,jiang,Jiang,3
2016,jiaravanon,Jiaravanon,3
2016,jiaravanont,Jiaravanont,3
2016,jindal,Jindal,3
2016,johannson,Johannson,3
2016,johnson,Johnson,3
2016,johnson-leipold,Johnson-Leipold,3
2016,johnson-marquart,Johnson-Marquart,3
2016,johnston,Johnston,3
2016,jones,Jones,3
2016,jordan,Jordan,3
2016,joseph,Joseph,3
2016,jove,Jove,3
2016,joyce,Joyce,3
2016,justice,Justice,3
2016,kadoorie,Kadoorie,3
2016,kaercher,Kaercher,3
2016,kahn,Kahn,3
2016,kaiser,Kaiser,3
2016,kalanick,Kalanick,3
2016,kalyanaraman,Kalyanaraman,3
2016,kalyani,Kalyani,3
2016,kamel,Kamel,3
2016,kamenshchik,Kamenshchik,3
2016,kamprad,Kamprad,3
2016,kan,Kan,3
2016,kanjanapas,Kanjanapas,3
2016,kantor,Kantor,3
2016,kao,Kao,3
2016,kaplan,Kaplan,3
2016,kapoor,Kapoor,3
2016,karapetyan,Karapetyan,3
2016,karim,Karim,3
2016,karp,Karp,3
2016,karsh,Karsh,3
2016,kasahara,Kasahara,3
2016,kaspersky,Kaspersky,3
2016,kataria,Kataria,3
2016,kathrein,Kathrein,3
2016,katz,Katz,3
2016,kei,Kei,3
2016,keinath,Keinath,3
2016,kellerhals,Kellerhals,3
2016,kelley,Kelley,3
2016,kellner,Kellner,3
2016,kellogg,Kellogg,3
2016,kennedy,Kennedy,3
2016,kenya,Kenya,3
2016,kerimov,Kerimov,3
2016,kesaev,Kesaev,3
2016,khachaturov,Khachaturov,3
2016,khan,Khan,3
2016,kharitonin,Kharitonin,3
2016,khorakiwala,Khorakiwala,3
2016,khosla,Khosla,3
2016,kim,Kim,3
2016,kimmel,Kimmel,3
2016,kinder,Kinder,3
2016,king,King,3
2016,kipp,Kipp,3
2016,kirac,Kirac,3
2016,kirk,Kirk,3
2016,kirsh,Kirsh,3
2016,klarman,Klarman,3
2016,klatten,Klatten,3
2016,knapp,Knapp,3
2016,knight,Knight,3
2016,koc,Koc,3
2016,koch,Koch,3
2016,koh,Koh,3
2016,kohler,Kohler,3
2016,kolomoyskyy,Kolomoyskyy,3
2016,komarek,Komarek,3
2016,kondrashev,Kondrashev,3
2016,koo,Koo,3
2016,koplowitz,Koplowitz,3
2016,kosiuk,Kosiuk,3
2016,kosogov,Kosogov,3
2016,kotak,Kotak,3
2016,koum,Koum,3
2016,kovner,Kovner,3
2016,kozitsyn,Kozitsyn,3
2016,kraft,Kraft,3
2016,krasny,Krasny,3
2016,kravis,Kravis,3
2016,krieger,Krieger,3
2016,krigsner,Krigsner,3
2016,krishnan,Krishnan,3
2016,kristiansen,Kristiansen,3
2016,kroenke,Kroenke,3
2016,krueger,Krueger,3
2016,kuan,Kuan,3
2016,kucuk,Kucuk,3
2016,kuehne,Kuehne,3
2016,kulczyk,Kulczyk,3
2016,kulibaev,Kulibaev,3
2016,kulibaeva,Kulibaeva,3
2016,kumar-kishin-rk,Kumar & Kishin RK,3
2016,kuok,Kuok,3
2016,kuzmichev,Kuzmichev,3
2016,kvetnoi,Kvetnoi,3
2016,kwee,Kwee,3
2016,kwek,Kwek,3
2016,kwok,Kwok,3
2016,kwon,Kwon,3
2016,kyostila,Kyostila,3
2016,ladreit-de-lacharriere,Ladreit de Lacharriere,3
2016,lal,Lal,3
2016,laliberte,Laliberte,3
2016,lam,Lam,3
2016,lampert,Lampert,3
2016,landini-aleotti,Landini Aleotti,3
2016,langley,Langley,3
2016,langness,Langness,3
2016,langone,Langone,3
2016,lansdown,Lansdown,3
2016,lao-hernandez,Lao Hernandez,3
2016,larrea-mota-velasco,Larrea Mota Velasco,3
2016,larsen,Larsen,3
2016,lasry,Lasry,3
2016,latsis,Latsis,3
2016,latvia,Latvia,3
2016,lau,Lau,3
2016,lauder,Lauder,3
2016,lauder-zinterhofer,Lauder Zinterhofer,3
2016,lauren,Lauren,3
2016,laurie,Laurie,3
2016,law,Law,3
2016,lazari,Lazari,3
2016,le-duff,Le Duff,3
2016,leclercq,Leclercq,3
2016,lee,Lee,3
2016,lefkofsky,Lefkofsky,3
2016,lefrak,LeFrak,3
2016,lehmann,Lehmann,3
2016,lei,Lei,3
2016,leibinger,Leibinger,3
2016,leibinger-kammueller,Leibinger-Kammueller,3
2016,leininger,Leininger,3
2016,leitner,Leitner,3
2016,lemann,Lemann,3
2016,leone,Leone,3
2016,leong,Leong,3
2016,leprino,Leprino,3
2016,lerner,Lerner,3
2016,leviev,Leviev,3
2016,lewis,Lewis,3
2016,li,Li,3
2016,liang,Liang,3
2016,liao,Liao,3
2016,lichtenstein,Lichtenstein,3
2016,liebherr,Liebherr,3
2016,liebmann,Liebmann,3
2016,lim,Lim,3
2016,lin,Lin,3
2016,lindemann,Lindemann,3
2016,lisin,Lisin,3
2016,liu,Liu,3
2016,livingstone,Livingstone,3
2016,llado-fernandez-urrutia,Llado Fernandez-Urrutia,3
2016,lo,Lo,3
2016,lodha,Lodha,3
2016,loeb,Loeb,3
2016,loh,Loh,3
2016,lohia,Lohia,3
2016,lomakin,Lomakin,3
2016,lorberbaum,Lorberbaum,3
2016,loro-piana,Loro Piana,3
2016,louie,Louie,3
2016,louis-dreyfus,Louis-Dreyfus,3
2016,louis-hansen,Louis-Hansen,3
2016,love,Love,3
2016,low-tuck,Low Tuck,3
2016,lowy,Lowy,3
2016,lozick,Lozick,3
2016,lucas,Lucas,3
2016,lui,Lui,3
2016,lundberg,Lundberg,3
2016,luo,Luo,3
2016,lurie,Lurie,3
2016,luxembourg,Luxembourg,3
2016,maag,Maag,3
2016,macaulay,Macaulay,3
2016,machkevich,Machkevich,3
2016,mackintosh,Mackintosh,3
2016,macmillan,MacMillan,3
2016,maezawa,Maezawa,3
2016,magerko,Magerko,3
2016,magness,Magness,3
2016,mahindra,Mahindra,3
2016,makarov,Makarov,3
2016,makhmudov,Makhmudov,3
2016,malone,Malone,3
2016,mamut,Mamut,3
2016,mandel,Mandel,3
2016,mansour,Mansour,3
2016,mansueto,Mansueto,3
2016,mantegazza,Mantegazza,3
2016,maran,Maran,3
2016,marcus,Marcus,3
2016,marguerre,Marguerre,3
2016,marinho,Marinho,3
2016,mariwala,Mariwala,3
2016,marks,Marks,3
2016,mars,Mars,3
2016,martin,Martin,3
2016,martullo-blocher,Martullo-Blocher,3
2016,mateschitz,Mateschitz,3
2016,mathile,Mathile,3
2016,matte,Matte,3
2016,mcaulay,McAulay,3
2016,mccaw,McCaw,3
2016,mccombs,McCombs,3
2016,mckelvey,McKelvey,3
2016,mclane,McLane,3
2016,mcnair,McNair,3
2016,mehta,Mehta,3
2016,meijer,Meijer,3
2016,meister,Meister,3
2016,melchers,Melchers,3
2016,melnichenko,Melnichenko,3
2016,menard,Menard,3
2016,mendoza,Mendoza,3
2016,menon,Menon,3
2016,merckle,Merckle,3
2016,merieux,Merieux,3
2016,metropoulos,Metropoulos,3
2016,meyer,Meyer,3
2016,miao,Miao,3
2016,michel,Michel,3
2016,michelson,Michelson,3
2016,middleton,Middleton,3
2016,mikati,Mikati,3
2016,mikhelson,Mikhelson,3
2016,miki,Miki,3
2016,mikitani,Mikitani,3
2016,milchan,Milchan,3
2016,milken,Milken,3
2016,miller,Miller,3
2016,milner,Milner,3
2016,mints,Mints,3
2016,mistry,Mistry,3
2016,mittal,Mittal,3
2016,modi,Modi,3
2016,mohn,Mohn,3
2016,moll-filho,Moll Filho,3
2016,moller-nielsen,Moller Nielsen,3
2016,moopen,Moopen,3
2016,moore,Moore,3
2016,moraes,Moraes,3
2016,moraes-scripilliti,Moraes Scripilliti,3
2016,moratti,Moratti,3
2016,mordashov,Mordashov,3
2016,moreira-salles,Moreira Salles,3
2016,moreira-salles-junior,Moreira Salles Junior,3
2016,moreno,Moreno,3
2016,moretti-polegato,Moretti Polegato,3
2016,morgridge,Morgridge,3
2016,mori,Mori,3
2016,moritz,Moritz,3
2016,morocco,Morocco,3
2016,moroun,Moroun,3
2016,morris,Morris,3
2016,moshiri,Moshiri,3
2016,moshkovich,Moshkovich,3
2016,moskovitz,Moskovitz,3
2016,motsepe,Motsepe,3
2016,mouawad,Mouawad,3
2016,mueller,Mueller,3
2016,munger,Munger,3
2016,munot,Munot,3
2016,murdoch,Murdoch,3
2016,murdock,Murdock,3
2016,murphy,Murphy,3
2016,murthy,Murthy,3
2016,musk,Musk,3
2016,nacht,Nacht,3
2016,nadar,Nadar,3
2016,naeder,Naeder,3
2016,nagamori,Nagamori,3
2016,nahmad,Nahmad,3
2016,nan,Nan,3
2016,naoroji,Naoroji,3
2016,nascimento,Nascimento,3
2016,naughton,Naughton,3
2016,neilson,Neilson,3
2016,nelson,Nelson,3
2016,nesis,Nesis,3
2016,neumann,Neumann,3
2016,newell,Newell,3
2016,newhouse,Newhouse,3
2016,ni,Ni,3
2016,niarchos,Niarchos,3
2016,nicholas,Nicholas,3
2016,niel,Niel,3
2016,nigeria,Nigeria,3
2016,nilekani,Nilekani,3
2016,nisanov,Nisanov,3
2016,nitori,Nitori,3
2016,noda,Noda,3
2016,nolet,Nolet,3
2016,nordstrom,Nordstrom,3
2016,north-america,North America,3
2016,o-brien,O'Brien,3
2016,oberwelland,Oberwelland,3
2016,och,Och,3
2016,oei,Oei,3
2016,oeri,Oeri,3
2016,oetker,Oetker,3
2016,ofer,Ofer,3
2016,okada,Okada,3
2016,olenicoff,Olenicoff,3
2016,olsson,Olsson,3
2016,olsson-ericksson,Olsson Ericksson,3
2016,omidyar,Omidyar,3
2016,oppenheimer,Oppenheimer,3
2016,or,Or,3
2016,ortega,Ortega,3
2016,ortega-mera,Ortega Mera,3
2016,otedola,Otedola,3
2016,otto,Otto,3
2016,ou,Ou,3
2016,overdeck,Overdeck,3
2016,ozdemir,Ozdemir,3
2016,ozyegin,Ozyegin,3
2016,packer,Packer,3
2016,page,Page,3
2016,pai,Pai,3
2016,panama,Panama,3
2016,pang,Pang,3
2016,papillaud,Papillaud,3
2016,parisotto,Parisotto,3
2016,park,Park,3
2016,parker,Parker,3
2016,parry-okeden,Parry-Okeden,3
2016,parsons,Parsons,3
2016,patel,Patel,3
2016,patterson,Patterson,3
2016,pattison,Pattison,3
2016,paul,Paul,3
2016,paulmann,Paulmann,3
2016,paulsen,Paulsen,3
2016,paulson,Paulson,3
2016,peery,Peery,3
2016,pegula,Pegula,3
2016,peltz,Peltz,3
2016,penaloza-alanis,Penaloza Alanis,3
2016,peng,Peng,3
2016,penske,Penske,3
2016,pera,Pera,3
2016,perelman,Perelman,3
2016,perenchio,Perenchio,3
2016,perez,Perez,3
2016,perez-companc,Perez Companc,3
2016,perfetti,Perfetti,3
2016,perlmutter,Perlmutter,3
2016,perot,Perot,3
2016,perrodo,Perrodo,3
2016,perron,Perron,3
2016,persson,Persson,3
2016,pessina,Pessina,3
2016,peterffy,Peterffy,3
2016,peterson,Peterson,3
2016,pi-era,Piñera,3
2016,pieper,Pieper,3
2016,pillai,Pillai,3
2016,pinault,Pinault,3
2016,pinchuk,Pinchuk,3
2016,pincus,Pincus,3
2016,piramal,Piramal,3
2016,pires-oliveira-dias,Pires Oliveira Dias,3
2016,plank,Plank,3
2016,platt,Platt,3
2016,plattner,Plattner,3
2016,pohl-stroeher,Pohl-Stroeher,3
2016,ponce-lerou,Ponce Lerou,3
2016,ponomarenko,Ponomarenko,3
2016,poo,Poo,3
2016,poonawalla,Poonawalla,3
2016,popov,Popov,3
2016,potanin,Potanin,3
2016,povlsen,Povlsen,3
2016,powell-jobs,Powell Jobs,3
2016,prada,Prada,3
2016,prasarttong-osoth,Prasarttong-Osoth,3
2016,pratt,Pratt,3
2016,prebys,Prebys,3
2016,premji,Premji,3
2016,preston,Preston,3
2016,price,Price,3
2016,pritzker,Pritzker,3
2016,prokhorov,Prokhorov,3
2016,pudwill,Pudwill,3
2016,puech,Puech,3
2016,pumpyansky,Pumpyansky,3
2016,qi,Qi,3
2016,qin,Qin,3
2016,qiu,Qiu,3
2016,quandt,Quandt,3
2016,que,Que,3
2016,quek,Quek,3
2016,rabiu,Rabiu,3
2016,rachmat,Rachmat,3
2016,ragon,Ragon,3
2016,raheja,Raheja,3
2016,rahimkulov,Rahimkulov,3
2016,rahr,Rahr,3
2016,rales,Rales,3
2016,rappoport,Rappoport,3
2016,rashnikov,Rashnikov,3
2016,ratanarak,Ratanarak,3
2016,ratcliffe,Ratcliffe,3
2016,rausing,Rausing,3
2016,rayner,Rayner,3
2016,razon,Razon,3
2016,rebrab,Rebrab,3
2016,reddy,Reddy,3
2016,redstone,Redstone,3
2016,reece,Reece,3
2016,rees-jones,Rees-Jones,3
2016,reimann,Reimann,3
2016,reimann-andersen,Reimann-Andersen,3
2016,reimann-ciardelli,Reimann-Ciardelli,3
2016,reimann-haas,Reimann-Haas,3
2016,reinhart,Reinhart,3
2016,reinsdorf,Reinsdorf,3
2016,reitan,Reitan,3
2016,ren,Ren,3
2016,rennert,Rennert,3
2016,resnick,Resnick,3
2016,ressler,Ressler,3
2016,reuben,Reuben,3
2016,revoredo,Revoredo,3
2016,reyes,Reyes,3
2016,riady,Riady,3
2016,rich,Rich,3
2016,ricketts,Ricketts,3
2016,rinehart,Rinehart,3
2016,rizzuto,Rizzuto,3
2016,robbins,Robbins,3
2016,roberts,Roberts,3
2016,robertson,Robertson,3
2016,rocca,Rocca,3
2016,rockefeller,Rockefeller,3
2016,rodriguez-pastor,Rodriguez-Pastor,3
2016,roemmers,Roemmers,3
2016,roig,Roig,3
2016,rokke,Rokke,3
2016,rollins,Rollins,3
2016,roski,Roski,3
2016,ross,Ross,3
2016,rossmann,Rossmann,3
2016,rosso,Rosso,3
2016,rotenberg,Rotenberg,3
2016,rothschild,Rothschild,3
2016,roullier,Roullier,3
2016,rovati,Rovati,3
2016,rovt,Rovt,3
2016,rowan,Rowan,3
2016,rowling,Rowling,3
2016,ruan,Ruan,3
2016,ruayrungruang,Ruayrungruang,3
2016,rubenstein,Rubenstein,3
2016,rubin,Rubin,3
2016,ruffin,Ruffin,3
2016,ruffini,Ruffini,3
2016,ruia,Ruia,3
2016,rupert,Rupert,3
2016,russian-federation,Russia,3
2016,ryan,Ryan,3
2016,rybolovlev,Rybolovlev,3
2016,rydge,Rydge,3
2016,saade,Saade,3
2016,saban,Saban,3
2016,sabanci,Sabanci,3
2016,sacks,Sacks,3
2016,safra,Safra,3
2016,sagi,Sagi,3
2016,sahenk,Sahenk,3
2016,saieh-bendeck,Saieh Bendeck,3
2016,saji,Saji,3
2016,sajwani,Sajwani,3
2016,salinas-pliego,Salinas Pliego,3
2016,sall,Sall,3
2016,samueli,Samueli,3
2016,sanchez,Sanchez,3
2016,sandberg,Sandberg,3
2016,sandell,Sandell,3
2016,sanford,Sanford,3
2016,sankai,Sankai,3
2016,santo-domingo,Santo Domingo,3
2016,saputo,Saputo,3
2016,sariaatmadja,Sariaatmadja,3
2016,sarmiento,Sarmiento,3
2016,sarofim,Sarofim,3
2016,saul,Saul,3
2016,saverin,Saverin,3
2016,sawiris,Sawiris,3
2016,schaeffler,Schaeffler,3
2016,schaub,Schaub,3
2016,scheinberg,Scheinberg,3
2016,scheufele,Scheufele,3
2016,schleifer,Schleifer,3
2016,schlosberg,Schlosberg,3
2016,schmidheiny,Schmidheiny,3
2016,schmidt,Schmidt,3
2016,schmidt-ruthenbeck,Schmidt-Ruthenbeck,3
2016,schmieding,Schmieding,3
2016,schnabel,Schnabel,3
2016,schoeller,Schoeller,3
2016,schoerghuber,Schoerghuber,3
2016,schorling,Schorling,3
2016,schroder,Schroder,3
2016,schulenberg,Schulenberg,3
2016,schultz,Schultz,3
2016,schulze,Schulze,3
2016,schusterman,Schusterman,3
2016,schwab,Schwab,3
2016,schwartz,Schwartz,3
2016,schwarz,Schwarz,3
2016,schwarzman,Schwarzman,3
2016,schweizer,Schweizer,3
2016,scott,Scott,3
2016,secunda,Secunda,3
2016,sehgal,Sehgal,3
2016,selig,Selig,3
2016,selin,Selin,3
2016,seo,Seo,3
2016,shamalov,Shamalov,3
2016,shanghvi,Shanghvi,3
2016,shani,Shani,3
2016,shao,Shao,3
2016,sharp,Sharp,3
2016,shaw,Shaw,3
2016,shefler,Shefler,3
2016,shen,Shen,3
2016,sherman,Sherman,3
2016,sheth,Sheth,3
2016,shetty,Shetty,3
2016,shi,Shi,3
2016,shibulal,Shibulal,3
2016,shigeta,Shigeta,3
2016,shimamura,Shimamura,3
2016,shin,Shin,3
2016,shinawatra,Shinawatra,3
2016,shishkhanov,Shishkhanov,3
2016,shoen,Shoen,3
2016,shriram,Shriram,3
2016,shuai,Shuai,3
2016,shvidler,Shvidler,3
2016,shwed,Shwed,3
2016,sicupira,Sicupira,3
2016,siebel,Siebel,3
2016,siegel,Siegel,3
2016,silbermann,Silbermann,3
2016,simon,Simon,3
2016,simons,Simons,3
2016,simonyi,Simonyi,3
2016,simplot,Simplot,3
2016,singer,Singer,3
2016,singh,Singh,3
2016,sirivadhanabhakdi,Sirivadhanabhakdi,3
2016,sit,Sit,3
2016,sitorus,Sitorus,3
2016,skoch,Skoch,3
2016,skoll,Skoll,3
2016,skorobogatko,Skorobogatko,3
2016,slim-helu,Slim Helu,3
2016,smith,Smith,3
2016,snyder,Snyder,3
2016,soares-dos-santos,Soares dos Santos,3
2016,sobrato,Sobrato,3
2016,soderstrom,Soderstrom,3
2016,sohmen,Sohmen,3
2016,solorz-zak,Solorz-Zak,3
2016,solow,Solow,3
2016,solowow,Solowow,3
2016,son,Son,3
2016,sondakh,Sondakh,3
2016,song,Song,3
2016,sonnenberg,Sonnenberg,3
2016,soon-shiong,Soon-Shiong,3
2016,soros,Soros,3
2016,south-america,South America,3
2016,spangler,Spangler,3
2016,spanos,Spanos,3
2016,sperling,Sperling,3
2016,speyer,Speyer,3
2016,spiegel,Spiegel,3
2016,spielberg,Spielberg,3
2016,springer,Springer,3
2016,spuhler,Spuhler,3
2016,srivaddhanaprabha,Srivaddhanaprabha,3
2016,steinhardt,Steinhardt,3
2016,steinhoff,Steinhoff,3
2016,steinmetz,Steinmetz,3
2016,stephens,Stephens,3
2016,sterling,Sterling,3
2016,stern,Stern,3
2016,stevens,Stevens,3
2016,steyer,Steyer,3
2016,stine,Stine,3
2016,stitzer,Stitzer,3
2016,stone,Stone,3
2016,stordalen,Stordalen,3
2016,storz,Storz,3
2016,stoschek,Stoschek,3
2016,straumann,Straumann,3
2016,stroeher,Stroeher,3
2016,stroll,Stroll,3
2016,stronach,Stronach,3
2016,strothoff,Strothoff,3
2016,struengmann,Struengmann,3
2016,stryker,Stryker,3
2016,su,Su,3
2016,suh,Suh,3
2016,sun,Sun,3
2016,susanto,Susanto,3
2016,sutton,Sutton,3
2016,svetakov,Svetakov,3
2016,swieca,Swieca,3
2016,switzerland,Switzerland,3
2016,syrian-arab-republic,Syria,3
2016,sze,Sze,3
2016,tada,Tada,3
2016,tahir,Tahir,3
2016,takahara,Takahara,3
2016,takizaki,Takizaki,3
2016,tan,Tan,3
2016,tan-caktiong,Tan Caktiong,3
2016,tanaka,Tanaka,3
2016,tang,Tang,3
2016,tanjung,Tanjung,3
2016,tanner,Tanner,3
2016,tanoto,Tanoto,3
2016,tara,Tara,3
2016,taravella,Taravella,3
2016,taylor,Taylor,3
2016,teh,Teh,3
2016,telles,Telles,3
2016,teoh,Teoh,3
2016,tepper,Tepper,3
2016,tewari,Tewari,3
2016,tham,Tham,3
2016,thiel,Thiel,3
2016,thiele,Thiele,3
2016,thompson,Thompson,3
2016,thomson,Thomson,3
2016,thongtang,Thongtang,3
2016,tian,Tian,3
2016,timchenko,Timchenko,3
2016,tiong,Tiong,3
2016,tiriac,Tiriac,3
2016,tisch,Tisch,3
2016,toeller,Toeller,3
2016,toennies,Toennies,3
2016,tong,Tong,3
2016,toosbuy-kasprzak,Toosbuy Kasprzak,3
2016,topbas,Topbas,3
2016,tornqvist,Tornqvist,3
2016,triguboff,Triguboff,3
2016,troutt,Troutt,3
2016,trump,Trump,3
2016,tsai,Tsai,3
2016,tschira,Tschira,3
2016,tse,Tse,3
2016,tseng,Tseng,3
2016,tshuva,Tshuva,3
2016,tu,Tu,3
2016,tuchman,Tuchman,3
2016,tull,Tull,3
2016,tung,Tung,3
2016,turner,Turner,3
2016,ty,Ty,3
2016,tykac,Tykac,3
2016,tyson,Tyson,3
2016,udvar-hazy,Udvar-Hazy,3
2016,ulker,Ulker,3
2016,ulukaya,Ulukaya,3
2016,unger,Unger,3
2016,upatkoon,Upatkoon,3
2016,usmanov,Usmanov,3
2016,utemuratov,Utemuratov,3
2016,van-den-ende,van den Ende,3
2016,van-der-leegte,Van Der Leegte,3
2016,vargi,Vargi,3
2016,varkey,Varkey,3
2016,vaswani,Vaswani,3
2016,vekselberg,Vekselberg,3
2016,veltins,Veltins,3
2016,veronesi,Veronesi,3
2016,viessmann,Viessmann,3
2016,vijitpongpun,Vijitpongpun,3
2016,vik,Vik,3
2016,villar,Villar,3
2016,villar-mir,Villar Mir,3
2016,viola,Viola,3
2016,virwani,Virwani,3
2016,vitek,Vitek,3
2016,von-bechtolsheim,von Bechtolsheim,3
2016,von-finck,von Finck,3
2016,von-holtzbrinck,von Holtzbrinck,3
2016,von-opel,von Opel,3
2016,vuong,Vuong,3
2016,wadhwani,Wadhwani,3
2016,wagner,Wagner,3
2016,waislitz,Waislitz,3
2016,walentas,Walentas,3
2016,walker,Walker,3
2016,walter,Walter,3
2016,walton,Walton,3
2016,wan,Wan,3
2016,wanek,Wanek,3
2016,wang,Wang,3
2016,warner,Warner,3
2016,warren,Warren,3
2016,washington,Washington,3
2016,watsa,Watsa,3
2016,weber,Weber,3
2016,wee,Wee,3
2016,wei,Wei,3
2016,weill,Weill,3
2016,weiner,Weiner,3
2016,wen,Wen,3
2016,wertheimer,Wertheimer,3
2016,weston,Weston,3
2016,wexner,Wexner,3
2016,white,White,3
2016,whitman,Whitman,3
2016,whittaker,Whittaker,3
2016,wiese,Wiese,3
2016,wietlisbach,Wietlisbach,3
2016,wild,Wild,3
2016,wilhelmsen,Wilhelmsen,3
2016,wilks,Wilks,3
2016,williams,Williams,3
2016,wilson,Wilson,3
2016,winfrey,Winfrey,3
2016,witzoe,Witzoe,3
2016,wobben,Wobben,3
2016,wong,Wong,3
2016,woo,Woo,3
2016,wood,Wood,3
2016,wortmann,Wortmann,3
2016,wrigley,Wrigley,3
2016,wu,Wu,3
2016,wuerth,Wuerth,3
2016,wynn,Wynn,3
2016,wyss,Wyss,3
2016,xiao,Xiao,3
2016,xie,Xie,3
2016,xiong,Xiong,3
2016,xiu,Xiu,3
2016,xue,Xue,3
2016,yan,Yan,3
2016,yanai,Yanai,3
2016,yang,Yang,3
2016,yao,Yao,3
2016,yarbrough,Yarbrough,3
2016,yarur-rey,Yarur Rey,3
2016,yasuda,Yasuda,3
2016,yazici,Yazici,3
2016,yemen-rep,Yemen,3
2016,yeoh,Yeoh,3
2016,yeung,Yeung,3
2016,yevtushenkov,Yevtushenkov,3
2016,yi,Yi,3
2016,yin,Yin,3
2016,ying,Ying,3
2016,york,York,3
2016,young,Young,3
2016,yu,Yu,3
2016,yuan,Yuan,3
2016,yuengling,Yuengling,3
2016,yushvaev,Yushvaev,3
2016,yusuff-ali,Yusuff Ali,3
2016,zakay,Zakay,3
2016,zan,Zan,3
2016,zegar,Zegar,3
2016,zell,Zell,3
2016,zeller,Zeller,3
2016,zeng,Zeng,3
2016,zhai,Zhai,3
2016,zhang,Zhang,3
2016,zhao,Zhao,3
2016,zheng,Zheng,3
2016,zhong,Zhong,3
2016,zhou,Zhou,3
2016,zhu,Zhu,3
2016,zhuang,Zhuang,3
2016,ziff,Ziff,3
2016,zimmermann-von-siefart,Zimmermann von Siefart,3
2016,zong,Zong,3
2016,zorlu,Zorlu,3
2016,zucker,Zucker,3
2016,zuckerberg,Zuckerberg,3
2016,zuckerman,Zuckerman,3
2017,aarnio-wihuri,Aarnio-Wihuri,3
2017,abello,Abello,3
2017,abraham,Abraham,3
2017,abramov,Abramov,3
2017,abramovich,Abramovich,3
2017,ackman,Ackman,3
2017,acton,Acton,3
2017,adams,Adams,3
2017,adani,Adani,3
2017,adelson,Adelson,3
2017,adenuga,Adenuga,3
2017,adikoesoemo,Adikoesoemo,3
2017,agalarov,Agalarov,3
2017,agaoglu,Agaoglu,3
2017,agarwal,Agarwal,3
2017,aguiar,Aguiar,3
2017,ahunai,Ahunai,3
2017,ainsworth,Ainsworth,3
2017,akhannouch,Akhannouch,3
2017,akhmedov,Akhmedov,3
2017,akhmetov,Akhmetov,3
2017,akin,Akin,3
2017,al-amoudi,Al Amoudi,3
2017,al-fayed,Al Fayed,3
2017,al-futtaim,Al Futtaim,3
2017,al-ghurair,Al Ghurair,3
2017,al-issa,Al Issa,3
2017,al-kabeer,Al Kabeer,3
2017,al-kharafi,Al-Kharafi,3
2017,al-rajhi,Al Rajhi,3
2017,al-thani,Al Thani,3
2017,alakija,Alakija,3
2017,albrecht,Albrecht,3
2017,albrecht-jr,Albrecht Jr.,3
2017,albukhary,AlBukhary,3
2017,alcocer,Alcocer,3
2017,alekperov,Alekperov,3
2017,alexander,Alexander,3
2017,alfond,Alfond,3
2017,alghanim,Alghanim,3
2017,alhokair,Alhokair,3
2017,allen,Allen,3
2017,alsaud,Alsaud,3
2017,alter,Alter,3
2017,altrad,Altrad,3
2017,altushkin,Altushkin,3
2017,alukkas,Alukkas,3
2017,alves-de-queiroz-filho,Alves de Queiroz Filho,3
2017,ambani,Ambani,3
2017,amin,Amin,3
2017,amorim,Amorim,3
2017,ananyev,Ananyev,3
2017,andic,Andic,3
2017,andreessen,Andreessen,3
2017,andresen,Andresen,3
2017,ang,Ang,3
2017,angelini-rossi,Angelini Rossi,3
2017,angola,Angola,3
2017,anisimov,Anisimov,3
2017,anschutz,Anschutz,3
2017,ansin,Ansin,3
2017,anttonen,Anttonen,3
2017,aponte,Aponte,3
2017,aramburuzabala,Aramburuzabala,3
2017,arango,Arango,3
2017,ardila-l-lle,Ardila Lülle,3
2017,argyros,Argyros,3
2017,arison,Arison,3
2017,aristrain,Aristrain,3
2017,arkin,Arkin,3
2017,armani,Armani,3
2017,arnault,Arnault,3
2017,arnold,Arnold,3
2017,arrillaga,Arrillaga,3
2017,arsel,Arsel,3
2017,asfari,Asfari,3
2017,ashcroft,Ashcroft,3
2017,ashley,Ashley,3
2017,asness,Asness,3
2017,austin,Austin,3
2017,avara,Avara,3
2017,avdeev,Avdeev,3
2017,aven,Aven,3
2017,aydinlar,Aydinlar,3
2017,azcarraga-jean,Azcarraga Jean,3
2017,babis,Babis,3
2017,bacaksiz,Bacaksiz,3
2017,bacon,Bacon,3
2017,bahwan,Bahwan,3
2017,bailey,Bailey,3
2017,bailleres-gonzalez,Bailleres Gonzalez,3
2017,bajaj,Bajaj,3
2017,bakeri,Bakeri,3
2017,balkrishna,Balkrishna,3
2017,ballmer,Ballmer,3
2017,bamberger,Bamberger,3
2017,bamford,Bamford,3
2017,bang,Bang,3
2017,banga,Banga,3
2017,bangur,Bangur,3
2017,bao,Bao,3
2017,barclay,Barclay,3
2017,barilla,Barilla,3
2017,barnett,Barnett,3
2017,baron,Baron,3
2017,basaran,Basaran,3
2017,bass,Bass,3
2017,baturina,Baturina,3
2017,bauer,Bauer,3
2017,baumann-blocher,Baumann-Blocher,3
2017,beal,Beal,3
2017,beard,Beard,3
2017,beaufour,Beaufour,3
2017,bechtel,Bechtel,3
2017,beckmann-vidal,Beckmann Vidal,3
2017,bekker,Bekker,3
2017,bellon,Bellon,3
2017,belmont-anderson,Belmont Anderson,3
2017,benetton,Benetton,3
2017,benioff,Benioff,3
2017,benjelloun,Benjelloun,3
2017,bennet,Bennet,3
2017,bennett,Bennett,3
2017,bensadoun,Bensadoun,3
2017,benson,Benson,3
2017,benteler,Benteler,3
2017,berggruen,Berggruen,3
2017,berkley,Berkley,3
2017,berlusconi,Berlusconi,3
2017,berner,Berner,3
2017,bertarelli,Bertarelli,3
2017,bertelli,Bertelli,3
2017,besnier,Besnier,3
2017,besnier-beauvalot,Besnier Beauvalot,3
2017,bettencourt,Bettencourt,3
2017,bezos,Bezos,3
2017,bhatia,Bhatia,3
2017,bhusri,Bhusri,3
2017,billi,Billi,3
2017,biondi,Biondi,3
2017,birla,Birla,3
2017,bisciotti,Bisciotti,3
2017,bishop,Bishop,3
2017,bjorgolfsson,Bjorgolfsson,3
2017,black,Black,3
2017,blakely,Blakely,3
2017,blank,Blank,3
2017,blavatnik,Blavatnik,3
2017,blecharczyk,Blecharczyk,3
2017,blickle,Blickle,3
2017,blocher,Blocher,3
2017,bloomberg,Bloomberg,3
2017,bloor,Bloor,3
2017,bluhm,Bluhm,3
2017,bogachev,Bogachev,3
2017,bogdanov,Bogdanov,3
2017,boguslavsky,Boguslavsky,3
2017,boholyubov,Boholyubov,3
2017,bokarev,Bokarev,3
2017,bolivia-plurinational-state-of,Bolivia,3
2017,bollore,Bollore,3
2017,bonderman,Bonderman,3
2017,booth,Booth,3
2017,boquoi,Boquoi,3
2017,botin,Botin,3
2017,bouchard,Bouchard,3
2017,bouygues,Bouygues,3
2017,boyko,Boyko,3
2017,boyle,Boyle,3
2017,bozano,Bozano,3
2017,braman,Braman,3
2017,brandes,Brandes,3
2017,branson,Branson,3
2017,braun,Braun,3
2017,braun-luedicke,Braun-Luedicke,3
2017,bren,Bren,3
2017,brescia-cafferata,Brescia Cafferata,3
2017,breyer,Breyer,3
2017,brin,Brin,3
2017,brito,Brito,3
2017,broad,Broad,3
2017,broermann,Broermann,3
2017,bronfman,Bronfman,3
2017,brown,Brown,3
2017,bruch,Bruch,3
2017,bucher-haefner,Bucher-Haefner,3
2017,buck,Buck,3
2017,buffett,Buffett,3
2017,buinov,Buinov,3
2017,bulgari,Bulgari,3
2017,bulgheroni,Bulgheroni,3
2017,burda,Burda,3
2017,burkle,Burkle,3
2017,burman,Burman,3
2017,busujima,Busujima,3
2017,cai,Cai,3
2017,calder,Calder,3
2017,calik,Calik,3
2017,caltagirone,Caltagirone,3
2017,camargo-de-arruda-botelho,Camargo de Arruda Botelho,3
2017,camp,Camp,3
2017,cannon-brookes,Cannon-Brookes,3
2017,cao,Cao,3
2017,caporella,Caporella,3
2017,carceller-coll,Carceller Coll,3
2017,cargill,Cargill,3
2017,carmignac,Carmignac,3
2017,caruso,Caruso,3
2017,case,Case,3
2017,casiraghi,Casiraghi,3
2017,cathy,Cathy,3
2017,catsimatidis,Catsimatidis,3
2017,caudwell,Caudwell,3
2017,cayard,Cayard,3
2017,chaiyawan,Chaiyawan,3
2017,chalhoub,Chalhoub,3
2017,chambers,Chambers,3
2017,chan,Chan,3
2017,chandler,Chandler,3
2017,chandra,Chandra,3
2017,chang,Chang,3
2017,chao,Chao,3
2017,chaudhary,Chaudhary,3
2017,chearavanont,Chearavanont,3
2017,chen,Chen,3
2017,cheng,Cheng,3
2017,cheriton,Cheriton,3
2017,cherng,Cherng,3
2017,chesky,Chesky,3
2017,cheung,Cheung,3
2017,chey,Chey,3
2017,chi,Chi,3
2017,chiaravanont,Chiaravanont,3
2017,chin,Chin,3
2017,cho,Cho,3
2017,chodiev,Chodiev,3
2017,choi,Choi,3
2017,choo,Choo,3
2017,chouinard,Chouinard,3
2017,chrenko,Chrenko,3
2017,christopher,Christopher,3
2017,chu,Chu,3
2017,chua,Chua,3
2017,chudgar,Chudgar,3
2017,chung,Chung,3
2017,ciner,Ciner,3
2017,ciputra,Ciputra,3
2017,cisneros,Cisneros,3
2017,citrone,Citrone,3
2017,clark,Clark,3
2017,cline,Cline,3
2017,clozel,Clozel,3
2017,coates,Coates,3
2017,cohen,Cohen,3
2017,cojuangco,Cojuangco,3
2017,coleman,Coleman,3
2017,collison,Collison,3
2017,consunji,Consunji,3
2017,conway,Conway,3
2017,cook,Cook,3
2017,coombs,Coombs,3
2017,cooperman,Cooperman,3
2017,cortina,Cortina,3
2017,costantini,Costantini,3
2017,coulter,Coulter,3
2017,coutu,Coutu,3
2017,cowin,Cowin,3
2017,coyiuto,Coyiuto,3
2017,cremonini,Cremonini,3
2017,crishna-godrej,Crishna-Godrej,3
2017,cuban,Cuban,3
2017,cucinelli,Cucinelli,3
2017,cui,Cui,3
2017,currie,Currie,3
2017,cutrale,Cutrale,3
2017,d-amours,D'Amours,3
2017,d-aniello,D'Aniello,3
2017,daitch,Daitch,3
2017,dalio,Dalio,3
2017,damani,Damani,3
2017,damen,Damen,3
2017,dangermond,Dangermond,3
2017,dangote,Dangote,3
2017,dani,Dani,3
2017,dassault,Dassault,3
2017,daurella,Daurella,3
2017,davis,Davis,3
2017,day,Day,3
2017,de-azevedo,de Azevedo,3
2017,de-carvalho-heineken,de Carvalho-Heineken,3
2017,de-godoy-bueno,de Godoy Bueno,3
2017,de-longhi,De'Longhi,3
2017,de-mattos-barretto-villela,de Mattos Barretto Villela,3
2017,de-mol,de Mol,3
2017,de-rothschild,de Rothschild,3
2017,deason,Deason,3
2017,debartolo,DeBartolo,3
2017,defares,Defares,3
2017,deichmann,Deichmann,3
2017,dejoria,DeJoria,3
2017,del-pino-y-calvo-sotelo,Del Pino y Calvo-Sotelo,3
2017,del-valle-ruiz,Del Valle Ruiz,3
2017,del-vecchio,Del Vecchio,3
2017,dell,Dell,3
2017,della-valle,Della Valle,3
2017,denegri,Denegri,3
2017,dentressangle,Dentressangle,3
2017,deripaska,Deripaska,3
2017,desai,Desai,3
2017,desmond,Desmond,3
2017,desseigne,Desseigne,3
2017,devos,DeVos,3
2017,dewji,Dewji,3
2017,dhingra,Dhingra,3
2017,diethelm,Diethelm,3
2017,diller,Diller,3
2017,dimon,Dimon,3
2017,dinan,Dinan,3
2017,dinesh,Dinesh,3
2017,ding,Ding,3
2017,diniz,Diniz,3
2017,divi,Divi,3
2017,dixon,Dixon,3
2017,dizdar,Dizdar,3
2017,djojonegoro,Djojonegoro,3
2017,doerr,Doerr,3
2017,dolan,Dolan,3
2017,dolby,Dolby,3
2017,dolce,Dolce,3
2017,dommermuth,Dommermuth,3
2017,dong,Dong,3
2017,doris,Doris,3
2017,dorrance,Dorrance,3
2017,dorsey,Dorsey,3
2017,dos-santos,dos Santos,3
2017,dou,Dou,3
2017,douglas,Douglas,3
2017,draexlmaier,Draexlmaier,3
2017,drahi,Drahi,3
2017,droege,Droege,3
2017,druckenmiller,Druckenmiller,3
2017,du,Du,3
2017,dubin,Dubin,3
2017,duffield,Duffield,3
2017,duggan,Duggan,3
2017,duncan,Duncan,3
2017,dunstone,Dunstone,3
2017,dyson,Dyson,3
2017,dzhaparidze,Dzhaparidze,3
2017,ebner,Ebner,3
2017,ecclestone,Ecclestone,3
2017,eczacibasi,Eczacibasi,3
2017,edelstenne,Edelstenne,3
2017,edson,Edson,3
2017,edwards,Edwards,3
2017,egydio-arruda-villela-filho,Egydio Arruda Villela Filho,3
2017,einhorn,Einhorn,3
2017,ell,Ell,3
2017,ellison,Ellison,3
2017,emmerson,Emmerson,3
2017,engelhardt,Engelhardt,3
2017,engelhorn,Engelhorn,3
2017,englander,Englander,3
2017,ergen,Ergen,3
2017,erni,Erni,3
2017,escarrer,Escarrer,3
2017,escotet,Escotet,3
2017,esteves,Esteves,3
2017,eurnekian,Eurnekian,3
2017,fan,Fan,3
2017,fang,Fang,3
2017,farber,Farber,3
2017,faria,Faria,3
2017,farquhar,Farquhar,3
2017,faulkner,Faulkner,3
2017,fayat,Fayat,3
2017,fedun,Fedun,3
2017,fegel,Fegel,3
2017,feinberg,Feinberg,3
2017,feld,Feld,3
2017,feng,Feng,3
2017,ferrari,Ferrari,3
2017,fertitta,Fertitta,3
2017,fetisov,Fetisov,3
2017,fidani,Fidani,3
2017,fielmann,Fielmann,3
2017,filo,Filo,3
2017,fireman,Fireman,3
2017,firodia,Firodia,3
2017,fisher,Fisher,3
2017,fissolo,Fissolo,3
2017,flatt,Flatt,3
2017,flowers,Flowers,3
2017,fluxa-rossello,Fluxa Rossello,3
2017,fong,Fong,3
2017,fontbona,Fontbona,3
2017,ford,Ford,3
2017,foriel-destezet,Foriel-Destezet,3
2017,forrest,Forrest,3
2017,foster,Foster,3
2017,fox,Fox,3
2017,fraisse,Fraisse,3
2017,france,France,3
2017,frantz,Frantz,3
2017,fredriksen,Fredriksen,3
2017,freier,Freier,3
2017,frere,Frere,3
2017,frey,Frey,3
2017,fridman,Fridman,3
2017,friedkin,Friedkin,3
2017,friedland,Friedland,3
2017,friese,Friese,3
2017,frist,Frist,3
2017,frolov,Frolov,3
2017,frost,Frost,3
2017,fu,Fu,3
2017,fukushima,Fukushima,3
2017,fukutake,Fukutake,3
2017,fung,Fung,3
2017,gabay,Gabay,3
2017,gabbana,Gabbana,3
2017,gabelli,Gabelli,3
2017,galchev,Galchev,3
2017,galitsky,Galitsky,3
2017,galperin,Galperin,3
2017,gandel,Gandel,3
2017,gangwal,Gangwal,3
2017,gantner,Gantner,3
2017,gao,Gao,3
2017,gapontsev,Gapontsev,3
2017,garavoglia,Garavoglia,3
2017,garfinkel,Garfinkel,3
2017,gates,Gates,3
2017,gebbia,Gebbia,3
2017,geffen,Geffen,3
2017,gehlaut,Gehlaut,3
2017,geiger,Geiger,3
2017,geminder,Geminder,3
2017,geng,Geng,3
2017,gerling,Gerling,3
2017,gerry,Gerry,3
2017,gertler,Gertler,3
2017,getty,Getty,3
2017,gilbert,Gilbert,3
2017,gilgan,Gilgan,3
2017,gilinski-bacal,Gilinski Bacal,3
2017,ginestet,Ginestet,3
2017,gittinger,Gittinger,3
2017,glasenberg,Glasenberg,3
2017,godin,Godin,3
2017,godrej,Godrej,3
2017,goenka,Goenka,3
2017,goh,Goh,3
2017,goi,Goi,3
2017,gokongwei,Gokongwei,3
2017,goldhar,Goldhar,3
2017,goldman,Goldman,3
2017,goldman-fowler,Goldman Fowler,3
2017,goldsbury,Goldsbury,3
2017,goldschmeding,Goldschmeding,3
2017,golisano,Golisano,3
2017,gonda-de-rivera,Gonda de Rivera,3
2017,gong,Gong,3
2017,goodnight,Goodnight,3
2017,gopalakrishnan,Gopalakrishnan,3
2017,gordeev,Gordeev,3
2017,gores,Gores,3
2017,gottesman,Gottesman,3
2017,gou,Gou,3
2017,graf,Graf,3
2017,graff,Graff,3
2017,graves,Graves,3
2017,gray,Gray,3
2017,grayken,Grayken,3
2017,green,Green,3
2017,greene,Greene,3
2017,grendene-bartelle,Grendene Bartelle,3
2017,grendys,Grendys,3
2017,grether,Grether,3
2017,griffin,Griffin,3
2017,gross,Gross,3
2017,grossman,Grossman,3
2017,gu,Gu,3
2017,gunal,Gunal,3
2017,gundlach,Gundlach,3
2017,gunsel,Gunsel,3
2017,guo,Guo,3
2017,gupta,Gupta,3
2017,guriev,Guriev,3
2017,gushchin,Gushchin,3
2017,gustavson,Gustavson,3
2017,gutseriev,Gutseriev,3
2017,haefner,Haefner,3
2017,hagen,Hagen,3
2017,hagen-kjos,Hagen Kjos,3
2017,hains,Hains,3
2017,haji-ioannou,Haji-Ioannou,3
2017,halle,Halle,3
2017,halvorsen,Halvorsen,3
2017,hamied,Hamied,3
2017,hamilton,Hamilton,3
2017,hamm,Hamm,3
2017,han,Han,3
2017,hank-rhon,Hank Rhon,3
2017,hankey,Hankey,3
2017,happel,Happel,3
2017,harding,Harding,3
2017,hargreaves,Hargreaves,3
2017,hariri,Hariri,3
2017,harp-helu,Harp Helu,3
2017,harris,Harris,3
2017,hart,Hart,3
2017,hartono,Hartono,3
2017,harvey,Harvey,3
2017,haslam,Haslam,3
2017,hastings,Hastings,3
2017,haub,Haub,3
2017,hayne,Hayne,3
2017,he,He,3
2017,headington,Headington,3
2017,hector,Hector,3
2017,heine,Heine,3
2017,heinecke,Heinecke,3
2017,hellmann,Hellmann,3
2017,helmig,Helmig,3
2017,hendricks,Hendricks,3
2017,henkel,Henkel,3
2017,henry,Henry,3
2017,herlin,Herlin,3
2017,hernandez-ramirez,Hernandez Ramirez,3
2017,herrero,Herrero,3
2017,herz,Herz,3
2017,higgins,Higgins,3
2017,hildebrand,Hildebrand,3
2017,hill,Hill,3
2017,hillman,Hillman,3
2017,hindawi,Hindawi,3
2017,hinduja,Hinduja,3
2017,hintze,Hintze,3
2017,hiranandani,Hiranandani,3
2017,ho,Ho,3
2017,hoang,Hoang,3
2017,hochschild,Hochschild,3
2017,hoffman,Hoffman,3
2017,hohn,Hohn,3
2017,hoi,Hoi,3
2017,hon,Hon,3
2017,hong,Hong,3
2017,hopp,Hopp,3
2017,horejsi,Horejsi,3
2017,horten,Horten,3
2017,hostetter,Hostetter,3
2017,houston,Houston,3
2017,howard,Howard,3
2017,hua,Hua,3
2017,huang,Huang,3
2017,hubbard,Hubbard,3
2017,hughes,Hughes,3
2017,hui,Hui,3
2017,huizenga,Huizenga,3
2017,hult,Hult,3
2017,hungary,Hungary,3
2017,hunt,Hunt,3
2017,huntsman,Huntsman,3
2017,huo,Huo,3
2017,hur,Hur,3
2017,hwang,Hwang,3
2017,ibragimov,Ibragimov,3
2017,ibrahim,Ibrahim,3
2017,icahn,Icahn,3
2017,igel,Igel,3
2017,ilicak,Ilicak,3
2017,iliev,Iliev,3
2017,ilitch-family,Ilitch family,3
2017,im-brahm-droege,im Brahm-Droege,3
2017,ingram,Ingram,3
2017,irsay,Irsay,3
2017,irving,Irving,3
2017,ishihara,Ishihara,3
2017,ito,Ito,3
2017,ivanishvili,Ivanishvili,3
2017,jackman,Jackman,3
2017,jacobs,Jacobs,3
2017,jacobson,Jacobson,3
2017,jagtiani,Jagtiani,3
2017,jain,Jain,3
2017,jaipuria,Jaipuria,3
2017,james,James,3
2017,jannard,Jannard,3
2017,jarislowsky,Jarislowsky,3
2017,jenkins,Jenkins,3
2017,jhunjhunwala,Jhunjhunwala,3
2017,ji,Ji,3
2017,jia,Jia,3
2017,jiang,Jiang,3
2017,jiaravanon,Jiaravanon,3
2017,jiaravanont,Jiaravanont,3
2017,jin,Jin,3
2017,jindal,Jindal,3
2017,johannson,Johannson,3
2017,johnson,Johnson,3
2017,johnson-leipold,Johnson-Leipold,3
2017,johnson-marquart,Johnson-Marquart,3
2017,jones,Jones,3
2017,jordan,Jordan,3
2017,joseph,Joseph,3
2017,jove,Jove,3
2017,joyce,Joyce,3
2017,justice,Justice,3
2017,kabiller,Kabiller,3
2017,kadoorie,Kadoorie,3
2017,kaercher,Kaercher,3
2017,kahn,Kahn,3
2017,kaiser,Kaiser,3
2017,kalanick,Kalanick,3
2017,kalsi,Kalsi,3
2017,kalyanaraman,Kalyanaraman,3
2017,kalyani,Kalyani,3
2017,kamel,Kamel,3
2017,kamenshchik,Kamenshchik,3
2017,kamprad,Kamprad,3
2017,kan,Kan,3
2017,kanjanapas,Kanjanapas,3
2017,kantor,Kantor,3
2017,kao,Kao,3
2017,kaplan,Kaplan,3
2017,kapoor,Kapoor,3
2017,karapetyan,Karapetyan,3
2017,karp,Karp,3
2017,karsh,Karsh,3
2017,kasahara,Kasahara,3
2017,kaspersky,Kaspersky,3
2017,kataria,Kataria,3
2017,katsiev,Katsiev,3
2017,katz,Katz,3
2017,kei,Kei,3
2017,keinath,Keinath,3
2017,kellerhals,Kellerhals,3
2017,kelley,Kelley,3
2017,kellner,Kellner,3
2017,kellogg,Kellogg,3
2017,kemper,Kemper,3
2017,kennedy,Kennedy,3
2017,kenya,Kenya,3
2017,kerimov,Kerimov,3
2017,kesaev,Kesaev,3
2017,khachaturov,Khachaturov,3
2017,khan,Khan,3
2017,kharitonin,Kharitonin,3
2017,khorakiwala,Khorakiwala,3
2017,khosla,Khosla,3
2017,kibar,Kibar,3
2017,kim,Kim,3
2017,kimmel,Kimmel,3
2017,kinder,Kinder,3
2017,king,King,3
2017,kipp,Kipp,3
2017,kirac,Kirac,3
2017,kirk,Kirk,3
2017,kirsh,Kirsh,3
2017,klarman,Klarman,3
2017,klatten,Klatten,3
2017,klyachin,Klyachin,3
2017,knapp,Knapp,3
2017,knight,Knight,3
2017,koc,Koc,3
2017,koch,Koch,3
2017,koh,Koh,3
2017,kohler,Kohler,3
2017,kolomoyskyy,Kolomoyskyy,3
2017,komarek,Komarek,3
2017,kondrashev,Kondrashev,3
2017,kong,Kong,3
2017,koo,Koo,3
2017,koplowitz,Koplowitz,3
2017,kosiuk,Kosiuk,3
2017,kosogov,Kosogov,3
2017,kotak,Kotak,3
2017,koum,Koum,3
2017,kovalchuk,Kovalchuk,3
2017,kovner,Kovner,3
2017,kozitsyn,Kozitsyn,3
2017,kozuki,Kozuki,3
2017,kraft,Kraft,3
2017,krasny,Krasny,3
2017,kravis,Kravis,3
2017,kretinsky,Kretinsky,3
2017,krieger,Krieger,3
2017,krigsner,Krigsner,3
2017,krishnan,Krishnan,3
2017,kristiansen,Kristiansen,3
2017,kroenke,Kroenke,3
2017,krueger,Krueger,3
2017,kuan,Kuan,3
2017,kucuk,Kucuk,3
2017,kuehne,Kuehne,3
2017,kulczyk,Kulczyk,3
2017,kulibaev,Kulibaev,3
2017,kulibaeva,Kulibaeva,3
2017,kumar-kishin-rk,Kumar & Kishin RK,3
2017,kuok,Kuok,3
2017,kuzmichev,Kuzmichev,3
2017,kvetnoi,Kvetnoi,3
2017,kwee,Kwee,3
2017,kwek,Kwek,3
2017,kwok,Kwok,3
2017,kwon,Kwon,3
2017,kyostila,Kyostila,3
2017,ladreit-de-lacharriere,Ladreit de Lacharriere,3
2017,lai,Lai,3
2017,lal,Lal,3
2017,lalibert,Laliberté,3
2017,lam,Lam,3
2017,lampert,Lampert,3
2017,landini-aleotti,Landini Aleotti,3
2017,langley,Langley,3
2017,langness,Langness,3
2017,langone,Langone,3
2017,lansdown,Lansdown,3
2017,lao-hernandez,Lao Hernandez,3
2017,larian,Larian,3
2017,larrea-mota-velasco,Larrea Mota Velasco,3
2017,larsen,Larsen,3
2017,lasry,Lasry,3
2017,latouche,Latouche,3
2017,latsis,Latsis,3
2017,lau,Lau,3
2017,lauder,Lauder,3
2017,lauder-zinterhofer,Lauder Zinterhofer,3
2017,lauren,Lauren,3
2017,laurie,Laurie,3
2017,law,Law,3
2017,lazari,Lazari,3
2017,le-duff,Le Duff,3
2017,leclercq,Leclercq,3
2017,lee,Lee,3
2017,lefkofsky,Lefkofsky,3
2017,lefrak,LeFrak,3
2017,lehmann,Lehmann,3
2017,lei,Lei,3
2017,leibinger,Leibinger,3
2017,leibinger-kammueller,Leibinger-Kammueller,3
2017,leininger,Leininger,3
2017,leitner,Leitner,3
2017,lemann,Lemann,3
2017,leone,Leone,3
2017,leong,Leong,3
2017,leprino,Leprino,3
2017,lerner,Lerner,3
2017,leviev,Leviev,3
2017,lew,Lew,3
2017,lewis,Lewis,3
2017,li,Li,3
2017,liang,Liang,3
2017,liao,Liao,3
2017,lichtenstein,Lichtenstein,3
2017,liebherr,Liebherr,3
2017,liebmann,Liebmann,3
2017,liew,Liew,3
2017,lim,Lim,3
2017,lim-siew-choon,Lim Siew Choon,3
2017,lin,Lin,3
2017,lindemann,Lindemann,3
2017,lindh,Lindh,3
2017,link,Link,3
2017,lisin,Lisin,3
2017,liu,Liu,3
2017,livingstone,Livingstone,3
2017,llado-fernandez-urrutia,Llado Fernandez-Urrutia,3
2017,lo,Lo,3
2017,lodha,Lodha,3
2017,loeb,Loeb,3
2017,loh,Loh,3
2017,lohia,Lohia,3
2017,lomakin,Lomakin,3
2017,lorberbaum,Lorberbaum,3
2017,loro-piana,Loro Piana,3
2017,lou,Lou,3
2017,louie,Louie,3
2017,louis-dreyfus,Louis-Dreyfus,3
2017,louis-hansen,Louis-Hansen,3
2017,love,Love,3
2017,lowy,Lowy,3
2017,lozick,Lozick,3
2017,lucas,Lucas,3
2017,lui,Lui,3
2017,lundberg,Lundberg,3
2017,luo,Luo,3
2017,lurie,Lurie,3
2017,luxembourg,Luxembourg,3
2017,maag,Maag,3
2017,macaulay,Macaulay,3
2017,machkevich,Machkevich,3
2017,macmillan,MacMillan,3
2017,maezawa,Maezawa,3
2017,magerko,Magerko,3
2017,magness,Magness,3
2017,magomedov,Magomedov,3
2017,mahagitsiri,Mahagitsiri,3
2017,mahindra,Mahindra,3
2017,makarov,Makarov,3
2017,makhmudov,Makhmudov,3
2017,malone,Malone,3
2017,mamut,Mamut,3
2017,mandel,Mandel,3
2017,mansour,Mansour,3
2017,mansueto,Mansueto,3
2017,mantegazza,Mantegazza,3
2017,maran,Maran,3
2017,marcondes-penido-sant-anna,Marcondes Penido Sant'Anna,3
2017,marcus,Marcus,3
2017,marguerre,Marguerre,3
2017,marinho,Marinho,3
2017,mariwala,Mariwala,3
2017,marks,Marks,3
2017,mars,Mars,3
2017,martin,Martin,3
2017,martinson,Martinson,3
2017,martullo-blocher,Martullo-Blocher,3
2017,mate,Mate,3
2017,mateschitz,Mateschitz,3
2017,mathile,Mathile,3
2017,matte,Matte,3
2017,matthews,Matthews,3
2017,mazumdar-shaw,Mazumdar-Shaw,3
2017,mcaulay,McAulay,3
2017,mccaw,McCaw,3
2017,mccombs,McCombs,3
2017,mckelvey,McKelvey,3
2017,mclane,McLane,3
2017,mcmahon,McMahon,3
2017,mcmurtry,McMurtry,3
2017,mcnair,McNair,3
2017,mehta,Mehta,3
2017,meijer,Meijer,3
2017,meister,Meister,3
2017,melchers,Melchers,3
2017,melnichenko,Melnichenko,3
2017,menard,Menard,3
2017,menon,Menon,3
2017,merckle,Merckle,3
2017,merieux,Merieux,3
2017,metropoulos,Metropoulos,3
2017,meyer,Meyer,3
2017,mi,Mi,3
2017,miao,Miao,3
2017,michel,Michel,3
2017,michelson,Michelson,3
2017,middleton,Middleton,3
2017,mikati,Mikati,3
2017,mikhelson,Mikhelson,3
2017,miki,Miki,3
2017,mikitani,Mikitani,3
2017,milchan,Milchan,3
2017,milek,Milek,3
2017,milken,Milken,3
2017,miller,Miller,3
2017,milner,Milner,3
2017,mints,Mints,3
2017,mistakidis,Mistakidis,3
2017,mistry,Mistry,3
2017,mittal,Mittal,3
2017,modi,Modi,3
2017,mohn,Mohn,3
2017,molchanov,Molchanov,3
2017,moll-filho,Moll Filho,3
2017,moller-nielsen,Moller Nielsen,3
2017,moopen,Moopen,3
2017,moore,Moore,3
2017,moraes,Moraes,3
2017,moraes-scripilliti,Moraes Scripilliti,3
2017,moratti,Moratti,3
2017,mordashov,Mordashov,3
2017,moreira-salles,Moreira Salles,3
2017,moreira-salles-junior,Moreira Salles Junior,3
2017,moreno,Moreno,3
2017,moretti-polegato,Moretti Polegato,3
2017,mori,Mori,3
2017,moritz,Moritz,3
2017,morocco,Morocco,3
2017,moroun,Moroun,3
2017,morris,Morris,3
2017,moshiri,Moshiri,3
2017,moshkovich,Moshkovich,3
2017,moskovitz,Moskovitz,3
2017,motsepe,Motsepe,3
2017,mouawad,Mouawad,3
2017,mouton,Mouton,3
2017,mueller,Mueller,3
2017,munger,Munger,3
2017,munjal,Munjal,3
2017,munot,Munot,3
2017,murdoch,Murdoch,3
2017,murdock,Murdock,3
2017,murphy,Murphy,3
2017,murthy,Murthy,3
2017,musk,Musk,3
2017,nacht,Nacht,3
2017,nadar,Nadar,3
2017,naeder,Naeder,3
2017,nagamori,Nagamori,3
2017,nahmad,Nahmad,3
2017,nan,Nan,3
2017,naoroji,Naoroji,3
2017,nascimento,Nascimento,3
2017,naughton,Naughton,3
2017,neilson,Neilson,3
2017,nelson,Nelson,3
2017,nemetschek,Nemetschek,3
2017,nesis,Nesis,3
2017,neumann,Neumann,3
2017,newell,Newell,3
2017,newhouse,Newhouse,3
2017,nguyen,Nguyen,3
2017,ni,Ni,3
2017,niarchos,Niarchos,3
2017,nicholas,Nicholas,3
2017,nie,Nie,3
2017,niel,Niel,3
2017,nigeria,Nigeria,3
2017,nilekani,Nilekani,3
2017,nisanov,Nisanov,3
2017,nitori,Nitori,3
2017,nixon,Nixon,3
2017,noda,Noda,3
2017,nolet,Nolet,3
2017,nordstrom,Nordstrom,3
2017,north-america,North America,3
2017,o-brien,O'Brien,3
2017,oberoi,Oberoi,3
2017,oberwelland,Oberwelland,3
2017,och,Och,3
2017,oei,Oei,3
2017,oeri,Oeri,3
2017,oetker,Oetker,3
2017,ofer,Ofer,3
2017,ogawa,Ogawa,3
2017,okada,Okada,3
2017,olenicoff,Olenicoff,3
2017,olsson,Olsson,3
2017,olsson-ericksson,Olsson Ericksson,3
2017,ometto-silveira-mello,Ometto Silveira Mello,3
2017,omidyar,Omidyar,3
2017,ong-beng-seng,Ong Beng Seng,3
2017,ongpin,Ongpin,3
2017,oppenheimer,Oppenheimer,3
2017,or,Or,3
2017,oringer,Oringer,3
2017,ortega,Ortega,3
2017,ortega-mera,Ortega Mera,3
2017,otto,Otto,3
2017,ou,Ou,3
2017,overdeck,Overdeck,3
2017,ozdemir,Ozdemir,3
2017,ozyegin,Ozyegin,3
2017,p-ladeau,Péladeau,3
2017,packer,Packer,3
2017,page,Page,3
2017,pai,Pai,3
2017,panama,Panama,3
2017,pang,Pang,3
2017,pangestu,Pangestu,3
2017,parisotto,Parisotto,3
2017,park,Park,3
2017,parker,Parker,3
2017,parry-okeden,Parry-Okeden,3
2017,parsons,Parsons,3
2017,patel,Patel,3
2017,patterson,Patterson,3
2017,pattison,Pattison,3
2017,paul,Paul,3
2017,paulmann,Paulmann,3
2017,paulsen,Paulsen,3
2017,paulson,Paulson,3
2017,paulsson,Paulsson,3
2017,peery,Peery,3
2017,pegula,Pegula,3
2017,peltz,Peltz,3
2017,penaloza-alanis,Penaloza Alanis,3
2017,peng,Peng,3
2017,penske,Penske,3
2017,pera,Pera,3
2017,perelman,Perelman,3
2017,perenchio,Perenchio,3
2017,peres,Peres,3
2017,perez,Perez,3
2017,perez-companc,Perez Companc,3
2017,perfetti,Perfetti,3
2017,perlmutter,Perlmutter,3
2017,perot,Perot,3
2017,perrodo,Perrodo,3
2017,perron,Perron,3
2017,persson,Persson,3
2017,pessina,Pessina,3
2017,peterffy,Peterffy,3
2017,peterson,Peterson,3
2017,pi-era,Piñera,3
2017,pieper,Pieper,3
2017,pillai,Pillai,3
2017,pinault,Pinault,3
2017,pinchuk,Pinchuk,3
2017,pincus,Pincus,3
2017,piramal,Piramal,3
2017,pires-oliveira-dias,Pires Oliveira Dias,3
2017,plank,Plank,3
2017,platt,Platt,3
2017,plattner,Plattner,3
2017,ponce-lerou,Ponce Lerou,3
2017,ponomarenko,Ponomarenko,3
2017,poo,Poo,3
2017,poonawalla,Poonawalla,3
2017,popov,Popov,3
2017,potanin,Potanin,3
2017,povlsen,Povlsen,3
2017,powell-jobs,Powell Jobs,3
2017,prada,Prada,3
2017,prasad,Prasad,3
2017,prasarttong-osoth,Prasarttong-Osoth,3
2017,pratt,Pratt,3
2017,premji,Premji,3
2017,preston,Preston,3
2017,price,Price,3
2017,prinzhorn,Prinzhorn,3
2017,pritzker,Pritzker,3
2017,prokhorov,Prokhorov,3
2017,pudwill,Pudwill,3
2017,puech,Puech,3
2017,pumpyansky,Pumpyansky,3
2017,qi,Qi,3
2017,qin,Qin,3
2017,qiu,Qiu,3
2017,quandt,Quandt,3
2017,que,Que,3
2017,quek,Quek,3
2017,rachmat,Rachmat,3
2017,ragon,Ragon,3
2017,raheja,Raheja,3
2017,rahimkulov,Rahimkulov,3
2017,rahr,Rahr,3
2017,rales,Rales,3
2017,rappoport,Rappoport,3
2017,rashnikov,Rashnikov,3
2017,ratanarak,Ratanarak,3
2017,ratcliffe,Ratcliffe,3
2017,rausing,Rausing,3
2017,rayner,Rayner,3
2017,razon,Razon,3
2017,rebrab,Rebrab,3
2017,reddy,Reddy,3
2017,redstone,Redstone,3
2017,reece,Reece,3
2017,rees-jones,Rees-Jones,3
2017,reimann,Reimann,3
2017,reimann-andersen,Reimann-Andersen,3
2017,reimann-ciardelli,Reimann-Ciardelli,3
2017,reimann-haas,Reimann-Haas,3
2017,reinhart,Reinhart,3
2017,reinsdorf,Reinsdorf,3
2017,reitan,Reitan,3
2017,ren,Ren,3
2017,rennert,Rennert,3
2017,resnick,Resnick,3
2017,ressler,Ressler,3
2017,reuben,Reuben,3
2017,revoredo,Revoredo,3
2017,reyes,Reyes,3
2017,riady,Riady,3
2017,rich,Rich,3
2017,ricketts,Ricketts,3
2017,riddell,Riddell,3
2017,rinehart,Rinehart,3
2017,rizzuto,Rizzuto,3
2017,robbins,Robbins,3
2017,roberts,Roberts,3
2017,robertson,Robertson,3
2017,rocca,Rocca,3
2017,rocha,Rocha,3
2017,rockefeller,Rockefeller,3
2017,rodriguez-pastor,Rodriguez-Pastor,3
2017,rodriguez-rodriguez,Rodriguez Rodriguez,3
2017,roemmers,Roemmers,3
2017,roig,Roig,3
2017,rokke,Rokke,3
2017,rollins,Rollins,3
2017,roski,Roski,3
2017,ross,Ross,3
2017,rossmann,Rossmann,3
2017,rosso,Rosso,3
2017,rotenberg,Rotenberg,3
2017,roth,Roth,3
2017,rothschild,Rothschild,3
2017,roullier,Roullier,3
2017,rovati,Rovati,3
2017,rovt,Rovt,3
2017,rowan,Rowan,3
2017,rowling,Rowling,3
2017,ruan,Ruan,3
2017,ruayrungruang,Ruayrungruang,3
2017,rubenstein,Rubenstein,3
2017,rubin,Rubin,3
2017,ruffin,Ruffin,3
2017,ruffini,Ruffini,3
2017,ruia,Ruia,3
2017,rupert,Rupert,3
2017,ryan,Ryan,3
2017,rybolovlev,Rybolovlev,3
2017,rydge,Rydge,3
2017,saad,Saad,3
2017,saade,Saade,3
2017,saban,Saban,3
2017,sacca,Sacca,3
2017,sacks,Sacks,3
2017,safra,Safra,3
2017,sagi,Sagi,3
2017,sahenk,Sahenk,3
2017,sahi,Sahi,3
2017,saieh-bendeck,Saieh Bendeck,3
2017,saji,Saji,3
2017,sajwani,Sajwani,3
2017,salata,Salata,3
2017,salinas-pliego,Salinas Pliego,3
2017,sall,Sall,3
2017,samueli,Samueli,3
2017,sanchez,Sanchez,3
2017,sandberg,Sandberg,3
2017,sandell,Sandell,3
2017,sanford,Sanford,3
2017,sankai,Sankai,3
2017,santo-domingo,Santo Domingo,3
2017,saputo,Saputo,3
2017,sariaatmadja,Sariaatmadja,3
2017,sarmiento,Sarmiento,3
2017,sarofim,Sarofim,3
2017,saul,Saul,3
2017,saverin,Saverin,3
2017,sawiris,Sawiris,3
2017,schaeffler,Schaeffler,3
2017,schaeffler-thumann,Schaeffler-Thumann,3
2017,scheinberg,Scheinberg,3
2017,scheufele,Scheufele,3
2017,schleifer,Schleifer,3
2017,schlosberg,Schlosberg,3
2017,schmidheiny,Schmidheiny,3
2017,schmidt,Schmidt,3
2017,schmidt-ruthenbeck,Schmidt-Ruthenbeck,3
2017,schmieding,Schmieding,3
2017,schnabel,Schnabel,3
2017,schnatter,Schnatter,3
2017,schoeller,Schoeller,3
2017,schoerghuber,Schoerghuber,3
2017,schorling,Schorling,3
2017,schroder,Schroder,3
2017,schulenberg,Schulenberg,3
2017,schultz,Schultz,3
2017,schulze,Schulze,3
2017,schusterman,Schusterman,3
2017,schwab,Schwab,3
2017,schwartz,Schwartz,3
2017,schwarz,Schwarz,3
2017,schwarzman,Schwarzman,3
2017,schweizer,Schweizer,3
2017,scott,Scott,3
2017,seabra,Seabra,3
2017,secunda,Secunda,3
2017,sefrioui,Sefrioui,3
2017,sehgal,Sehgal,3
2017,selig,Selig,3
2017,selin,Selin,3
2017,seo,Seo,3
2017,serafi,Serafi,3
2017,shah,Shah,3
2017,shaimiev,Shaimiev,3
2017,shamalov,Shamalov,3
2017,shang,Shang,3
2017,shanghvi,Shanghvi,3
2017,shani,Shani,3
2017,shao,Shao,3
2017,sharma,Sharma,3
2017,sharp,Sharp,3
2017,shaw,Shaw,3
2017,sheffield,Sheffield,3
2017,shefler,Shefler,3
2017,shen,Shen,3
2017,sherman,Sherman,3
2017,sheth,Sheth,3
2017,shetty,Shetty,3
2017,shi,Shi,3
2017,shibulal,Shibulal,3
2017,shigaboutdinov,Shigaboutdinov,3
2017,shigeta,Shigeta,3
2017,shimamura,Shimamura,3
2017,shin,Shin,3
2017,shinawatra,Shinawatra,3
2017,shinohara,Shinohara,3
2017,shishkhanov,Shishkhanov,3
2017,shoen,Shoen,3
2017,shriram,Shriram,3
2017,shroff,Shroff,3
2017,shuai,Shuai,3
2017,shvidler,Shvidler,3
2017,shwed,Shwed,3
2017,sia,Sia,3
2017,sicupira,Sicupira,3
2017,siebel,Siebel,3
2017,siegel,Siegel,3
2017,silbermann,Silbermann,3
2017,sim,Sim,3
2017,simanovsky,Simanovsky,3
2017,simon,Simon,3
2017,simons,Simons,3
2017,simonyi,Simonyi,3
2017,singer,Singer,3
2017,singh,Singh,3
2017,sirivadhanabhakdi,Sirivadhanabhakdi,3
2017,sit,Sit,3
2017,sitorus,Sitorus,3
2017,skoch,Skoch,3
2017,skoll,Skoll,3
2017,skorobogatko,Skorobogatko,3
2017,slim-helu,Slim Helu,3
2017,smidt,Smidt,3
2017,smith,Smith,3
2017,snow,Snow,3
2017,snyder,Snyder,3
2017,soares-dos-santos,Soares dos Santos,3
2017,sobrato,Sobrato,3
2017,soderstrom,Soderstrom,3
2017,sohmen,Sohmen,3
2017,solorz-zak,Solorz-Zak,3
2017,solow,Solow,3
2017,solowow,Solowow,3
2017,son,Son,3
2017,sondakh,Sondakh,3
2017,song,Song,3
2017,sonnenberg,Sonnenberg,3
2017,soon-shiong,Soon-Shiong,3
2017,soros,Soros,3
2017,south-america,South America,3
2017,spangler,Spangler,3
2017,spanos,Spanos,3
2017,sperling,Sperling,3
2017,speyer,Speyer,3
2017,spiegel,Spiegel,3
2017,spielberg,Spielberg,3
2017,springer,Springer,3
2017,spuhler,Spuhler,3
2017,srivaddhanaprabha,Srivaddhanaprabha,3
2017,stack,Stack,3
2017,stawski,Stawski,3
2017,steinhardt,Steinhardt,3
2017,steinhoff,Steinhoff,3
2017,steinmetz,Steinmetz,3
2017,stephens,Stephens,3
2017,sterling,Sterling,3
2017,stern,Stern,3
2017,stevens,Stevens,3
2017,steyer,Steyer,3
2017,stine,Stine,3
2017,stitzer,Stitzer,3
2017,stokes,Stokes,3
2017,stole,Stole,3
2017,stone,Stone,3
2017,stordalen,Stordalen,3
2017,storz,Storz,3
2017,stoschek,Stoschek,3
2017,straumann,Straumann,3
2017,stroeher,Stroeher,3
2017,stroll,Stroll,3
2017,stronach,Stronach,3
2017,struengmann,Struengmann,3
2017,stryker,Stryker,3
2017,stul,Stul,3
2017,stumpf,Stumpf,3
2017,su,Su,3
2017,suh,Suh,3
2017,sulteev,Sulteev,3
2017,sun,Sun,3
2017,susanto,Susanto,3
2017,sutanto,Sutanto,3
2017,sutton,Sutton,3
2017,suzuki,Suzuki,3
2017,svetakov,Svetakov,3
2017,swieca,Swieca,3
2017,switzerland,Switzerland,3
2017,syrian-arab-republic,Syria,3
2017,systrom,Systrom,3
2017,sze,Sze,3
2017,tada,Tada,3
2017,tahir,Tahir,3
2017,takahara,Takahara,3
2017,takizaki,Takizaki,3
2017,tan,Tan,3
2017,tan-caktiong,Tan Caktiong,3
2017,tanaka,Tanaka,3
2017,tang,Tang,3
2017,tanjung,Tanjung,3
2017,tanner,Tanner,3
2017,tanoesoedibjo,Tanoesoedibjo,3
2017,tanoto,Tanoto,3
2017,tara,Tara,3
2017,taravella,Taravella,3
2017,taylor,Taylor,3
2017,tedja,Tedja,3
2017,teh,Teh,3
2017,telles,Telles,3
2017,teoh,Teoh,3
2017,tepper,Tepper,3
2017,tewari,Tewari,3
2017,tham,Tham,3
2017,thiel,Thiel,3
2017,thiele,Thiele,3
2017,thirakomen,Thirakomen,3
2017,thompson,Thompson,3
2017,thomson,Thomson,3
2017,thongtang,Thongtang,3
2017,tian,Tian,3
2017,tiku,Tiku,3
2017,timchenko,Timchenko,3
2017,tinkov,Tinkov,3
2017,tiong,Tiong,3
2017,tiriac,Tiriac,3
2017,tisch,Tisch,3
2017,toeller,Toeller,3
2017,toennies,Toennies,3
2017,tong,Tong,3
2017,tong-liu,Tong Liu,3
2017,toosbuy-kasprzak,Toosbuy Kasprzak,3
2017,topbas,Topbas,3
2017,tornqvist,Tornqvist,3
2017,trefler,Trefler,3
2017,triguboff,Triguboff,3
2017,trotsenko,Trotsenko,3
2017,troutt,Troutt,3
2017,trump,Trump,3
2017,tsai,Tsai,3
2017,tschira,Tschira,3
2017,tse,Tse,3
2017,tseng,Tseng,3
2017,tshuva,Tshuva,3
2017,tu,Tu,3
2017,tuchman,Tuchman,3
2017,tull,Tull,3
2017,tung,Tung,3
2017,turner,Turner,3
2017,ty,Ty,3
2017,tykac,Tykac,3
2017,tyson,Tyson,3
2017,udvar-hazy,Udvar-Hazy,3
2017,uehara,Uehara,3
2017,ulker,Ulker,3
2017,ulukaya,Ulukaya,3
2017,unger,Unger,3
2017,uno,Uno,3
2017,upatkoon,Upatkoon,3
2017,usmanov,Usmanov,3
2017,utemuratov,Utemuratov,3
2017,van-der-leegte,van der Leegte,3
2017,van-lieshout,Van Lieshout,3
2017,vargi,Vargi,3
2017,varkey,Varkey,3
2017,vaswani,Vaswani,3
2017,vayalil,Vayalil,3
2017,vekselberg,Vekselberg,3
2017,veronesi,Veronesi,3
2017,viessmann,Viessmann,3
2017,vigil-gonzalez,Vigil Gonzalez,3
2017,vijitpongpun,Vijitpongpun,3
2017,vik,Vik,3
2017,villar,Villar,3
2017,villar-mir,Villar Mir,3
2017,viola,Viola,3
2017,virwani,Virwani,3
2017,vitek,Vitek,3
2017,volkmann,Volkmann,3
2017,volozh,Volozh,3
2017,von-bechtolsheim,von Bechtolsheim,3
2017,von-finck,von Finck,3
2017,von-holtzbrinck,von Holtzbrinck,3
2017,von-opel,von Opel,3
2017,vuong,Vuong,3
2017,wadhwani,Wadhwani,3
2017,wadia,Wadia,3
2017,wagner,Wagner,3
2017,walentas,Walentas,3
2017,walker,Walker,3
2017,walter,Walter,3
2017,walton,Walton,3
2017,wanek,Wanek,3
2017,wang,Wang,3
2017,warner,Warner,3
2017,warren,Warren,3
2017,washington,Washington,3
2017,weber,Weber,3
2017,wee,Wee,3
2017,wei,Wei,3
2017,weill,Weill,3
2017,weiner,Weiner,3
2017,wen,Wen,3
2017,wertheimer,Wertheimer,3
2017,weston,Weston,3
2017,wexner,Wexner,3
2017,whitman,Whitman,3
2017,whittaker,Whittaker,3
2017,wiese,Wiese,3
2017,wietlisbach,Wietlisbach,3
2017,wild,Wild,3
2017,wilhelmsen,Wilhelmsen,3
2017,wilks,Wilks,3
2017,williams,Williams,3
2017,wilson,Wilson,3
2017,winfrey,Winfrey,3
2017,witzoe,Witzoe,3
2017,wobben,Wobben,3
2017,wong,Wong,3
2017,woo,Woo,3
2017,wood,Wood,3
2017,wortmann,Wortmann,3
2017,wrigley,Wrigley,3
2017,wu,Wu,3
2017,wuerth,Wuerth,3
2017,wynn,Wynn,3
2017,wyss,Wyss,3
2017,xia,Xia,3
2017,xiao,Xiao,3
2017,xie,Xie,3
2017,xiong,Xiong,3
2017,xiu,Xiu,3
2017,xue,Xue,3
2017,yakunin,Yakunin,3
2017,yan,Yan,3
2017,yanai,Yanai,3
2017,yang,Yang,3
2017,yao,Yao,3
2017,yarbrough,Yarbrough,3
2017,yarur-rey,Yarur Rey,3
2017,yasuda,Yasuda,3
2017,yazici,Yazici,3
2017,yemen-rep,Yemen,3
2017,yeoh,Yeoh,3
2017,yeung,Yeung,3
2017,yevtushenkov,Yevtushenkov,3
2017,yi,Yi,3
2017,yin,Yin,3
2017,ying,Ying,3
2017,york,York,3
2017,young,Young,3
2017,yu,Yu,3
2017,yuan,Yuan,3
2017,yuengling,Yuengling,3
2017,yushvaev,Yushvaev,3
2017,yusuff-ali,Yusuff Ali,3
2017,zakay,Zakay,3
2017,zan,Zan,3
2017,zegar,Zegar,3
2017,zell,Zell,3
2017,zeller,Zeller,3
2017,zeng,Zeng,3
2017,zhang,Zhang,3
2017,zhao,Zhao,3
2017,zheng,Zheng,3
2017,zhevago,Zhevago,3
2017,zhong,Zhong,3
2017,zhou,Zhou,3
2017,zhu,Zhu,3
2017,ziff,Ziff,3
2017,zimmermann-von-siefart,Zimmermann von Siefart,3
2017,zong,Zong,3
2017,zorlu,Zorlu,3
2017,zucker,Zucker,3
2017,zuckerberg,Zuckerberg,3
2017,zuckerman,Zuckerman,3
2018,aarnio-wihuri,Aarnio-Wihuri,3
2018,abdalla-filho,Abdalla Filho,3
2018,abdulhayoglu,Abdulhayoglu,3
2018,abello,Abello,3
2018,abraham,Abraham,3
2018,abramov,Abramov,3
2018,abramovich,Abramovich,3
2018,ackman,Ackman,3
2018,acton,Acton,3
2018,adams,Adams,3
2018,adani,Adani,3
2018,adelson,Adelson,3
2018,adenuga,Adenuga,3
2018,adikoesoemo,Adikoesoemo,3
2018,aga,Aga,3
2018,agalarov,Agalarov,3
2018,agaoglu,Agaoglu,3
2018,agarwal,Agarwal,3
2018,agrawal,Agrawal,3
2018,aguiar,Aguiar,3
2018,ahunai,Ahunai,3
2018,ainsworth,Ainsworth,3
2018,akhannouch,Akhannouch,3
2018,akhmedov,Akhmedov,3
2018,akhmetov,Akhmetov,3
2018,akin,Akin,3
2018,al-fayed,Al Fayed,3
2018,al-futtaim,Al Futtaim,3
2018,al-ghurair,Al Ghurair,3
2018,al-kharafi,Al-Kharafi,3
2018,al-muhairi,Al Muhairi,3
2018,al-thani,Al Thani,3
2018,alakija,Alakija,3
2018,albrecht,Albrecht,3
2018,albrecht-jr,Albrecht Jr.,3
2018,albukhary,AlBukhary,3
2018,alcocer,Alcocer,3
2018,alekperov,Alekperov,3
2018,alexander,Alexander,3
2018,alfond,Alfond,3
2018,alghanim,Alghanim,3
2018,allen,Allen,3
2018,alter,Alter,3
2018,altrad,Altrad,3
2018,altushkin,Altushkin,3
2018,alukkas,Alukkas,3
2018,alves-de-queiroz-filho,Alves de Queiroz Filho,3
2018,ambani,Ambani,3
2018,amin,Amin,3
2018,amorim,Amorim,3
2018,andic,Andic,3
2018,andreessen,Andreessen,3
2018,andreev,Andreev,3
2018,andresen,Andresen,3
2018,ang,Ang,3
2018,angelini-rossi,Angelini Rossi,3
2018,anisimov,Anisimov,3
2018,anschutz,Anschutz,3
2018,ansin,Ansin,3
2018,anttonen,Anttonen,3
2018,aponte,Aponte,3
2018,aramburuzabala,Aramburuzabala,3
2018,arango,Arango,3
2018,ardila-l-lle,Ardila Lülle,3
2018,argyros,Argyros,3
2018,arison,Arison,3
2018,aristrain,Aristrain,3
2018,arkin,Arkin,3
2018,armani,Armani,3
2018,arnault,Arnault,3
2018,arnold,Arnold,3
2018,arrillaga,Arrillaga,3
2018,arsel,Arsel,3
2018,ashcroft,Ashcroft,3
2018,ashkenazy,Ashkenazy,3
2018,ashley,Ashley,3
2018,asness,Asness,3
2018,austin,Austin,3
2018,avara,Avara,3
2018,avdeev,Avdeev,3
2018,aven,Aven,3
2018,ax-son-johnson,Ax:son Johnson,3
2018,aydinlar,Aydinlar,3
2018,azcarraga-jean,Azcarraga Jean,3
2018,babis,Babis,3
2018,bacaksiz,Bacaksiz,3
2018,bacon,Bacon,3
2018,bahwan,Bahwan,3
2018,bailey,Bailey,3
2018,bailleres-gonzalez,Bailleres Gonzalez,3
2018,bajaj,Bajaj,3
2018,bakeri,Bakeri,3
2018,balkrishna,Balkrishna,3
2018,ballmer,Ballmer,3
2018,bamberger,Bamberger,3
2018,bamford,Bamford,3
2018,bang,Bang,3
2018,banga,Banga,3
2018,bangur,Bangur,3
2018,barclay,Barclay,3
2018,barilla,Barilla,3
2018,barnett,Barnett,3
2018,baron,Baron,3
2018,basaran,Basaran,3
2018,bass,Bass,3
2018,baturina,Baturina,3
2018,bauer,Bauer,3
2018,baumann-blocher,Baumann-Blocher,3
2018,beal,Beal,3
2018,beard,Beard,3
2018,beaufour,Beaufour,3
2018,bechtel,Bechtel,3
2018,bechtolsheimer-kipp,Bechtolsheimer-Kipp,3
2018,beckmann-vidal,Beckmann Vidal,3
2018,bekker,Bekker,3
2018,bellon,Bellon,3
2018,belmont-anderson,Belmont Anderson,3
2018,benetton,Benetton,3
2018,benioff,Benioff,3
2018,benjelloun,Benjelloun,3
2018,bennet,Bennet,3
2018,bennett,Bennett,3
2018,benson,Benson,3
2018,benteler,Benteler,3
2018,berggruen,Berggruen,3
2018,berkley,Berkley,3
2018,berlusconi,Berlusconi,3
2018,berner,Berner,3
2018,bertarelli,Bertarelli,3
2018,bertelli,Bertelli,3
2018,besnier,Besnier,3
2018,besnier-beauvalot,Besnier Beauvalot,3
2018,bettencourt-meyers,Bettencourt Meyers,3
2018,beveridge,Beveridge,3
2018,bezos,Bezos,3
2018,bhartia,Bhartia,3
2018,bhatia,Bhatia,3
2018,bhusri,Bhusri,3
2018,biernacki,Biernacki,3
2018,billi,Billi,3
2018,bin-butti-al-qebaisi,Bin Butti Al Qebaisi,3
2018,bino,Bino,3
2018,biondi,Biondi,3
2018,birla,Birla,3
2018,bisciotti,Bisciotti,3
2018,bishop,Bishop,3
2018,bjorgolfsson,Bjorgolfsson,3
2018,black,Black,3
2018,blakely,Blakely,3
2018,blank,Blank,3
2018,blavatnik,Blavatnik,3
2018,blecharczyk,Blecharczyk,3
2018,blickle,Blickle,3
2018,blocher,Blocher,3
2018,bloomberg,Bloomberg,3
2018,bloor,Bloor,3
2018,bluhm,Bluhm,3
2018,blundy,Blundy,3
2018,bodharamik,Bodharamik,3
2018,bogdanov,Bogdanov,3
2018,boguslavsky,Boguslavsky,3
2018,boholyubov,Boholyubov,3
2018,bokarev,Bokarev,3
2018,bollor,Bolloré,3
2018,bonderman,Bonderman,3
2018,booth,Booth,3
2018,boquoi,Boquoi,3
2018,botin,Botin,3
2018,bouchard,Bouchard,3
2018,bouygues,Bouygues,3
2018,boyko,Boyko,3
2018,boyle,Boyle,3
2018,bozano,Bozano,3
2018,braman,Braman,3
2018,brandes,Brandes,3
2018,branson,Branson,3
2018,braun,Braun,3
2018,braun-luedicke,Braun-Luedicke,3
2018,bren,Bren,3
2018,brescia-cafferata,Brescia Cafferata,3
2018,breyer,Breyer,3
2018,brin,Brin,3
2018,brito,Brito,3
2018,broad,Broad,3
2018,broermann,Broermann,3
2018,bronfman,Bronfman,3
2018,brown,Brown,3
2018,bruch,Bruch,3
2018,bu,Bu,3
2018,bucher-haefner,Bucher-Haefner,3
2018,buck,Buck,3
2018,buffett,Buffett,3
2018,buinov,Buinov,3
2018,bulgari,Bulgari,3
2018,bulgheroni,Bulgheroni,3
2018,bundrant,Bundrant,3
2018,burda,Burda,3
2018,burkle,Burkle,3
2018,burman,Burman,3
2018,busujima,Busujima,3
2018,cai,Cai,3
2018,calder,Calder,3
2018,calderon-rojas,Calderon Rojas,3
2018,calik,Calik,3
2018,caltagirone,Caltagirone,3
2018,camp,Camp,3
2018,cannon-brookes,Cannon-Brookes,3
2018,cao,Cao,3
2018,caporella,Caporella,3
2018,carballo,Carballo,3
2018,cargill,Cargill,3
2018,carmignac,Carmignac,3
2018,caruso,Caruso,3
2018,case,Case,3
2018,casiraghi,Casiraghi,3
2018,cathy,Cathy,3
2018,catsimatidis,Catsimatidis,3
2018,caudwell,Caudwell,3
2018,cayard,Cayard,3
2018,chaiyawan,Chaiyawan,3
2018,chalhoub,Chalhoub,3
2018,chambers,Chambers,3
2018,chan,Chan,3
2018,chandler,Chandler,3
2018,chandra,Chandra,3
2018,chandramogan,Chandramogan,3
2018,chang,Chang,3
2018,chao,Chao,3
2018,chaudhary,Chaudhary,3
2018,cheah,Cheah,3
2018,chearavanont,Chearavanont,3
2018,chen,Chen,3
2018,cheng,Cheng,3
2018,cheriton,Cheriton,3
2018,cherng,Cherng,3
2018,chesky,Chesky,3
2018,cheung,Cheung,3
2018,chey,Chey,3
2018,chi,Chi,3
2018,chiaravanond,Chiaravanond,3
2018,chiaravanont,Chiaravanont,3
2018,chin,Chin,3
2018,chiravanond,Chiravanond,3
2018,chittilappilly,Chittilappilly,3
2018,cho,Cho,3
2018,chodiev,Chodiev,3
2018,choi,Choi,3
2018,choo,Choo,3
2018,chouinard,Chouinard,3
2018,chrenko,Chrenko,3
2018,christopher,Christopher,3
2018,chu,Chu,3
2018,chua,Chua,3
2018,chudgar,Chudgar,3
2018,chukhlebov,Chukhlebov,3
2018,chung,Chung,3
2018,ciner,Ciner,3
2018,ciputra,Ciputra,3
2018,cisneros,Cisneros,3
2018,clark,Clark,3
2018,cline,Cline,3
2018,clozel,Clozel,3
2018,coates,Coates,3
2018,cockwell,Cockwell,3
2018,cohen,Cohen,3
2018,cojuangco,Cojuangco,3
2018,coleman,Coleman,3
2018,collison,Collison,3
2018,commisso,Commisso,3
2018,conine,Conine,3
2018,conway,Conway,3
2018,cook,Cook,3
2018,coombs,Coombs,3
2018,cooperman,Cooperman,3
2018,cortina,Cortina,3
2018,costantini,Costantini,3
2018,coulter,Coulter,3
2018,coutu,Coutu,3
2018,cowin,Cowin,3
2018,coyiuto,Coyiuto,3
2018,cremonini,Cremonini,3
2018,crishna-godrej,Crishna-Godrej,3
2018,csanyi,Csanyi,3
2018,cuban,Cuban,3
2018,cucinelli,Cucinelli,3
2018,cui,Cui,3
2018,currie,Currie,3
2018,cutrale,Cutrale,3
2018,d-amours,D'Amours,3
2018,d-aniello,D'Aniello,3
2018,daitch,Daitch,3
2018,dalio,Dalio,3
2018,dalmia,Dalmia,3
2018,damani,Damani,3
2018,damen,Damen,3
2018,dang,Dang,3
2018,dangermond,Dangermond,3
2018,dangote,Dangote,3
2018,dani,Dani,3
2018,dassault,Dassault,3
2018,daurella,Daurella,3
2018,davis,Davis,3
2018,day,Day,3
2018,de-carvalho-heineken,de Carvalho-Heineken,3
2018,de-godoy-bueno,de Godoy Bueno,3
2018,de-longhi,De'Longhi,3
2018,de-mattos-barretto-villela,de Mattos Barretto Villela,3
2018,de-mol,de Mol,3
2018,de-rothschild,de Rothschild,3
2018,deason,Deason,3
2018,debartolo,DeBartolo,3
2018,defares,Defares,3
2018,dejoria,DeJoria,3
2018,del-pino-y-calvo-sotelo,Del Pino y Calvo-Sotelo,3
2018,del-valle-ruiz,Del Valle Ruiz,3
2018,del-vecchio,Del Vecchio,3
2018,dell,Dell,3
2018,della-valle,Della Valle,3
2018,denegri,Denegri,3
2018,dentressangle,Dentressangle,3
2018,deripaska,Deripaska,3
2018,desai,Desai,3
2018,desmond,Desmond,3
2018,desseigne,Desseigne,3
2018,devos,DeVos,3
2018,dewji,Dewji,3
2018,dhingra,Dhingra,3
2018,diethelm,Diethelm,3
2018,diller,Diller,3
2018,dimon,Dimon,3
2018,dinan,Dinan,3
2018,dinesh,Dinesh,3
2018,ding,Ding,3
2018,diniz,Diniz,3
2018,divi,Divi,3
2018,dixon,Dixon,3
2018,dizdar,Dizdar,3
2018,doerr,Doerr,3
2018,dolan,Dolan,3
2018,dolby,Dolby,3
2018,dolce,Dolce,3
2018,dommermuth,Dommermuth,3
2018,dong,Dong,3
2018,doris,Doris,3
2018,dorrance,Dorrance,3
2018,dorsey,Dorsey,3
2018,dos-santos,dos Santos,3
2018,dou,Dou,3
2018,douglas,Douglas,3
2018,draexlmaier,Draexlmaier,3
2018,drahi,Drahi,3
2018,droege,Droege,3
2018,druckenmiller,Druckenmiller,3
2018,du,Du,3
2018,dubin,Dubin,3
2018,duffield,Duffield,3
2018,duggan,Duggan,3
2018,duncan,Duncan,3
2018,dunstone,Dunstone,3
2018,durov,Durov,3
2018,dyson,Dyson,3
2018,dzhaparidze,Dzhaparidze,3
2018,ebner,Ebner,3
2018,ecclestone,Ecclestone,3
2018,eczacibasi,Eczacibasi,3
2018,edelman,Edelman,3
2018,edelstenne,Edelstenne,3
2018,edson,Edson,3
2018,edwards,Edwards,3
2018,egger,Egger,3
2018,egydio-arruda-villela-filho,Egydio Arruda Villela Filho,3
2018,einhorn,Einhorn,3
2018,ell,Ell,3
2018,ellison,Ellison,3
2018,emmerson,Emmerson,3
2018,engelhardt,Engelhardt,3
2018,engelhorn,Engelhorn,3
2018,englander,Englander,3
2018,ergen,Ergen,3
2018,erni,Erni,3
2018,escarrer,Escarrer,3
2018,escotet,Escotet,3
2018,esteves,Esteves,3
2018,eurnekian,Eurnekian,3
2018,fan,Fan,3
2018,fang,Fang,3
2018,farber,Farber,3
2018,faria,Faria,3
2018,farquhar,Farquhar,3
2018,faulkner,Faulkner,3
2018,fayat,Fayat,3
2018,fedun,Fedun,3
2018,fegel,Fegel,3
2018,feinberg,Feinberg,3
2018,feld,Feld,3
2018,feng,Feng,3
2018,ferrari,Ferrari,3
2018,ferrero,Ferrero,3
2018,fertitta,Fertitta,3
2018,fetisov,Fetisov,3
2018,feuillet,Feuillet,3
2018,fidani,Fidani,3
2018,fielmann,Fielmann,3
2018,filatov,Filatov,3
2018,filo,Filo,3
2018,fireman,Fireman,3
2018,firodia,Firodia,3
2018,fisher,Fisher,3
2018,fissolo,Fissolo,3
2018,flatt,Flatt,3
2018,flohr,Flohr,3
2018,flowers,Flowers,3
2018,fluxa-rossello,Fluxa Rossello,3
2018,fong,Fong,3
2018,fontbona,Fontbona,3
2018,ford,Ford,3
2018,foriel-destezet,Foriel-Destezet,3
2018,forrest,Forrest,3
2018,foss,Foss,3
2018,foster,Foster,3
2018,fox,Fox,3
2018,fraisse,Fraisse,3
2018,france,France,3
2018,frantz,Frantz,3
2018,fredriksen,Fredriksen,3
2018,freier,Freier,3
2018,frere,Frere,3
2018,frias,Frias,3
2018,fridman,Fridman,3
2018,friedkin,Friedkin,3
2018,friedland,Friedland,3
2018,friese,Friese,3
2018,frist,Frist,3
2018,frolov,Frolov,3
2018,frost,Frost,3
2018,fu,Fu,3
2018,fujita,Fujita,3
2018,fukushima,Fukushima,3
2018,fukutake,Fukutake,3
2018,fung,Fung,3
2018,gabay,Gabay,3
2018,gabbana,Gabbana,3
2018,gabelli,Gabelli,3
2018,gaglardi,Gaglardi,3
2018,galchev,Galchev,3
2018,galitsky,Galitsky,3
2018,galperin,Galperin,3
2018,gandel,Gandel,3
2018,gangwal,Gangwal,3
2018,gantner,Gantner,3
2018,gao,Gao,3
2018,gapontsev,Gapontsev,3
2018,garavoglia,Garavoglia,3
2018,garcia,Garcia,3
2018,garfinkel,Garfinkel,3
2018,gates,Gates,3
2018,gauselmann,Gauselmann,3
2018,gautam,Gautam,3
2018,gebbia,Gebbia,3
2018,geffen,Geffen,3
2018,gehlaut,Gehlaut,3
2018,geiger,Geiger,3
2018,geminder,Geminder,3
2018,geng,Geng,3
2018,gerling,Gerling,3
2018,gerry,Gerry,3
2018,gertler,Gertler,3
2018,getty,Getty,3
2018,gilbert,Gilbert,3
2018,gilgan,Gilgan,3
2018,gilinski-bacal,Gilinski Bacal,3
2018,gillings,Gillings,3
2018,ginestet,Ginestet,3
2018,gittinger,Gittinger,3
2018,glasenberg,Glasenberg,3
2018,godin,Godin,3
2018,godrej,Godrej,3
2018,goenka,Goenka,3
2018,goh,Goh,3
2018,goi,Goi,3
2018,gokongwei,Gokongwei,3
2018,goldhar,Goldhar,3
2018,goldman,Goldman,3
2018,goldman-fowler,Goldman Fowler,3
2018,goldsbury,Goldsbury,3
2018,goldschmeding,Goldschmeding,3
2018,golisano,Golisano,3
2018,gonda-de-rivera,Gonda de Rivera,3
2018,gong,Gong,3
2018,goodnight,Goodnight,3
2018,gopalakrishnan,Gopalakrishnan,3
2018,gordeev,Gordeev,3
2018,gores,Gores,3
2018,gottesman,Gottesman,3
2018,gou,Gou,3
2018,graf,Graf,3
2018,graff,Graff,3
2018,graves,Graves,3
2018,gray,Gray,3
2018,grayken,Grayken,3
2018,green,Green,3
2018,greene,Greene,3
2018,grendene-bartelle,Grendene Bartelle,3
2018,grendys,Grendys,3
2018,griffin,Griffin,3
2018,gross,Gross,3
2018,gu,Gu,3
2018,gunal,Gunal,3
2018,gundlach,Gundlach,3
2018,gunsel,Gunsel,3
2018,guo,Guo,3
2018,gupta,Gupta,3
2018,guriev,Guriev,3
2018,gushchin,Gushchin,3
2018,gustavson,Gustavson,3
2018,gutseriev,Gutseriev,3
2018,gyanchandani,Gyanchandani,3
2018,haefner,Haefner,3
2018,hagen,Hagen,3
2018,hagen-kjos,Hagen Kjos,3
2018,hains,Hains,3
2018,haji-ioannou,Haji-Ioannou,3
2018,hall,Hall,3
2018,halvorsen,Halvorsen,3
2018,hamied,Hamied,3
2018,hamm,Hamm,3
2018,han,Han,3
2018,hancock,Hancock,3
2018,hank-rhon,Hank Rhon,3
2018,hankey,Hankey,3
2018,happel,Happel,3
2018,harary,Harary,3
2018,harding,Harding,3
2018,hargreaves,Hargreaves,3
2018,hariri,Hariri,3
2018,harlap,Harlap,3
2018,harp-helu,Harp Helu,3
2018,harris,Harris,3
2018,hart,Hart,3
2018,hartono,Hartono,3
2018,harvey,Harvey,3
2018,haslam,Haslam,3
2018,hastings,Hastings,3
2018,hattat,Hattat,3
2018,haub,Haub,3
2018,hayne,Hayne,3
2018,he,He,3
2018,headington,Headington,3
2018,hector,Hector,3
2018,heine,Heine,3
2018,heinecke,Heinecke,3
2018,helmig,Helmig,3
2018,hendricks,Hendricks,3
2018,henkel,Henkel,3
2018,henry,Henry,3
2018,herlin,Herlin,3
2018,hernandez-ramirez,Hernandez Ramirez,3
2018,herrero,Herrero,3
2018,herz,Herz,3
2018,higgins,Higgins,3
2018,hildebrand,Hildebrand,3
2018,hill,Hill,3
2018,hinduja,Hinduja,3
2018,hintze,Hintze,3
2018,hiranandani,Hiranandani,3
2018,ho,Ho,3
2018,hoang,Hoang,3
2018,hochschild,Hochschild,3
2018,hoffman,Hoffman,3
2018,hohn,Hohn,3
2018,hoi,Hoi,3
2018,holder,Holder,3
2018,hon,Hon,3
2018,hong,Hong,3
2018,hopp,Hopp,3
2018,horejsi,Horejsi,3
2018,horn,Horn,3
2018,horten,Horten,3
2018,hostetter,Hostetter,3
2018,houston,Houston,3
2018,howard,Howard,3
2018,hsu,Hsu,3
2018,huang,Huang,3
2018,hubbard,Hubbard,3
2018,hughes,Hughes,3
2018,hui,Hui,3
2018,huizenga,Huizenga,3
2018,hult,Hult,3
2018,hungary,Hungary,3
2018,hunt,Hunt,3
2018,huo,Huo,3
2018,hur,Hur,3
2018,hwang,Hwang,3
2018,ibragimov,Ibragimov,3
2018,ibrahim,Ibrahim,3
2018,icahn,Icahn,3
2018,igel,Igel,3
2018,ilicak,Ilicak,3
2018,iliev,Iliev,3
2018,ilitch,Ilitch,3
2018,im-brahm-droege,im Brahm-Droege,3
2018,ingram,Ingram,3
2018,irsay,Irsay,3
2018,irving,Irving,3
2018,ishibashi,Ishibashi,3
2018,ishihara,Ishihara,3
2018,ito,Ito,3
2018,ivanishvili,Ivanishvili,3
2018,jackman,Jackman,3
2018,jacobs,Jacobs,3
2018,jacobson,Jacobson,3
2018,jagtiani,Jagtiani,3
2018,jain,Jain,3
2018,jaipuria,Jaipuria,3
2018,james,James,3
2018,jannard,Jannard,3
2018,jarislowsky,Jarislowsky,3
2018,jensen,Jensen,3
2018,jhunjhunwala,Jhunjhunwala,3
2018,ji,Ji,3
2018,jiang,Jiang,3
2018,jiaravanon,Jiaravanon,3
2018,jiaravanont,Jiaravanont,3
2018,jin,Jin,3
2018,jindal,Jindal,3
2018,johannson,Johannson,3
2018,johnson,Johnson,3
2018,johnson-leipold,Johnson-Leipold,3
2018,johnson-marquart,Johnson-Marquart,3
2018,jones,Jones,3
2018,jordan,Jordan,3
2018,joseph,Joseph,3
2018,jove,Jove,3
2018,joyce,Joyce,3
2018,juneja,Juneja,3
2018,justice,Justice,3
2018,kabiller,Kabiller,3
2018,kadoorie,Kadoorie,3
2018,kaercher,Kaercher,3
2018,kaewbootta,Kaewbootta,3
2018,kahn,Kahn,3
2018,kaiser,Kaiser,3
2018,kalanick,Kalanick,3
2018,kalsi,Kalsi,3
2018,kalyanaraman,Kalyanaraman,3
2018,kalyani,Kalyani,3
2018,kamenshchik,Kamenshchik,3
2018,kampani,Kampani,3
2018,kamprad,Kamprad,3
2018,kanjanapas,Kanjanapas,3
2018,kantor,Kantor,3
2018,kao,Kao,3
2018,kapoor,Kapoor,3
2018,kapur,Kapur,3
2018,karapetyan,Karapetyan,3
2018,karp,Karp,3
2018,karsh,Karsh,3
2018,kasahara,Kasahara,3
2018,kaspersky,Kaspersky,3
2018,kataria,Kataria,3
2018,kathrein,Kathrein,3
2018,katz,Katz,3
2018,kayne,Kayne,3
2018,kei,Kei,3
2018,keinath,Keinath,3
2018,kellerhals,Kellerhals,3
2018,kelley,Kelley,3
2018,kellner,Kellner,3
2018,kellogg,Kellogg,3
2018,kemper,Kemper,3
2018,kennedy,Kennedy,3
2018,kenya,Kenya,3
2018,kerimov,Kerimov,3
2018,kesaev,Kesaev,3
2018,khan,Khan,3
2018,kharitonin,Kharitonin,3
2018,khorakiwala,Khorakiwala,3
2018,khosla,Khosla,3
2018,kibar,Kibar,3
2018,kim,Kim,3
2018,kimmel,Kimmel,3
2018,kinder,Kinder,3
2018,king,King,3
2018,kirac,Kirac,3
2018,kirk,Kirk,3
2018,kirsh,Kirsh,3
2018,klarman,Klarman,3
2018,klatten,Klatten,3
2018,klyachin,Klyachin,3
2018,knapp,Knapp,3
2018,knight,Knight,3
2018,koc,Koc,3
2018,koch,Koch,3
2018,kogan,Kogan,3
2018,koh,Koh,3
2018,kohler,Kohler,3
2018,kolesnikov,Kolesnikov,3
2018,kolomoyskyy,Kolomoyskyy,3
2018,komarek,Komarek,3
2018,kondrashev,Kondrashev,3
2018,kong,Kong,3
2018,koo,Koo,3
2018,koo-sr,"Koo, Sr.",3
2018,koon,Koon,3
2018,koplowitz,Koplowitz,3
2018,kosiuk,Kosiuk,3
2018,kosogov,Kosogov,3
2018,kotak,Kotak,3
2018,kothari,Kothari,3
2018,koum,Koum,3
2018,kovalchuk,Kovalchuk,3
2018,kovner,Kovner,3
2018,kozitsyn,Kozitsyn,3
2018,kozuki,Kozuki,3
2018,kraft,Kraft,3
2018,krasny,Krasny,3
2018,kravis,Kravis,3
2018,kretinsky,Kretinsky,3
2018,krieger,Krieger,3
2018,krigsner,Krigsner,3
2018,krishnan,Krishnan,3
2018,kristiansen,Kristiansen,3
2018,kroenke,Kroenke,3
2018,krueger,Krueger,3
2018,kuan,Kuan,3
2018,kucuk,Kucuk,3
2018,kudryashkin,Kudryashkin,3
2018,kuehne,Kuehne,3
2018,kulczyk,Kulczyk,3
2018,kulibaev,Kulibaev,3
2018,kulibaeva,Kulibaeva,3
2018,kumar-kishin-rk,Kumar & Kishin RK,3
2018,kuok,Kuok,3
2018,kuriwada,Kuriwada,3
2018,kuzmichev,Kuzmichev,3
2018,kvetnoi,Kvetnoi,3
2018,kwee,Kwee,3
2018,kwek,Kwek,3
2018,kwok,Kwok,3
2018,kwon,Kwon,3
2018,kyostila,Kyostila,3
2018,ladreit-de-lacharriere,Ladreit de Lacharriere,3
2018,lai,Lai,3
2018,lal,Lal,3
2018,lalibert,Laliberté,3
2018,lam,Lam,3
2018,lampert,Lampert,3
2018,landini-aleotti,Landini Aleotti,3
2018,langley,Langley,3
2018,langness,Langness,3
2018,langone,Langone,3
2018,lansdown,Lansdown,3
2018,lao-hernandez,Lao Hernandez,3
2018,larian,Larian,3
2018,larrea-mota-velasco,Larrea Mota Velasco,3
2018,larsen,Larsen,3
2018,lasry,Lasry,3
2018,latouche,Latouche,3
2018,latsis,Latsis,3
2018,lau,Lau,3
2018,lauder,Lauder,3
2018,laufer,Laufer,3
2018,laukien,Laukien,3
2018,lauren,Lauren,3
2018,laurie,Laurie,3
2018,law,Law,3
2018,lazari,Lazari,3
2018,le-duff,Le Duff,3
2018,leclercq,Leclercq,3
2018,lee,Lee,3
2018,lee-chin,Lee-Chin,3
2018,lefkofsky,Lefkofsky,3
2018,lefrak,LeFrak,3
2018,lehmann,Lehmann,3
2018,lei,Lei,3
2018,leibinger,Leibinger,3
2018,leibinger-kammueller,Leibinger-Kammueller,3
2018,leininger,Leininger,3
2018,leitner,Leitner,3
2018,lemann,Lemann,3
2018,leone,Leone,3
2018,leong,Leong,3
2018,leonsis,Leonsis,3
2018,leprino,Leprino,3
2018,lerner,Lerner,3
2018,leviev,Leviev,3
2018,lew,Lew,3
2018,lewis,Lewis,3
2018,li,Li,3
2018,liang,Liang,3
2018,liao,Liao,3
2018,lichtenstein,Lichtenstein,3
2018,liebherr,Liebherr,3
2018,liebmann,Liebmann,3
2018,liew,Liew,3
2018,lim,Lim,3
2018,lin,Lin,3
2018,lind-n-urnes,Lindén Urnes,3
2018,lindemann,Lindemann,3
2018,lindh,Lindh,3
2018,link,Link,3
2018,lisin,Lisin,3
2018,little,Little,3
2018,liu,Liu,3
2018,livingstone,Livingstone,3
2018,llado-fernandez-urrutia,Llado Fernandez-Urrutia,3
2018,lo,Lo,3
2018,lodha,Lodha,3
2018,loeb,Loeb,3
2018,loh,Loh,3
2018,lohia,Lohia,3
2018,lomakin,Lomakin,3
2018,lorberbaum,Lorberbaum,3
2018,loro-piana,Loro Piana,3
2018,lou,Lou,3
2018,louie,Louie,3
2018,louis-dreyfus,Louis-Dreyfus,3
2018,louis-hansen,Louis-Hansen,3
2018,love,Love,3
2018,low-tuck,Low Tuck,3
2018,lowy,Lowy,3
2018,lozick,Lozick,3
2018,lucas,Lucas,3
2018,lui,Lui,3
2018,lundberg,Lundberg,3
2018,luo,Luo,3
2018,lurie,Lurie,3
2018,lutke,Lutke,3
2018,luxembourg,Luxembourg,3
2018,maag,Maag,3
2018,macaulay,Macaulay,3
2018,machkevich,Machkevich,3
2018,macmillan,MacMillan,3
2018,maezawa,Maezawa,3
2018,magness,Magness,3
2018,magomedov,Magomedov,3
2018,mahagitsiri,Mahagitsiri,3
2018,mahindra,Mahindra,3
2018,makarov,Makarov,3
2018,makhmudov,Makhmudov,3
2018,malone,Malone,3
2018,mamut,Mamut,3
2018,mandel,Mandel,3
2018,mansour,Mansour,3
2018,mansueto,Mansueto,3
2018,mantegazza,Mantegazza,3
2018,mao,Mao,3
2018,maran,Maran,3
2018,marcondes-penido-sant-anna,Marcondes Penido Sant'Anna,3
2018,marcus,Marcus,3
2018,marguerre,Marguerre,3
2018,marinho,Marinho,3
2018,mariwala,Mariwala,3
2018,marks,Marks,3
2018,mars,Mars,3
2018,martin,Martin,3
2018,martinson,Martinson,3
2018,martullo-blocher,Martullo-Blocher,3
2018,masiyiwa,Masiyiwa,3
2018,mate,Mate,3
2018,mateschitz,Mateschitz,3
2018,mathile,Mathile,3
2018,matte,Matte,3
2018,matthews,Matthews,3
2018,mazumdar-shaw,Mazumdar-Shaw,3
2018,mcaulay,McAulay,3
2018,mccaw,McCaw,3
2018,mccombs,McCombs,3
2018,mckelvey,McKelvey,3
2018,mclane,McLane,3
2018,mcmahon,McMahon,3
2018,mcmurtry,McMurtry,3
2018,mcnair,McNair,3
2018,mehta,Mehta,3
2018,meijer,Meijer,3
2018,meister,Meister,3
2018,melchers,Melchers,3
2018,melnichenko,Melnichenko,3
2018,menard,Menard,3
2018,menon,Menon,3
2018,merckle,Merckle,3
2018,merieux,Merieux,3
2018,metropoulos,Metropoulos,3
2018,meyer,Meyer,3
2018,mi,Mi,3
2018,miao,Miao,3
2018,michel,Michel,3
2018,michelson,Michelson,3
2018,middleton,Middleton,3
2018,mikati,Mikati,3
2018,mikhelson,Mikhelson,3
2018,miki,Miki,3
2018,mikitani,Mikitani,3
2018,milchan,Milchan,3
2018,milek,Milek,3
2018,milken,Milken,3
2018,miller,Miller,3
2018,milner,Milner,3
2018,minda,Minda,3
2018,mishin,Mishin,3
2018,mistakidis,Mistakidis,3
2018,mistry,Mistry,3
2018,mittal,Mittal,3
2018,mohn,Mohn,3
2018,molchanov,Molchanov,3
2018,moll-filho,Moll Filho,3
2018,moller-nielsen,Moller Nielsen,3
2018,moore,Moore,3
2018,moraes,Moraes,3
2018,moraes-scripilliti,Moraes Scripilliti,3
2018,moratti,Moratti,3
2018,mordashov,Mordashov,3
2018,moreira-salles,Moreira Salles,3
2018,moreira-salles-junior,Moreira Salles Junior,3
2018,moreno,Moreno,3
2018,moretti-polegato,Moretti Polegato,3
2018,mori,Mori,3
2018,moritz,Moritz,3
2018,morocco,Morocco,3
2018,moroun,Moroun,3
2018,morris,Morris,3
2018,moshiri,Moshiri,3
2018,moshkovich,Moshkovich,3
2018,moskovitz,Moskovitz,3
2018,motsepe,Motsepe,3
2018,mouawad,Mouawad,3
2018,moyes,Moyes,3
2018,mueller,Mueller,3
2018,munger,Munger,3
2018,munjal,Munjal,3
2018,munot,Munot,3
2018,murdoch,Murdoch,3
2018,murdock,Murdock,3
2018,murphy,Murphy,3
2018,murthy,Murthy,3
2018,musk,Musk,3
2018,nacht,Nacht,3
2018,nadar,Nadar,3
2018,naeder,Naeder,3
2018,nagamori,Nagamori,3
2018,nahmad,Nahmad,3
2018,nan,Nan,3
2018,nandwana,Nandwana,3
2018,naoroji,Naoroji,3
2018,naughton,Naughton,3
2018,neilson,Neilson,3
2018,nelson,Nelson,3
2018,nemetschek,Nemetschek,3
2018,nesis,Nesis,3
2018,neumann,Neumann,3
2018,newell,Newell,3
2018,newhouse,Newhouse,3
2018,newmark,Newmark,3
2018,nguyen,Nguyen,3
2018,ni,Ni,3
2018,niarchos,Niarchos,3
2018,nicholas,Nicholas,3
2018,nie,Nie,3
2018,niel,Niel,3
2018,nigeria,Nigeria,3
2018,nikolaev,Nikolaev,3
2018,nilekani,Nilekani,3
2018,nisanov,Nisanov,3
2018,nitori,Nitori,3
2018,nixon,Nixon,3
2018,noda,Noda,3
2018,nordstrom,Nordstrom,3
2018,north-america,North America,3
2018,novinsky,Novinsky,3
2018,o-brien,O'Brien,3
2018,o-leary,O'Leary,3
2018,oberoi,Oberoi,3
2018,oberwelland,Oberwelland,3
2018,och,Och,3
2018,oei,Oei,3
2018,oeri,Oeri,3
2018,oetker,Oetker,3
2018,ofer,Ofer,3
2018,ogawa,Ogawa,3
2018,okada,Okada,3
2018,olenicoff,Olenicoff,3
2018,olivo-lopez,Olivo Lopez,3
2018,olsson,Olsson,3
2018,olsson-ericksson,Olsson Ericksson,3
2018,ometto-silveira-mello,Ometto Silveira Mello,3
2018,omidyar,Omidyar,3
2018,ong-beng-seng,Ong Beng Seng,3
2018,ongpin,Ongpin,3
2018,oppenheimer,Oppenheimer,3
2018,or,Or,3
2018,ortega,Ortega,3
2018,ortega-mera,Ortega Mera,3
2018,osathanugrah,Osathanugrah,3
2018,otto,Otto,3
2018,otto-bernstein,Otto-Bernstein,3
2018,ou,Ou,3
2018,overdeck,Overdeck,3
2018,ozdemir,Ozdemir,3
2018,ozmen,Ozmen,3
2018,ozyegin,Ozyegin,3
2018,p-ladeau,Péladeau,3
2018,packer,Packer,3
2018,page,Page,3
2018,pai,Pai,3
2018,palatchi,Palatchi,3
2018,panama,Panama,3
2018,pang,Pang,3
2018,pangestu,Pangestu,3
2018,parisotto,Parisotto,3
2018,park,Park,3
2018,parker,Parker,3
2018,parry-okeden,Parry-Okeden,3
2018,parsons,Parsons,3
2018,patel,Patel,3
2018,pattison,Pattison,3
2018,paul,Paul,3
2018,paulmann,Paulmann,3
2018,paulsen,Paulsen,3
2018,paulson,Paulson,3
2018,paulsson,Paulsson,3
2018,peery,Peery,3
2018,pegula,Pegula,3
2018,peltz,Peltz,3
2018,penaloza-alanis,Penaloza Alanis,3
2018,peng,Peng,3
2018,penske,Penske,3
2018,pera,Pera,3
2018,perelman,Perelman,3
2018,peres,Peres,3
2018,perez,Perez,3
2018,perez-companc,Perez Companc,3
2018,perfetti,Perfetti,3
2018,perlmutter,Perlmutter,3
2018,perot,Perot,3
2018,perrodo,Perrodo,3
2018,perron,Perron,3
2018,persson,Persson,3
2018,pessina,Pessina,3
2018,petaumpai,Petaumpai,3
2018,peterffy,Peterffy,3
2018,peterson,Peterson,3
2018,petrov,Petrov,3
2018,pham,Pham,3
2018,pi-era,Piñera,3
2018,pieper,Pieper,3
2018,pierer,Pierer,3
2018,pillai,Pillai,3
2018,pinault,Pinault,3
2018,pinchuk,Pinchuk,3
2018,pincus,Pincus,3
2018,piramal,Piramal,3
2018,plank,Plank,3
2018,platt,Platt,3
2018,plattner,Plattner,3
2018,poddar,Poddar,3
2018,pohl,Pohl,3
2018,ponce-lerou,Ponce Lerou,3
2018,ponomarenko,Ponomarenko,3
2018,poo,Poo,3
2018,poonawalla,Poonawalla,3
2018,popov,Popov,3
2018,potanin,Potanin,3
2018,povlsen,Povlsen,3
2018,powell-jobs,Powell Jobs,3
2018,prada,Prada,3
2018,prasad,Prasad,3
2018,prasarttong-osoth,Prasarttong-Osoth,3
2018,pratt,Pratt,3
2018,premji,Premji,3
2018,preston,Preston,3
2018,price,Price,3
2018,pritzker,Pritzker,3
2018,prokhorov,Prokhorov,3
2018,pudwill,Pudwill,3
2018,puech,Puech,3
2018,pumpyansky,Pumpyansky,3
2018,qi,Qi,3
2018,qin,Qin,3
2018,qiu,Qiu,3
2018,quandt,Quandt,3
2018,que,Que,3
2018,quek,Quek,3
2018,rabie,Rabie,3
2018,rachmat,Rachmat,3
2018,rafaelian,Rafaelian,3
2018,ragon,Ragon,3
2018,raheja,Raheja,3
2018,rahimkulov,Rahimkulov,3
2018,rahr,Rahr,3
2018,rales,Rales,3
2018,rappoport,Rappoport,3
2018,rashnikov,Rashnikov,3
2018,ratanarak,Ratanarak,3
2018,ratanavadi,Ratanavadi,3
2018,ratcliffe,Ratcliffe,3
2018,rausing,Rausing,3
2018,rayner,Rayner,3
2018,razon,Razon,3
2018,rebrab,Rebrab,3
2018,reddy,Reddy,3
2018,redstone,Redstone,3
2018,reece,Reece,3
2018,rees-jones,Rees-Jones,3
2018,reimann,Reimann,3
2018,reimann-andersen,Reimann-Andersen,3
2018,reimann-ciardelli,Reimann-Ciardelli,3
2018,reimann-haas,Reimann-Haas,3
2018,reinhart,Reinhart,3
2018,reinsdorf,Reinsdorf,3
2018,reitan,Reitan,3
2018,ren,Ren,3
2018,rennert,Rennert,3
2018,repik,Repik,3
2018,resnick,Resnick,3
2018,ressler,Ressler,3
2018,reuben,Reuben,3
2018,revoredo,Revoredo,3
2018,reyes,Reyes,3
2018,riady,Riady,3
2018,riberas-mera,Riberas Mera,3
2018,rich,Rich,3
2018,ricketts,Ricketts,3
2018,riddell,Riddell,3
2018,rinehart,Rinehart,3
2018,riney,Riney,3
2018,robbins,Robbins,3
2018,roberts,Roberts,3
2018,robertson,Robertson,3
2018,rocca,Rocca,3
2018,rocha,Rocha,3
2018,rodriguez-pastor,Rodriguez-Pastor,3
2018,rodriguez-rodriguez,Rodriguez Rodriguez,3
2018,roemmers,Roemmers,3
2018,roig,Roig,3
2018,rokke,Rokke,3
2018,rollins,Rollins,3
2018,roski,Roski,3
2018,ross,Ross,3
2018,rossmann,Rossmann,3
2018,rosso,Rosso,3
2018,rossy,Rossy,3
2018,rotenberg,Rotenberg,3
2018,rothschild,Rothschild,3
2018,rovati,Rovati,3
2018,rovt,Rovt,3
2018,rowan,Rowan,3
2018,rowling,Rowling,3
2018,ruan,Ruan,3
2018,rubenstein,Rubenstein,3
2018,rubin,Rubin,3
2018,ruffin,Ruffin,3
2018,ruffini,Ruffini,3
2018,ruia,Ruia,3
2018,runwal,Runwal,3
2018,rupert,Rupert,3
2018,ryan,Ryan,3
2018,rybakov,Rybakov,3
2018,rybolovlev,Rybolovlev,3
2018,rydge,Rydge,3
2018,saad,Saad,3
2018,saade,Saade,3
2018,saban,Saban,3
2018,sacca,Sacca,3
2018,sacks,Sacks,3
2018,safra,Safra,3
2018,sagi,Sagi,3
2018,sahenk,Sahenk,3
2018,sahi,Sahi,3
2018,saieh-bendeck,Saieh Bendeck,3
2018,saji,Saji,3
2018,sajwani,Sajwani,3
2018,salata,Salata,3
2018,salinas-pliego,Salinas Pliego,3
2018,sall,Sall,3
2018,samueli,Samueli,3
2018,samwer,Samwer,3
2018,sanchez,Sanchez,3
2018,sandberg,Sandberg,3
2018,sandell,Sandell,3
2018,sands,Sands,3
2018,sanford,Sanford,3
2018,sankai,Sankai,3
2018,santo-domingo,Santo Domingo,3
2018,saputo,Saputo,3
2018,sariaatmadja,Sariaatmadja,3
2018,sarmiento,Sarmiento,3
2018,sarofim,Sarofim,3
2018,saul,Saul,3
2018,saverin,Saverin,3
2018,sawiris,Sawiris,3
2018,schaeffler,Schaeffler,3
2018,schaeffler-thumann,Schaeffler-Thumann,3
2018,scheinberg,Scheinberg,3
2018,scheufele,Scheufele,3
2018,schick,Schick,3
2018,schleifer,Schleifer,3
2018,schlosberg,Schlosberg,3
2018,schmidheiny,Schmidheiny,3
2018,schmidt,Schmidt,3
2018,schmidt-ruthenbeck,Schmidt-Ruthenbeck,3
2018,schmieding,Schmieding,3
2018,schnabel,Schnabel,3
2018,schoeller,Schoeller,3
2018,schoerghuber,Schoerghuber,3
2018,schorling,Schorling,3
2018,schroder,Schroder,3
2018,schulenberg,Schulenberg,3
2018,schultz,Schultz,3
2018,schulze,Schulze,3
2018,schusterman,Schusterman,3
2018,schwab,Schwab,3
2018,schwartz,Schwartz,3
2018,schwarz,Schwarz,3
2018,schwarzman,Schwarzman,3
2018,schweizer,Schweizer,3
2018,scott,Scott,3
2018,seabra,Seabra,3
2018,secunda,Secunda,3
2018,sehgal,Sehgal,3
2018,selig,Selig,3
2018,selin,Selin,3
2018,seo,Seo,3
2018,setthasit,Setthasit,3
2018,shah,Shah,3
2018,shaimiev,Shaimiev,3
2018,shamalov,Shamalov,3
2018,shang,Shang,3
2018,shanghvi,Shanghvi,3
2018,shani,Shani,3
2018,shao,Shao,3
2018,sharma,Sharma,3
2018,sharp,Sharp,3
2018,shaw,Shaw,3
2018,shefler,Shefler,3
2018,shelkov,Shelkov,3
2018,shen,Shen,3
2018,sheth,Sheth,3
2018,shetty,Shetty,3
2018,shi,Shi,3
2018,shibulal,Shibulal,3
2018,shigaboutdinov,Shigaboutdinov,3
2018,shigeta,Shigeta,3
2018,shimamura,Shimamura,3
2018,shin,Shin,3
2018,shinawatra,Shinawatra,3
2018,shinohara,Shinohara,3
2018,shoen,Shoen,3
2018,shriram,Shriram,3
2018,shroff,Shroff,3
2018,shum,Shum,3
2018,shvidler,Shvidler,3
2018,shwed,Shwed,3
2018,sicupira,Sicupira,3
2018,siebel,Siebel,3
2018,siegel,Siegel,3
2018,silbermann,Silbermann,3
2018,sim,Sim,3
2018,simanovsky,Simanovsky,3
2018,simon,Simon,3
2018,simons,Simons,3
2018,simonyi,Simonyi,3
2018,singer,Singer,3
2018,singh,Singh,3
2018,sinha,Sinha,3
2018,sirivadhanabhakdi,Sirivadhanabhakdi,3
2018,sitorus,Sitorus,3
2018,skoch,Skoch,3
2018,skoll,Skoll,3
2018,skorobogatko,Skorobogatko,3
2018,slim-helu,Slim Helu,3
2018,smidt,Smidt,3
2018,smith,Smith,3
2018,snow,Snow,3
2018,snyder,Snyder,3
2018,sobrato,Sobrato,3
2018,soderstrom,Soderstrom,3
2018,sohmen,Sohmen,3
2018,solorz-zak,Solorz-Zak,3
2018,solow,Solow,3
2018,solowow,Solowow,3
2018,son,Son,3
2018,sondakh,Sondakh,3
2018,song,Song,3
2018,sonnenberg,Sonnenberg,3
2018,soon-shiong,Soon-Shiong,3
2018,soros,Soros,3
2018,south-america,South America,3
2018,spangler,Spangler,3
2018,spanos,Spanos,3
2018,sperling,Sperling,3
2018,speyer,Speyer,3
2018,spiegel,Spiegel,3
2018,spielberg,Spielberg,3
2018,springer,Springer,3
2018,spuhler,Spuhler,3
2018,srivaddhanaprabha,Srivaddhanaprabha,3
2018,starak,Starak,3
2018,stawski,Stawski,3
2018,steinhardt,Steinhardt,3
2018,steinmetz,Steinmetz,3
2018,stephens,Stephens,3
2018,sterling,Sterling,3
2018,stern,Stern,3
2018,stevens,Stevens,3
2018,steyer,Steyer,3
2018,stine,Stine,3
2018,stitzer,Stitzer,3
2018,stokes,Stokes,3
2018,stole,Stole,3
2018,stone,Stone,3
2018,stordalen,Stordalen,3
2018,storz,Storz,3
2018,stoschek,Stoschek,3
2018,straumann,Straumann,3
2018,stroeer,Stroeer,3
2018,stroeher,Stroeher,3
2018,stroll,Stroll,3
2018,stronach,Stronach,3
2018,struengmann,Struengmann,3
2018,strukov,Strukov,3
2018,stryker,Stryker,3
2018,stul,Stul,3
2018,stumpf,Stumpf,3
2018,su,Su,3
2018,suh,Suh,3
2018,sulteev,Sulteev,3
2018,sun,Sun,3
2018,supervielle,Supervielle,3
2018,susanto,Susanto,3
2018,sutanto,Sutanto,3
2018,sutton,Sutton,3
2018,suzuki,Suzuki,3
2018,svetakov,Svetakov,3
2018,swieca,Swieca,3
2018,switzerland,Switzerland,3
2018,syrian-arab-republic,Syria,3
2018,systrom,Systrom,3
2018,sze,Sze,3
2018,tabanca,Tabanca,3
2018,tada,Tada,3
2018,tahir,Tahir,3
2018,takahara,Takahara,3
2018,takizaki,Takizaki,3
2018,tan,Tan,3
2018,tan-caktiong,Tan Caktiong,3
2018,tanaka,Tanaka,3
2018,tang,Tang,3
2018,tanjung,Tanjung,3
2018,tanner,Tanner,3
2018,tanoesoedibjo,Tanoesoedibjo,3
2018,tanoto,Tanoto,3
2018,tara,Tara,3
2018,tarascio,Tarascio,3
2018,taravella,Taravella,3
2018,taylor,Taylor,3
2018,tedja,Tedja,3
2018,teh,Teh,3
2018,telles,Telles,3
2018,teoh,Teoh,3
2018,tepper,Tepper,3
2018,tewari,Tewari,3
2018,tham,Tham,3
2018,thiel,Thiel,3
2018,thiele,Thiele,3
2018,thinggaard,Thinggaard,3
2018,thirakomen,Thirakomen,3
2018,thompson,Thompson,3
2018,thomson,Thomson,3
2018,thongtang,Thongtang,3
2018,tian,Tian,3
2018,tiku,Tiku,3
2018,timchenko,Timchenko,3
2018,tinkov,Tinkov,3
2018,tiong,Tiong,3
2018,tiriac,Tiriac,3
2018,tisch,Tisch,3
2018,toeller,Toeller,3
2018,toennies,Toennies,3
2018,toll,Toll,3
2018,tollefsen,Tollefsen,3
2018,tong,Tong,3
2018,tong-liu,Tong Liu,3
2018,toosbuy-kasprzak,Toosbuy Kasprzak,3
2018,topbas,Topbas,3
2018,tornqvist,Tornqvist,3
2018,tosyali,Tosyali,3
2018,tran,Tran,3
2018,tran-dinh,Tran Dinh,3
2018,trefler,Trefler,3
2018,triguboff,Triguboff,3
2018,trotsenko,Trotsenko,3
2018,troutt,Troutt,3
2018,truchard,Truchard,3
2018,trump,Trump,3
2018,tsai,Tsai,3
2018,tschira,Tschira,3
2018,tse,Tse,3
2018,tseng,Tseng,3
2018,tshuva,Tshuva,3
2018,tu,Tu,3
2018,tuchman,Tuchman,3
2018,tull,Tull,3
2018,tung,Tung,3
2018,turner,Turner,3
2018,ty,Ty,3
2018,tykac,Tykac,3
2018,tyson,Tyson,3
2018,udvar-hazy,Udvar-Hazy,3
2018,ulker,Ulker,3
2018,ullal,Ullal,3
2018,ulukaya,Ulukaya,3
2018,unger,Unger,3
2018,uno,Uno,3
2018,upatkoon,Upatkoon,3
2018,usmanov,Usmanov,3
2018,utemuratov,Utemuratov,3
2018,van-der-leegte,van der Leegte,3
2018,van-lieshout,Van Lieshout,3
2018,vandersloot,VanderSloot,3
2018,vardinoyannis-family,Vardinoyannis & family,3
2018,vargi,Vargi,3
2018,varkey,Varkey,3
2018,vaswani,Vaswani,3
2018,vayalil,Vayalil,3
2018,vekselberg,Vekselberg,3
2018,veronesi,Veronesi,3
2018,viessmann,Viessmann,3
2018,vigil-gonzalez,Vigil Gonzalez,3
2018,vijitpongpun,Vijitpongpun,3
2018,vik,Vik,3
2018,villar,Villar,3
2018,villar-mir,Villar Mir,3
2018,viola,Viola,3
2018,virwani,Virwani,3
2018,vitek,Vitek,3
2018,volkmann,Volkmann,3
2018,volozh,Volozh,3
2018,von-bechtolsheim,von Bechtolsheim,3
2018,von-finck,von Finck,3
2018,von-holtzbrinck,von Holtzbrinck,3
2018,von-opel,von Opel,3
2018,vultaggio,Vultaggio,3
2018,wacker,Wacker,3
2018,wadhwani,Wadhwani,3
2018,wadia,Wadia,3
2018,wagner,Wagner,3
2018,walentas,Walentas,3
2018,walker,Walker,3
2018,walter,Walter,3
2018,walton,Walton,3
2018,wan,Wan,3
2018,wanek,Wanek,3
2018,wang,Wang,3
2018,warner,Warner,3
2018,warren,Warren,3
2018,washington,Washington,3
2018,watsa,Watsa,3
2018,weber,Weber,3
2018,wee,Wee,3
2018,wei,Wei,3
2018,weill,Weill,3
2018,weiner,Weiner,3
2018,welker,Welker,3
2018,wen,Wen,3
2018,wentz,Wentz,3
2018,wertheimer,Wertheimer,3
2018,west,West,3
2018,weston,Weston,3
2018,wexner,Wexner,3
2018,white,White,3
2018,whitman,Whitman,3
2018,whittaker,Whittaker,3
2018,wietlisbach,Wietlisbach,3
2018,wild,Wild,3
2018,wilhelmsen,Wilhelmsen,3
2018,wilks,Wilks,3
2018,williams,Williams,3
2018,wilson,Wilson,3
2018,winfrey,Winfrey,3
2018,winn,Winn,3
2018,witzoe,Witzoe,3
2018,wobben,Wobben,3
2018,wong,Wong,3
2018,woo,Woo,3
2018,wood,Wood,3
2018,wortmann,Wortmann,3
2018,wrigley,Wrigley,3
2018,wu,Wu,3
2018,wuerth,Wuerth,3
2018,wynn,Wynn,3
2018,wyss,Wyss,3
2018,xia,Xia,3
2018,xiao,Xiao,3
2018,xie,Xie,3
2018,xiong,Xiong,3
2018,xiu,Xiu,3
2018,xue,Xue,3
2018,yakunin,Yakunin,3
2018,yan,Yan,3
2018,yanai,Yanai,3
2018,yang,Yang,3
2018,yao,Yao,3
2018,yarbrough,Yarbrough,3
2018,yarur-rey,Yarur Rey,3
2018,yasuda,Yasuda,3
2018,yazici,Yazici,3
2018,yemen-rep,Yemen,3
2018,yeung,Yeung,3
2018,yevtushenkov,Yevtushenkov,3
2018,yi,Yi,3
2018,yin,Yin,3
2018,ying,Ying,3
2018,york,York,3
2018,you,You,3
2018,young,Young,3
2018,yu,Yu,3
2018,yuan,Yuan,3
2018,yuengling,Yuengling,3
2018,yushvaev,Yushvaev,3
2018,yusuff-ali,Yusuff Ali,3
2018,zakay,Zakay,3
2018,zalik,Zalik,3
2018,zan,Zan,3
2018,zegar,Zegar,3
2018,zell,Zell,3
2018,zeller,Zeller,3
2018,zeng,Zeng,3
2018,zhang,Zhang,3
2018,zhang-xin-pan,Zhang Xin & Pan,3
2018,zhao,Zhao,3
2018,zheng,Zheng,3
2018,zhevago,Zhevago,3
2018,zhong,Zhong,3
2018,zhou,Zhou,3
2018,zhu,Zhu,3
2018,zhuang,Zhuang,3
2018,zhuo,Zhuo,3
2018,ziff,Ziff,3
2018,zimmermann-von-siefart,Zimmermann von Siefart,3
2018,zong,Zong,3
2018,zorlu,Zorlu,3
2018,zucker,Zucker,3
2018,zuckerberg,Zuckerberg,3
2018,zuckerman,Zuckerman,3
2018,zuo,Zuo,3
2019,aarnio-wihuri,Aarnio-Wihuri,3
2019,abdalla-filho,Abdalla Filho,3
2019,abdulhayoglu,Abdulhayoglu,3
2019,abello,Abello,3
2019,abraham,Abraham,3
2019,abramov,Abramov,3
2019,abramovich,Abramovich,3
2019,ackman,Ackman,3
2019,acton,Acton,3
2019,adams,Adams,3
2019,adani,Adani,3
2019,adelson,Adelson,3
2019,adenuga,Adenuga,3
2019,adikoesoemo,Adikoesoemo,3
2019,aga,Aga,3
2019,agalarov,Agalarov,3
2019,agarwal,Agarwal,3
2019,aguiar,Aguiar,3
2019,aguiar-bellizia,Aguiar Bellizia,3
2019,ahunai,Ahunai,3
2019,akhannouch,Akhannouch,3
2019,akhmedov,Akhmedov,3
2019,akhmetov,Akhmetov,3
2019,akin,Akin,3
2019,al-fayed,Al Fayed,3
2019,al-futtaim,Al Futtaim,3
2019,al-ghurair,Al Ghurair,3
2019,al-muhairi,Al Muhairi,3
2019,al-thani,Al Thani,3
2019,alakija,Alakija,3
2019,albrecht,Albrecht,3
2019,albrecht-jr,Albrecht Jr.,3
2019,albukhary,AlBukhary,3
2019,alcocer,Alcocer,3
2019,alekperov,Alekperov,3
2019,alexander,Alexander,3
2019,alfond,Alfond,3
2019,alghanim,Alghanim,3
2019,allen,Allen,3
2019,alter,Alter,3
2019,altrad,Altrad,3
2019,altushkin,Altushkin,3
2019,alves-de-queiroz-filho,Alves de Queiroz Filho,3
2019,ambani,Ambani,3
2019,amin,Amin,3
2019,amorim,Amorim,3
2019,andic,Andic,3
2019,andreessen,Andreessen,3
2019,andreev,Andreev,3
2019,andresen,Andresen,3
2019,ang,Ang,3
2019,angelini-rossi,Angelini Rossi,3
2019,anisimov,Anisimov,3
2019,anschutz,Anschutz,3
2019,ansin,Ansin,3
2019,anttonen,Anttonen,3
2019,aponte,Aponte,3
2019,arai,Arai,3
2019,aramburuzabala,Aramburuzabala,3
2019,arango,Arango,3
2019,ardila-l-lle,Ardila Lülle,3
2019,argyros,Argyros,3
2019,arison,Arison,3
2019,aristrain,Aristrain,3
2019,arkin,Arkin,3
2019,armani,Armani,3
2019,armitage,Armitage,3
2019,armstrong,Armstrong,3
2019,arnault,Arnault,3
2019,arnold,Arnold,3
2019,arrillaga,Arrillaga,3
2019,arsel,Arsel,3
2019,asavabhokin,Asavabhokin,3
2019,ashcroft,Ashcroft,3
2019,ashkenazy,Ashkenazy,3
2019,ashley,Ashley,3
2019,asness,Asness,3
2019,austin,Austin,3
2019,avara,Avara,3
2019,avdeev,Avdeev,3
2019,aven,Aven,3
2019,ax-son-johnson,Ax:son Johnson,3
2019,aydinlar,Aydinlar,3
2019,azcarraga-jean,Azcarraga Jean,3
2019,babis,Babis,3
2019,bacaksiz,Bacaksiz,3
2019,bacon,Bacon,3
2019,bahwan,Bahwan,3
2019,bailey,Bailey,3
2019,bailleres-gonzalez,Bailleres Gonzalez,3
2019,bajaj,Bajaj,3
2019,bakalchuk,Bakalchuk,3
2019,bakeri,Bakeri,3
2019,balkrishna,Balkrishna,3
2019,ballmer,Ballmer,3
2019,bamberger,Bamberger,3
2019,bamford,Bamford,3
2019,bang,Bang,3
2019,banga,Banga,3
2019,bangur,Bangur,3
2019,bansal,Bansal,3
2019,barata,Barata,3
2019,barclay,Barclay,3
2019,barnett,Barnett,3
2019,baron,Baron,3
2019,bass,Bass,3
2019,batista,Batista,3
2019,baturina,Baturina,3
2019,baudis,Baudis,3
2019,bauer,Bauer,3
2019,baumann-blocher,Baumann-Blocher,3
2019,beal,Beal,3
2019,beard,Beard,3
2019,beaufour,Beaufour,3
2019,bechtel,Bechtel,3
2019,bechtolsheimer-kipp,Bechtolsheimer-Kipp,3
2019,beckmann-vidal,Beckmann Vidal,3
2019,beier,Beier,3
2019,bekker,Bekker,3
2019,bellon,Bellon,3
2019,belmont-anderson,Belmont Anderson,3
2019,benetton,Benetton,3
2019,benioff,Benioff,3
2019,benjelloun,Benjelloun,3
2019,benko,Benko,3
2019,bennet,Bennet,3
2019,bennett,Bennett,3
2019,benson,Benson,3
2019,benteler,Benteler,3
2019,berggruen,Berggruen,3
2019,berkley,Berkley,3
2019,berlusconi,Berlusconi,3
2019,berner,Berner,3
2019,bertarelli,Bertarelli,3
2019,bertelli,Bertelli,3
2019,besnier,Besnier,3
2019,besnier-beauvalot,Besnier Beauvalot,3
2019,bettencourt-meyers,Bettencourt Meyers,3
2019,beveridge,Beveridge,3
2019,bezos,Bezos,3
2019,bhartia,Bhartia,3
2019,bhatia,Bhatia,3
2019,bhusri,Bhusri,3
2019,biernacki,Biernacki,3
2019,bikhchandani,Bikhchandani,3
2019,billi,Billi,3
2019,bin-butti-al-qebaisi,Bin Butti Al Qebaisi,3
2019,bino,Bino,3
2019,biondi,Biondi,3
2019,birla,Birla,3
2019,bisciotti,Bisciotti,3
2019,bishop,Bishop,3
2019,bjorgolfsson,Bjorgolfsson,3
2019,black,Black,3
2019,blakely,Blakely,3
2019,blank,Blank,3
2019,blavatnik,Blavatnik,3
2019,blecharczyk,Blecharczyk,3
2019,blickle,Blickle,3
2019,blocher,Blocher,3
2019,bloomberg,Bloomberg,3
2019,bloor,Bloor,3
2019,bluhm,Bluhm,3
2019,blundy,Blundy,3
2019,bogdanov,Bogdanov,3
2019,boguslavsky,Boguslavsky,3
2019,boholyubov,Boholyubov,3
2019,bokarev,Bokarev,3
2019,bollor,Bolloré,3
2019,bonderman,Bonderman,3
2019,booth,Booth,3
2019,boquoi,Boquoi,3
2019,botin,Botin,3
2019,bouchard,Bouchard,3
2019,bouygues,Bouygues,3
2019,bowen,Bowen,3
2019,boyko,Boyko,3
2019,boyle,Boyle,3
2019,bozano,Bozano,3
2019,braman,Braman,3
2019,branson,Branson,3
2019,braun,Braun,3
2019,braun-luedicke,Braun-Luedicke,3
2019,bren,Bren,3
2019,brescia-cafferata,Brescia Cafferata,3
2019,breyer,Breyer,3
2019,brin,Brin,3
2019,broad,Broad,3
2019,broermann,Broermann,3
2019,bronfman,Bronfman,3
2019,brown,Brown,3
2019,bruch,Bruch,3
2019,bucher-haefner,Bucher-Haefner,3
2019,buck,Buck,3
2019,buffett,Buffett,3
2019,buinov,Buinov,3
2019,bulgari,Bulgari,3
2019,bulgheroni,Bulgheroni,3
2019,bundrant,Bundrant,3
2019,burda,Burda,3
2019,burkle,Burkle,3
2019,burman,Burman,3
2019,busujima,Busujima,3
2019,cai,Cai,3
2019,calder,Calder,3
2019,calderon-rojas,Calderon Rojas,3
2019,calik,Calik,3
2019,calkins,Calkins,3
2019,caltagirone,Caltagirone,3
2019,camp,Camp,3
2019,cannon-brookes,Cannon-Brookes,3
2019,cao,Cao,3
2019,caporella,Caporella,3
2019,cargill,Cargill,3
2019,carmignac,Carmignac,3
2019,caruso,Caruso,3
2019,case,Case,3
2019,casiraghi,Casiraghi,3
2019,cathy,Cathy,3
2019,catsimatidis,Catsimatidis,3
2019,catz,Catz,3
2019,caudwell,Caudwell,3
2019,cayard,Cayard,3
2019,cen,Cen,3
2019,chaiyawan,Chaiyawan,3
2019,chalhoub,Chalhoub,3
2019,chambers,Chambers,3
2019,chan,Chan,3
2019,chandler,Chandler,3
2019,chandra,Chandra,3
2019,chandramogan,Chandramogan,3
2019,chang,Chang,3
2019,chao,Chao,3
2019,chaudhary,Chaudhary,3
2019,cheah,Cheah,3
2019,chearavanont,Chearavanont,3
2019,chen,Chen,3
2019,cheng,Cheng,3
2019,cheriton,Cheriton,3
2019,cherng,Cherng,3
2019,chesky,Chesky,3
2019,chestnut,Chestnut,3
2019,cheung,Cheung,3
2019,chey,Chey,3
2019,chi,Chi,3
2019,chiaravanond,Chiaravanond,3
2019,chiaravanont,Chiaravanont,3
2019,chico-pardo,Chico Pardo,3
2019,chin,Chin,3
2019,chiravanond,Chiravanond,3
2019,chiu,Chiu,3
2019,cho,Cho,3
2019,chodiev,Chodiev,3
2019,choi,Choi,3
2019,choksi,Choksi,3
2019,choo,Choo,3
2019,chouinard,Chouinard,3
2019,chrenko,Chrenko,3
2019,christopher,Christopher,3
2019,chu,Chu,3
2019,chua,Chua,3
2019,chudgar,Chudgar,3
2019,chung,Chung,3
2019,ciner,Ciner,3
2019,ciputra,Ciputra,3
2019,cisneros,Cisneros,3
2019,clark,Clark,3
2019,cline,Cline,3
2019,coates,Coates,3
2019,cockwell,Cockwell,3
2019,cohen,Cohen,3
2019,cojuangco,Cojuangco,3
2019,coleman,Coleman,3
2019,collison,Collison,3
2019,commisso,Commisso,3
2019,conine,Conine,3
2019,conway,Conway,3
2019,cook,Cook,3
2019,coombs,Coombs,3
2019,cooperman,Cooperman,3
2019,cortina,Cortina,3
2019,coulter,Coulter,3
2019,coutu,Coutu,3
2019,cowin,Cowin,3
2019,coyiuto,Coyiuto,3
2019,cremonini,Cremonini,3
2019,crishna-godrej,Crishna-Godrej,3
2019,csanyi,Csanyi,3
2019,cuban,Cuban,3
2019,cucinelli,Cucinelli,3
2019,cui,Cui,3
2019,currie,Currie,3
2019,cutrale,Cutrale,3
2019,d-amours,D'Amours,3
2019,d-aniello,D'Aniello,3
2019,daitch,Daitch,3
2019,dalio,Dalio,3
2019,damani,Damani,3
2019,damen,Damen,3
2019,dang,Dang,3
2019,dangermond,Dangermond,3
2019,dangote,Dangote,3
2019,dani,Dani,3
2019,dassault,Dassault,3
2019,daurella,Daurella,3
2019,davis,Davis,3
2019,de-carvalho-heineken,de Carvalho-Heineken,3
2019,de-godoy-bueno,de Godoy Bueno,3
2019,de-longhi,De'Longhi,3
2019,de-mattos-barretto-villela,de Mattos Barretto Villela,3
2019,de-mol,de Mol,3
2019,de-rothschild,de Rothschild,3
2019,deason,Deason,3
2019,debartolo,DeBartolo,3
2019,dejoria,DeJoria,3
2019,del-pino-y-calvo-sotelo,Del Pino y Calvo-Sotelo,3
2019,del-valle-ruiz,Del Valle Ruiz,3
2019,del-vecchio,Del Vecchio,3
2019,dell,Dell,3
2019,della-valle,Della Valle,3
2019,denegri,Denegri,3
2019,dentressangle,Dentressangle,3
2019,deripaska,Deripaska,3
2019,desai,Desai,3
2019,desmond,Desmond,3
2019,desseigne,Desseigne,3
2019,dewji,Dewji,3
2019,dhingra,Dhingra,3
2019,diethelm,Diethelm,3
2019,diller,Diller,3
2019,dimon,Dimon,3
2019,dinan,Dinan,3
2019,dinesh,Dinesh,3
2019,ding,Ding,3
2019,diniz,Diniz,3
2019,divi,Divi,3
2019,dixon,Dixon,3
2019,doerr,Doerr,3
2019,dolan,Dolan,3
2019,dolby,Dolby,3
2019,dommermuth,Dommermuth,3
2019,dong,Dong,3
2019,doris,Doris,3
2019,dorrance,Dorrance,3
2019,dorsey,Dorsey,3
2019,dos-santos,dos Santos,3
2019,dospiva,Dospiva,3
2019,dou,Dou,3
2019,douglas,Douglas,3
2019,draexlmaier,Draexlmaier,3
2019,drahi,Drahi,3
2019,droege,Droege,3
2019,druckenmiller,Druckenmiller,3
2019,du,Du,3
2019,dubin,Dubin,3
2019,duff,Duff,3
2019,duffield,Duffield,3
2019,duggan,Duggan,3
2019,duncan,Duncan,3
2019,dunstone,Dunstone,3
2019,durov,Durov,3
2019,dyson,Dyson,3
2019,dzhaparidze,Dzhaparidze,3
2019,ebner,Ebner,3
2019,ecclestone,Ecclestone,3
2019,eczacibasi,Eczacibasi,3
2019,edelman,Edelman,3
2019,edelstenne,Edelstenne,3
2019,edson,Edson,3
2019,edwards,Edwards,3
2019,egger,Egger,3
2019,egydio-arruda-villela-filho,Egydio Arruda Villela Filho,3
2019,ek,Ek,3
2019,ell,Ell,3
2019,ellison,Ellison,3
2019,emmerson,Emmerson,3
2019,engelhardt,Engelhardt,3
2019,engelhorn,Engelhorn,3
2019,engineer,Engineer,3
2019,englander,Englander,3
2019,ergen,Ergen,3
2019,erni,Erni,3
2019,escarrer,Escarrer,3
2019,escotet,Escotet,3
2019,esteves,Esteves,3
2019,eurnekian,Eurnekian,3
2019,fan,Fan,3
2019,fang,Fang,3
2019,farber,Farber,3
2019,faria,Faria,3
2019,farquhar,Farquhar,3
2019,fattal,Fattal,3
2019,faulkner,Faulkner,3
2019,fayat,Fayat,3
2019,federmann,Federmann,3
2019,fedun,Fedun,3
2019,feffer,Feffer,3
2019,fegel,Fegel,3
2019,feinberg,Feinberg,3
2019,feld,Feld,3
2019,feldmann,Feldmann,3
2019,feng,Feng,3
2019,ferrari,Ferrari,3
2019,ferrero,Ferrero,3
2019,fertitta,Fertitta,3
2019,fetisov,Fetisov,3
2019,fidani,Fidani,3
2019,fields,Fields,3
2019,fielmann,Fielmann,3
2019,filatov,Filatov,3
2019,filo,Filo,3
2019,fireman,Fireman,3
2019,firodia,Firodia,3
2019,fisher,Fisher,3
2019,fissolo,Fissolo,3
2019,flatt,Flatt,3
2019,flowers,Flowers,3
2019,fluxa-rossello,Fluxa Rossello,3
2019,fong,Fong,3
2019,fontbona,Fontbona,3
2019,ford,Ford,3
2019,foriel-destezet,Foriel-Destezet,3
2019,forrest,Forrest,3
2019,foss,Foss,3
2019,foster,Foster,3
2019,fox,Fox,3
2019,fraisse,Fraisse,3
2019,france,France,3
2019,frantz,Frantz,3
2019,fredriksen,Fredriksen,3
2019,freier,Freier,3
2019,frias,Frias,3
2019,fridman,Fridman,3
2019,friedkin,Friedkin,3
2019,friedland,Friedland,3
2019,friese,Friese,3
2019,frist,Frist,3
2019,frolov,Frolov,3
2019,frost,Frost,3
2019,fu,Fu,3
2019,fukushima,Fukushima,3
2019,fukutake,Fukutake,3
2019,fung,Fung,3
2019,gabay,Gabay,3
2019,gabelli,Gabelli,3
2019,gaglardi,Gaglardi,3
2019,galitsky,Galitsky,3
2019,gallardo-ballart,Gallardo Ballart,3
2019,galperin,Galperin,3
2019,gandel,Gandel,3
2019,gangwal,Gangwal,3
2019,gantner,Gantner,3
2019,gao,Gao,3
2019,gapontsev,Gapontsev,3
2019,garavoglia,Garavoglia,3
2019,garcia,Garcia,3
2019,garfinkel,Garfinkel,3
2019,gassner,Gassner,3
2019,gates,Gates,3
2019,gauselmann,Gauselmann,3
2019,gebbia,Gebbia,3
2019,geffen,Geffen,3
2019,gehlaut,Gehlaut,3
2019,geiger,Geiger,3
2019,geminder,Geminder,3
2019,geng,Geng,3
2019,gerling,Gerling,3
2019,gerry,Gerry,3
2019,gertler,Gertler,3
2019,getty,Getty,3
2019,gilbert,Gilbert,3
2019,gilgan,Gilgan,3
2019,gilinski-bacal,Gilinski Bacal,3
2019,gillings,Gillings,3
2019,ginestet,Ginestet,3
2019,gittinger,Gittinger,3
2019,glasenberg,Glasenberg,3
2019,glock,Glock,3
2019,godin,Godin,3
2019,godrej,Godrej,3
2019,goenka,Goenka,3
2019,goff,Goff,3
2019,goh,Goh,3
2019,goi,Goi,3
2019,gokongwei,Gokongwei,3
2019,goldhar,Goldhar,3
2019,goldman,Goldman,3
2019,goldman-fowler,Goldman Fowler,3
2019,goldsbury,Goldsbury,3
2019,goldschmeding,Goldschmeding,3
2019,golisano,Golisano,3
2019,gonda-de-rivera,Gonda de Rivera,3
2019,gong,Gong,3
2019,goodnight,Goodnight,3
2019,gopalakrishnan,Gopalakrishnan,3
2019,gordeev,Gordeev,3
2019,gores,Gores,3
2019,gottesman,Gottesman,3
2019,gou,Gou,3
2019,graf,Graf,3
2019,graff,Graff,3
2019,graves,Graves,3
2019,gray,Gray,3
2019,grayken,Grayken,3
2019,green,Green,3
2019,greene,Greene,3
2019,grendene-bartelle,Grendene Bartelle,3
2019,grendys,Grendys,3
2019,griffin,Griffin,3
2019,grogg,Grogg,3
2019,gross,Gross,3
2019,gu,Gu,3
2019,gunal,Gunal,3
2019,gundlach,Gundlach,3
2019,gunsel,Gunsel,3
2019,guo,Guo,3
2019,gupta,Gupta,3
2019,guriev,Guriev,3
2019,gustavson,Gustavson,3
2019,gutseriev,Gutseriev,3
2019,haas,Haas,3
2019,habert,Habert,3
2019,haefner,Haefner,3
2019,hagen,Hagen,3
2019,hagen-kjos,Hagen Kjos,3
2019,hains,Hains,3
2019,haji-ioannou,Haji-Ioannou,3
2019,hall,Hall,3
2019,halvorsen,Halvorsen,3
2019,hamied,Hamied,3
2019,hamm,Hamm,3
2019,han,Han,3
2019,hang,Hang,3
2019,hank-rhon,Hank Rhon,3
2019,hankey,Hankey,3
2019,happel,Happel,3
2019,harary,Harary,3
2019,harding,Harding,3
2019,hargreaves,Hargreaves,3
2019,hariri,Hariri,3
2019,harlap,Harlap,3
2019,harp-helu,Harp Helu,3
2019,harris,Harris,3
2019,hart,Hart,3
2019,hartono,Hartono,3
2019,harvey,Harvey,3
2019,hascak,Hascak,3
2019,haslam,Haslam,3
2019,hastings,Hastings,3
2019,haub,Haub,3
2019,hayne,Hayne,3
2019,he,He,3
2019,headington,Headington,3
2019,hector,Hector,3
2019,heine,Heine,3
2019,heinecke,Heinecke,3
2019,helmig,Helmig,3
2019,hendricks,Hendricks,3
2019,henkel,Henkel,3
2019,henry,Henry,3
2019,herlin,Herlin,3
2019,hernandez-ramirez,Hernandez Ramirez,3
2019,herrero,Herrero,3
2019,herz,Herz,3
2019,higgins,Higgins,3
2019,hildebrand,Hildebrand,3
2019,hill,Hill,3
2019,hinduja,Hinduja,3
2019,hintze,Hintze,3
2019,hiranandani,Hiranandani,3
2019,ho,Ho,3
2019,hochschild,Hochschild,3
2019,hoffman,Hoffman,3
2019,hohn,Hohn,3
2019,hoi,Hoi,3
2019,holder,Holder,3
2019,hopp,Hopp,3
2019,horejsi,Horejsi,3
2019,horten,Horten,3
2019,horton,Horton,3
2019,hostetter,Hostetter,3
2019,houston,Houston,3
2019,howard,Howard,3
2019,hsu,Hsu,3
2019,huang,Huang,3
2019,hubbard,Hubbard,3
2019,hughes,Hughes,3
2019,hui,Hui,3
2019,hult,Hult,3
2019,hungary,Hungary,3
2019,hunt,Hunt,3
2019,hur,Hur,3
2019,hwang,Hwang,3
2019,ibragimov,Ibragimov,3
2019,ibrahim,Ibrahim,3
2019,icahn,Icahn,3
2019,ilicak,Ilicak,3
2019,iliev,Iliev,3
2019,ilitch,Ilitch,3
2019,im-brahm-droege,im Brahm-Droege,3
2019,ingram,Ingram,3
2019,irsay,Irsay,3
2019,irving,Irving,3
2019,ishihara,Ishihara,3
2019,ito,Ito,3
2019,ivanishvili,Ivanishvili,3
2019,jackman,Jackman,3
2019,jacobs,Jacobs,3
2019,jacobson,Jacobson,3
2019,jagtiani,Jagtiani,3
2019,jain,Jain,3
2019,jaipuria,Jaipuria,3
2019,james,James,3
2019,jannard,Jannard,3
2019,jarislowsky,Jarislowsky,3
2019,jenner,Jenner,3
2019,jhunjhunwala,Jhunjhunwala,3
2019,ji,Ji,3
2019,jia,Jia,3
2019,jiang,Jiang,3
2019,jiaravanon,Jiaravanon,3
2019,jiaravanont,Jiaravanont,3
2019,jin,Jin,3
2019,jindal,Jindal,3
2019,johannson,Johannson,3
2019,johnson,Johnson,3
2019,johnson-leipold,Johnson-Leipold,3
2019,johnson-marquart,Johnson-Marquart,3
2019,jones,Jones,3
2019,jordan,Jordan,3
2019,joseph,Joseph,3
2019,jove,Jove,3
2019,juangroongruangkit,Juangroongruangkit,3
2019,justice,Justice,3
2019,kabiller,Kabiller,3
2019,kadoorie,Kadoorie,3
2019,kaercher,Kaercher,3
2019,kaewbootta,Kaewbootta,3
2019,kahn,Kahn,3
2019,kaiser,Kaiser,3
2019,kalanick,Kalanick,3
2019,kalyanaraman,Kalyanaraman,3
2019,kalyani,Kalyani,3
2019,kamenshchik,Kamenshchik,3
2019,kamprad,Kamprad,3
2019,kanjanapas,Kanjanapas,3
2019,kantor,Kantor,3
2019,kao,Kao,3
2019,karapetyan,Karapetyan,3
2019,karp,Karp,3
2019,karsh,Karsh,3
2019,kaspersky,Kaspersky,3
2019,kasprzak,Kasprzak,3
2019,kataria,Kataria,3
2019,katsiev,Katsiev,3
2019,katz,Katz,3
2019,kavanaugh,Kavanaugh,3
2019,kayne,Kayne,3
2019,kei,Kei,3
2019,keinath,Keinath,3
2019,kelley,Kelley,3
2019,kellner,Kellner,3
2019,kellogg,Kellogg,3
2019,kemper,Kemper,3
2019,kennedy,Kennedy,3
2019,kenya,Kenya,3
2019,kerimov-family,Kerimov & family,3
2019,kesaev,Kesaev,3
2019,khan,Khan,3
2019,kharitonin,Kharitonin,3
2019,khosla,Khosla,3
2019,kibar,Kibar,3
2019,kim,Kim,3
2019,kimmel,Kimmel,3
2019,kinder,Kinder,3
2019,kirac,Kirac,3
2019,kirk,Kirk,3
2019,kirsh,Kirsh,3
2019,klarman,Klarman,3
2019,klatten,Klatten,3
2019,klyachin,Klyachin,3
2019,knapp,Knapp,3
2019,knight,Knight,3
2019,koc,Koc,3
2019,koch,Koch,3
2019,koguan,Koguan,3
2019,koh,Koh,3
2019,kohler,Kohler,3
2019,kolesnikov,Kolesnikov,3
2019,kolomoyskyy,Kolomoyskyy,3
2019,komarek,Komarek,3
2019,kondrashev,Kondrashev,3
2019,kong,Kong,3
2019,koo,Koo,3
2019,koon,Koon,3
2019,koplowitz,Koplowitz,3
2019,kosiuk,Kosiuk,3
2019,kosogov,Kosogov,3
2019,kotak,Kotak,3
2019,kothari,Kothari,3
2019,koum,Koum,3
2019,kovalchuk,Kovalchuk,3
2019,kovner,Kovner,3
2019,kozitsyn,Kozitsyn,3
2019,kozuki,Kozuki,3
2019,kraft,Kraft,3
2019,krasny,Krasny,3
2019,kravis,Kravis,3
2019,kretinsky,Kretinsky,3
2019,krieger,Krieger,3
2019,krigsner,Krigsner,3
2019,krishnan,Krishnan,3
2019,kristiansen,Kristiansen,3
2019,kroenke,Kroenke,3
2019,krueger,Krueger,3
2019,kuan,Kuan,3
2019,kucuk,Kucuk,3
2019,kuehne,Kuehne,3
2019,kulczyk,Kulczyk,3
2019,kulibaev,Kulibaev,3
2019,kulibaeva,Kulibaeva,3
2019,kumar-kishin-rk,Kumar & Kishin RK,3
2019,kuok,Kuok,3
2019,kuriwada,Kuriwada,3
2019,kurzius,Kurzius,3
2019,kuzmichev,Kuzmichev,3
2019,kwee,Kwee,3
2019,kwek,Kwek,3
2019,kwok,Kwok,3
2019,kwon,Kwon,3
2019,kwong,Kwong,3
2019,kyostila,Kyostila,3
2019,ladreit-de-lacharriere,Ladreit de Lacharriere,3
2019,laffont,Laffont,3
2019,lai,Lai,3
2019,lal,Lal,3
2019,lalibert,Laliberté,3
2019,lam,Lam,3
2019,lampert,Lampert,3
2019,landini-aleotti,Landini Aleotti,3
2019,langer,Langer,3
2019,langley,Langley,3
2019,langone,Langone,3
2019,lansdown,Lansdown,3
2019,lao-hernandez,Lao Hernandez,3
2019,larrea-mota-velasco,Larrea Mota Velasco,3
2019,larsen,Larsen,3
2019,lasry,Lasry,3
2019,latouche,Latouche,3
2019,latsis,Latsis,3
2019,latvia,Latvia,3
2019,lau,Lau,3
2019,lauder,Lauder,3
2019,laufer,Laufer,3
2019,laukien,Laukien,3
2019,lauren,Lauren,3
2019,laurie,Laurie,3
2019,law,Law,3
2019,lazari,Lazari,3
2019,le-duff,Le Duff,3
2019,le-roux,Le Roux,3
2019,leclercq,Leclercq,3
2019,lee,Lee,3
2019,lee-chin,Lee-Chin,3
2019,lefebvre-d-ovidio,Lefebvre d'Ovidio,3
2019,lefkofsky,Lefkofsky,3
2019,lefrak,LeFrak,3
2019,lehmann,Lehmann,3
2019,lei,Lei,3
2019,leibinger,Leibinger,3
2019,leibinger-kammueller,Leibinger-Kammueller,3
2019,leininger,Leininger,3
2019,leitner,Leitner,3
2019,lemann,Lemann,3
2019,leonard,Leonard,3
2019,leone,Leone,3
2019,leong,Leong,3
2019,leonsis,Leonsis,3
2019,leprino,Leprino,3
2019,lerner,Lerner,3
2019,leschikov,Leschikov,3
2019,lew,Lew,3
2019,lewis,Lewis,3
2019,li,Li,3
2019,liang,Liang,3
2019,liautaud,Liautaud,3
2019,lichtenstein,Lichtenstein,3
2019,liebmann,Liebmann,3
2019,liemandt,Liemandt,3
2019,liew,Liew,3
2019,lim,Lim,3
2019,lin,Lin,3
2019,lindh,Lindh,3
2019,link,Link,3
2019,lisin,Lisin,3
2019,liu,Liu,3
2019,livingstone,Livingstone,3
2019,llado-fernandez-urrutia,Llado Fernandez-Urrutia,3
2019,lo,Lo,3
2019,lodha,Lodha,3
2019,loeb,Loeb,3
2019,loh,Loh,3
2019,lohia,Lohia,3
2019,lomakin,Lomakin,3
2019,lorberbaum,Lorberbaum,3
2019,lorentzon,Lorentzon,3
2019,lou,Lou,3
2019,louie,Louie,3
2019,louis-dreyfus,Louis-Dreyfus,3
2019,louis-hansen,Louis-Hansen,3
2019,love,Love,3
2019,low-tuck,Low Tuck,3
2019,lowy,Lowy,3
2019,lozick,Lozick,3
2019,lubetzky,Lubetzky,3
2019,lucas,Lucas,3
2019,luddy,Luddy,3
2019,lui,Lui,3
2019,lundberg,Lundberg,3
2019,luo,Luo,3
2019,lurie,Lurie,3
2019,lutke,Lutke,3
2019,luxembourg,Luxembourg,3
2019,maag,Maag,3
2019,macaulay,Macaulay,3
2019,machkevich,Machkevich,3
2019,macmillan,MacMillan,3
2019,maezawa,Maezawa,3
2019,magness,Magness,3
2019,mahagitsiri,Mahagitsiri,3
2019,mahindra,Mahindra,3
2019,makarov,Makarov,3
2019,makhmudov,Makhmudov,3
2019,malone,Malone,3
2019,mamut,Mamut,3
2019,mandel,Mandel,3
2019,mansour,Mansour,3
2019,mansueto,Mansueto,3
2019,mantegazza,Mantegazza,3
2019,mao,Mao,3
2019,maran,Maran,3
2019,marcondes-penido-sant-anna,Marcondes Penido Sant'Anna,3
2019,marcus,Marcus,3
2019,marguerre,Marguerre,3
2019,marinho,Marinho,3
2019,mariwala,Mariwala,3
2019,marks,Marks,3
2019,mars,Mars,3
2019,martin,Martin,3
2019,martinson,Martinson,3
2019,martullo-blocher,Martullo-Blocher,3
2019,masiyiwa,Masiyiwa,3
2019,mate,Mate,3
2019,mateschitz,Mateschitz,3
2019,mathile,Mathile,3
2019,matsushita,Matsushita,3
2019,matte,Matte,3
2019,matthews,Matthews,3
2019,mazumdar-shaw,Mazumdar-Shaw,3
2019,mcaulay,McAulay,3
2019,mccaw,McCaw,3
2019,mccombs,McCombs,3
2019,mckelvey,McKelvey,3
2019,mclane,McLane,3
2019,mcmahon,McMahon,3
2019,mcmurtry,McMurtry,3
2019,mcnair,McNair,3
2019,mehta,Mehta,3
2019,meijer,Meijer,3
2019,meister,Meister,3
2019,melchers,Melchers,3
2019,melnichenko,Melnichenko,3
2019,menard,Menard,3
2019,menin-teixeira-de-souza,Menin Teixeira de Souza,3
2019,menon,Menon,3
2019,merckle,Merckle,3
2019,merieux,Merieux,3
2019,meszaros,Meszaros,3
2019,metropoulos,Metropoulos,3
2019,meyer,Meyer,3
2019,mi,Mi,3
2019,miao,Miao,3
2019,michel,Michel,3
2019,michelson,Michelson,3
2019,middleton,Middleton,3
2019,mikati,Mikati,3
2019,mikhelson,Mikhelson,3
2019,miki,Miki,3
2019,mikitani,Mikitani,3
2019,milchan,Milchan,3
2019,milek,Milek,3
2019,milken,Milken,3
2019,miller,Miller,3
2019,milner,Milner,3
2019,mishin,Mishin,3
2019,mistakidis,Mistakidis,3
2019,mistry,Mistry,3
2019,mittal,Mittal,3
2019,mohn,Mohn,3
2019,moll-filho,Moll Filho,3
2019,moller-nielsen,Moller Nielsen,3
2019,monsees,Monsees,3
2019,moore,Moore,3
2019,moraes,Moraes,3
2019,moraes-scripilliti,Moraes Scripilliti,3
2019,moratti,Moratti,3
2019,mordashov,Mordashov,3
2019,moreira-salles,Moreira Salles,3
2019,moreira-salles-junior,Moreira Salles Junior,3
2019,moreno,Moreno,3
2019,moretti-polegato,Moretti Polegato,3
2019,mori,Mori,3
2019,moritz,Moritz,3
2019,morocco,Morocco,3
2019,moroun,Moroun,3
2019,morris,Morris,3
2019,moshiri,Moshiri,3
2019,moshkovich,Moshkovich,3
2019,moskovitz,Moskovitz,3
2019,motoya,Motoya,3
2019,motsepe,Motsepe,3
2019,mouawad,Mouawad,3
2019,moyes,Moyes,3
2019,mueller,Mueller,3
2019,munger,Munger,3
2019,munjal,Munjal,3
2019,munot,Munot,3
2019,murdoch,Murdoch,3
2019,murdock,Murdock,3
2019,murphy,Murphy,3
2019,murtagh,Murtagh,3
2019,murthy,Murthy,3
2019,musk,Musk,3
2019,nacht,Nacht,3
2019,nadar,Nadar,3
2019,naeder,Naeder,3
2019,nagamori,Nagamori,3
2019,nahmad,Nahmad,3
2019,nan,Nan,3
2019,naoroji,Naoroji,3
2019,neilson,Neilson,3
2019,nelson,Nelson,3
2019,nemetschek,Nemetschek,3
2019,nesis,Nesis,3
2019,neumann,Neumann,3
2019,newell,Newell,3
2019,newhouse,Newhouse,3
2019,newmark,Newmark,3
2019,nguyen,Nguyen,3
2019,ni,Ni,3
2019,niarchos,Niarchos,3
2019,nicholas,Nicholas,3
2019,nie,Nie,3
2019,niel,Niel,3
2019,nigeria,Nigeria,3
2019,nikolaev,Nikolaev,3
2019,nilekani,Nilekani,3
2019,nisanov,Nisanov,3
2019,nitori,Nitori,3
2019,nixon,Nixon,3
2019,noda,Noda,3
2019,nordstrom,Nordstrom,3
2019,north-america,North America,3
2019,novinsky,Novinsky,3
2019,o-brien,O'Brien,3
2019,oberoi,Oberoi,3
2019,oberwelland,Oberwelland,3
2019,och,Och,3
2019,oei,Oei,3
2019,oeri,Oeri,3
2019,oetker,Oetker,3
2019,ofer,Ofer,3
2019,ogawa,Ogawa,3
2019,okada,Okada,3
2019,olenicoff,Olenicoff,3
2019,olivo-lopez,Olivo Lopez,3
2019,olsson,Olsson,3
2019,olsson-ericksson,Olsson Ericksson,3
2019,omidyar,Omidyar,3
2019,ongpin,Ongpin,3
2019,oppenheimer,Oppenheimer,3
2019,or,Or,3
2019,orlov,Orlov,3
2019,ortega,Ortega,3
2019,ortega-mera,Ortega Mera,3
2019,osathanugrah,Osathanugrah,3
2019,otto,Otto,3
2019,otto-bernstein,Otto-Bernstein,3
2019,ou,Ou,3
2019,overdeck,Overdeck,3
2019,ozdemir,Ozdemir,3
2019,ozmen,Ozmen,3
2019,ozyegin,Ozyegin,3
2019,p-ladeau,Péladeau,3
2019,packer,Packer,3
2019,page,Page,3
2019,pai,Pai,3
2019,palatchi,Palatchi,3
2019,palmer,Palmer,3
2019,panama,Panama,3
2019,pang,Pang,3
2019,pangestu,Pangestu,3
2019,parisotto,Parisotto,3
2019,park,Park,3
2019,parker,Parker,3
2019,parry-okeden,Parry-Okeden,3
2019,parsons,Parsons,3
2019,patel,Patel,3
2019,pattison,Pattison,3
2019,paul,Paul,3
2019,paulmann,Paulmann,3
2019,paulsen,Paulsen,3
2019,paulson,Paulson,3
2019,paulsson,Paulsson,3
2019,peery,Peery,3
2019,pegula,Pegula,3
2019,pei,Pei,3
2019,peltz,Peltz,3
2019,penaloza-alanis,Penaloza Alanis,3
2019,penske,Penske,3
2019,pera,Pera,3
2019,perelman,Perelman,3
2019,peres,Peres,3
2019,perez,Perez,3
2019,perez-companc,Perez Companc,3
2019,perfetti,Perfetti,3
2019,perlmutter,Perlmutter,3
2019,perot,Perot,3
2019,perrodo,Perrodo,3
2019,persson,Persson,3
2019,pessina,Pessina,3
2019,petaumpai,Petaumpai,3
2019,peterffy,Peterffy,3
2019,peterson,Peterson,3
2019,pham,Pham,3
2019,pi-era,Piñera,3
2019,pieper,Pieper,3
2019,pillai,Pillai,3
2019,pinault,Pinault,3
2019,pinchuk,Pinchuk,3
2019,pincus,Pincus,3
2019,pinheiro-koren-de-lima,Pinheiro Koren de Lima,3
2019,pinheiro-koren-de-lima-junior,Pinheiro Koren de Lima Junior,3
2019,piramal,Piramal,3
2019,plank,Plank,3
2019,platt,Platt,3
2019,plattner,Plattner,3
2019,po,Po,3
2019,poddar,Poddar,3
2019,pohl,Pohl,3
2019,ponce-lerou,Ponce Lerou,3
2019,ponomarenko,Ponomarenko,3
2019,poo,Poo,3
2019,poonawalla,Poonawalla,3
2019,popov,Popov,3
2019,potanin,Potanin,3
2019,povlsen,Povlsen,3
2019,powell-jobs,Powell Jobs,3
2019,prada,Prada,3
2019,prasad,Prasad,3
2019,prasarttong-osoth,Prasarttong-Osoth,3
2019,pratt,Pratt,3
2019,premji,Premji,3
2019,preston,Preston,3
2019,preston-werner,Preston-Werner,3
2019,price,Price,3
2019,pritzker,Pritzker,3
2019,prokhorov,Prokhorov,3
2019,pudwill,Pudwill,3
2019,puech,Puech,3
2019,pumpyansky,Pumpyansky,3
2019,qi,Qi,3
2019,qian,Qian,3
2019,qin,Qin,3
2019,qiu,Qiu,3
2019,quandt,Quandt,3
2019,quek,Quek,3
2019,rabie,Rabie,3
2019,rabiu,Rabiu,3
2019,rachmat,Rachmat,3
2019,rafaelian,Rafaelian,3
2019,ragon,Ragon,3
2019,raheja,Raheja,3
2019,rahimkulov,Rahimkulov,3
2019,rahr,Rahr,3
2019,rales,Rales,3
2019,rappoport,Rappoport,3
2019,rashnikov,Rashnikov,3
2019,ratanarak,Ratanarak,3
2019,ratanavadi,Ratanavadi,3
2019,ratcliffe,Ratcliffe,3
2019,rausing,Rausing,3
2019,rayner,Rayner,3
2019,razon,Razon,3
2019,rebrab,Rebrab,3
2019,reddy,Reddy,3
2019,redstone,Redstone,3
2019,reece,Reece,3
2019,rees-jones,Rees-Jones,3
2019,reimann,Reimann,3
2019,reimann-andersen,Reimann-Andersen,3
2019,reimann-haas,Reimann-Haas,3
2019,reinhart,Reinhart,3
2019,reinsdorf,Reinsdorf,3
2019,reiss,Reiss,3
2019,reitan,Reitan,3
2019,ren,Ren,3
2019,rennert,Rennert,3
2019,repik,Repik,3
2019,resnick,Resnick,3
2019,ressler,Ressler,3
2019,reuben,Reuben,3
2019,revoredo,Revoredo,3
2019,reyes,Reyes,3
2019,riady,Riady,3
2019,riberas-mera,Riberas Mera,3
2019,rich,Rich,3
2019,richison,Richison,3
2019,ricketts,Ricketts,3
2019,rinehart,Rinehart,3
2019,riney,Riney,3
2019,robbins,Robbins,3
2019,roberts,Roberts,3
2019,robertson,Robertson,3
2019,rocca,Rocca,3
2019,rocha,Rocha,3
2019,rodan,Rodan,3
2019,rodriguez-pastor,Rodriguez-Pastor,3
2019,rodriguez-rodriguez,Rodriguez Rodriguez,3
2019,roemmers,Roemmers,3
2019,roig,Roig,3
2019,rokke,Rokke,3
2019,rollins,Rollins,3
2019,roski,Roski,3
2019,ross,Ross,3
2019,rossmann,Rossmann,3
2019,rosso,Rosso,3
2019,rotenberg,Rotenberg,3
2019,roth,Roth,3
2019,rothschild,Rothschild,3
2019,rovati,Rovati,3
2019,rovt,Rovt,3
2019,rowan,Rowan,3
2019,rowling,Rowling,3
2019,ruan,Ruan,3
2019,ruayrungruang,Ruayrungruang,3
2019,rubenstein,Rubenstein,3
2019,rubin,Rubin,3
2019,ruffin,Ruffin,3
2019,ruffini,Ruffini,3
2019,ruia,Ruia,3
2019,runwal,Runwal,3
2019,rupert,Rupert,3
2019,ryan,Ryan,3
2019,rybakov,Rybakov,3
2019,rybolovlev,Rybolovlev,3
2019,rydge,Rydge,3
2019,saad,Saadé,3
2019,saban,Saban,3
2019,sacca,Sacca,3
2019,sacks,Sacks,3
2019,safra,Safra,3
2019,sagi,Sagi,3
2019,sahenk,Sahenk,3
2019,sahi,Sahi,3
2019,saieh-bendeck,Saieh Bendeck,3
2019,saji,Saji,3
2019,sajwani,Sajwani,3
2019,salata,Salata,3
2019,salinas-pliego,Salinas Pliego,3
2019,sall,Sall,3
2019,samueli,Samueli,3
2019,sanchez,Sanchez,3
2019,sandberg,Sandberg,3
2019,sandell,Sandell,3
2019,sands,Sands,3
2019,sanford,Sanford,3
2019,santo-domingo,Santo Domingo,3
2019,saputo,Saputo,3
2019,sariaatmadja,Sariaatmadja,3
2019,sarmiento,Sarmiento,3
2019,sarofim,Sarofim,3
2019,sarowitz,Sarowitz,3
2019,saul,Saul,3
2019,saverin,Saverin,3
2019,savvidis,Savvidis,3
2019,sawiris,Sawiris,3
2019,schaeffler,Schaeffler,3
2019,schaeffler-thumann,Schaeffler-Thumann,3
2019,scheinberg,Scheinberg,3
2019,scheufele,Scheufele,3
2019,schick,Schick,3
2019,schleifer,Schleifer,3
2019,schlosberg,Schlosberg,3
2019,schmidheiny,Schmidheiny,3
2019,schmidt,Schmidt,3
2019,schmidt-ruthenbeck,Schmidt-Ruthenbeck,3
2019,schmieding,Schmieding,3
2019,schnabel,Schnabel,3
2019,schoeller,Schoeller,3
2019,schoerghuber,Schoerghuber,3
2019,schorling,Schorling,3
2019,schuijff,Schuijff,3
2019,schulenberg,Schulenberg,3
2019,schultz,Schultz,3
2019,schulze,Schulze,3
2019,schusterman,Schusterman,3
2019,schuurman,Schuurman,3
2019,schwab,Schwab,3
2019,schwartz,Schwartz,3
2019,schwarz,Schwarz,3
2019,schwarzman,Schwarzman,3
2019,schweizer,Schweizer,3
2019,scott,Scott,3
2019,seabra,Seabra,3
2019,secunda,Secunda,3
2019,sehgal,Sehgal,3
2019,selig,Selig,3
2019,selin,Selin,3
2019,seo,Seo,3
2019,setubal-neto,Setubal Neto,3
2019,shah,Shah,3
2019,shaimiev,Shaimiev,3
2019,shanghvi,Shanghvi,3
2019,shani,Shani,3
2019,shao,Shao,3
2019,sharma,Sharma,3
2019,sharp,Sharp,3
2019,shaw,Shaw,3
2019,shefler,Shefler,3
2019,shelkov,Shelkov,3
2019,shen,Shen,3
2019,sheth,Sheth,3
2019,shetty,Shetty,3
2019,shi,Shi,3
2019,shibulal,Shibulal,3
2019,shigaboutdinov,Shigaboutdinov,3
2019,shigeta,Shigeta,3
2019,shin,Shin,3
2019,shinawatra,Shinawatra,3
2019,shoen,Shoen,3
2019,shriram,Shriram,3
2019,shroff,Shroff,3
2019,shu,Shu,3
2019,shum,Shum,3
2019,shvidler,Shvidler,3
2019,shwed,Shwed,3
2019,sicupira,Sicupira,3
2019,siebel,Siebel,3
2019,siegel,Siegel,3
2019,sihombing,Sihombing,3
2019,silbermann,Silbermann,3
2019,sim,Sim,3
2019,simanovsky,Simanovsky,3
2019,simon,Simon,3
2019,simons,Simons,3
2019,simonyi,Simonyi,3
2019,singer,Singer,3
2019,singh,Singh,3
2019,sirivadhanabhakdi,Sirivadhanabhakdi,3
2019,sitorus,Sitorus,3
2019,skoch,Skoch,3
2019,skoll,Skoll,3
2019,skorobogatko,Skorobogatko,3
2019,slim-helu,Slim Helu,3
2019,smidt,Smidt,3
2019,smith,Smith,3
2019,smushkin,Smushkin,3
2019,snow,Snow,3
2019,snyder,Snyder,3
2019,soare,Soare,3
2019,sobrato,Sobrato,3
2019,soderstrom,Soderstrom,3
2019,sohmen,Sohmen,3
2019,solorz-zak,Solorz-Zak,3
2019,solow,Solow,3
2019,solowow,Solowow,3
2019,son,Son,3
2019,sondakh,Sondakh,3
2019,song,Song,3
2019,soon-shiong,Soon-Shiong,3
2019,soros,Soros,3
2019,south-america,South America,3
2019,sperling,Sperling,3
2019,speyer,Speyer,3
2019,spiegel,Spiegel,3
2019,spielberg,Spielberg,3
2019,springer,Springer,3
2019,spuhler,Spuhler,3
2019,srivaddhanaprabha,Srivaddhanaprabha,3
2019,starak,Starak,3
2019,stawski,Stawski,3
2019,steinhardt,Steinhardt,3
2019,steinmetz,Steinmetz,3
2019,stephens,Stephens,3
2019,sterling,Sterling,3
2019,stern,Stern,3
2019,stevens,Stevens,3
2019,steward,Steward,3
2019,steyer,Steyer,3
2019,stine,Stine,3
2019,stitzer,Stitzer,3
2019,stokes,Stokes,3
2019,stole,Stole,3
2019,stone,Stone,3
2019,stordalen,Stordalen,3
2019,storz,Storz,3
2019,straumann,Straumann,3
2019,stroeher,Stroeher,3
2019,stroll,Stroll,3
2019,struengmann,Struengmann,3
2019,strukov,Strukov,3
2019,stryker,Stryker,3
2019,stul,Stul,3
2019,stumpf,Stumpf,3
2019,su,Su,3
2019,suh,Suh,3
2019,sulteev,Sulteev,3
2019,sun,Sun,3
2019,susanto,Susanto,3
2019,sutanto,Sutanto,3
2019,sutton,Sutton,3
2019,suzuki,Suzuki,3
2019,svetakov,Svetakov,3
2019,sweeney,Sweeney,3
2019,swieca,Swieca,3
2019,switzerland,Switzerland,3
2019,sy-coson,Sy-Coson,3
2019,syrian-arab-republic,Syria,3
2019,systrom,Systrom,3
2019,sze,Sze,3
2019,szulczewski,Szulczewski,3
2019,tack,Tack,3
2019,tada,Tada,3
2019,tahir,Tahir,3
2019,takahara,Takahara,3
2019,takizaki,Takizaki,3
2019,talpins,Talpins,3
2019,tan,Tan,3
2019,tan-caktiong,Tan Caktiong,3
2019,tang,Tang,3
2019,tangkaravakoon,Tangkaravakoon,3
2019,tanjung,Tanjung,3
2019,tanner,Tanner,3
2019,tanoesoedibjo,Tanoesoedibjo,3
2019,tanoto,Tanoto,3
2019,tarascio,Tarascio,3
2019,taravella,Taravella,3
2019,taylor,Taylor,3
2019,tedja,Tedja,3
2019,teh,Teh,3
2019,telles,Telles,3
2019,teoh,Teoh,3
2019,tepper,Tepper,3
2019,tewari,Tewari,3
2019,tham,Tham,3
2019,thiel,Thiel,3
2019,thiele,Thiele,3
2019,thinggaard,Thinggaard,3
2019,thirakomen,Thirakomen,3
2019,thompson,Thompson,3
2019,thomson,Thomson,3
2019,thongtang,Thongtang,3
2019,tian,Tian,3
2019,tiku,Tiku,3
2019,timchenko,Timchenko,3
2019,tinkov,Tinkov,3
2019,tiriac,Tiriac,3
2019,tisch,Tisch,3
2019,toeller,Toeller,3
2019,toennies,Toennies,3
2019,tollefsen,Tollefsen,3
2019,tong,Tong,3
2019,tong-liu,Tong Liu,3
2019,tornqvist,Tornqvist,3
2019,tosyali,Tosyali,3
2019,trajano,Trajano,3
2019,tran,Tran,3
2019,trefler,Trefler,3
2019,triguboff,Triguboff,3
2019,trotsenko,Trotsenko,3
2019,troutt,Troutt,3
2019,truchard,Truchard,3
2019,trump,Trump,3
2019,tsai,Tsai,3
2019,tschira,Tschira,3
2019,tse,Tse,3
2019,tseng,Tseng,3
2019,tshuva,Tshuva,3
2019,tu,Tu,3
2019,tuchman,Tuchman,3
2019,tull,Tull,3
2019,tung,Tung,3
2019,turner,Turner,3
2019,tykac,Tykac,3
2019,tyson,Tyson,3
2019,udvar-hazy,Udvar-Hazy,3
2019,uehara,Uehara,3
2019,ulker,Ulker,3
2019,ullal,Ullal,3
2019,ulukaya,Ulukaya,3
2019,unger,Unger,3
2019,uno,Uno,3
2019,upatkoon,Upatkoon,3
2019,usmanov,Usmanov,3
2019,utemuratov,Utemuratov,3
2019,van-der-does,van der Does,3
2019,van-der-leegte,van der Leegte,3
2019,van-lieshout,Van Lieshout,3
2019,vandersloot,VanderSloot,3
2019,vardinoyannis-family,Vardinoyannis & family,3
2019,vargi,Vargi,3
2019,varkey,Varkey,3
2019,vaswani,Vaswani,3
2019,vayalil,Vayalil,3
2019,vekselberg,Vekselberg,3
2019,veronesi,Veronesi,3
2019,viessmann,Viessmann,3
2019,vigil-gonzalez,Vigil Gonzalez,3
2019,vijitpongpun,Vijitpongpun,3
2019,vik,Vik,3
2019,villar,Villar,3
2019,villela-marino,Villela Marino,3
2019,viola,Viola,3
2019,virwani,Virwani,3
2019,vitek,Vitek,3
2019,volozh,Volozh,3
2019,von-bechtolsheim,von Bechtolsheim,3
2019,von-finck,von Finck,3
2019,von-holtzbrinck,von Holtzbrinck,3
2019,von-opel,von Opel,3
2019,vultaggio,Vultaggio,3
2019,wadhwani,Wadhwani,3
2019,wadia,Wadia,3
2019,wagner,Wagner,3
2019,walentas,Walentas,3
2019,walker,Walker,3
2019,walter,Walter,3
2019,walton,Walton,3
2019,wan,Wan,3
2019,wanek,Wanek,3
2019,wang,Wang,3
2019,wanstrath,Wanstrath,3
2019,warner,Warner,3
2019,warren,Warren,3
2019,washington,Washington,3
2019,watsa,Watsa,3
2019,weber,Weber,3
2019,wee,Wee,3
2019,wei,Wei,3
2019,weill,Weill,3
2019,weiner,Weiner,3
2019,wen,Wen,3
2019,wentz,Wentz,3
2019,wertheim,Wertheim,3
2019,wertheimer,Wertheimer,3
2019,weston,Weston,3
2019,wexner,Wexner,3
2019,white,White,3
2019,whitman,Whitman,3
2019,whittaker,Whittaker,3
2019,wietlisbach,Wietlisbach,3
2019,wild,Wild,3
2019,wilhelmsen,Wilhelmsen,3
2019,wilks,Wilks,3
2019,williams,Williams,3
2019,wilson,Wilson,3
2019,winfrey,Winfrey,3
2019,winn,Winn,3
2019,wittouck,Wittouck,3
2019,witzoe,Witzoe,3
2019,wobben,Wobben,3
2019,wong,Wong,3
2019,woo,Woo,3
2019,wood,Wood,3
2019,wortmann,Wortmann,3
2019,wrigley,Wrigley,3
2019,wu,Wu,3
2019,wuerth,Wuerth,3
2019,wynn,Wynn,3
2019,wyss,Wyss,3
2019,xiao,Xiao,3
2019,xie,Xie,3
2019,xiong,Xiong,3
2019,xiu,Xiu,3
2019,xue,Xue,3
2019,yakunin,Yakunin,3
2019,yan,Yan,3
2019,yanai,Yanai,3
2019,yancopoulos,Yancopoulos,3
2019,yang,Yang,3
2019,yao,Yao,3
2019,yarbrough,Yarbrough,3
2019,yarur-rey,Yarur Rey,3
2019,yasuda,Yasuda,3
2019,yemen-rep,Yemen,3
2019,yeung,Yeung,3
2019,yevtushenkov,Yevtushenkov,3
2019,yi,Yi,3
2019,yin,Yin,3
2019,ying,Ying,3
2019,york,York,3
2019,you,You,3
2019,young,Young,3
2019,yu,Yu,3
2019,yuengling,Yuengling,3
2019,yushvaev,Yushvaev,3
2019,yusuff-ali,Yusuff Ali,3
2019,zakay,Zakay,3
2019,zalik,Zalik,3
2019,zan,Zan,3
2019,zegar,Zegar,3
2019,zell,Zell,3
2019,zeller,Zeller,3
2019,zeng,Zeng,3
2019,zhan,Zhan,3
2019,zhang,Zhang,3
2019,zhang-xin-pan,Zhang Xin & Pan,3
2019,zhao,Zhao,3
2019,zheng,Zheng,3
2019,zhevago,Zhevago,3
2019,zhong,Zhong,3
2019,zhou,Zhou,3
2019,zhu,Zhu,3
2019,zhuo,Zhuo,3
2019,ziff,Ziff,3
2019,zimmermann-von-siefart,Zimmermann von Siefart,3
2019,zingarevich,Zingarevich,3
2019,zong,Zong,3
2019,zucker,Zucker,3
2019,zuckerberg,Zuckerberg,3
2019,zuckerman,Zuckerman,3
2019,zuo,Zuo,3
2020,aarnio-wihuri,Aarnio-Wihuri,4
2020,abdalla-filho,Abdalla Filho,4
2020,abello,Abello,4
2020,abraham,Abraham,4
2020,abramov,Abramov,4
2020,abramovich,Abramovich,4
2020,ackman,Ackman,4
2020,acton,Acton,4
2020,adams,Adams,4
2020,adani,Adani,4
2020,adelson,Adelson,4
2020,adenuga,Adenuga,4
2020,agalarov,Agalarov,4
2020,agarwal,Agarwal,4
2020,ahunai,Ahunai,4
2020,akhannouch,Akhannouch,4
2020,akhmedov,Akhmedov,4
2020,akhmetov,Akhmetov,4
2020,akin,Akin,4
2020,al-fayed,Al Fayed,4
2020,al-futtaim,Al Futtaim,4
2020,al-ghurair,Al Ghurair,4
2020,al-thani,Al Thani,4
2020,albrecht,Albrecht,4
2020,albrecht-jr,Albrecht Jr.,4
2020,alcocer,Alcocer,4
2020,alekperov,Alekperov,4
2020,alexander,Alexander,4
2020,alfond,Alfond,4
2020,alghanim,Alghanim,4
2020,allen,Allen,4
2020,altrad,Altrad,4
2020,altushkin,Altushkin,4
2020,alves-de-queiroz-filho,Alves de Queiroz Filho,4
2020,ambani,Ambani,4
2020,amorim,Amorim,4
2020,andic,Andic,4
2020,andreessen,Andreessen,4
2020,andreev,Andreev,4
2020,andresen,Andresen,4
2020,ang,Ang,4
2020,angelini-rossi,Angelini Rossi,4
2020,anisimov,Anisimov,4
2020,anschutz,Anschutz,4
2020,ansin,Ansin,4
2020,anttonen,Anttonen,4
2020,aponte,Aponte,4
2020,aramburuzabala,Aramburuzabala,4
2020,arango,Arango,4
2020,ardila-l-lle,Ardila Lülle,4
2020,argyros,Argyros,4
2020,arison,Arison,4
2020,armani,Armani,4
2020,armitage,Armitage,4
2020,armstrong,Armstrong,4
2020,arnault,Arnault,4
2020,arnold,Arnold,4
2020,arrillaga,Arrillaga,4
2020,arsel,Arsel,4
2020,ashcroft,Ashcroft,4
2020,ashkenazy,Ashkenazy,4
2020,ashley,Ashley,4
2020,asness,Asness,4
2020,austin,Austin,4
2020,avara,Avara,4
2020,aven,Aven,4
2020,ax-son-johnson,Ax:son Johnson,4
2020,aydinlar,Aydinlar,4
2020,babis,Babis,4
2020,bacaksiz,Bacaksiz,4
2020,bacon,Bacon,4
2020,bahwan,Bahwan,4
2020,bailey,Bailey,4
2020,bailleres-gonzalez,Bailleres Gonzalez,4
2020,bajaj,Bajaj,4
2020,bakalchuk,Bakalchuk,4
2020,baker,Baker,4
2020,bakeri,Bakeri,4
2020,balkrishna,Balkrishna,4
2020,ballmer,Ballmer,4
2020,bamberger,Bamberger,4
2020,bamford,Bamford,4
2020,bang,Bang,4
2020,banga,Banga,4
2020,bangur,Bangur,4
2020,bansal,Bansal,4
2020,barata,Barata,4
2020,barclay,Barclay,4
2020,barnett,Barnett,4
2020,baron,Baron,4
2020,bass,Bass,4
2020,batista,Batista,4
2020,baturina,Baturina,4
2020,baudis,Baudis,4
2020,bauer,Bauer,4
2020,baumann-blocher,Baumann-Blocher,4
2020,bawri,Bawri,4
2020,beal,Beal,4
2020,beaufour,Beaufour,4
2020,bechtel,Bechtel,4
2020,bechtolsheimer-kipp,Bechtolsheimer-Kipp,4
2020,beckmann-vidal,Beckmann Vidal,4
2020,behring,Behring,4
2020,beier,Beier,4
2020,bekker,Bekker,4
2020,bellon,Bellon,4
2020,benetton,Benetton,4
2020,benioff,Benioff,4
2020,benko,Benko,4
2020,bennet,Bennet,4
2020,bennett,Bennett,4
2020,bensadoun,Bensadoun,4
2020,benson,Benson,4
2020,berggruen,Berggruen,4
2020,berkley,Berkley,4
2020,berlusconi,Berlusconi,4
2020,bertarelli,Bertarelli,4
2020,bertelli,Bertelli,4
2020,besnier,Besnier,4
2020,besnier-beauvalot,Besnier Beauvalot,4
2020,bettencourt-meyers,Bettencourt Meyers,4
2020,beveridge,Beveridge,4
2020,bezos,Bezos,4
2020,bhatia,Bhatia,4
2020,bhusri,Bhusri,4
2020,bicket,Bicket,4
2020,biernacki,Biernacki,4
2020,bikhchandani,Bikhchandani,4
2020,billi,Billi,4
2020,bingle,Bingle,4
2020,bino,Bino,4
2020,biondi,Biondi,4
2020,birla,Birla,4
2020,birmingham-perot,Birmingham Perot,4
2020,bisciotti,Bisciotti,4
2020,bishop,Bishop,4
2020,biswas,Biswas,4
2020,bjorgolfsson,Bjorgolfsson,4
2020,black,Black,4
2020,blank,Blank,4
2020,blavatnik,Blavatnik,4
2020,blecharczyk,Blecharczyk,4
2020,blickle,Blickle,4
2020,blocher,Blocher,4
2020,bloomberg,Bloomberg,4
2020,bloor,Bloor,4
2020,blue,Blue,4
2020,bluhm,Bluhm,4
2020,blundy,Blundy,4
2020,bogdanov,Bogdanov,4
2020,boguslavsky,Boguslavsky,4
2020,boholyubov,Boholyubov,4
2020,bokarev,Bokarev,4
2020,bollor,Bolloré,4
2020,bonderman,Bonderman,4
2020,booth,Booth,4
2020,boquoi,Boquoi,4
2020,bosov,Bosov,4
2020,bouchard,Bouchard,4
2020,bouygues,Bouygues,4
2020,boyko,Boyko,4
2020,boyle,Boyle,4
2020,bozano,Bozano,4
2020,braman,Braman,4
2020,branson,Branson,4
2020,braun,Braun,4
2020,braun-luedicke,Braun-Luedicke,4
2020,bravo,Bravo,4
2020,bren,Bren,4
2020,brescia-cafferata,Brescia Cafferata,4
2020,breyer,Breyer,4
2020,brin,Brin,4
2020,broad,Broad,4
2020,broermann,Broermann,4
2020,bronfman,Bronfman,4
2020,brown,Brown,4
2020,bruch,Bruch,4
2020,bucher-haefner,Bucher-Haefner,4
2020,buck,Buck,4
2020,buffett,Buffett,4
2020,buinov,Buinov,4
2020,bukhman,Bukhman,4
2020,bulgari,Bulgari,4
2020,bulgheroni,Bulgheroni,4
2020,bundrant,Bundrant,4
2020,burda,Burda,4
2020,burkle,Burkle,4
2020,burman,Burman,4
2020,cai,Cai,4
2020,calder,Calder,4
2020,calik,Calik,4
2020,caltagirone,Caltagirone,4
2020,camp,Camp,4
2020,cannon-brookes,Cannon-Brookes,4
2020,cao,Cao,4
2020,caporella,Caporella,4
2020,cargill,Cargill,4
2020,carmignac,Carmignac,4
2020,caruso,Caruso,4
2020,case,Case,4
2020,cathy,Cathy,4
2020,catsimatidis,Catsimatidis,4
2020,caudwell,Caudwell,4
2020,cayard,Cayard,4
2020,cen,Cen,4
2020,chaiyawan,Chaiyawan,4
2020,chambers,Chambers,4
2020,chan,Chan,4
2020,chandler,Chandler,4
2020,chang,Chang,4
2020,chao,Chao,4
2020,chaudhary,Chaudhary,4
2020,chaudhry,Chaudhry,4
2020,cheah,Cheah,4
2020,chearavanont,Chearavanont,4
2020,chen,Chen,4
2020,cheng,Cheng,4
2020,cheriton,Cheriton,4
2020,cherng,Cherng,4
2020,chesky,Chesky,4
2020,chestnut,Chestnut,4
2020,chey,Chey,4
2020,chi,Chi,4
2020,chiaravanont,Chiaravanont,4
2020,chin,Chin,4
2020,chiu,Chiu,4
2020,cho,Cho,4
2020,choi,Choi,4
2020,choksi,Choksi,4
2020,choo,Choo,4
2020,chouinard,Chouinard,4
2020,chrenko,Chrenko,4
2020,christopher,Christopher,4
2020,chu,Chu,4
2020,chua,Chua,4
2020,chudgar,Chudgar,4
2020,chukhlebov,Chukhlebov,4
2020,chung,Chung,4
2020,ciner,Ciner,4
2020,clark,Clark,4
2020,coates,Coates,4
2020,cockwell,Cockwell,4
2020,cohen,Cohen,4
2020,cojuangco,Cojuangco,4
2020,coleman,Coleman,4
2020,collison,Collison,4
2020,commisso,Commisso,4
2020,conway,Conway,4
2020,cook,Cook,4
2020,coombs,Coombs,4
2020,cooperman,Cooperman,4
2020,cortina,Cortina,4
2020,coulter,Coulter,4
2020,coutu,Coutu,4
2020,cowin,Cowin,4
2020,coyiuto,Coyiuto,4
2020,crane,Crane,4
2020,cremonini,Cremonini,4
2020,crishna-godrej,Crishna-Godrej,4
2020,csanyi,Csanyi,4
2020,cuban,Cuban,4
2020,cucinelli,Cucinelli,4
2020,cui,Cui,4
2020,currie,Currie,4
2020,cutrale,Cutrale,4
2020,d-amours,D'Amours,4
2020,d-aniello,D'Aniello,4
2020,dai,Dai,4
2020,daitch,Daitch,4
2020,dalio,Dalio,4
2020,damani,Damani,4
2020,damen,Damen,4
2020,dang,Dang,4
2020,dangermond,Dangermond,4
2020,dangote,Dangote,4
2020,dani,Dani,4
2020,dassault,Dassault,4
2020,daurella,Daurella,4
2020,dave,Dave,4
2020,davis,Davis,4
2020,de-carvalho-heineken,de Carvalho-Heineken,4
2020,de-godoy-bueno,de Godoy Bueno,4
2020,de-godoy-bueno-grossi,de Godoy Bueno Grossi,4
2020,de-longhi,De'Longhi,4
2020,de-mattos-barretto-villela,de Mattos Barretto Villela,4
2020,de-mol,de Mol,4
2020,de-rothschild,de Rothschild,4
2020,deason,Deason,4
2020,debartolo,DeBartolo,4
2020,dejoria,DeJoria,4
2020,del-pino,Del Pino,4
2020,del-valle-ruiz,Del Valle Ruiz,4
2020,del-vecchio,Del Vecchio,4
2020,dell,Dell,4
2020,della-valle,Della Valle,4
2020,denegri,Denegri,4
2020,deng,Deng,4
2020,dentressangle,Dentressangle,4
2020,deripaska,Deripaska,4
2020,desai,Desai,4
2020,desmond,Desmond,4
2020,dewji,Dewji,4
2020,dhingra,Dhingra,4
2020,diao,Diao,4
2020,diethelm,Diethelm,4
2020,diller,Diller,4
2020,dimon,Dimon,4
2020,dinan,Dinan,4
2020,dines,Dines,4
2020,dinesh,Dinesh,4
2020,ding,Ding,4
2020,diniz,Diniz,4
2020,divi,Divi,4
2020,dizdar,Dizdar,4
2020,doerr,Doerr,4
2020,dogan,Dogan,4
2020,dolan,Dolan,4
2020,dolby,Dolby,4
2020,dolce,Dolce,4
2020,dommermuth,Dommermuth,4
2020,dong,Dong,4
2020,doris,Doris,4
2020,dorrance,Dorrance,4
2020,dorsey,Dorsey,4
2020,dos-santos,dos Santos,4
2020,dospiva,Dospiva,4
2020,dou,Dou,4
2020,douglas,Douglas,4
2020,drahi,Drahi,4
2020,droege,Droege,4
2020,druckenmiller,Druckenmiller,4
2020,du,Du,4
2020,dubin,Dubin,4
2020,duff,Duff,4
2020,duffield,Duffield,4
2020,duggan,Duggan,4
2020,duncan,Duncan,4
2020,durban,Durban,4
2020,durov,Durov,4
2020,dyson,Dyson,4
2020,dzhaparidze,Dzhaparidze,4
2020,ebner,Ebner,4
2020,ecclestone,Ecclestone,4
2020,eczacibasi,Eczacibasi,4
2020,edelman,Edelman,4
2020,edelstenne,Edelstenne,4
2020,edens,Edens,4
2020,eghbali,Eghbali,4
2020,egydio-arruda-villela-filho,Egydio Arruda Villela Filho,4
2020,ek,Ek,4
2020,ell,Ell,4
2020,ellison,Ellison,4
2020,emmerson,Emmerson,4
2020,engelhardt,Engelhardt,4
2020,engelhorn,Engelhorn,4
2020,engineer,Engineer,4
2020,englander,Englander,4
2020,ergen,Ergen,4
2020,erni,Erni,4
2020,escotet,Escotet,4
2020,esteves,Esteves,4
2020,fan,Fan,4
2020,fang,Fang,4
2020,farber,Farber,4
2020,faria,Faria,4
2020,farquhar,Farquhar,4
2020,faulkner,Faulkner,4
2020,fayat,Fayat,4
2020,federmann,Federmann,4
2020,fedun-family,Fedun & family,4
2020,fegel,Fegel,4
2020,feinberg,Feinberg,4
2020,feld,Feld,4
2020,feldmann,Feldmann,4
2020,feliciano,Feliciano,4
2020,feng,Feng,4
2020,ferrari,Ferrari,4
2020,ferrero,Ferrero,4
2020,fertitta,Fertitta,4
2020,fetisov,Fetisov,4
2020,fidani,Fidani,4
2020,fields,Fields,4
2020,fielmann,Fielmann,4
2020,filo,Filo,4
2020,find,Find,4
2020,fireman,Fireman,4
2020,firodia,Firodia,4
2020,fisher,Fisher,4
2020,fissolo,Fissolo,4
2020,flatt,Flatt,4
2020,flowers,Flowers,4
2020,fluxa-rossello,Fluxa Rossello,4
2020,fong,Fong,4
2020,fontbona,Fontbona,4
2020,ford,Ford,4
2020,foriel-destezet,Foriel-Destezet,4
2020,forrest,Forrest,4
2020,foss,Foss,4
2020,foster,Foster,4
2020,fox,Fox,4
2020,fraisse,Fraisse,4
2020,france,France,4
2020,frantz,Frantz,4
2020,fredriksen,Fredriksen,4
2020,frias,Frias,4
2020,fridman,Fridman,4
2020,friedkin,Friedkin,4
2020,friese,Friese,4
2020,frist,Frist,4
2020,frolov,Frolov,4
2020,frost,Frost,4
2020,fu,Fu,4
2020,fukushima,Fukushima,4
2020,fukutake,Fukutake,4
2020,furtwaengler,Furtwaengler,4
2020,gabay,Gabay,4
2020,gabbana,Gabbana,4
2020,gabelli,Gabelli,4
2020,gaglardi,Gaglardi,4
2020,galitsky,Galitsky,4
2020,galperin,Galperin,4
2020,gandel,Gandel,4
2020,gangwal,Gangwal,4
2020,gantner,Gantner,4
2020,gao,Gao,4
2020,gapontsev,Gapontsev,4
2020,garavoglia,Garavoglia,4
2020,garcia,Garcia,4
2020,gassner,Gassner,4
2020,gates,Gates,4
2020,gauselmann,Gauselmann,4
2020,gebbia,Gebbia,4
2020,geffen,Geffen,4
2020,geminder,Geminder,4
2020,geng,Geng,4
2020,gerling,Gerling,4
2020,gerry,Gerry,4
2020,gertler,Gertler,4
2020,getty,Getty,4
2020,gilbert,Gilbert,4
2020,gilgan,Gilgan,4
2020,gilinski-bacal,Gilinski Bacal,4
2020,gillings,Gillings,4
2020,ginestet,Ginestet,4
2020,glasenberg,Glasenberg,4
2020,glock,Glock,4
2020,godin,Godin,4
2020,godrej,Godrej,4
2020,goenka,Goenka,4
2020,goh,Goh,4
2020,goi,Goi,4
2020,goldhar,Goldhar,4
2020,goldman,Goldman,4
2020,goldman-fowler,Goldman Fowler,4
2020,goldsbury,Goldsbury,4
2020,goldschmeding,Goldschmeding,4
2020,golisano,Golisano,4
2020,golub,Golub,4
2020,gong,Gong,4
2020,goodnight,Goodnight,4
2020,gopalakrishnan,Gopalakrishnan,4
2020,gordeev,Gordeev,4
2020,gores,Gores,4
2020,gottesman,Gottesman,4
2020,gou,Gou,4
2020,graf,Graf,4
2020,graff,Graff,4
2020,gray,Gray,4
2020,grayken,Grayken,4
2020,green,Green,4
2020,greene,Greene,4
2020,grendene-bartelle,Grendene Bartelle,4
2020,grendys,Grendys,4
2020,grether,Grether,4
2020,griffin,Griffin,4
2020,groen,Groen,4
2020,grogg,Grogg,4
2020,gross,Gross,4
2020,gu,Gu,4
2020,gunal,Gunal,4
2020,gundlach,Gundlach,4
2020,gunsel,Gunsel,4
2020,guo,Guo,4
2020,gupta,Gupta,4
2020,guriev-family,Guriev & family,4
2020,gustavson,Gustavson,4
2020,gutseriev,Gutseriev,4
2020,habert,Habert,4
2020,haefner,Haefner,4
2020,hagen,Hagen,4
2020,hagen-kjos,Hagen Kjos,4
2020,hains,Hains,4
2020,hall,Hall,4
2020,halvorsen,Halvorsen,4
2020,hamm,Hamm,4
2020,han,Han,4
2020,hang,Hang,4
2020,hank-rhon,Hank Rhon,4
2020,hankey,Hankey,4
2020,hanrahan,Hanrahan,4
2020,hao,Hao,4
2020,happel,Happel,4
2020,harding,Harding,4
2020,hardy-knox,Hardy Knox,4
2020,hargreaves,Hargreaves,4
2020,hariri,Hariri,4
2020,harlap,Harlap,4
2020,harp-helu,Harp Helu,4
2020,harris,Harris,4
2020,hart,Hart,4
2020,hartono,Hartono,4
2020,harvey,Harvey,4
2020,hascak,Hascak,4
2020,haslam,Haslam,4
2020,hastings,Hastings,4
2020,haub,Haub,4
2020,he,He,4
2020,headington,Headington,4
2020,hector,Hector,4
2020,heine,Heine,4
2020,helmig,Helmig,4
2020,hendricks,Hendricks,4
2020,henkel,Henkel,4
2020,henry,Henry,4
2020,herlin,Herlin,4
2020,hernandez-ramirez,Hernandez Ramirez,4
2020,herrero,Herrero,4
2020,herz,Herz,4
2020,higgins,Higgins,4
2020,hildebrand,Hildebrand,4
2020,hill,Hill,4
2020,hindawi,Hindawi,4
2020,hinduja,Hinduja,4
2020,hintze,Hintze,4
2020,hiranandani,Hiranandani,4
2020,ho,Ho,4
2020,hoffman,Hoffman,4
2020,hohn,Hohn,4
2020,hoi,Hoi,4
2020,holder,Holder,4
2020,hong,Hong,4
2020,hopp,Hopp,4
2020,horejsi,Horejsi,4
2020,horten,Horten,4
2020,hostetter,Hostetter,4
2020,hou,Hou,4
2020,houston,Houston,4
2020,howard,Howard,4
2020,hsu,Hsu,4
2020,hua,Hua,4
2020,huang,Huang,4
2020,hubbard,Hubbard,4
2020,hughes,Hughes,4
2020,hui,Hui,4
2020,hult,Hult,4
2020,hungary,Hungary,4
2020,hunt,Hunt,4
2020,hur,Hur,4
2020,hwang,Hwang,4
2020,ibrahim,Ibrahim,4
2020,icahn,Icahn,4
2020,ilicak,Ilicak,4
2020,iliev,Iliev,4
2020,ilitch,Ilitch,4
2020,im-brahm-droege,im Brahm-Droege,4
2020,ingram,Ingram,4
2020,irsay,Irsay,4
2020,irving,Irving,4
2020,ito,Ito,4
2020,ivanishvili,Ivanishvili,4
2020,jackman,Jackman,4
2020,jacobs,Jacobs,4
2020,jagtiani,Jagtiani,4
2020,jaipuria,Jaipuria,4
2020,james,James,4
2020,jannard,Jannard,4
2020,jarislowsky,Jarislowsky,4
2020,jay-z,Jay-Z,4
2020,jenner,Jenner,4
2020,jhunjhunwala,Jhunjhunwala,4
2020,ji,Ji,4
2020,jia,Jia,4
2020,jiang,Jiang,4
2020,jiaravanon,Jiaravanon,4
2020,jiaravanont,Jiaravanont,4
2020,jin,Jin,4
2020,jindal,Jindal,4
2020,johnson,Johnson,4
2020,johnson-leipold,Johnson-Leipold,4
2020,jones,Jones,4
2020,jordan,Jordan,4
2020,joseph,Joseph,4
2020,jove,Jove,4
2020,justice,Justice,4
2020,kabiller,Kabiller,4
2020,kadoorie,Kadoorie,4
2020,kahn,Kahn,4
2020,kaiser,Kaiser,4
2020,kalanick,Kalanick,4
2020,kalyanaraman,Kalyanaraman,4
2020,kalyani,Kalyani,4
2020,kamenshchik,Kamenshchik,4
2020,kamprad,Kamprad,4
2020,kanjanapas,Kanjanapas,4
2020,kantor,Kantor,4
2020,kao,Kao,4
2020,kapnick,Kapnick,4
2020,karapetyan,Karapetyan,4
2020,karp,Karp,4
2020,karsh,Karsh,4
2020,kaspersky,Kaspersky,4
2020,katsiev,Katsiev,4
2020,katz,Katz,4
2020,kavanaugh,Kavanaugh,4
2020,kayne,Kayne,4
2020,kei,Kei,4
2020,keinath,Keinath,4
2020,kelley,Kelley,4
2020,kellner,Kellner,4
2020,kellogg,Kellogg,4
2020,kemper,Kemper,4
2020,kennedy,Kennedy,4
2020,kenya,Kenya,4
2020,kerimov-family,Kerimov & family,4
2020,kesaev,Kesaev,4
2020,khan,Khan,4
2020,kharitonin,Kharitonin,4
2020,khosla,Khosla,4
2020,kibar,Kibar,4
2020,kim,Kim,4
2020,kimmel,Kimmel,4
2020,kinder,Kinder,4
2020,kirac,Kirac,4
2020,kirk,Kirk,4
2020,kirsh,Kirsh,4
2020,klarman,Klarman,4
2020,klatten,Klatten,4
2020,klinsky,Klinsky,4
2020,klyachin,Klyachin,4
2020,knapp,Knapp,4
2020,knight,Knight,4
2020,koc,Koc,4
2020,koch,Koch,4
2020,koguan,Koguan,4
2020,koh,Koh,4
2020,kohler,Kohler,4
2020,kolesnikov,Kolesnikov,4
2020,kolomoyskyy,Kolomoyskyy,4
2020,komarek,Komarek,4
2020,kondrashev,Kondrashev,4
2020,kong,Kong,4
2020,koo,Koo,4
2020,koon,Koon,4
2020,koplowitz,Koplowitz,4
2020,kosiuk,Kosiuk,4
2020,kosogov,Kosogov,4
2020,kotak,Kotak,4
2020,kothari,Kothari,4
2020,koum,Koum,4
2020,kovalchuk,Kovalchuk,4
2020,kovner,Kovner,4
2020,kozitsyn,Kozitsyn,4
2020,kraft,Kraft,4
2020,krasny,Krasny,4
2020,kravis,Kravis,4
2020,kretinsky,Kretinsky,4
2020,krieger,Krieger,4
2020,krigsner,Krigsner,4
2020,krishnan,Krishnan,4
2020,kristiansen,Kristiansen,4
2020,kroenke,Kroenke,4
2020,kuan,Kuan,4
2020,kucuk,Kucuk,4
2020,kudryashkin,Kudryashkin,4
2020,kuehne,Kuehne,4
2020,kulczyk,Kulczyk,4
2020,kulibaev,Kulibaev,4
2020,kulibaeva,Kulibaeva,4
2020,kumar-kishin-rk,Kumar & Kishin RK,4
2020,kuok,Kuok,4
2020,kuriwada,Kuriwada,4
2020,kurzius,Kurzius,4
2020,kuzmichev,Kuzmichev,4
2020,kwee,Kwee,4
2020,kwek,Kwek,4
2020,kwok,Kwok,4
2020,kwon,Kwon,4
2020,kwong,Kwong,4
2020,kyostila,Kyostila,4
2020,lacob,Lacob,4
2020,ladreit-de-lacharriere,Ladreit de Lacharriere,4
2020,laffont,Laffont,4
2020,lai,Lai,4
2020,lal,Lal,4
2020,lalibert,Laliberté,4
2020,lam,Lam,4
2020,landini-aleotti,Landini Aleotti,4
2020,langer,Langer,4
2020,langley,Langley,4
2020,langone,Langone,4
2020,lansdown,Lansdown,4
2020,lao-hernandez,Lao Hernandez,4
2020,larrea-mota-velasco,Larrea Mota Velasco,4
2020,larsen,Larsen,4
2020,lasry,Lasry,4
2020,latouche,Latouche,4
2020,lau,Lau,4
2020,lauder,Lauder,4
2020,laufer,Laufer,4
2020,laukien,Laukien,4
2020,lauren,Lauren,4
2020,laurie,Laurie,4
2020,law,Law,4
2020,lazari,Lazari,4
2020,le-duff,Le Duff,4
2020,leclercq,Leclercq,4
2020,lee,Lee,4
2020,lee-chin,Lee-Chin,4
2020,lefebvre-d-ovidio,Lefebvre d'Ovidio,4
2020,lefkofsky,Lefkofsky,4
2020,lefrak,LeFrak,4
2020,lehmann,Lehmann,4
2020,lei,Lei,4
2020,leibinger,Leibinger,4
2020,leibinger-kammueller,Leibinger-Kammueller,4
2020,leininger,Leininger,4
2020,leitner,Leitner,4
2020,lemann,Lemann,4
2020,leng,Leng,4
2020,leonard,Leonard,4
2020,leone,Leone,4
2020,leong,Leong,4
2020,leonsis,Leonsis,4
2020,leprino,Leprino,4
2020,lerner,Lerner,4
2020,leschikov,Leschikov,4
2020,lew,Lew,4
2020,lewis,Lewis,4
2020,li,Li,4
2020,liang,Liang,4
2020,liautaud,Liautaud,4
2020,lichtenstein,Lichtenstein,4
2020,liebmann,Liebmann,4
2020,liemandt,Liemandt,4
2020,liew,Liew,4
2020,lim,Lim,4
2020,lin,Lin,4
2020,lindh,Lindh,4
2020,link,Link,4
2020,lisin,Lisin,4
2020,liu,Liu,4
2020,livingstone,Livingstone,4
2020,lo,Lo,4
2020,lodha,Lodha,4
2020,loeb,Loeb,4
2020,loh,Loh,4
2020,lohia,Lohia,4
2020,lomakin,Lomakin,4
2020,lorentzon,Lorentzon,4
2020,lou,Lou,4
2020,louie,Louie,4
2020,louis-dreyfus,Louis-Dreyfus,4
2020,louis-hansen,Louis-Hansen,4
2020,love,Love,4
2020,low-tuck,Low Tuck,4
2020,lowy,Lowy,4
2020,lozick,Lozick,4
2020,lubetzky,Lubetzky,4
2020,lucas,Lucas,4
2020,luddy,Luddy,4
2020,lui,Lui,4
2020,lun,Lun,4
2020,lundberg,Lundberg,4
2020,luo,Luo,4
2020,lurie,Lurie,4
2020,lutke,Lutke,4
2020,luxembourg,Luxembourg,4
2020,maag,Maag,4
2020,macmillan,MacMillan,4
2020,maezawa,Maezawa,4
2020,magness,Magness,4
2020,mahagitsiri,Mahagitsiri,4
2020,mahindra,Mahindra,4
2020,makarov,Makarov,4
2020,makhmudov,Makhmudov,4
2020,malone,Malone,4
2020,mamut,Mamut,4
2020,mandel,Mandel,4
2020,mansour,Mansour,4
2020,mansueto,Mansueto,4
2020,mantegazza,Mantegazza,4
2020,mao,Mao,4
2020,maran,Maran,4
2020,marcus,Marcus,4
2020,marguerre,Marguerre,4
2020,marinho,Marinho,4
2020,mariwala,Mariwala,4
2020,marks,Marks,4
2020,marquart,Marquart,4
2020,mars,Mars,4
2020,martin,Martin,4
2020,martinson,Martinson,4
2020,martullo-blocher,Martullo-Blocher,4
2020,masiyiwa,Masiyiwa,4
2020,mate,Mate,4
2020,mateschitz,Mateschitz,4
2020,mathile,Mathile,4
2020,matthews,Matthews,4
2020,mazumdar-shaw,Mazumdar-Shaw,4
2020,mcaulay,McAulay,4
2020,mccaw,McCaw,4
2020,mccombs,McCombs,4
2020,mclane,McLane,4
2020,mcmahon,McMahon,4
2020,mcnair,McNair,4
2020,mehta,Mehta,4
2020,meijer,Meijer,4
2020,melchers,Melchers,4
2020,melnichenko,Melnichenko,4
2020,menard,Menard,4
2020,merckle,Merckle,4
2020,merieux,Merieux,4
2020,metropoulos,Metropoulos,4
2020,meyer,Meyer,4
2020,mi,Mi,4
2020,miao,Miao,4
2020,michel,Michel,4
2020,michelson,Michelson,4
2020,middleton,Middleton,4
2020,mikati,Mikati,4
2020,mikhelson,Mikhelson,4
2020,miki,Miki,4
2020,mikitani,Mikitani,4
2020,milchan,Milchan,4
2020,milken,Milken,4
2020,miller,Miller,4
2020,milner,Milner,4
2020,milton,Milton,4
2020,minozzi,Minozzi,4
2020,mistakidis,Mistakidis,4
2020,mistry,Mistry,4
2020,mittal,Mittal,4
2020,mnaymneh,Mnaymneh,4
2020,moll-filho,Moll Filho,4
2020,moller-nielsen,Moller Nielsen,4
2020,mondre,Mondre,4
2020,moore,Moore,4
2020,moraes,Moraes,4
2020,moraes-scripilliti,Moraes Scripilliti,4
2020,moratti,Moratti,4
2020,mordashov-family,Mordashov & family,4
2020,moreira-salles,Moreira Salles,4
2020,moreira-salles-junior,Moreira Salles Junior,4
2020,moreno,Moreno,4
2020,moretti-polegato,Moretti Polegato,4
2020,mori,Mori,4
2020,moritz,Moritz,4
2020,morocco,Morocco,4
2020,moroun,Moroun,4
2020,morris,Morris,4
2020,moshiri,Moshiri,4
2020,moshkovich,Moshkovich,4
2020,moskovitz,Moskovitz,4
2020,motoya,Motoya,4
2020,motsepe,Motsepe,4
2020,mouawad,Mouawad,4
2020,moyes,Moyes,4
2020,mu,Mu,4
2020,mueller,Mueller,4
2020,munger,Munger,4
2020,munjal,Munjal,4
2020,munot,Munot,4
2020,murdoch,Murdoch,4
2020,murdock,Murdock,4
2020,murphy,Murphy,4
2020,murtagh,Murtagh,4
2020,murthy,Murthy,4
2020,musk,Musk,4
2020,nacht,Nacht,4
2020,nadar,Nadar,4
2020,naeder,Naeder,4
2020,nagamori,Nagamori,4
2020,nahmad,Nahmad,4
2020,nan,Nan,4
2020,naoroji,Naoroji,4
2020,nelson,Nelson,4
2020,nemetschek,Nemetschek,4
2020,nesis,Nesis,4
2020,newell,Newell,4
2020,newhouse,Newhouse,4
2020,newmark,Newmark,4
2020,nguyen,Nguyen,4
2020,ni,Ni,4
2020,niarchos,Niarchos,4
2020,nicholas,Nicholas,4
2020,nie,Nie,4
2020,niel,Niel,4
2020,nigeria,Nigeria,4
2020,nilekani,Nilekani,4
2020,nisanov,Nisanov,4
2020,nitori,Nitori,4
2020,nixon,Nixon,4
2020,noda,Noda,4
2020,north-america,North America,4
2020,o-brien,O'Brien,4
2020,oberoi,Oberoi,4
2020,oberwelland,Oberwelland,4
2020,och,Och,4
2020,oei,Oei,4
2020,oeri,Oeri,4
2020,oetker,Oetker,4
2020,ofer,Ofer,4
2020,ogawa,Ogawa,4
2020,okada,Okada,4
2020,olenicoff,Olenicoff,4
2020,olivo-lopez,Olivo Lopez,4
2020,olsson,Olsson,4
2020,omidyar,Omidyar,4
2020,ongpin,Ongpin,4
2020,oppenheimer,Oppenheimer,4
2020,or,Or,4
2020,ortega,Ortega,4
2020,ortega-mera,Ortega Mera,4
2020,osathanugrah,Osathanugrah,4
2020,otto,Otto,4
2020,otto-bernstein,Otto-Bernstein,4
2020,ou,Ou,4
2020,overdeck,Overdeck,4
2020,ozdemir,Ozdemir,4
2020,ozmen,Ozmen,4
2020,ozyegin,Ozyegin,4
2020,p-ladeau,Péladeau,4
2020,packer,Packer,4
2020,page,Page,4
2020,pai,Pai,4
2020,palatchi,Palatchi,4
2020,palmer,Palmer,4
2020,panama,Panama,4
2020,pang,Pang,4
2020,pangestu,Pangestu,4
2020,parekh,Parekh,4
2020,parisotto,Parisotto,4
2020,park,Park,4
2020,parker,Parker,4
2020,parry-okeden,Parry-Okeden,4
2020,parsons,Parsons,4
2020,patel,Patel,4
2020,pattison,Pattison,4
2020,paul,Paul,4
2020,paulsen,Paulsen,4
2020,paulson,Paulson,4
2020,paulsson,Paulsson,4
2020,peery,Peery,4
2020,pegula,Pegula,4
2020,pei,Pei,4
2020,peltz,Peltz,4
2020,peng,Peng,4
2020,penske,Penske,4
2020,pera,Pera,4
2020,percassi,Percassi,4
2020,perelman,Perelman,4
2020,perez,Perez,4
2020,perez-companc,Perez Companc,4
2020,perfetti,Perfetti,4
2020,perlmutter,Perlmutter,4
2020,perot,Perot,4
2020,perrodo,Perrodo,4
2020,persson,Persson,4
2020,pessina,Pessina,4
2020,peterffy,Peterffy,4
2020,peterson,Peterson,4
2020,pham,Pham,4
2020,pi-era,Piñera,4
2020,pieper,Pieper,4
2020,pillai,Pillai,4
2020,pinault,Pinault,4
2020,pinchuk,Pinchuk,4
2020,pincus,Pincus,4
2020,pinheiro-koren-de-lima,Pinheiro Koren de Lima,4
2020,piramal,Piramal,4
2020,plank,Plank,4
2020,platt,Platt,4
2020,plattner,Plattner,4
2020,poddar,Poddar,4
2020,pohl,Pohl,4
2020,ponce-lerou,Ponce Lerou,4
2020,ponomarenko,Ponomarenko,4
2020,poo,Poo,4
2020,poonawalla,Poonawalla,4
2020,popov,Popov,4
2020,potanin,Potanin,4
2020,povlsen,Povlsen,4
2020,powell-jobs,Powell Jobs,4
2020,prada,Prada,4
2020,prasad,Prasad,4
2020,prasarttong-osoth,Prasarttong-Osoth,4
2020,pratt,Pratt,4
2020,premji,Premji,4
2020,preston,Preston,4
2020,preston-werner,Preston-Werner,4
2020,price,Price,4
2020,pritzker,Pritzker,4
2020,prokhorov,Prokhorov,4
2020,pu,Pu,4
2020,pudwill,Pudwill,4
2020,puech,Puech,4
2020,pumpyansky,Pumpyansky,4
2020,qi,Qi,4
2020,qian,Qian,4
2020,qin,Qin,4
2020,qiu,Qiu,4
2020,quandt,Quandt,4
2020,quek,Quek,4
2020,rabiu,Rabiu,4
2020,rachmat,Rachmat,4
2020,ragon,Ragon,4
2020,raheja,Raheja,4
2020,rahimkulov,Rahimkulov,4
2020,rahr,Rahr,4
2020,rajendran,Rajendran,4
2020,rales,Rales,4
2020,rappoport,Rappoport,4
2020,rashnikov,Rashnikov,4
2020,ratanarak,Ratanarak,4
2020,ratanavadi,Ratanavadi,4
2020,ratcliffe,Ratcliffe,4
2020,rausing,Rausing,4
2020,raveendran,Raveendran,4
2020,rayner,Rayner,4
2020,razon,Razon,4
2020,rebrab,Rebrab,4
2020,reddy,Reddy,4
2020,redstone,Redstone,4
2020,reece,Reece,4
2020,rees-jones,Rees-Jones,4
2020,reimann,Reimann,4
2020,reimann-andersen,Reimann-Andersen,4
2020,reimann-haas,Reimann-Haas,4
2020,reinhart,Reinhart,4
2020,reinsdorf,Reinsdorf,4
2020,reitan,Reitan,4
2020,ren,Ren,4
2020,rennert,Rennert,4
2020,repik,Repik,4
2020,resnick,Resnick,4
2020,ressler,Ressler,4
2020,reuben,Reuben,4
2020,revoredo,Revoredo,4
2020,reyes,Reyes,4
2020,riady,Riady,4
2020,riberas-mera,Riberas Mera,4
2020,rich,Rich,4
2020,richison,Richison,4
2020,ricketts,Ricketts,4
2020,rinehart,Rinehart,4
2020,riney,Riney,4
2020,robbins,Robbins,4
2020,roberts,Roberts,4
2020,robertson,Robertson,4
2020,rocca,Rocca,4
2020,rodan,Rodan,4
2020,rodriguez-pastor,Rodriguez-Pastor,4
2020,roemmers,Roemmers,4
2020,roig,Roig,4
2020,rokke,Rokke,4
2020,rokos,Rokos,4
2020,rollins,Rollins,4
2020,roski,Roski,4
2020,ross,Ross,4
2020,rossmann,Rossmann,4
2020,rosso,Rosso,4
2020,rotenberg,Rotenberg,4
2020,rothschild,Rothschild,4
2020,rovt,Rovt,4
2020,rowan,Rowan,4
2020,rowling,Rowling,4
2020,ruan,Ruan,4
2020,ruayrungruang,Ruayrungruang,4
2020,rubenstein,Rubenstein,4
2020,rubin,Rubin,4
2020,ruffin,Ruffin,4
2020,ruffini,Ruffini,4
2020,ruia,Ruia,4
2020,runwal,Runwal,4
2020,rupert,Rupert,4
2020,ryan,Ryan,4
2020,rybakov,Rybakov,4
2020,rybolovlev,Rybolovlev,4
2020,saad,Saadé,4
2020,saban,Saban,4
2020,sacks,Sacks,4
2020,safra,Safra,4
2020,sagi,Sagi,4
2020,sahenk,Sahenk,4
2020,saieh-bendeck,Saieh Bendeck,4
2020,saji,Saji,4
2020,sajwani,Sajwani,4
2020,salata,Salata,4
2020,salinas-pliego,Salinas Pliego,4
2020,sall,Sall,4
2020,samueli,Samueli,4
2020,sanchez,Sanchez,4
2020,sandberg,Sandberg,4
2020,sandell,Sandell,4
2020,sands,Sands,4
2020,sanford,Sanford,4
2020,santo-domingo,Santo Domingo,4
2020,saputo,Saputo,4
2020,sarmiento,Sarmiento,4
2020,sarofim,Sarofim,4
2020,sarowitz,Sarowitz,4
2020,saul,Saul,4
2020,saverin,Saverin,4
2020,savvidis,Savvidis,4
2020,sawiris,Sawiris,4
2020,scaringe,Scaringe,4
2020,schaeffler,Schaeffler,4
2020,schaeffler-thumann,Schaeffler-Thumann,4
2020,scheinberg,Scheinberg,4
2020,scheufele,Scheufele,4
2020,schick,Schick,4
2020,schleifer,Schleifer,4
2020,schlosberg,Schlosberg,4
2020,schmidheiny,Schmidheiny,4
2020,schmidt,Schmidt,4
2020,schmieding,Schmieding,4
2020,schnabel,Schnabel,4
2020,schoeller,Schoeller,4
2020,schoerghuber,Schoerghuber,4
2020,schorling,Schorling,4
2020,schuijff,Schuijff,4
2020,schulenberg,Schulenberg,4
2020,schultz,Schultz,4
2020,schulze,Schulze,4
2020,schusterman,Schusterman,4
2020,schwab,Schwab,4
2020,schwartz,Schwartz,4
2020,schwarz,Schwarz,4
2020,schwarzman,Schwarzman,4
2020,schweizer,Schweizer,4
2020,scott,Scott,4
2020,seabra,Seabra,4
2020,secunda,Secunda,4
2020,sedykh,Sedykh,4
2020,sehgal,Sehgal,4
2020,selig,Selig,4
2020,selin,Selin,4
2020,seo,Seo,4
2020,sethi,Sethi,4
2020,shah,Shah,4
2020,shaimiev,Shaimiev,4
2020,shanghvi,Shanghvi,4
2020,shani,Shani,4
2020,shao,Shao,4
2020,sharma,Sharma,4
2020,shaw,Shaw,4
2020,shefler,Shefler,4
2020,shelkov,Shelkov,4
2020,shen,Shen,4
2020,sheth,Sheth,4
2020,shi,Shi,4
2020,shibulal,Shibulal,4
2020,shigaboutdinov,Shigaboutdinov,4
2020,shigeta,Shigeta,4
2020,shin,Shin,4
2020,shinawatra,Shinawatra,4
2020,shmunis,Shmunis,4
2020,shoen,Shoen,4
2020,shriram,Shriram,4
2020,shu,Shu,4
2020,shum,Shum,4
2020,shvidler,Shvidler,4
2020,shwed,Shwed,4
2020,siccardi,Siccardi,4
2020,sicupira,Sicupira,4
2020,siebel,Siebel,4
2020,siegel,Siegel,4
2020,sim,Sim,4
2020,simanovsky,Simanovsky,4
2020,simon,Simon,4
2020,simons,Simons,4
2020,simonyi,Simonyi,4
2020,singer,Singer,4
2020,singh,Singh,4
2020,singhal,Singhal,4
2020,sirivadhanabhakdi,Sirivadhanabhakdi,4
2020,sitorus,Sitorus,4
2020,skoch-family,Skoch & family,4
2020,skoll,Skoll,4
2020,skorobogatko,Skorobogatko,4
2020,slim-helu,Slim Helu,4
2020,smidt,Smidt,4
2020,smith,Smith,4
2020,smushkin,Smushkin,4
2020,snow,Snow,4
2020,snyder,Snyder,4
2020,sobrato,Sobrato,4
2020,soderstrom,Soderstrom,4
2020,sohmen,Sohmen,4
2020,solorz-zak,Solorz-Zak,4
2020,solow,Solow,4
2020,solowow,Solowow,4
2020,son,Son,4
2020,sondakh,Sondakh,4
2020,song,Song,4
2020,soon-shiong,Soon-Shiong,4
2020,soros,Soros,4
2020,south-america,South America,4
2020,sperling,Sperling,4
2020,speyer,Speyer,4
2020,spiegel,Spiegel,4
2020,spielberg,Spielberg,4
2020,springer,Springer,4
2020,spuhler,Spuhler,4
2020,srivaddhanaprabha,Srivaddhanaprabha,4
2020,starak,Starak,4
2020,stawski,Stawski,4
2020,steinhardt,Steinhardt,4
2020,stephens,Stephens,4
2020,sterling,Sterling,4
2020,stern,Stern,4
2020,sternlicht,Sternlicht,4
2020,stevens,Stevens,4
2020,steward,Steward,4
2020,steyer,Steyer,4
2020,stine,Stine,4
2020,stitzer,Stitzer,4
2020,stokes,Stokes,4
2020,stone,Stone,4
2020,stordalen,Stordalen,4
2020,storonsky,Storonsky,4
2020,storz,Storz,4
2020,straumann,Straumann,4
2020,stroeher,Stroeher,4
2020,stroll,Stroll,4
2020,struengmann,Struengmann,4
2020,strukov,Strukov,4
2020,stryker,Stryker,4
2020,studennikov,Studennikov,4
2020,stumpf,Stumpf,4
2020,su,Su,4
2020,suh,Suh,4
2020,sulistyo,Sulistyo,4
2020,sulteev,Sulteev,4
2020,sun,Sun,4
2020,susanto,Susanto,4
2020,sutton,Sutton,4
2020,svetakov,Svetakov,4
2020,sweeney,Sweeney,4
2020,swieca,Swieca,4
2020,switzerland,Switzerland,4
2020,sy-coson,Sy-Coson,4
2020,syrian-arab-republic,Syria,4
2020,systrom,Systrom,4
2020,sze,Sze,4
2020,szulczewski,Szulczewski,4
2020,tada,Tada,4
2020,tahir,Tahir,4
2020,takahara,Takahara,4
2020,takizaki,Takizaki,4
2020,talpins,Talpins,4
2020,tamer,Tamer,4
2020,tan,Tan,4
2020,tan-caktiong,Tan Caktiong,4
2020,tang,Tang,4
2020,tangkaravakoon,Tangkaravakoon,4
2020,tanjung,Tanjung,4
2020,tanoto,Tanoto,4
2020,tao,Tao,4
2020,taravella,Taravella,4
2020,taylor,Taylor,4
2020,teh,Teh,4
2020,telles,Telles,4
2020,teoh,Teoh,4
2020,tepper,Tepper,4
2020,tewari,Tewari,4
2020,tham,Tham,4
2020,thiel,Thiel,4
2020,thiele,Thiele,4
2020,thinggaard,Thinggaard,4
2020,thoma,Thoma,4
2020,thompson,Thompson,4
2020,thomson,Thomson,4
2020,thongtang,Thongtang,4
2020,tian,Tian,4
2020,tiku,Tiku,4
2020,timchenko,Timchenko,4
2020,tinkov,Tinkov,4
2020,tiriac,Tiriac,4
2020,tisch,Tisch,4
2020,toeller,Toeller,4
2020,toennies,Toennies,4
2020,tojner,Tojner,4
2020,tollefsen,Tollefsen,4
2020,tong,Tong,4
2020,tong-liu,Tong Liu,4
2020,tornqvist,Tornqvist,4
2020,trajano,Trajano,4
2020,tran,Tran,4
2020,trefler,Trefler,4
2020,triguboff,Triguboff,4
2020,trotsenko,Trotsenko,4
2020,troutt,Troutt,4
2020,trump,Trump,4
2020,tsai,Tsai,4
2020,tschira,Tschira,4
2020,tse,Tse,4
2020,tseng,Tseng,4
2020,tshuva,Tshuva,4
2020,tu,Tu,4
2020,tuchman,Tuchman,4
2020,tull,Tull,4
2020,tung,Tung,4
2020,turner,Turner,4
2020,tykac,Tykac,4
2020,tyson,Tyson,4
2020,udvar-hazy,Udvar-Hazy,4
2020,ulker,Ulker,4
2020,ullal,Ullal,4
2020,ulukaya,Ulukaya,4
2020,unger,Unger,4
2020,uno,Uno,4
2020,usmanov,Usmanov,4
2020,utemuratov,Utemuratov,4
2020,vakil,Vakil,4
2020,van-den-ende,van den Ende,4
2020,van-der-does,van der Does,4
2020,van-der-leegte,van der Leegte,4
2020,van-lieshout,Van Lieshout,4
2020,vandersloot,VanderSloot,4
2020,vardinoyannis-family,Vardinoyannis & family,4
2020,vargi,Vargi,4
2020,varkey,Varkey,4
2020,vaswani,Vaswani,4
2020,vayalil,Vayalil,4
2020,vekselberg,Vekselberg,4
2020,vembu,Vembu,4
2020,veronesi,Veronesi,4
2020,viessmann,Viessmann,4
2020,vigil-gonzalez,Vigil Gonzalez,4
2020,villar,Villar,4
2020,viola,Viola,4
2020,virwani,Virwani,4
2020,vitek,Vitek,4
2020,volozh,Volozh,4
2020,von-bechtolsheim,von Bechtolsheim,4
2020,von-finck,von Finck,4
2020,von-holtzbrinck,von Holtzbrinck,4
2020,von-mandl,von Mandl,4
2020,von-opel,von Opel,4
2020,vultaggio,Vultaggio,4
2020,wada,Wada,4
2020,wadhwani,Wadhwani,4
2020,wadia,Wadia,4
2020,wagner,Wagner,4
2020,walentas,Walentas,4
2020,walker,Walker,4
2020,wallin,Wallin,4
2020,walter,Walter,4
2020,walton,Walton,4
2020,wan,Wan,4
2020,wanek,Wanek,4
2020,wang,Wang,4
2020,wanstrath,Wanstrath,4
2020,warner,Warner,4
2020,warren,Warren,4
2020,washington,Washington,4
2020,weber,Weber,4
2020,wee,Wee,4
2020,wei,Wei,4
2020,weill,Weill,4
2020,weiner,Weiner,4
2020,wen,Wen,4
2020,wentz,Wentz,4
2020,wertheim,Wertheim,4
2020,wertheimer,Wertheimer,4
2020,weston,Weston,4
2020,wexner,Wexner,4
2020,white,White,4
2020,whitman,Whitman,4
2020,wietlisbach,Wietlisbach,4
2020,wild,Wild,4
2020,wilhelmsen,Wilhelmsen,4
2020,wilks,Wilks,4
2020,williams,Williams,4
2020,wilson,Wilson,4
2020,winfrey,Winfrey,4
2020,winn,Winn,4
2020,wittouck,Wittouck,4
2020,witzoe,Witzoe,4
2020,wobben,Wobben,4
2020,wong,Wong,4
2020,woo,Woo,4
2020,wood,Wood,4
2020,wrigley,Wrigley,4
2020,wu,Wu,4
2020,wuerth,Wuerth,4
2020,wynn,Wynn,4
2020,wyss,Wyss,4
2020,xia,Xia,4
2020,xiang,Xiang,4
2020,xie,Xie,4
2020,xiong,Xiong,4
2020,xiu,Xiu,4
2020,xue,Xue,4
2020,yakunin,Yakunin,4
2020,yan,Yan,4
2020,yanai,Yanai,4
2020,yancopoulos,Yancopoulos,4
2020,yang,Yang,4
2020,yao,Yao,4
2020,yarbrough,Yarbrough,4
2020,yasuda,Yasuda,4
2020,yemen-rep,Yemen,4
2020,yeung,Yeung,4
2020,yevtushenkov,Yevtushenkov,4
2020,yi,Yi,4
2020,yin,Yin,4
2020,ying,Ying,4
2020,york,York,4
2020,you,You,4
2020,young,Young,4
2020,yu,Yu,4
2020,yuan,Yuan,4
2020,yuengling,Yuengling,4
2020,yushvaev,Yushvaev,4
2020,yusuff-ali,Yusuff Ali,4
2020,zalik,Zalik,4
2020,zegar,Zegar,4
2020,zekelman,Zekelman,4
2020,zell,Zell,4
2020,zeller,Zeller,4
2020,zeng,Zeng,4
2020,zhan,Zhan,4
2020,zhang,Zhang,4
2020,zhang-xin-pan,Zhang Xin & Pan,4
2020,zhao,Zhao,4
2020,zheng,Zheng,4
2020,zhevago,Zhevago,4
2020,zhong,Zhong,4
2020,zhou,Zhou,4
2020,zhu,Zhu,4
2020,zhuo,Zhuo,4
2020,ziff,Ziff,4
2020,zingarevich,Zingarevich,4
2020,zong,Zong,4
2020,zucker,Zucker,4
2020,zuckerberg,Zuckerberg,4
2020,zuckerman,Zuckerman,4
2020,zuo,Zuo,4
2021,aarnio-wihuri,Aarnio-Wihuri,4
2021,abdalla-filho,Abdalla Filho,4
2021,abello,Abello,4
2021,abraham,Abraham,4
2021,abramov,Abramov,4
2021,abramovich,Abramovich,4
2021,ackman,Ackman,4
2021,acton,Acton,4
2021,adair,Adair,4
2021,adani,Adani,4
2021,adderley,Adderley,4
2021,adelson,Adelson,4
2021,adenuga,Adenuga,4
2021,afeyan,Afeyan,4
2021,aga,Aga,4
2021,agalarov,Agalarov,4
2021,agarwal,Agarwal,4
2021,ahunai,Ahunai,4
2021,akhannouch,Akhannouch,4
2021,akhmedov,Akhmedov,4
2021,akhmetov,Akhmetov,4
2021,akin,Akin,4
2021,al-fayed,Al Fayed,4
2021,al-futtaim,Al Futtaim,4
2021,al-ghurair,Al Ghurair,4
2021,al-thani,Al Thani,4
2021,albrecht,Albrecht,4
2021,albrecht-jr,Albrecht Jr.,4
2021,albukhary,AlBukhary,4
2021,alcocer,Alcocer,4
2021,alekperov,Alekperov,4
2021,alessandri,Alessandri,4
2021,alexander,Alexander,4
2021,alfond,Alfond,4
2021,allen,Allen,4
2021,altrad,Altrad,4
2021,altushkin,Altushkin,4
2021,alves-de-queiroz-filho,Alves de Queiroz Filho,4
2021,ambani,Ambani,4
2021,amin,Amin,4
2021,amorim,Amorim,4
2021,andic,Andic,4
2021,andreessen,Andreessen,4
2021,andreev,Andreev,4
2021,andresen,Andresen,4
2021,ang,Ang,4
2021,angelini-rossi,Angelini Rossi,4
2021,anisimov,Anisimov,4
2021,anschutz,Anschutz,4
2021,ante,Ante,4
2021,anttonen,Anttonen,4
2021,aponte,Aponte,4
2021,arai,Arai,4
2021,aramburuzabala,Aramburuzabala,4
2021,ardila-l-lle,Ardila Lülle,4
2021,argyros,Argyros,4
2021,arison,Arison,4
2021,arkin,Arkin,4
2021,armani,Armani,4
2021,armitage,Armitage,4
2021,armstrong,Armstrong,4
2021,arnault,Arnault,4
2021,arnold,Arnold,4
2021,arrillaga,Arrillaga,4
2021,arsel,Arsel,4
2021,asavabhokin,Asavabhokin,4
2021,ashcroft,Ashcroft,4
2021,ashkenazy,Ashkenazy,4
2021,ashley,Ashley,4
2021,asness,Asness,4
2021,austin,Austin,4
2021,avara,Avara,4
2021,avdeev,Avdeev,4
2021,avdolyan,Avdolyan,4
2021,aven,Aven,4
2021,aviram,Aviram,4
2021,ax-son-johnson,Ax:son Johnson,4
2021,aydinlar,Aydinlar,4
2021,azrieli,Azrieli,4
2021,babis,Babis,4
2021,bacaksiz,Bacaksiz,4
2021,bacon,Bacon,4
2021,bahwan,Bahwan,4
2021,bai,Bai,4
2021,bailey,Bailey,4
2021,bailleres-gonzalez,Bailleres Gonzalez,4
2021,bajaj,Bajaj,4
2021,bakalchuk,Bakalchuk,4
2021,baker,Baker,4
2021,bakeri,Bakeri,4
2021,balkrishna,Balkrishna,4
2021,ballmer,Ballmer,4
2021,bamberger,Bamberger,4
2021,bamford,Bamford,4
2021,bancel,Bancel,4
2021,bang,Bang,4
2021,banga,Banga,4
2021,bangur,Bangur,4
2021,bankman-fried,Bankman-Fried,4
2021,banon,Banon,4
2021,bansal,Bansal,4
2021,barata,Barata,4
2021,barnett,Barnett,4
2021,baro,Baro,4
2021,baron,Baron,4
2021,barton,Barton,4
2021,bass,Bass,4
2021,baszucki,Baszucki,4
2021,batista,Batista,4
2021,baturina,Baturina,4
2021,baudis,Baudis,4
2021,bauer,Bauer,4
2021,baumann-blocher,Baumann-Blocher,4
2021,bawri,Bawri,4
2021,beal,Beal,4
2021,beard,Beard,4
2021,beaufour,Beaufour,4
2021,bechtel,Bechtel,4
2021,beckmann-vidal,Beckmann Vidal,4
2021,behring,Behring,4
2021,beier,Beier,4
2021,bekker,Bekker,4
2021,bellon,Bellon,4
2021,belmont-anderson,Belmont Anderson,4
2021,benchimol,Benchimol,4
2021,benetton,Benetton,4
2021,benioff,Benioff,4
2021,benjelloun,Benjelloun,4
2021,benko,Benko,4
2021,bennet,Bennet,4
2021,bennett,Bennett,4
2021,benson,Benson,4
2021,berggruen,Berggruen,4
2021,berkley,Berkley,4
2021,berlusconi,Berlusconi,4
2021,bertarelli,Bertarelli,4
2021,bertelli,Bertelli,4
2021,bertermann,Bertermann,4
2021,besnier,Besnier,4
2021,besnier-beauvalot,Besnier Beauvalot,4
2021,bettencourt-meyers,Bettencourt Meyers,4
2021,beveridge,Beveridge,4
2021,bezos,Bezos,4
2021,bharat-ram,Bharat Ram,4
2021,bhartia,Bhartia,4
2021,bhatia,Bhatia,4
2021,bhatt,Bhatt,4
2021,bhusri,Bhusri,4
2021,bicket,Bicket,4
2021,biernacki,Biernacki,4
2021,bikhchandani,Bikhchandani,4
2021,billi,Billi,4
2021,bino,Bino,4
2021,biondi,Biondi,4
2021,birkenstock,Birkenstock,4
2021,birla,Birla,4
2021,birmingham-perot,Birmingham Perot,4
2021,bisciotti,Bisciotti,4
2021,bishop,Bishop,4
2021,biswas,Biswas,4
2021,bjorgolfsson,Bjorgolfsson,4
2021,black,Black,4
2021,blank,Blank,4
2021,blankfein,Blankfein,4
2021,blavatnik,Blavatnik,4
2021,blecharczyk,Blecharczyk,4
2021,blickle,Blickle,4
2021,blocher,Blocher,4
2021,blokh,Blokh,4
2021,bloomberg,Bloomberg,4
2021,bloor,Bloor,4
2021,blue,Blue,4
2021,bluhm,Bluhm,4
2021,blundy,Blundy,4
2021,bogdanov,Bogdanov,4
2021,boguslavsky,Boguslavsky,4
2021,boholyubov,Boholyubov,4
2021,bokarev,Bokarev,4
2021,bollor,Bolloré,4
2021,bombassei,Bombassei,4
2021,bonderman,Bonderman,4
2021,booth,Booth,4
2021,boquoi,Boquoi,4
2021,bosarge,Bosarge,4
2021,bouchard,Bouchard,4
2021,bouygues,Bouygues,4
2021,boyd,Boyd,4
2021,boyko,Boyko,4
2021,boyle,Boyle,4
2021,bozano,Bozano,4
2021,braman,Braman,4
2021,branson,Branson,4
2021,braun,Braun,4
2021,braun-luedicke,Braun-Luedicke,4
2021,bravo,Bravo,4
2021,bren,Bren,4
2021,brescia-cafferata,Brescia Cafferata,4
2021,breyer,Breyer,4
2021,brin,Brin,4
2021,britt,Britt,4
2021,broad,Broad,4
2021,brockman,Brockman,4
2021,broermann,Broermann,4
2021,bronfman,Bronfman,4
2021,brown,Brown,4
2021,bruch,Bruch,4
2021,brzoska,Brzoska,4
2021,bucher-haefner,Bucher-Haefner,4
2021,buck,Buck,4
2021,buffett,Buffett,4
2021,buinov,Buinov,4
2021,bukhman,Bukhman,4
2021,bulgari,Bulgari,4
2021,bulgheroni,Bulgheroni,4
2021,bundrant,Bundrant,4
2021,burda,Burda,4
2021,burkle,Burkle,4
2021,burman,Burman,4
2021,butterfield,Butterfield,4
2021,byju-raveendran,Byju Raveendran,4
2021,cai,Cai,4
2021,calder,Calder,4
2021,calik,Calik,4
2021,calkins,Calkins,4
2021,caltagirone,Caltagirone,4
2021,camp,Camp,4
2021,cannon-brookes,Cannon-Brookes,4
2021,cao,Cao,4
2021,caporella,Caporella,4
2021,caprotti,Caprotti,4
2021,cargill,Cargill,4
2021,carmignac,Carmignac,4
2021,caruso,Caruso,4
2021,case,Case,4
2021,cathy,Cathy,4
2021,catsimatidis,Catsimatidis,4
2021,catz,Catz,4
2021,caudwell,Caudwell,4
2021,cayard,Cayard,4
2021,cen,Cen,4
2021,chaiyawan,Chaiyawan,4
2021,chambers,Chambers,4
2021,chan,Chan,4
2021,chandler,Chandler,4
2021,chandramogan,Chandramogan,4
2021,chang,Chang,4
2021,chao,Chao,4
2021,chaudhary,Chaudhary,4
2021,chaudhry,Chaudhry,4
2021,cheah,Cheah,4
2021,chearavanont,Chearavanont,4
2021,chen,Chen,4
2021,cheng,Cheng,4
2021,cheriton,Cheriton,4
2021,cherng,Cherng,4
2021,chesky,Chesky,4
2021,chestnut,Chestnut,4
2021,chey,Chey,4
2021,chi,Chi,4
2021,chiaravanond,Chiaravanond,4
2021,chiaravanont,Chiaravanont,4
2021,chico-pardo,Chico Pardo,4
2021,chin,Chin,4
2021,chiravanond,Chiravanond,4
2021,chiu,Chiu,4
2021,cho,Cho,4
2021,choi,Choi,4
2021,choksi,Choksi,4
2021,choo,Choo,4
2021,chouinard,Chouinard,4
2021,chrenko,Chrenko,4
2021,christopher,Christopher,4
2021,chu,Chu,4
2021,chua,Chua,4
2021,chuchat-petaumpai,Chuchat Petaumpai &,4
2021,chudgar,Chudgar,4
2021,chukhlebov,Chukhlebov,4
2021,chung,Chung,4
2021,ciner,Ciner,4
2021,clark,Clark,4
2021,clarke,Clarke,4
2021,clozel,Clozel,4
2021,coates,Coates,4
2021,cockwell,Cockwell,4
2021,cohen,Cohen,4
2021,coleman,Coleman,4
2021,collison,Collison,4
2021,commisso,Commisso,4
2021,conine,Conine,4
2021,conway,Conway,4
2021,cook,Cook,4
2021,coombs,Coombs,4
2021,cooperman,Cooperman,4
2021,corio,Corio,4
2021,cortina,Cortina,4
2021,coulter,Coulter,4
2021,coutu,Coutu,4
2021,cowin,Cowin,4
2021,crane,Crane,4
2021,cremonini,Cremonini,4
2021,crishna-godrej,Crishna-Godrej,4
2021,cruanes,Cruanes,4
2021,csanyi,Csanyi,4
2021,cuban,Cuban,4
2021,cucinelli,Cucinelli,4
2021,currie,Currie,4
2021,cutrale,Cutrale,4
2021,d-amours,D'Amours,4
2021,d-aniello,D'Aniello,4
2021,dageville,Dageville,4
2021,dai,Dai,4
2021,daitch,Daitch,4
2021,dalio,Dalio,4
2021,dalmia,Dalmia,4
2021,damani,Damani,4
2021,damen,Damen,4
2021,dang,Dang,4
2021,dangermond,Dangermond,4
2021,dangote,Dangote,4
2021,dani,Dani,4
2021,dassault,Dassault,4
2021,daurella,Daurella,4
2021,daurella-aguilera,Daurella Aguilera,4
2021,dave,Dave,4
2021,davila-de-santo-domingo,Davila de Santo Domingo,4
2021,davis,Davis,4
2021,de-carvalho-heineken,de Carvalho-Heineken,4
2021,de-godoy-bueno,de Godoy Bueno,4
2021,de-godoy-bueno-grossi,de Godoy Bueno Grossi,4
2021,de-longhi,De'Longhi,4
2021,de-mattos-barretto-villela,de Mattos Barretto Villela,4
2021,de-mol,de Mol,4
2021,de-pontes,de Pontes,4
2021,deason,Deason,4
2021,debartolo,DeBartolo,4
2021,dejoria,DeJoria,4
2021,del-pino,Del Pino,4
2021,del-valle-ruiz,Del Valle Ruiz,4
2021,del-vecchio,Del Vecchio,4
2021,dell,Dell,4
2021,della-valle,Della Valle,4
2021,denegri,Denegri,4
2021,deng,Deng,4
2021,dentressangle,Dentressangle,4
2021,deripaska,Deripaska,4
2021,desai,Desai,4
2021,desantis,DeSantis,4
2021,desmond,Desmond,4
2021,dewji,Dewji,4
2021,dhingra,Dhingra,4
2021,diao,Diao,4
2021,diethelm,Diethelm,4
2021,diller,Diller,4
2021,dimon,Dimon,4
2021,dinan,Dinan,4
2021,dines,Dines,4
2021,dinesh,Dinesh,4
2021,ding,Ding,4
2021,diniz,Diniz,4
2021,divi,Divi,4
2021,dixon,Dixon,4
2021,dizdar,Dizdar,4
2021,dmitriev,Dmitriev,4
2021,doepfner,Doepfner,4
2021,doerr,Doerr,4
2021,dogan,Dogan,4
2021,dolan,Dolan,4
2021,dolby,Dolby,4
2021,dolce,Dolce,4
2021,dommermuth,Dommermuth,4
2021,dong,Dong,4
2021,doris,Doris,4
2021,dorrance,Dorrance,4
2021,dorsey,Dorsey,4
2021,dospiva,Dospiva,4
2021,dou,Dou,4
2021,douglas,Douglas,4
2021,drahi,Drahi,4
2021,draper,Draper,4
2021,droege,Droege,4
2021,druckenmiller,Druckenmiller,4
2021,du,Du,4
2021,dua,Dua,4
2021,dube,Dube,4
2021,dubin,Dubin,4
2021,duff,Duff,4
2021,duffield,Duffield,4
2021,duggan,Duggan,4
2021,duncan,Duncan,4
2021,dunleavy,Dunleavy,4
2021,dunstone,Dunstone,4
2021,durban,Durban,4
2021,durov,Durov,4
2021,dyson,Dyson,4
2021,ebner,Ebner,4
2021,ecclestone,Ecclestone,4
2021,eczacibasi,Eczacibasi,4
2021,edelman,Edelman,4
2021,edelstenne,Edelstenne,4
2021,edens,Edens,4
2021,edwards,Edwards,4
2021,egger,Egger,4
2021,eghbali,Eghbali,4
2021,egydio-arruda-villela-filho,Egydio Arruda Villela Filho,4
2021,ehrsam,Ehrsam,4
2021,eisen,Eisen,4
2021,ek,Ek,4
2021,elias,Elias,4
2021,elkann,Elkann,4
2021,ell,Ell,4
2021,ellison,Ellison,4
2021,emmerson,Emmerson,4
2021,engelhardt,Engelhardt,4
2021,engelhorn,Engelhorn,4
2021,engineer,Engineer,4
2021,englander,Englander,4
2021,erdemoglu,Erdemoglu,4
2021,ergen,Ergen,4
2021,erikawa,Erikawa,4
2021,erni,Erni,4
2021,escarrer,Escarrer,4
2021,escotet,Escotet,4
2021,esteves,Esteves,4
2021,eurnekian,Eurnekian,4
2021,fan,Fan,4
2021,fang,Fang,4
2021,farber,Farber,4
2021,faria,Faria,4
2021,farquhar,Farquhar,4
2021,faulkner,Faulkner,4
2021,fayat,Fayat,4
2021,fayer,Fayer,4
2021,federmann,Federmann,4
2021,fedun-family,Fedun & family,4
2021,feffer,Feffer,4
2021,fegel,Fegel,4
2021,feinberg,Feinberg,4
2021,feld,Feld,4
2021,feldmann,Feldmann,4
2021,feliciano,Feliciano,4
2021,feng,Feng,4
2021,ferrari,Ferrari,4
2021,ferrero,Ferrero,4
2021,fertitta,Fertitta,4
2021,fetisov,Fetisov,4
2021,feuillet,Feuillet,4
2021,fidani,Fidani,4
2021,fielmann,Fielmann,4
2021,filo,Filo,4
2021,find,Find,4
2021,fink,Fink,4
2021,fireman,Fireman,4
2021,firodia,Firodia,4
2021,fisher,Fisher,4
2021,fisker,Fisker,4
2021,fissolo,Fissolo,4
2021,flatt,Flatt,4
2021,flowers,Flowers,4
2021,fluxa-rossello,Fluxa Rossello,4
2021,foley,Foley,4
2021,fong,Fong,4
2021,fontbona,Fontbona,4
2021,ford,Ford,4
2021,foriel-destezet,Foriel-Destezet,4
2021,forrest,Forrest,4
2021,fortin,Fortin,4
2021,foss,Foss,4
2021,foster,Foster,4
2021,fox,Fox,4
2021,fraisse,Fraisse,4
2021,france,France,4
2021,frantz,Frantz,4
2021,fredriksen,Fredriksen,4
2021,freier,Freier,4
2021,frey,Frey,4
2021,frias,Frias,4
2021,fridman,Fridman,4
2021,friedkin,Friedkin,4
2021,friedland,Friedland,4
2021,friedman,Friedman,4
2021,friese,Friese,4
2021,frink,Frink,4
2021,frist,Frist,4
2021,frolov,Frolov,4
2021,frost,Frost,4
2021,fu,Fu,4
2021,fujita,Fujita,4
2021,fukushima,Fukushima,4
2021,fukutake,Fukutake,4
2021,gabay,Gabay,4
2021,gabbana,Gabbana,4
2021,gabelli,Gabelli,4
2021,gaglardi,Gaglardi,4
2021,galitsky,Galitsky,4
2021,gallardo-ballart,Gallardo Ballart,4
2021,galperin,Galperin,4
2021,gan,Gan,4
2021,gandel,Gandel,4
2021,gangwal,Gangwal,4
2021,gantner,Gantner,4
2021,gao,Gao,4
2021,gapontsev,Gapontsev,4
2021,garavoglia,Garavoglia,4
2021,garcia,Garcia,4
2021,garcia-faleiros,Garcia Faleiros,4
2021,garfinkel,Garfinkel,4
2021,gassner,Gassner,4
2021,gates,Gates,4
2021,gauselmann,Gauselmann,4
2021,gautam,Gautam,4
2021,gebbia,Gebbia,4
2021,geffen,Geffen,4
2021,geiger,Geiger,4
2021,geminder,Geminder,4
2021,geng,Geng,4
2021,gerberding,Gerberding,4
2021,gerling,Gerling,4
2021,gerry,Gerry,4
2021,gertler,Gertler,4
2021,getty,Getty,4
2021,ghodsi,Ghodsi,4
2021,gilbert,Gilbert,4
2021,gilgan,Gilgan,4
2021,gilinski-bacal,Gilinski Bacal,4
2021,gillings,Gillings,4
2021,gim,Gim,4
2021,ginestet,Ginestet,4
2021,giorgetta,Giorgetta,4
2021,gittinger,Gittinger,4
2021,giuliani,Giuliani,4
2021,glasenberg,Glasenberg,4
2021,glaser,Glaser,4
2021,glock,Glock,4
2021,gnanalingam,Gnanalingam,4
2021,godha,Godha,4
2021,godin,Godin,4
2021,godrej,Godrej,4
2021,goenka,Goenka,4
2021,goff,Goff,4
2021,goh,Goh,4
2021,goi,Goi,4
2021,gokongwei,Gokongwei,4
2021,goldhar,Goldhar,4
2021,goldman,Goldman,4
2021,goldman-fowler,Goldman Fowler,4
2021,goldsbury,Goldsbury,4
2021,goldschmeding,Goldschmeding,4
2021,golisano,Golisano,4
2021,golub,Golub,4
2021,gong,Gong,4
2021,goodnight,Goodnight,4
2021,gopalakrishnan,Gopalakrishnan,4
2021,gordeev,Gordeev,4
2021,gores,Gores,4
2021,gottesman,Gottesman,4
2021,gou,Gou,4
2021,graf,Graf,4
2021,graff,Graff,4
2021,graves,Graves,4
2021,gray,Gray,4
2021,grayken,Grayken,4
2021,green,Green,4
2021,greene,Greene,4
2021,grendene-bartelle,Grendene Bartelle,4
2021,grendys,Grendys,4
2021,grether,Grether,4
2021,griffin,Griffin,4
2021,groen,Groen,4
2021,grogg,Grogg,4
2021,gross,Gross,4
2021,gu,Gu,4
2021,guan,Guan,4
2021,gunal,Gunal,4
2021,gundlach,Gundlach,4
2021,guo,Guo,4
2021,gupta,Gupta,4
2021,gupta-fisker,Gupta-Fisker,4
2021,guriev-family,Guriev & family,4
2021,gustavson,Gustavson,4
2021,gutseriev,Gutseriev,4
2021,haas,Haas,4
2021,habert,Habert,4
2021,haefner,Haefner,4
2021,hagen,Hagen,4
2021,hagen-kjos,Hagen Kjos,4
2021,hains,Hains,4
2021,haji-ioannou,Haji-Ioannou,4
2021,halvorsen,Halvorsen,4
2021,hamied,Hamied,4
2021,hamm,Hamm,4
2021,han,Han,4
2021,hancock,Hancock,4
2021,hang,Hang,4
2021,hank-rhon,Hank Rhon,4
2021,hankey,Hankey,4
2021,hanrahan,Hanrahan,4
2021,hansen,Hansen,4
2021,hao,Hao,4
2021,happel,Happel,4
2021,harary,Harary,4
2021,harding,Harding,4
2021,hardy-knox,Hardy Knox,4
2021,hargreaves,Hargreaves,4
2021,hariri,Hariri,4
2021,harlap,Harlap,4
2021,harp-helu,Harp Helu,4
2021,harris,Harris,4
2021,hart,Hart,4
2021,hartono,Hartono,4
2021,harvey,Harvey,4
2021,hascak,Hascak,4
2021,haslam,Haslam,4
2021,hastings,Hastings,4
2021,haub,Haub,4
2021,hayne,Hayne,4
2021,he,He,4
2021,headington,Headington,4
2021,hector,Hector,4
2021,heine,Heine,4
2021,heinecke,Heinecke,4
2021,helgason,Helgason,4
2021,helmig,Helmig,4
2021,hendricks,Hendricks,4
2021,henkel,Henkel,4
2021,henry,Henry,4
2021,herlin,Herlin,4
2021,hernandez-ramirez,Hernandez Ramirez,4
2021,herrero,Herrero,4
2021,herz,Herz,4
2021,higgins,Higgins,4
2021,hildebrand,Hildebrand,4
2021,hill,Hill,4
2021,hindawi,Hindawi,4
2021,hinduja,Hinduja,4
2021,hintze,Hintze,4
2021,hiranandani,Hiranandani,4
2021,hirschfeld,Hirschfeld,4
2021,ho,Ho,4
2021,hochschild,Hochschild,4
2021,hoffman,Hoffman,4
2021,hohn,Hohn,4
2021,hoi,Hoi,4
2021,holder,Holder,4
2021,hong,Hong,4
2021,hopp,Hopp,4
2021,horejsi,Horejsi,4
2021,horten,Horten,4
2021,horton,Horton,4
2021,hostetter,Hostetter,4
2021,hou,Hou,4
2021,houston,Houston,4
2021,howard,Howard,4
2021,hsieh,Hsieh,4
2021,hsu,Hsu,4
2021,hua,Hua,4
2021,huang,Huang,4
2021,hubbard,Hubbard,4
2021,hughes,Hughes,4
2021,huh,Huh,4
2021,hui,Hui,4
2021,hult,Hult,4
2021,hungary,Hungary,4
2021,hunt,Hunt,4
2021,hur,Hur,4
2021,hwang,Hwang,4
2021,ibrahim,Ibrahim,4
2021,icahn,Icahn,4
2021,ilicak,Ilicak,4
2021,iliev,Iliev,4
2021,ilitch,Ilitch,4
2021,im-brahm-droege,im Brahm-Droege,4
2021,ingram,Ingram,4
2021,irsay,Irsay,4
2021,irving,Irving,4
2021,isaacman,Isaacman,4
2021,ishbia,Ishbia,4
2021,ishibashi,Ishibashi,4
2021,ito,Ito,4
2021,ivanishvili,Ivanishvili,4
2021,jackman,Jackman,4
2021,jacobs,Jacobs,4
2021,jacobson,Jacobson,4
2021,jacobsson,Jacobsson,4
2021,jagtiani,Jagtiani,4
2021,jain,Jain,4
2021,jaipuria,Jaipuria,4
2021,james,James,4
2021,jannard,Jannard,4
2021,jarislowsky,Jarislowsky,4
2021,jay-z,Jay-Z,4
2021,jhunjhunwala,Jhunjhunwala,4
2021,ji,Ji,4
2021,jia,Jia,4
2021,jian,Jian,4
2021,jiang,Jiang,4
2021,jiaravanon,Jiaravanon,4
2021,jiaravanont,Jiaravanont,4
2021,jin,Jin,4
2021,jindal,Jindal,4
2021,jing,Jing,4
2021,johannson,Johannson,4
2021,johnson,Johnson,4
2021,johnson-leipold,Johnson-Leipold,4
2021,jones,Jones,4
2021,jonsson,Jonsson,4
2021,jordan,Jordan,4
2021,joseph,Joseph,4
2021,juroszek,Juroszek,4
2021,kadoorie,Kadoorie,4
2021,kaewbootta,Kaewbootta,4
2021,kahn,Kahn,4
2021,kaiser,Kaiser,4
2021,kajaria,Kajaria,4
2021,kalanick,Kalanick,4
2021,kalyanaraman,Kalyanaraman,4
2021,kalyani,Kalyani,4
2021,kamenshchik,Kamenshchik,4
2021,kamprad,Kamprad,4
2021,kanjanapas,Kanjanapas,4
2021,kantor,Kantor,4
2021,kao,Kao,4
2021,kapnick,Kapnick,4
2021,karapetyan,Karapetyan,4
2021,kardashian-west,Kardashian West,4
2021,karp,Karp,4
2021,karsh,Karsh,4
2021,kasahara,Kasahara,4
2021,kaspersky,Kaspersky,4
2021,kasprzak,Kasprzak,4
2021,katsiev,Katsiev,4
2021,katz,Katz,4
2021,katzman,Katzman,4
2021,kavanaugh,Kavanaugh,4
2021,kayne,Kayne,4
2021,kei,Kei,4
2021,keinath,Keinath,4
2021,kelley,Kelley,4
2021,kellner,Kellner,4
2021,kellogg,Kellogg,4
2021,kelly,Kelly,4
2021,kemper,Kemper,4
2021,kennedy,Kennedy,4
2021,kenya,Kenya,4
2021,kerimov-family,Kerimov & family,4
2021,kesaev,Kesaev,4
2021,khachatryan,Khachatryan,4
2021,khan,Khan,4
2021,kharitonin,Kharitonin,4
2021,khosla,Khosla,4
2021,kibar,Kibar,4
2021,kim,Kim,4
2021,kimmel,Kimmel,4
2021,kinder,Kinder,4
2021,kipyatkov,Kipyatkov,4
2021,kirac,Kirac,4
2021,kirk,Kirk,4
2021,kirsh,Kirsh,4
2021,klarman,Klarman,4
2021,klatten,Klatten,4
2021,klinsky,Klinsky,4
2021,klyachin,Klyachin,4
2021,knapp,Knapp,4
2021,knauf,Knauf,4
2021,knight,Knight,4
2021,kobayashi,Kobayashi,4
2021,koc,Koc,4
2021,koch,Koch,4
2021,koguan,Koguan,4
2021,kohler,Kohler,4
2021,kolesnikov,Kolesnikov,4
2021,kolomoyskyy,Kolomoyskyy,4
2021,komarek,Komarek,4
2021,komarov,Komarov,4
2021,kondrashev,Kondrashev,4
2021,kong,Kong,4
2021,koo,Koo,4
2021,koon,Koon,4
2021,koplowitz,Koplowitz,4
2021,kosogov,Kosogov,4
2021,kotak,Kotak,4
2021,kothari,Kothari,4
2021,koum,Koum,4
2021,kovalchuk,Kovalchuk,4
2021,kovner,Kovner,4
2021,kozitsyn,Kozitsyn,4
2021,kozovoy,Kozovoy,4
2021,kozuki,Kozuki,4
2021,kraft,Kraft,4
2021,krasny,Krasny,4
2021,kravis,Kravis,4
2021,kretinsky,Kretinsky,4
2021,krieger,Krieger,4
2021,krigsner,Krigsner,4
2021,krishnan,Krishnan,4
2021,kristiansen,Kristiansen,4
2021,kroenke,Kroenke,4
2021,kuan,Kuan,4
2021,kucera,Kucera,4
2021,kucuk,Kucuk,4
2021,kudryashkin,Kudryashkin,4
2021,kuehne,Kuehne,4
2021,kulczyk,Kulczyk,4
2021,kulibaev,Kulibaev,4
2021,kulibaeva,Kulibaeva,4
2021,kumagai,Kumagai,4
2021,kumar-kishin-rk,Kumar & Kishin RK,4
2021,kuok,Kuok,4
2021,kuriwada,Kuriwada,4
2021,kurtz,Kurtz,4
2021,kurzius,Kurzius,4
2021,kuzmichev,Kuzmichev,4
2021,kvetnoi,Kvetnoi,4
2021,kwee,Kwee,4
2021,kwek,Kwek,4
2021,kwok,Kwok,4
2021,kwon,Kwon,4
2021,kwong,Kwong,4
2021,kyostila,Kyostila,4
2021,l-qu-c,Lê-Quôc,4
2021,lacob,Lacob,4
2021,ladreit-de-lacharriere,Ladreit de Lacharriere,4
2021,laffont,Laffont,4
2021,lai,Lai,4
2021,lal,Lal,4
2021,lalibert,Laliberté,4
2021,lam,Lam,4
2021,lampert,Lampert,4
2021,landini-aleotti,Landini Aleotti,4
2021,langer,Langer,4
2021,langley,Langley,4
2021,langone,Langone,4
2021,lansdown,Lansdown,4
2021,lao-hernandez,Lao Hernandez,4
2021,larrea-mota-velasco,Larrea Mota Velasco,4
2021,larsen,Larsen,4
2021,lasry,Lasry,4
2021,latouche,Latouche,4
2021,latvia,Latvia,4
2021,lau,Lau,4
2021,lauder,Lauder,4
2021,laufer,Laufer,4
2021,laukien,Laukien,4
2021,lauren,Lauren,4
2021,laurie,Laurie,4
2021,lavin,Lavin,4
2021,law,Law,4
2021,lawson,Lawson,4
2021,lazari,Lazari,4
2021,le-duff,Le Duff,4
2021,le-roux,Le Roux,4
2021,leal,Leal,4
2021,leclercq,Leclercq,4
2021,lee,Lee,4
2021,lee-chin,Lee-Chin,4
2021,lefebvre-d-ovidio,Lefebvre d'Ovidio,4
2021,lefkofsky,Lefkofsky,4
2021,lefrak,LeFrak,4
2021,legorreta,Legorreta,4
2021,lehmann,Lehmann,4
2021,lei,Lei,4
2021,leibinger,Leibinger,4
2021,leibinger-kammueller,Leibinger-Kammueller,4
2021,leininger,Leininger,4
2021,leitner,Leitner,4
2021,lemann,Lemann,4
2021,leng,Leng,4
2021,leonard,Leonard,4
2021,leone,Leone,4
2021,leong,Leong,4
2021,leonsis,Leonsis,4
2021,leprino,Leprino,4
2021,lerner,Lerner,4
2021,leschikov,Leschikov,4
2021,levchin,Levchin,4
2021,lew,Lew,4
2021,lewis,Lewis,4
2021,li,Li,4
2021,liang,Liang,4
2021,liautaud,Liautaud,4
2021,lichtenstein,Lichtenstein,4
2021,liebmann,Liebmann,4
2021,liemandt,Liemandt,4
2021,lim,Lim,4
2021,lin,Lin,4
2021,lind-n-urnes,Lindén Urnes,4
2021,lindh,Lindh,4
2021,link,Link,4
2021,lisin,Lisin,4
2021,litvinenko,Litvinenko,4
2021,liu,Liu,4
2021,livingstone,Livingstone,4
2021,llado-fernandez-urrutia,Llado Fernandez-Urrutia,4
2021,lo,Lo,4
2021,lodha,Lodha,4
2021,loeb,Loeb,4
2021,loh,Loh,4
2021,lohia,Lohia,4
2021,lomakin,Lomakin,4
2021,lomtadze,Lomtadze,4
2021,lopez-belmonte-lopez,Lopez-Belmonte Lopez,4
2021,lorberbaum,Lorberbaum,4
2021,lorentzon,Lorentzon,4
2021,lou,Lou,4
2021,louie,Louie,4
2021,louis-dreyfus,Louis-Dreyfus,4
2021,louis-hansen,Louis-Hansen,4
2021,love,Love,4
2021,low-tuck,Low Tuck,4
2021,lowy,Lowy,4
2021,lozick,Lozick,4
2021,lubetzky,Lubetzky,4
2021,lucas,Lucas,4
2021,luddy,Luddy,4
2021,lui,Lui,4
2021,lun,Lun,4
2021,lundberg,Lundberg,4
2021,luo,Luo,4
2021,lurie,Lurie,4
2021,lutke,Lutke,4
2021,lutsenko,Lutsenko,4
2021,luxembourg,Luxembourg,4
2021,maag,Maag,4
2021,macmillan,MacMillan,4
2021,maezawa,Maezawa,4
2021,magness,Magness,4
2021,mahagitsiri,Mahagitsiri,4
2021,mahindra,Mahindra,4
2021,makarov,Makarov,4
2021,makhlai,Makhlai,4
2021,makhmudov,Makhmudov,4
2021,malhotra,Malhotra,4
2021,malik,Malik,4
2021,malone,Malone,4
2021,mamut,Mamut,4
2021,mandel,Mandel,4
2021,mansour,Mansour,4
2021,mansueto,Mansueto,4
2021,mantegazza,Mantegazza,4
2021,mao,Mao,4
2021,maran,Maran,4
2021,marcegaglia,Marcegaglia,4
2021,marcus,Marcus,4
2021,marguerre,Marguerre,4
2021,marinho,Marinho,4
2021,mariwala,Mariwala,4
2021,marks,Marks,4
2021,marquart,Marquart,4
2021,mars,Mars,4
2021,martin,Martin,4
2021,martinson,Martinson,4
2021,martullo-blocher,Martullo-Blocher,4
2021,mas,Mas,4
2021,maschmeyer,Maschmeyer,4
2021,masiyiwa,Masiyiwa,4
2021,masuda,Masuda,4
2021,mate,Mate,4
2021,mateschitz,Mateschitz,4
2021,mateus,Mateus,4
2021,mathieson,Mathieson,4
2021,mathile,Mathile,4
2021,matthews,Matthews,4
2021,mazumdar-shaw,Mazumdar-Shaw,4
2021,mcaulay,McAulay,4
2021,mccain,McCain,4
2021,mccaleb,McCaleb,4
2021,mccaw,McCaw,4
2021,mccombs,McCombs,4
2021,mcconnell,McConnell,4
2021,mckelvey,McKelvey,4
2021,mckinnon,McKinnon,4
2021,mclane,McLane,4
2021,mcmahon,McMahon,4
2021,mcmurtry,McMurtry,4
2021,mcnair,McNair,4
2021,meckenzie,Meckenzie,4
2021,mehta,Mehta,4
2021,meijer,Meijer,4
2021,meister,Meister,4
2021,melchers,Melchers,4
2021,melnichenko,Melnichenko,4
2021,menard,Menard,4
2021,menin-teixeira-de-souza,Menin Teixeira de Souza,4
2021,merckle,Merckle,4
2021,merieux,Merieux,4
2021,meszaros,Meszaros,4
2021,metropoulos,Metropoulos,4
2021,meyer,Meyer,4
2021,mi,Mi,4
2021,miao,Miao,4
2021,michel,Michel,4
2021,michelson,Michelson,4
2021,middleton,Middleton,4
2021,mikati,Mikati,4
2021,mikhailova-family,Mikhailova & family,4
2021,mikhelson,Mikhelson,4
2021,miki,Miki,4
2021,mikitani,Mikitani,4
2021,milchan,Milchan,4
2021,milken,Milken,4
2021,miller,Miller,4
2021,milner,Milner,4
2021,milton,Milton,4
2021,minda,Minda,4
2021,mindus,Mindus,4
2021,minozzi,Minozzi,4
2021,mistakidis,Mistakidis,4
2021,mistry,Mistry,4
2021,mittal,Mittal,4
2021,mnaymneh,Mnaymneh,4
2021,molchanov,Molchanov,4
2021,moll-filho,Moll Filho,4
2021,moller-nielsen,Moller Nielsen,4
2021,molnar,Molnar,4
2021,mommert,Mommert,4
2021,mondre,Mondre,4
2021,moore,Moore,4
2021,moraes,Moraes,4
2021,moraes-scripilliti,Moraes Scripilliti,4
2021,moratti,Moratti,4
2021,mordashov-family,Mordashov & family,4
2021,moreira-salles,Moreira Salles,4
2021,moreira-salles-junior,Moreira Salles Junior,4
2021,moreno,Moreno,4
2021,moretti-polegato,Moretti Polegato,4
2021,mori,Mori,4
2021,moritz,Moritz,4
2021,morocco,Morocco,4
2021,morris,Morris,4
2021,moshiri,Moshiri,4
2021,moshkovich,Moshkovich,4
2021,moskovitz,Moskovitz,4
2021,motoe,Motoe,4
2021,motsepe,Motsepe,4
2021,mou,Mou,4
2021,mouawad,Mouawad,4
2021,moulding,Moulding,4
2021,moyes,Moyes,4
2021,mu,Mu,4
2021,mueller,Mueller,4
2021,muglia,Muglia,4
2021,munger,Munger,4
2021,munjal,Munjal,4
2021,munot,Munot,4
2021,murdoch,Murdoch,4
2021,murdock,Murdock,4
2021,murphy,Murphy,4
2021,murtagh,Murtagh,4
2021,murthy,Murthy,4
2021,musk,Musk,4
2021,muthoot,Muthoot,4
2021,nacht,Nacht,4
2021,nadar,Nadar,4
2021,naeder,Naeder,4
2021,nagamori,Nagamori,4
2021,nahmad,Nahmad,4
2021,nakamura,Nakamura,4
2021,nan,Nan,4
2021,naoroji,Naoroji,4
2021,neilson,Neilson,4
2021,nelson,Nelson,4
2021,nemetschek,Nemetschek,4
2021,nesis,Nesis,4
2021,neves,Neves,4
2021,newell,Newell,4
2021,newhouse,Newhouse,4
2021,nguyen,Nguyen,4
2021,ni,Ni,4
2021,niarchos,Niarchos,4
2021,nicholas,Nicholas,4
2021,nie,Nie,4
2021,niel,Niel,4
2021,nigeria,Nigeria,4
2021,nilekani,Nilekani,4
2021,nisanov,Nisanov,4
2021,nitori,Nitori,4
2021,nixon,Nixon,4
2021,noda,Noda,4
2021,nordstrom,Nordstrom,4
2021,north-america,North America,4
2021,novinsky,Novinsky,4
2021,o-brien,O'Brien,4
2021,oberoi,Oberoi,4
2021,oberwelland,Oberwelland,4
2021,ocampo,Ocampo,4
2021,och,Och,4
2021,oei,Oei,4
2021,oeri,Oeri,4
2021,oetker,Oetker,4
2021,ofer,Ofer,4
2021,ogawa,Ogawa,4
2021,okada,Okada,4
2021,olenicoff,Olenicoff,4
2021,olivo-lopez,Olivo Lopez,4
2021,olsson,Olsson,4
2021,olsson-ericksson,Olsson Ericksson,4
2021,ometto-silveira-mello,Ometto Silveira Mello,4
2021,omidyar,Omidyar,4
2021,ongpin,Ongpin,4
2021,oppenheimer,Oppenheimer,4
2021,or,Or,4
2021,oringer,Oringer,4
2021,orlov,Orlov,4
2021,ortega,Ortega,4
2021,ortega-mera,Ortega Mera,4
2021,osathanugrah,Osathanugrah,4
2021,otsuka,Otsuka,4
2021,otto,Otto,4
2021,otto-bernstein,Otto-Bernstein,4
2021,ou,Ou,4
2021,overdeck,Overdeck,4
2021,oyler,Oyler,4
2021,ozdemir,Ozdemir,4
2021,ozmen,Ozmen,4
2021,ozyegin,Ozyegin,4
2021,p-ladeau,Péladeau,4
2021,packer,Packer,4
2021,page,Page,4
2021,pai,Pai,4
2021,palatchi,Palatchi,4
2021,palihapitiya,Palihapitiya,4
2021,palmer,Palmer,4
2021,panama,Panama,4
2021,pang,Pang,4
2021,pangestu,Pangestu,4
2021,paradise,Paradise,4
2021,parekh,Parekh,4
2021,parisotto,Parisotto,4
2021,parker,Parker,4
2021,parry-okeden,Parry-Okeden,4
2021,parsons,Parsons,4
2021,patel,Patel,4
2021,pattison,Pattison,4
2021,paul,Paul,4
2021,paulmann,Paulmann,4
2021,paulsen,Paulsen,4
2021,paulson,Paulson,4
2021,paulsson,Paulsson,4
2021,pedersen,Pedersen,4
2021,peery,Peery,4
2021,pegula,Pegula,4
2021,pei,Pei,4
2021,peltz,Peltz,4
2021,penaloza-alanis,Penaloza Alanis,4
2021,peng,Peng,4
2021,penske,Penske,4
2021,pera,Pera,4
2021,percassi,Percassi,4
2021,perelman,Perelman,4
2021,perez,Perez,4
2021,perez-companc,Perez Companc,4
2021,perfetti,Perfetti,4
2021,perlmutter,Perlmutter,4
2021,perot,Perot,4
2021,perrodo,Perrodo,4
2021,perry,Perry,4
2021,persson,Persson,4
2021,pessina,Pessina,4
2021,peterffy,Peterffy,4
2021,peterson,Peterson,4
2021,pham,Pham,4
2021,phillips,Phillips,4
2021,pi-era,Piñera,4
2021,pieper,Pieper,4
2021,pierer,Pierer,4
2021,pillai,Pillai,4
2021,pinault,Pinault,4
2021,pinchuk,Pinchuk,4
2021,pincus,Pincus,4
2021,pinheiro,Pinheiro,4
2021,pinheiro-koren-de-lima,Pinheiro Koren de Lima,4
2021,pinheiro-koren-de-lima-junior,Pinheiro Koren de Lima Junior,4
2021,piramal,Piramal,4
2021,plank,Plank,4
2021,platt,Platt,4
2021,plattner,Plattner,4
2021,po,Po,4
2021,poddar,Poddar,4
2021,pohl,Pohl,4
2021,polsky,Polsky,4
2021,pomel,Pomel,4
2021,ponce-lerou,Ponce Lerou,4
2021,ponomarenko,Ponomarenko,4
2021,poo,Poo,4
2021,poonawalla,Poonawalla,4
2021,popov,Popov,4
2021,poroshenko,Poroshenko,4
2021,potanin,Potanin,4
2021,pousaz,Pousaz,4
2021,povlsen,Povlsen,4
2021,powell-jobs,Powell Jobs,4
2021,prada,Prada,4
2021,prasad,Prasad,4
2021,prasarttong-osoth,Prasarttong-Osoth,4
2021,pratt,Pratt,4
2021,premji,Premji,4
2021,preston,Preston,4
2021,preziosi,Preziosi,4
2021,price,Price,4
2021,prince,Prince,4
2021,pritzker,Pritzker,4
2021,prokhorov,Prokhorov,4
2021,pu,Pu,4
2021,pudwill,Pudwill,4
2021,puech,Puech,4
2021,pumpyansky,Pumpyansky,4
2021,qi,Qi,4
2021,qian,Qian,4
2021,qin,Qin,4
2021,qiu,Qiu,4
2021,quandt,Quandt,4
2021,quek,Quek,4
2021,rabie,Rabie,4
2021,rabiu,Rabiu,4
2021,rachmat,Rachmat,4
2021,ragon,Ragon,4
2021,raheja,Raheja,4
2021,rahimkulov-family,Rahimkulov & family,4
2021,rahr,Rahr,4
2021,rajendran,Rajendran,4
2021,rales,Rales,4
2021,rao,Rao,4
2021,rappoport,Rappoport,4
2021,rashnikov,Rashnikov,4
2021,ratanarak,Ratanarak,4
2021,ratanavadi,Ratanavadi,4
2021,ratcliffe,Ratcliffe,4
2021,rausing,Rausing,4
2021,rayner,Rayner,4
2021,razon,Razon,4
2021,rebrab,Rebrab,4
2021,rechulski-santo-domingo,Rechulski Santo Domingo,4
2021,reddy,Reddy,4
2021,reece,Reece,4
2021,rees-jones,Rees-Jones,4
2021,reimann,Reimann,4
2021,reimann-andersen,Reimann-Andersen,4
2021,reimann-haas,Reimann-Haas,4
2021,reinhart,Reinhart,4
2021,reinsdorf,Reinsdorf,4
2021,reiss,Reiss,4
2021,reitan,Reitan,4
2021,ren,Ren,4
2021,rennert,Rennert,4
2021,repik,Repik,4
2021,resnick,Resnick,4
2021,ressler,Ressler,4
2021,reuben,Reuben,4
2021,revoredo,Revoredo,4
2021,reyes,Reyes,4
2021,riady,Riady,4
2021,riberas-mera,Riberas Mera,4
2021,rich,Rich,4
2021,richison,Richison,4
2021,ricketts,Ricketts,4
2021,rinehart,Rinehart,4
2021,riney,Riney,4
2021,robbins,Robbins,4
2021,roberts,Roberts,4
2021,robertson,Robertson,4
2021,rocca,Rocca,4
2021,rodriguez-pastor,Rodriguez-Pastor,4
2021,rodriguez-rodriguez,Rodriguez Rodriguez,4
2021,roemmers,Roemmers,4
2021,rogers,Rogers,4
2021,roig,Roig,4
2021,rokke,Rokke,4
2021,rokos,Rokos,4
2021,rollins,Rollins,4
2021,roski,Roski,4
2021,ross,Ross,4
2021,rossmann,Rossmann,4
2021,rosso,Rosso,4
2021,roszak,Roszak,4
2021,rotenberg,Rotenberg,4
2021,rothschild,Rothschild,4
2021,rowan,Rowan,4
2021,rowling,Rowling,4
2021,ruan,Ruan,4
2021,ruayrungruang,Ruayrungruang,4
2021,rubenstein,Rubenstein,4
2021,rubin,Rubin,4
2021,ruffin,Ruffin,4
2021,ruffini,Ruffini,4
2021,ruia,Ruia,4
2021,runwal,Runwal,4
2021,rupert,Rupert,4
2021,russell,Russell,4
2021,ryan,Ryan,4
2021,rybakov,Rybakov,4
2021,rybolovlev,Rybolovlev,4
2021,rydge,Rydge,4
2021,saad,Saadé,4
2021,saban,Saban,4
2021,sacca,Sacca,4
2021,sacks,Sacks,4
2021,safra,Safra,4
2021,sagi,Sagi,4
2021,sahenk,Sahenk,4
2021,sahin,Sahin,4
2021,saieh,Saieh,4
2021,saji,Saji,4
2021,sajwani,Sajwani,4
2021,salata,Salata,4
2021,salinas-pliego,Salinas Pliego,4
2021,sall,Sall,4
2021,samueli,Samueli,4
2021,samwer,Samwer,4
2021,sanchez,Sanchez,4
2021,sandberg,Sandberg,4
2021,sandell,Sandell,4
2021,sands,Sands,4
2021,sanford,Sanford,4
2021,santo-domingo,Santo Domingo,4
2021,saputo,Saputo,4
2021,saraf,Saraf,4
2021,sariaatmadja,Sariaatmadja,4
2021,sarmiento,Sarmiento,4
2021,sarofim,Sarofim,4
2021,sarowitz,Sarowitz,4
2021,sartorius-herbst,Sartorius-Herbst,4
2021,sasaki,Sasaki,4
2021,satomi,Satomi,4
2021,saul,Saul,4
2021,saverin,Saverin,4
2021,savvidis,Savvidis,4
2021,sawiris,Sawiris,4
2021,saylor,Saylor,4
2021,scapa,Scapa,4
2021,scaringe,Scaringe,4
2021,schaeffler,Schaeffler,4
2021,schaeffler-thumann,Schaeffler-Thumann,4
2021,scheinberg,Scheinberg,4
2021,scherbovich,Scherbovich,4
2021,scheufele,Scheufele,4
2021,schick,Schick,4
2021,schleifer,Schleifer,4
2021,schlosberg,Schlosberg,4
2021,schmidheiny,Schmidheiny,4
2021,schmidt,Schmidt,4
2021,schmieding,Schmieding,4
2021,schnabel,Schnabel,4
2021,schoeller,Schoeller,4
2021,schoerghuber,Schoerghuber,4
2021,schorling,Schorling,4
2021,schuijff,Schuijff,4
2021,schulenberg,Schulenberg,4
2021,schuler,Schuler,4
2021,schultz,Schultz,4
2021,schulze,Schulze,4
2021,schusterman,Schusterman,4
2021,schuurman,Schuurman,4
2021,schwab,Schwab,4
2021,schwartz,Schwartz,4
2021,schwarz,Schwarz,4
2021,schwarzman,Schwarzman,4
2021,schweizer,Schweizer,4
2021,sciarra,Sciarra,4
2021,scott,Scott,4
2021,seabra,Seabra,4
2021,secunda,Secunda,4
2021,sedykh,Sedykh,4
2021,sehgal,Sehgal,4
2021,selig,Selig,4
2021,selin,Selin,4
2021,seo,Seo,4
2021,sethi,Sethi,4
2021,setthasit,Setthasit,4
2021,shah,Shah,4
2021,shaimiev,Shaimiev,4
2021,shang,Shang,4
2021,shanghvi,Shanghvi,4
2021,shani,Shani,4
2021,shao,Shao,4
2021,sharma,Sharma,4
2021,shashua,Shashua,4
2021,shaw,Shaw,4
2021,shefler,Shefler,4
2021,shelkov,Shelkov,4
2021,shen,Shen,4
2021,shi,Shi,4
2021,shibulal,Shibulal,4
2021,shigaboutdinov,Shigaboutdinov,4
2021,shigeta,Shigeta,4
2021,shimamura,Shimamura,4
2021,shin,Shin,4
2021,shinawatra,Shinawatra,4
2021,shmunis,Shmunis,4
2021,shoen,Shoen,4
2021,shriram,Shriram,4
2021,shroff,Shroff,4
2021,shu,Shu,4
2021,shum,Shum,4
2021,shvidler,Shvidler,4
2021,shwed,Shwed,4
2021,sia-ii,Sia II,4
2021,siccardi,Siccardi,4
2021,sick-glaser,Sick-Glaser,4
2021,sicupira,Sicupira,4
2021,siebel,Siebel,4
2021,siegel,Siegel,4
2021,siemiatkowski,Siemiatkowski,4
2021,silbermann,Silbermann,4
2021,silbert,Silbert,4
2021,sim,Sim,4
2021,simanovsky,Simanovsky,4
2021,simon,Simon,4
2021,simons,Simons,4
2021,simonyi,Simonyi,4
2021,singer,Singer,4
2021,singh,Singh,4
2021,singhal,Singhal,4
2021,singhania,Singhania,4
2021,sirivadhanabhakdi,Sirivadhanabhakdi,4
2021,sitorus,Sitorus,4
2021,skoch-family,Skoch & family,4
2021,skoll,Skoll,4
2021,skorobogatko,Skorobogatko,4
2021,slabke,Slabke,4
2021,slim-helu,Slim Helu,4
2021,slootman,Slootman,4
2021,smidt,Smidt,4
2021,smith,Smith,4
2021,smushkin,Smushkin,4
2021,snow,Snow,4
2021,snyder,Snyder,4
2021,sobrato,Sobrato,4
2021,soderstrom,Soderstrom,4
2021,sohmen,Sohmen,4
2021,solon,Solon,4
2021,solorz-zak,Solorz-Zak,4
2021,solowow,Solowow,4
2021,son,Son,4
2021,sondakh,Sondakh,4
2021,song,Song,4
2021,soon-shiong,Soon-Shiong,4
2021,soros,Soros,4
2021,south-america,South America,4
2021,speiser,Speiser,4
2021,spencer,Spencer,4
2021,sperling,Sperling,4
2021,speyer,Speyer,4
2021,spiegel,Spiegel,4
2021,spielberg,Spielberg,4
2021,springer,Springer,4
2021,spuhler,Spuhler,4
2021,squinzi,Squinzi,4
2021,stack,Stack,4
2021,starak,Starak,4
2021,stawski,Stawski,4
2021,steinhardt,Steinhardt,4
2021,stephens,Stephens,4
2021,sterling,Sterling,4
2021,stern,Stern,4
2021,sternlicht,Sternlicht,4
2021,stevanato,Stevanato,4
2021,stevens,Stevens,4
2021,steward,Steward,4
2021,steyer,Steyer,4
2021,stine,Stine,4
2021,stitzer,Stitzer,4
2021,stokes,Stokes,4
2021,stone,Stone,4
2021,stordalen,Stordalen,4
2021,storonsky,Storonsky,4
2021,storz,Storz,4
2021,straumann,Straumann,4
2021,street,Street,4
2021,stroeer,Stroeer,4
2021,stroeher,Stroeher,4
2021,stroll,Stroll,4
2021,struengmann,Struengmann,4
2021,strukov,Strukov,4
2021,stryker,Stryker,4
2021,studennikov,Studennikov,4
2021,stul,Stul,4
2021,stumpf,Stumpf,4
2021,su,Su,4
2021,sudarikov,Sudarikov,4
2021,suh,Suh,4
2021,sulistyo,Sulistyo,4
2021,sulteev,Sulteev,4
2021,sun,Sun,4
2021,sundheim,Sundheim,4
2021,susanto,Susanto,4
2021,sutardja,Sutardja,4
2021,sutton,Sutton,4
2021,suwarto,Suwarto,4
2021,suzuki,Suzuki,4
2021,svetakov,Svetakov,4
2021,sweeney,Sweeney,4
2021,swieca,Swieca,4
2021,switzerland,Switzerland,4
2021,sy-coson,Sy-Coson,4
2021,syrian-arab-republic,Syria,4
2021,systrom,Systrom,4
2021,sze,Sze,4
2021,szulczewski,Szulczewski,4
2021,tack,Tack,4
2021,tada,Tada,4
2021,tahir,Tahir,4
2021,takahara,Takahara,4
2021,takizaki,Takizaki,4
2021,talpins,Talpins,4
2021,tamer,Tamer,4
2021,tan,Tan,4
2021,tan-caktiong,Tan Caktiong,4
2021,tanaka,Tanaka,4
2021,tang,Tang,4
2021,tangkaravakoon,Tangkaravakoon,4
2021,tanimura,Tanimura,4
2021,tanjung,Tanjung,4
2021,tanoesoedibjo,Tanoesoedibjo,4
2021,tanoto,Tanoto,4
2021,tao,Tao,4
2021,tara,Tara,4
2021,tarascio,Tarascio,4
2021,taravella,Taravella,4
2021,taylor,Taylor,4
2021,tedja,Tedja,4
2021,teh,Teh,4
2021,telles,Telles,4
2021,tenev,Tenev,4
2021,teoh,Teoh,4
2021,tepper,Tepper,4
2021,terashita,Terashita,4
2021,tewari,Tewari,4
2021,tham,Tham,4
2021,thanombooncharoen,Thanombooncharoen,4
2021,thiel,Thiel,4
2021,thiele-schuerhoff,Thiele-Schuerhoff,4
2021,thinggaard,Thinggaard,4
2021,thirakomen,Thirakomen,4
2021,thoma,Thoma,4
2021,thompson,Thompson,4
2021,thomson,Thomson,4
2021,thongtang,Thongtang,4
2021,tian,Tian,4
2021,tiku,Tiku,4
2021,timchenko,Timchenko,4
2021,tinkov,Tinkov,4
2021,tiriac,Tiriac,4
2021,tisch,Tisch,4
2021,toeller,Toeller,4
2021,toennies,Toennies,4
2021,tojner,Tojner,4
2021,toll,Toll,4
2021,tollefsen,Tollefsen,4
2021,tong,Tong,4
2021,tong-liu,Tong Liu,4
2021,tornqvist,Tornqvist,4
2021,trajano,Trajano,4
2021,tran,Tran,4
2021,tran-dinh,Tran Dinh,4
2021,trefler,Trefler,4
2021,triguboff,Triguboff,4
2021,troendle,Troendle,4
2021,trotsenko,Trotsenko,4
2021,troutt,Troutt,4
2021,trump,Trump,4
2021,tsai,Tsai,4
2021,tschira,Tschira,4
2021,tse,Tse,4
2021,tseng,Tseng,4
2021,tshuva,Tshuva,4
2021,tu,Tu,4
2021,tuchman,Tuchman,4
2021,tull,Tull,4
2021,tung,Tung,4
2021,turlov,Turlov,4
2021,turner,Turner,4
2021,tykac,Tykac,4
2021,tyson,Tyson,4
2021,udvar-hazy,Udvar-Hazy,4
2021,ulker,Ulker,4
2021,ullal,Ullal,4
2021,ulukaya,Ulukaya,4
2021,unger,Unger,4
2021,uno,Uno,4
2021,upatkoon,Upatkoon,4
2021,usmanov,Usmanov,4
2021,utemuratov,Utemuratov,4
2021,vachani,Vachani,4
2021,vakil,Vakil,4
2021,van-den-ende,van den Ende,4
2021,van-der-does,van der Does,4
2021,van-der-leegte,van der Leegte,4
2021,van-geet,Van Geet,4
2021,van-lieshout,Van Lieshout,4
2021,vandersloot,VanderSloot,4
2021,vardanyan,Vardanyan,4
2021,vardinoyannis-family,Vardinoyannis & family,4
2021,vargi,Vargi,4
2021,varkey,Varkey,4
2021,vekselberg,Vekselberg,4
2021,velez,Velez,4
2021,vembu,Vembu,4
2021,vendrow,Vendrow,4
2021,veronesi,Veronesi,4
2021,viessmann,Viessmann,4
2021,vigil-gonzalez,Vigil Gonzalez,4
2021,vijitpongpun,Vijitpongpun,4
2021,villar,Villar,4
2021,vinciarelli,Vinciarelli,4
2021,viola,Viola,4
2021,virwani,Virwani,4
2021,vitek,Vitek,4
2021,volozh,Volozh,4
2021,von-bechtolsheim,von Bechtolsheim,4
2021,von-finck,von Finck,4
2021,von-holtzbrinck,von Holtzbrinck,4
2021,von-koch,von Koch,4
2021,von-mandl,von Mandl,4
2021,von-opel,von Opel,4
2021,vultaggio,Vultaggio,4
2021,wada,Wada,4
2021,wadhwani,Wadhwani,4
2021,wadia,Wadia,4
2021,wagner,Wagner,4
2021,walentas,Walentas,4
2021,walker,Walker,4
2021,walter,Walter,4
2021,walton,Walton,4
2021,wan,Wan,4
2021,wanek,Wanek,4
2021,wang,Wang,4
2021,warner,Warner,4
2021,warren,Warren,4
2021,wasami,Wasami,4
2021,washington,Washington,4
2021,weaver,Weaver,4
2021,weber,Weber,4
2021,wee,Wee,4
2021,wei,Wei,4
2021,weill,Weill,4
2021,weiner,Weiner,4
2021,welker,Welker,4
2021,wen,Wen,4
2021,weng,Weng,4
2021,wentz,Wentz,4
2021,werninghaus,Werninghaus,4
2021,wertheim,Wertheim,4
2021,wertheimer,Wertheimer,4
2021,wesjohann,Wesjohann,4
2021,west,West,4
2021,wexner,Wexner,4
2021,white,White,4
2021,whitman,Whitman,4
2021,wietlisbach,Wietlisbach,4
2021,wild,Wild,4
2021,wilks,Wilks,4
2021,williams,Williams,4
2021,wilson,Wilson,4
2021,winfrey,Winfrey,4
2021,wingefors,Wingefors,4
2021,winklevoss,Winklevoss,4
2021,winn,Winn,4
2021,wittouck,Wittouck,4
2021,witzoe,Witzoe,4
2021,wobben,Wobben,4
2021,wolfe-herd,Wolfe Herd,4
2021,wong,Wong,4
2021,woo,Woo,4
2021,wood,Wood,4
2021,wortmann,Wortmann,4
2021,wrigley,Wrigley,4
2021,wu,Wu,4
2021,wuerth,Wuerth,4
2021,wynn,Wynn,4
2021,wyss,Wyss,4
2021,xia,Xia,4
2021,xiang,Xiang,4
2021,xiao,Xiao,4
2021,xie,Xie,4
2021,xiong,Xiong,4
2021,xiu,Xiu,4
2021,xue,Xue,4
2021,yakunin,Yakunin,4
2021,yamada,Yamada,4
2021,yan,Yan,4
2021,yanai,Yanai,4
2021,yancopoulos,Yancopoulos,4
2021,yang,Yang,4
2021,yao,Yao,4
2021,yarbrough,Yarbrough,4
2021,yarur-rey,Yarur Rey,4
2021,yass,Yass,4
2021,yasuda,Yasuda,4
2021,yeh,Yeh,4
2021,yemen-rep,Yemen,4
2021,yeung,Yeung,4
2021,yevtushenkov,Yevtushenkov,4
2021,yi,Yi,4
2021,yin,Yin,4
2021,ying,Ying,4
2021,york,York,4
2021,you,You,4
2021,young,Young,4
2021,yu,Yu,4
2021,yuan,Yuan,4
2021,yuengling,Yuengling,4
2021,yushvaev,Yushvaev,4
2021,yusuff-ali,Yusuff Ali,4
2021,yusufov,Yusufov,4
2021,zakay,Zakay,4
2021,zalik,Zalik,4
2021,zalupski,Zalupski,4
2021,zan,Zan,4
2021,zegar,Zegar,4
2021,zekelman,Zekelman,4
2021,zell,Zell,4
2021,zeller,Zeller,4
2021,zeng,Zeng,4
2021,zhang,Zhang,4
2021,zhang-xin-pan,Zhang Xin & Pan,4
2021,zhao,Zhao,4
2021,zheng,Zheng,4
2021,zhevago,Zhevago,4
2021,zhong,Zhong,4
2021,zhou,Zhou,4
2021,zhu,Zhu,4
2021,zhuang,Zhuang,4
2021,zhuo,Zhuo,4
2021,ziff,Ziff,4
2021,zingarevich,Zingarevich,4
2021,zobel,Zobel,4
2021,zong,Zong,4
2021,zorlu,Zorlu,4
2021,zucker,Zucker,4
2021,zuckerberg,Zuckerberg,4
2021,zuckerman,Zuckerman,4
2021,zuo,Zuo,4
2022,aarnio-wihuri,Aarnio-Wihuri,4
2022,abdalla-filho,Abdalla Filho,4
2022,abello,Abello,4
2022,abraham,Abraham,4
2022,abramov,Abramov,4
2022,abramovich,Abramovich,4
2022,ackman,Ackman,4
2022,acton,Acton,4
2022,adair,Adair,4
2022,adams,Adams,4
2022,adani,Adani,4
2022,adderley,Adderley,4
2022,adelson,Adelson,4
2022,adenuga,Adenuga,4
2022,afeyan,Afeyan,4
2022,aga,Aga,4
2022,agarwal,Agarwal,4
2022,ahunai,Ahunai,4
2022,akhannouch,Akhannouch,4
2022,akhmedov,Akhmedov,4
2022,akhmetov,Akhmetov,4
2022,akin,Akin,4
2022,al-fayed,Al Fayed,4
2022,al-futtaim,Al Futtaim,4
2022,al-ghurair,Al Ghurair,4
2022,al-thani,Al Thani,4
2022,albrecht,Albrecht,4
2022,albrecht-jr,Albrecht Jr.,4
2022,albukhary,AlBukhary,4
2022,alcocer,Alcocer,4
2022,alekperov,Alekperov,4
2022,alessandri,Alessandri,4
2022,alexander,Alexander,4
2022,alfond,Alfond,4
2022,allen,Allen,4
2022,altrad,Altrad,4
2022,altushkin,Altushkin,4
2022,alukkas,Alukkas,4
2022,alves-de-queiroz-filho,Alves de Queiroz Filho,4
2022,ambani,Ambani,4
2022,amin,Amin,4
2022,amorim,Amorim,4
2022,andic,Andic,4
2022,andreessen,Andreessen,4
2022,andreev,Andreev,4
2022,andresen,Andresen,4
2022,ang,Ang,4
2022,angelini-rossi,Angelini Rossi,4
2022,angermayer,Angermayer,4
2022,anisimov,Anisimov,4
2022,anschutz,Anschutz,4
2022,ante,Ante,4
2022,anttonen,Anttonen,4
2022,aponte,Aponte,4
2022,arai,Arai,4
2022,aramburuzabala,Aramburuzabala,4
2022,argyros,Argyros,4
2022,arison,Arison,4
2022,aristrain,Aristrain,4
2022,arkin,Arkin,4
2022,armani,Armani,4
2022,armitage,Armitage,4
2022,armstrong,Armstrong,4
2022,arnault,Arnault,4
2022,arnhult,Arnhult,4
2022,arnold,Arnold,4
2022,arsel,Arsel,4
2022,asavabhokhin,Asavabhokhin,4
2022,ashcroft,Ashcroft,4
2022,ashkenazy,Ashkenazy,4
2022,ashley,Ashley,4
2022,asness,Asness,4
2022,atallah,Atallah,4
2022,austin,Austin,4
2022,avara,Avara,4
2022,aven,Aven,4
2022,aviram,Aviram,4
2022,awotona,Awotona,4
2022,ax-son-johnson,Ax:son Johnson,4
2022,aydinlar,Aydinlar,4
2022,azcarraga-jean,Azcarraga Jean,4
2022,azrieli,Azrieli,4
2022,babis,Babis,4
2022,bacaksiz,Bacaksiz,4
2022,bacon,Bacon,4
2022,bahwan,Bahwan,4
2022,bai,Bai,4
2022,bailey,Bailey,4
2022,bailleres-gual,Bailleres Gual,4
2022,bajaj,Bajaj,4
2022,bakalchuk,Bakalchuk,4
2022,baker,Baker,4
2022,balkrishna,Balkrishna,4
2022,ballmer,Ballmer,4
2022,bamberger,Bamberger,4
2022,bamford,Bamford,4
2022,bancel,Bancel,4
2022,bang,Bang,4
2022,banga,Banga,4
2022,bangur,Bangur,4
2022,bankman-fried,Bankman-Fried,4
2022,bansal,Bansal,4
2022,barki,Barki,4
2022,baro,Baro,4
2022,baron,Baron,4
2022,bass,Bass,4
2022,baszucki,Baszucki,4
2022,batista,Batista,4
2022,baturina,Baturina,4
2022,baudis,Baudis,4
2022,bauer,Bauer,4
2022,baumann-blocher,Baumann-Blocher,4
2022,bawri,Bawri,4
2022,beal,Beal,4
2022,beard,Beard,4
2022,beaufour,Beaufour,4
2022,bechtel,Bechtel,4
2022,beckmann-legoretta,Beckmann Legoretta,4
2022,beckmann-legorreta,Beckmann Legorreta,4
2022,behring,Behring,4
2022,beier,Beier,4
2022,bekker,Bekker,4
2022,bellon,Bellon,4
2022,benchimol,Benchimol,4
2022,benetton,Benetton,4
2022,benioff,Benioff,4
2022,benjelloun,Benjelloun,4
2022,benko,Benko,4
2022,bennet,Bennet,4
2022,bennett,Bennett,4
2022,benson,Benson,4
2022,berggruen,Berggruen,4
2022,berkley,Berkley,4
2022,berlusconi,Berlusconi,4
2022,bertarelli,Bertarelli,4
2022,bertelli,Bertelli,4
2022,besnier,Besnier,4
2022,besnier-beauvalot,Besnier Beauvalot,4
2022,bettencourt-meyers,Bettencourt Meyers,4
2022,beveridge,Beveridge,4
2022,bezos,Bezos,4
2022,bharat-ram,Bharat Ram,4
2022,bhartia,Bhartia,4
2022,bhatia,Bhatia,4
2022,bhusri,Bhusri,4
2022,bicket,Bicket,4
2022,biernacki,Biernacki,4
2022,bikhchandani,Bikhchandani,4
2022,billi,Billi,4
2022,bino,Bino,4
2022,biondi,Biondi,4
2022,birkenstock,Birkenstock,4
2022,birla,Birla,4
2022,birmingham-perot,Birmingham Perot,4
2022,bisciotti,Bisciotti,4
2022,bishop,Bishop,4
2022,biswas,Biswas,4
2022,bjorgolfsson,Bjorgolfsson,4
2022,black,Black,4
2022,blakely,Blakely,4
2022,blank,Blank,4
2022,blankfein,Blankfein,4
2022,blavatnik,Blavatnik,4
2022,blecharczyk,Blecharczyk,4
2022,blickle,Blickle,4
2022,blocher,Blocher,4
2022,bloomberg,Bloomberg,4
2022,bloor,Bloor,4
2022,blue,Blue,4
2022,bluhm,Bluhm,4
2022,blundy,Blundy,4
2022,boehly,Boehly,4
2022,boersma,Boersma,4
2022,boguslavsky,Boguslavsky,4
2022,boholyubov,Boholyubov,4
2022,bokarev,Bokarev,4
2022,bollor,Bolloré,4
2022,bombassei,Bombassei,4
2022,bonderman,Bonderman,4
2022,bonvin,Bonvin,4
2022,boob,Boob,4
2022,booth,Booth,4
2022,boquoi,Boquoi,4
2022,bosarge,Bosarge,4
2022,bouchard,Bouchard,4
2022,bouygues,Bouygues,4
2022,boyd,Boyd,4
2022,boyko,Boyko,4
2022,boyle,Boyle,4
2022,bozano,Bozano,4
2022,braman,Braman,4
2022,branson,Branson,4
2022,braun,Braun,4
2022,braun-luedicke,Braun-Luedicke,4
2022,bravo,Bravo,4
2022,bren,Bren,4
2022,brescia-cafferata,Brescia Cafferata,4
2022,breslow,Breslow,4
2022,breyer,Breyer,4
2022,brin,Brin,4
2022,britt,Britt,4
2022,broad,Broad,4
2022,brockman,Brockman,4
2022,broermann,Broermann,4
2022,bronfman,Bronfman,4
2022,brown,Brown,4
2022,bruch,Bruch,4
2022,bucher-haefner,Bucher-Haefner,4
2022,budiman,Budiman,4
2022,buffett,Buffett,4
2022,bui,Bui,4
2022,buinov,Buinov,4
2022,bukhman,Bukhman,4
2022,bulgari,Bulgari,4
2022,bulgheroni,Bulgheroni,4
2022,burda,Burda,4
2022,burkle,Burkle,4
2022,burman,Burman,4
2022,butterfield,Butterfield,4
2022,byju-raveendran,Byju Raveendran,4
2022,bzurovski-bay,Bzurovski Bay,4
2022,cai,Cai,4
2022,calder,Calder,4
2022,calik,Calik,4
2022,callerstr-m,Callerström,4
2022,caltagirone,Caltagirone,4
2022,camp,Camp,4
2022,cannon-brookes,Cannon-Brookes,4
2022,cao,Cao,4
2022,caporella,Caporella,4
2022,caprotti,Caprotti,4
2022,cargill,Cargill,4
2022,carmignac,Carmignac,4
2022,caruso,Caruso,4
2022,casalena,Casalena,4
2022,case,Case,4
2022,cathy,Cathy,4
2022,cathy-white,Cathy White,4
2022,catsimatidis,Catsimatidis,4
2022,catz,Catz,4
2022,caudwell,Caudwell,4
2022,cayard,Cayard,4
2022,cen,Cen,4
2022,chaiyawan,Chaiyawan,4
2022,chambers,Chambers,4
2022,chan,Chan,4
2022,chandler,Chandler,4
2022,chandramogan,Chandramogan,4
2022,chang,Chang,4
2022,chao,Chao,4
2022,chaudhary,Chaudhary,4
2022,chaudhry,Chaudhry,4
2022,cheah,Cheah,4
2022,chearavanont,Chearavanont,4
2022,chen,Chen,4
2022,cheng,Cheng,4
2022,cheriton,Cheriton,4
2022,cherng,Cherng,4
2022,chesky,Chesky,4
2022,chestnut,Chestnut,4
2022,chey,Chey,4
2022,chi,Chi,4
2022,chiaravanond,Chiaravanond,4
2022,chiaravanont,Chiaravanont,4
2022,chico-pardo,Chico Pardo,4
2022,chin,Chin,4
2022,chiu,Chiu,4
2022,cho,Cho,4
2022,choi,Choi,4
2022,choksi,Choksi,4
2022,choo,Choo,4
2022,chouinard,Chouinard,4
2022,chrenko,Chrenko,4
2022,christopher,Christopher,4
2022,chu,Chu,4
2022,chua,Chua,4
2022,chuchat-petaumpai,Chuchat Petaumpai &,4
2022,chudgar,Chudgar,4
2022,chung,Chung,4
2022,ciner,Ciner,4
2022,clark,Clark,4
2022,clarke,Clarke,4
2022,clozel,Clozel,4
2022,coates,Coates,4
2022,cockwell,Cockwell,4
2022,cohen,Cohen,4
2022,coleman,Coleman,4
2022,collison,Collison,4
2022,commisso,Commisso,4
2022,conine,Conine,4
2022,conway,Conway,4
2022,cook,Cook,4
2022,coombs,Coombs,4
2022,cooperman,Cooperman,4
2022,cortina,Cortina,4
2022,costantini,Costantini,4
2022,coulter,Coulter,4
2022,coutu,Coutu,4
2022,cowin,Cowin,4
2022,coxe,Coxe,4
2022,crane,Crane,4
2022,cremonini,Cremonini,4
2022,crippa,Crippa,4
2022,crishna-godrej,Crishna-Godrej,4
2022,cruanes,Cruanes,4
2022,csanyi,Csanyi,4
2022,cuban,Cuban,4
2022,cucinelli,Cucinelli,4
2022,currie,Currie,4
2022,cutrale,Cutrale,4
2022,d-amours,D'Amours,4
2022,d-aniello,D'Aniello,4
2022,dageville,Dageville,4
2022,dai,Dai,4
2022,daitch,Daitch,4
2022,dalio,Dalio,4
2022,dalmia,Dalmia,4
2022,damani,Damani,4
2022,damen,Damen,4
2022,dang,Dang,4
2022,dangermond,Dangermond,4
2022,dangote,Dangote,4
2022,dani,Dani,4
2022,dart,Dart,4
2022,dassault,Dassault,4
2022,daurella,Daurella,4
2022,davila-de-santo-domingo,Davila de Santo Domingo,4
2022,davis,Davis,4
2022,dayan,Dayan,4
2022,de-carvalho-heineken,de Carvalho-Heineken,4
2022,de-godoy-bueno,de Godoy Bueno,4
2022,de-longhi,De'Longhi,4
2022,de-mattos-barretto-villela,de Mattos Barretto Villela,4
2022,de-mol,de Mol,4
2022,de-nora,De Nora,4
2022,deason,Deason,4
2022,debartolo,DeBartolo,4
2022,dejoria,DeJoria,4
2022,del-pino,Del Pino,4
2022,del-valle-ruiz,Del Valle Ruiz,4
2022,del-vecchio,Del Vecchio,4
2022,dell,Dell,4
2022,della-valle,Della Valle,4
2022,denegri,Denegri,4
2022,deng,Deng,4
2022,dentressangle,Dentressangle,4
2022,deripaska,Deripaska,4
2022,desai,Desai,4
2022,desantis,DeSantis,4
2022,deshpande,Deshpande,4
2022,desmond,Desmond,4
2022,dewji,Dewji,4
2022,dhingra,Dhingra,4
2022,diao,Diao,4
2022,diethelm,Diethelm,4
2022,diller,Diller,4
2022,dimon,Dimon,4
2022,dinan,Dinan,4
2022,dines,Dines,4
2022,dinesh,Dinesh,4
2022,ding,Ding,4
2022,diniz,Diniz,4
2022,divi,Divi,4
2022,dixon,Dixon,4
2022,dizdar,Dizdar,4
2022,dmitriev,Dmitriev,4
2022,doepfner,Doepfner,4
2022,doerr,Doerr,4
2022,dogan,Dogan,4
2022,dolan,Dolan,4
2022,dolby,Dolby,4
2022,dolce,Dolce,4
2022,dommermuth,Dommermuth,4
2022,domuschiev,Domuschiev,4
2022,dong,Dong,4
2022,dorrance,Dorrance,4
2022,dorsey,Dorsey,4
2022,dospiva,Dospiva,4
2022,dou,Dou,4
2022,douglas,Douglas,4
2022,draexlmaier,Draexlmaier,4
2022,drahi,Drahi,4
2022,draper,Draper,4
2022,droege,Droege,4
2022,druckenmiller,Druckenmiller,4
2022,du,Du,4
2022,dua,Dua,4
2022,dube,Dube,4
2022,dubin,Dubin,4
2022,dubugras,Dubugras,4
2022,duff,Duff,4
2022,duffield,Duffield,4
2022,duggan,Duggan,4
2022,duncan,Duncan,4
2022,dunleavy,Dunleavy,4
2022,dunstone,Dunstone,4
2022,durban,Durban,4
2022,durov,Durov,4
2022,dyson,Dyson,4
2022,ebner,Ebner,4
2022,ecclestone,Ecclestone,4
2022,eczacibasi,Eczacibasi,4
2022,edelman,Edelman,4
2022,edelstenne,Edelstenne,4
2022,edens,Edens,4
2022,edwards,Edwards,4
2022,egger,Egger,4
2022,eghbali,Eghbali,4
2022,egydio-arruda-villela-filho,Egydio Arruda Villela Filho,4
2022,ehrsam,Ehrsam,4
2022,ek,Ek,4
2022,eliahu,Eliahu,4
2022,elkann,Elkann,4
2022,ell,Ell,4
2022,ellison,Ellison,4
2022,emmerson,Emmerson,4
2022,engelhardt,Engelhardt,4
2022,engelhorn,Engelhorn,4
2022,engineer,Engineer,4
2022,englander,Englander,4
2022,erdemoglu,Erdemoglu,4
2022,ergen,Ergen,4
2022,erikawa,Erikawa,4
2022,ermirio-de-moraes,Ermirio de Moraes,4
2022,ermirio-de-moraes-neto,Ermirio de Moraes Neto,4
2022,erni,Erni,4
2022,escarrer,Escarrer,4
2022,escotet,Escotet,4
2022,esteves,Esteves,4
2022,eurnekian,Eurnekian,4
2022,fairbank,Fairbank,4
2022,fan,Fan,4
2022,fang,Fang,4
2022,farber,Farber,4
2022,faria,Faria,4
2022,farquhar,Farquhar,4
2022,fattal,Fattal,4
2022,faulkner,Faulkner,4
2022,fayat,Fayat,4
2022,fayer,Fayer,4
2022,federmann,Federmann,4
2022,fedun,Fedun,4
2022,feffer,Feffer,4
2022,fegel,Fegel,4
2022,feinberg,Feinberg,4
2022,feld,Feld,4
2022,feldmann,Feldmann,4
2022,feliciano,Feliciano,4
2022,feng,Feng,4
2022,ferrari,Ferrari,4
2022,ferrero,Ferrero,4
2022,fertitta,Fertitta,4
2022,fetisov,Fetisov,4
2022,feuillet,Feuillet,4
2022,fidani,Fidani,4
2022,fielmann,Fielmann,4
2022,filo,Filo,4
2022,find,Find,4
2022,finger,Finger,4
2022,fink,Fink,4
2022,finzer,Finzer,4
2022,fireman,Fireman,4
2022,firodia,Firodia,4
2022,fisher,Fisher,4
2022,fissolo,Fissolo,4
2022,flatt,Flatt,4
2022,flowers,Flowers,4
2022,fluxa-rossello,Fluxa Rossello,4
2022,fogel,Fogel,4
2022,foley,Foley,4
2022,fontbona,Fontbona,4
2022,ford,Ford,4
2022,foriel-destezet,Foriel-Destezet,4
2022,foroughi,Foroughi,4
2022,forrest,Forrest,4
2022,fortin,Fortin,4
2022,foss,Foss,4
2022,foster,Foster,4
2022,fox,Fox,4
2022,fraisse,Fraisse,4
2022,france,France,4
2022,franceschi,Franceschi,4
2022,franke,Franke,4
2022,frantz,Frantz,4
2022,fredriksen,Fredriksen,4
2022,freier,Freier,4
2022,french-gates,French Gates,4
2022,frey,Frey,4
2022,frias,Frias,4
2022,fridman,Fridman,4
2022,friedkin,Friedkin,4
2022,friedland,Friedland,4
2022,friedman,Friedman,4
2022,friese,Friese,4
2022,frist,Frist,4
2022,frolov,Frolov,4
2022,frost,Frost,4
2022,fu,Fu,4
2022,fujita,Fujita,4
2022,fukushima,Fukushima,4
2022,fukutake,Fukutake,4
2022,gabay,Gabay,4
2022,gabbana,Gabbana,4
2022,gabelli,Gabelli,4
2022,gaglardi,Gaglardi,4
2022,galitsky,Galitsky,4
2022,gallardo-ballart,Gallardo Ballart,4
2022,galperin,Galperin,4
2022,gan,Gan,4
2022,gandel,Gandel,4
2022,gangwal,Gangwal,4
2022,gantner,Gantner,4
2022,gao,Gao,4
2022,garavoglia,Garavoglia,4
2022,garcia,Garcia,4
2022,garcia-iii,"Garcia, III",4
2022,garfinkel,Garfinkel,4
2022,gassner,Gassner,4
2022,gates,Gates,4
2022,gauselmann,Gauselmann,4
2022,gautam,Gautam,4
2022,gebbia,Gebbia,4
2022,geffen,Geffen,4
2022,geiger,Geiger,4
2022,geminder,Geminder,4
2022,geng,Geng,4
2022,genomal,Genomal,4
2022,gerberding,Gerberding,4
2022,gerling,Gerling,4
2022,gerry,Gerry,4
2022,gertler,Gertler,4
2022,getty,Getty,4
2022,ghodsi,Ghodsi,4
2022,gilbert,Gilbert,4
2022,gilgan,Gilgan,4
2022,gilinski-bacal,Gilinski Bacal,4
2022,gillings,Gillings,4
2022,ginestet,Ginestet,4
2022,giorgetta,Giorgetta,4
2022,girouard,Girouard,4
2022,giuliani,Giuliani,4
2022,glasenberg,Glasenberg,4
2022,glaser,Glaser,4
2022,gnanalingam,Gnanalingam,4
2022,godha,Godha,4
2022,godin,Godin,4
2022,godrej,Godrej,4
2022,goenka,Goenka,4
2022,goff,Goff,4
2022,goh,Goh,4
2022,goi,Goi,4
2022,gokongwei,Gokongwei,4
2022,goldhar,Goldhar,4
2022,goldman,Goldman,4
2022,goldman-fowler,Goldman Fowler,4
2022,goldsbury,Goldsbury,4
2022,goldschmeding,Goldschmeding,4
2022,golisano,Golisano,4
2022,golub,Golub,4
2022,gong,Gong,4
2022,goodnight,Goodnight,4
2022,gopalakrishnan,Gopalakrishnan,4
2022,gordeev,Gordeev,4
2022,gores,Gores,4
2022,gottesman,Gottesman,4
2022,gou,Gou,4
2022,graf,Graf,4
2022,graff,Graff,4
2022,gray,Gray,4
2022,grayken,Grayken,4
2022,green,Green,4
2022,greene,Greene,4
2022,grendene-bartelle,Grendene Bartelle,4
2022,grendys,Grendys,4
2022,grether,Grether,4
2022,griffin,Griffin,4
2022,grogg,Grogg,4
2022,gross,Gross,4
2022,gu,Gu,4
2022,guan,Guan,4
2022,gundlach,Gundlach,4
2022,guo,Guo,4
2022,gupta,Gupta,4
2022,guriev-family,Guriev & family,4
2022,gustavson,Gustavson,4
2022,gutseriev-brother,Gutseriev & brother,4
2022,habert-dassault,Habert-Dassault,4
2022,haefner,Haefner,4
2022,hagen,Hagen,4
2022,hagen-kjos,Hagen Kjos,4
2022,hagstr-mer,Hagströmer,4
2022,hains,Hains,4
2022,haji-ioannou,Haji-Ioannou,4
2022,hale,Hale,4
2022,halvorsen,Halvorsen,4
2022,hamied,Hamied,4
2022,hamm,Hamm,4
2022,hanafia,Hanafia,4
2022,hancock,Hancock,4
2022,hang,Hang,4
2022,hank-rhon,Hank Rhon,4
2022,hankey,Hankey,4
2022,hanrahan,Hanrahan,4
2022,hao,Hao,4
2022,happel,Happel,4
2022,harary,Harary,4
2022,hardy-knox,Hardy Knox,4
2022,hargreaves,Hargreaves,4
2022,hariri,Hariri,4
2022,harlap,Harlap,4
2022,harp-helu,Harp Helu,4
2022,harris,Harris,4
2022,hart,Hart,4
2022,hartono,Hartono,4
2022,harvey,Harvey,4
2022,hascak,Hascak,4
2022,haslam,Haslam,4
2022,hastings,Hastings,4
2022,haub,Haub,4
2022,hayne,Hayne,4
2022,he,He,4
2022,headington,Headington,4
2022,hector,Hector,4
2022,heine,Heine,4
2022,heinecke,Heinecke,4
2022,helgason,Helgason,4
2022,helmig,Helmig,4
2022,hendricks,Hendricks,4
2022,henkel,Henkel,4
2022,hennick,Hennick,4
2022,henry,Henry,4
2022,herlin,Herlin,4
2022,hernandez-ramirez,Hernandez Ramirez,4
2022,herrero,Herrero,4
2022,herz,Herz,4
2022,higgins,Higgins,4
2022,hildebrand,Hildebrand,4
2022,hill,Hill,4
2022,hindawi,Hindawi,4
2022,hinduja,Hinduja,4
2022,hintze,Hintze,4
2022,hiranandani,Hiranandani,4
2022,hirschfeld,Hirschfeld,4
2022,ho,Ho,4
2022,hochschild,Hochschild,4
2022,hockey,Hockey,4
2022,hoffman,Hoffman,4
2022,hoffmann,Hoffmann,4
2022,hohn,Hohn,4
2022,hoi,Hoi,4
2022,holder,Holder,4
2022,hong,Hong,4
2022,hopp,Hopp,4
2022,horejsi,Horejsi,4
2022,horten,Horten,4
2022,horton,Horton,4
2022,hostetter,Hostetter,4
2022,hou,Hou,4
2022,houston,Houston,4
2022,howard,Howard,4
2022,hsu,Hsu,4
2022,hua,Hua,4
2022,huang,Huang,4
2022,hubbard,Hubbard,4
2022,hughes,Hughes,4
2022,huh,Huh,4
2022,hui,Hui,4
2022,hulsizer,Hulsizer,4
2022,hult,Hult,4
2022,hungary,Hungary,4
2022,hunt,Hunt,4
2022,hwang,Hwang,4
2022,ibrahim,Ibrahim,4
2022,icahn,Icahn,4
2022,ilicak,Ilicak,4
2022,iliev,Iliev,4
2022,ilitch,Ilitch,4
2022,im-brahm-droege,im Brahm-Droege,4
2022,ingram,Ingram,4
2022,irsay,Irsay,4
2022,irving,Irving,4
2022,isaacman,Isaacman,4
2022,ishbia,Ishbia,4
2022,ishibashi,Ishibashi,4
2022,ito,Ito,4
2022,ivanishvili,Ivanishvili,4
2022,jackman,Jackman,4
2022,jackson,Jackson,4
2022,jacobs,Jacobs,4
2022,jacobson,Jacobson,4
2022,jacobsson,Jacobsson,4
2022,jagtiani,Jagtiani,4
2022,jain,Jain,4
2022,jaipuria,Jaipuria,4
2022,james,James,4
2022,jannard,Jannard,4
2022,jarislowsky,Jarislowsky,4
2022,jasti,Jasti,4
2022,jay-z,Jay-Z,4
2022,jensen,Jensen,4
2022,jhunjhunwala,Jhunjhunwala,4
2022,ji,Ji,4
2022,jia,Jia,4
2022,jian,Jian,4
2022,jiang,Jiang,4
2022,jiaravanon,Jiaravanon,4
2022,jiaravanont,Jiaravanont,4
2022,jin,Jin,4
2022,jindal,Jindal,4
2022,johannson,Johannson,4
2022,johnson,Johnson,4
2022,johnson-leipold,Johnson-Leipold,4
2022,jones,Jones,4
2022,jonsson,Jonsson,4
2022,jordan,Jordan,4
2022,joseph,Joseph,4
2022,juneja,Juneja,4
2022,junique,Junique,4
2022,juroszek,Juroszek,4
2022,just,Just,4
2022,k-rmann,Käärmann,4
2022,kadoorie,Kadoorie,4
2022,kaewbootta,Kaewbootta,4
2022,kahn,Kahn,4
2022,kaiser,Kaiser,4
2022,kalanick,Kalanick,4
2022,kalim,Kalim,4
2022,kalyani,Kalyani,4
2022,kamenshchik,Kamenshchik,4
2022,kamprad,Kamprad,4
2022,kanjanapas,Kanjanapas,4
2022,kantor,Kantor,4
2022,kao,Kao,4
2022,kapnick,Kapnick,4
2022,kapur,Kapur,4
2022,karam,Karam,4
2022,karapetyan,Karapetyan,4
2022,kardashian,Kardashian,4
2022,karp,Karp,4
2022,karsh,Karsh,4
2022,kaspersky,Kaspersky,4
2022,katz,Katz,4
2022,kavanaugh,Kavanaugh,4
2022,kayne,Kayne,4
2022,kei,Kei,4
2022,keinath,Keinath,4
2022,kelley,Kelley,4
2022,kellnerova,Kellnerova,4
2022,kellogg,Kellogg,4
2022,kelly,Kelly,4
2022,kemper,Kemper,4
2022,kendrick,Kendrick,4
2022,kennedy,Kennedy,4
2022,kenya,Kenya,4
2022,kerimov-family,Kerimov & family,4
2022,kesaev,Kesaev,4
2022,khan,Khan,4
2022,kharitonin,Kharitonin,4
2022,khosla,Khosla,4
2022,kibar,Kibar,4
2022,kim,Kim,4
2022,kimmel,Kimmel,4
2022,kinder,Kinder,4
2022,kipyatkov,Kipyatkov,4
2022,kirac,Kirac,4
2022,kirk,Kirk,4
2022,kirsh,Kirsh,4
2022,klagsbrun,Klagsbrun,4
2022,klarman,Klarman,4
2022,klatten,Klatten,4
2022,klinsky,Klinsky,4
2022,knapp,Knapp,4
2022,knauf,Knauf,4
2022,knight,Knight,4
2022,koc,Koc,4
2022,koch,Koch,4
2022,koerl,Koerl,4
2022,koguan,Koguan,4
2022,koh,Koh,4
2022,kohler,Kohler,4
2022,kolesnikov,Kolesnikov,4
2022,kolomoyskyy,Kolomoyskyy,4
2022,komarek,Komarek,4
2022,komarov,Komarov,4
2022,kondrashev,Kondrashev,4
2022,kong,Kong,4
2022,koo,Koo,4
2022,koon,Koon,4
2022,koplowitz,Koplowitz,4
2022,kosogov,Kosogov,4
2022,kotak,Kotak,4
2022,kothari,Kothari,4
2022,koum,Koum,4
2022,kovalchuk,Kovalchuk,4
2022,kovner,Kovner,4
2022,kozitsyn,Kozitsyn,4
2022,kozuki,Kozuki,4
2022,kraft,Kraft,4
2022,kramer,Kramer,4
2022,krasny,Krasny,4
2022,kravis,Kravis,4
2022,kretinsky,Kretinsky,4
2022,krieger,Krieger,4
2022,krigsner,Krigsner,4
2022,krishna,Krishna,4
2022,krishnan,Krishnan,4
2022,kristiansen,Kristiansen,4
2022,kroenke,Kroenke,4
2022,krystynak,Krystynak,4
2022,kuan,Kuan,4
2022,kucera,Kucera,4
2022,kucuk,Kucuk,4
2022,kuehne,Kuehne,4
2022,kulczyk,Kulczyk,4
2022,kulibaev,Kulibaev,4
2022,kulibaeva,Kulibaeva,4
2022,kulkov,Kulkov,4
2022,kumar-kishin-rk,Kumar & Kishin RK,4
2022,kuok,Kuok,4
2022,kuriwada,Kuriwada,4
2022,kurtz,Kurtz,4
2022,kurzius,Kurzius,4
2022,kushner,Kushner,4
2022,kusuma,Kusuma,4
2022,kuzmichev,Kuzmichev,4
2022,kwee,Kwee,4
2022,kweefanus,Kweefanus,4
2022,kwek,Kwek,4
2022,kwok,Kwok,4
2022,kwon,Kwon,4
2022,kwong,Kwong,4
2022,kyostila,Kyostila,4
2022,l-qu-c,Lê-Quôc,4
2022,lacob,Lacob,4
2022,ladreit-de-lacharriere,Ladreit de Lacharriere,4
2022,laffont,Laffont,4
2022,lai,Lai,4
2022,lal,Lal,4
2022,lalibert,Laliberté,4
2022,lam,Lam,4
2022,lampert,Lampert,4
2022,landini-aleotti,Landini Aleotti,4
2022,langer,Langer,4
2022,langley,Langley,4
2022,langone,Langone,4
2022,lansdown,Lansdown,4
2022,lao-hern-ndez,Lao Hernández,4
2022,larrea-mota-velasco,Larrea Mota Velasco,4
2022,larsen,Larsen,4
2022,lasry,Lasry,4
2022,latouche,Latouche,4
2022,latvia,Latvia,4
2022,lau,Lau,4
2022,lauder,Lauder,4
2022,laufer,Laufer,4
2022,laukien,Laukien,4
2022,lauren,Lauren,4
2022,laurie,Laurie,4
2022,lavin,Lavin,4
2022,law,Law,4
2022,lawson,Lawson,4
2022,lazari,Lazari,4
2022,le-duff,Le Duff,4
2022,le-roux,Le Roux,4
2022,leclercq,Leclercq,4
2022,lee,Lee,4
2022,lee-chin,Lee-Chin,4
2022,lefebvre-d-ovidio,Lefebvre d'Ovidio,4
2022,lefkofsky,Lefkofsky,4
2022,lefrak,LeFrak,4
2022,legorreta,Legorreta,4
2022,lehmann,Lehmann,4
2022,lei,Lei,4
2022,leibinger,Leibinger,4
2022,leibinger-kammueller,Leibinger-Kammueller,4
2022,leininger,Leininger,4
2022,leitner,Leitner,4
2022,lemann,Lemann,4
2022,leng,Leng,4
2022,leonard,Leonard,4
2022,leone,Leone,4
2022,leong,Leong,4
2022,leonsis,Leonsis,4
2022,leprino,Leprino,4
2022,lerner,Lerner,4
2022,levinson,Levinson,4
2022,lew,Lew,4
2022,lewis,Lewis,4
2022,li,Li,4
2022,liang,Liang,4
2022,liautaud,Liautaud,4
2022,lichtenstein,Lichtenstein,4
2022,liebmann,Liebmann,4
2022,liemandt,Liemandt,4
2022,lim,Lim,4
2022,lin,Lin,4
2022,lind-n-urnes,Lindén Urnes,4
2022,lindh,Lindh,4
2022,link,Link,4
2022,lisin,Lisin,4
2022,liu,Liu,4
2022,livingstone,Livingstone,4
2022,lo,Lo,4
2022,lodha,Lodha,4
2022,loeb,Loeb,4
2022,loh,Loh,4
2022,lohia,Lohia,4
2022,lomakin,Lomakin,4
2022,lomtadze,Lomtadze,4
2022,lorberbaum,Lorberbaum,4
2022,lorentzon,Lorentzon,4
2022,lou,Lou,4
2022,louie,Louie,4
2022,louis-dreyfus,Louis-Dreyfus,4
2022,louis-hansen,Louis-Hansen,4
2022,love,Love,4
2022,low-tuck,Low Tuck,4
2022,lowy,Lowy,4
2022,lozick,Lozick,4
2022,lubetzky,Lubetzky,4
2022,lucas,Lucas,4
2022,luddy,Luddy,4
2022,lui,Lui,4
2022,lun,Lun,4
2022,lundberg,Lundberg,4
2022,luo,Luo,4
2022,lurie,Lurie,4
2022,lutke,Lutke,4
2022,luxembourg,Luxembourg,4
2022,lytvyn,Lytvyn,4
2022,maag,Maag,4
2022,macmillan,MacMillan,4
2022,maezawa,Maezawa,4
2022,maggi,Maggi,4
2022,magness,Magness,4
2022,mahagitsiri,Mahagitsiri,4
2022,mahindra,Mahindra,4
2022,makarov,Makarov,4
2022,makhmudov,Makhmudov,4
2022,malhotra,Malhotra,4
2022,malik,Malik,4
2022,malone,Malone,4
2022,mamut,Mamut,4
2022,mandel,Mandel,4
2022,mansour,Mansour,4
2022,mansueto,Mansueto,4
2022,mantegazza,Mantegazza,4
2022,mao,Mao,4
2022,maran,Maran,4
2022,marcus,Marcus,4
2022,marguerre,Marguerre,4
2022,marinho,Marinho,4
2022,mariwala,Mariwala,4
2022,marks,Marks,4
2022,marquart,Marquart,4
2022,mars,Mars,4
2022,martin,Martin,4
2022,martinson,Martinson,4
2022,martullo-blocher,Martullo-Blocher,4
2022,mas,Mas,4
2022,maschmeyer,Maschmeyer,4
2022,masiyiwa,Masiyiwa,4
2022,mate,Mate,4
2022,mateschitz,Mateschitz,4
2022,mateus,Mateus,4
2022,mathieson,Mathieson,4
2022,mathile,Mathile,4
2022,matthews,Matthews,4
2022,mazumdar-shaw,Mazumdar-Shaw,4
2022,mcaulay,McAulay,4
2022,mccain,McCain,4
2022,mccaleb,McCaleb,4
2022,mccaw,McCaw,4
2022,mccombs,McCombs,4
2022,mckelvey,McKelvey,4
2022,mckinnon,McKinnon,4
2022,mclane,McLane,4
2022,mcmahon,McMahon,4
2022,mcmurtry,McMurtry,4
2022,mcnair,McNair,4
2022,mehta,Mehta,4
2022,meijer,Meijer,4
2022,meister,Meister,4
2022,melchers,Melchers,4
2022,melnichenko,Melnichenko,4
2022,menard,Menard,4
2022,meng,Meng,4
2022,menin-teixeira-de-souza,Menin Teixeira de Souza,4
2022,merckle,Merckle,4
2022,merieux,Merieux,4
2022,meszaros,Meszaros,4
2022,metropoulos,Metropoulos,4
2022,meyer,Meyer,4
2022,mi,Mi,4
2022,miao,Miao,4
2022,michael,Michael,4
2022,michel,Michel,4
2022,michelson,Michelson,4
2022,middleton,Middleton,4
2022,mikati,Mikati,4
2022,mikhelson,Mikhelson,4
2022,miki,Miki,4
2022,mikitani,Mikitani,4
2022,milchan,Milchan,4
2022,milken,Milken,4
2022,miller,Miller,4
2022,milner,Milner,4
2022,minami,Minami,4
2022,minda,Minda,4
2022,mindus,Mindus,4
2022,minozzi,Minozzi,4
2022,mistakidis,Mistakidis,4
2022,mistry,Mistry,4
2022,mittal,Mittal,4
2022,mnaymneh,Mnaymneh,4
2022,modi,Modi,4
2022,moll-filho,Moll Filho,4
2022,moller-nielsen,Moller Nielsen,4
2022,mommert,Mommert,4
2022,mondre,Mondre,4
2022,moore,Moore,4
2022,moraes,Moraes,4
2022,moraes-scripilliti,Moraes Scripilliti,4
2022,moratti,Moratti,4
2022,mordashov,Mordashov,4
2022,moreira-salles,Moreira Salles,4
2022,moreira-salles-junior,Moreira Salles Junior,4
2022,moreno,Moreno,4
2022,moretti-polegato,Moretti Polegato,4
2022,mori,Mori,4
2022,moritz,Moritz,4
2022,morocco,Morocco,4
2022,morris,Morris,4
2022,moshiri,Moshiri,4
2022,moshkovich,Moshkovich,4
2022,moskovitz,Moskovitz,4
2022,motsepe,Motsepe,4
2022,mouawad,Mouawad,4
2022,moyes,Moyes,4
2022,mu,Mu,4
2022,mueller,Mueller,4
2022,muglia,Muglia,4
2022,munger,Munger,4
2022,munjal,Munjal,4
2022,munot,Munot,4
2022,murdoch,Murdoch,4
2022,murdock,Murdock,4
2022,murphy,Murphy,4
2022,murtagh,Murtagh,4
2022,murthy,Murthy,4
2022,musallam,Musallam,4
2022,musk,Musk,4
2022,must,Must,4
2022,muthoot,Muthoot,4
2022,nacht,Nacht,4
2022,nadar,Nadar,4
2022,naeder,Naeder,4
2022,nagamori,Nagamori,4
2022,nahmad,Nahmad,4
2022,nakatani,Nakatani,4
2022,nan,Nan,4
2022,naoroji,Naoroji,4
2022,nardone,Nardone,4
2022,nayar,Nayar,4
2022,neilson,Neilson,4
2022,nelson,Nelson,4
2022,nemetschek,Nemetschek,4
2022,nesis,Nesis,4
2022,netherlands,Netherlands,4
2022,neumann,Neumann,4
2022,newell,Newell,4
2022,newhouse,Newhouse,4
2022,nguyen,Nguyen,4
2022,ni,Ni,4
2022,niarchos,Niarchos,4
2022,nicholas,Nicholas,4
2022,nie,Nie,4
2022,niel,Niel,4
2022,nigeria,Nigeria,4
2022,nilekani,Nilekani,4
2022,nisanov,Nisanov,4
2022,nitori,Nitori,4
2022,nixon,Nixon,4
2022,noda,Noda,4
2022,nordstrom,Nordstrom,4
2022,north-america,North America,4
2022,novinsky,Novinsky,4
2022,nuttall,Nuttall,4
2022,nuwal,Nuwal,4
2022,o-brien,O'Brien,4
2022,oberoi,Oberoi,4
2022,oberwelland,Oberwelland,4
2022,obrecht,Obrecht,4
2022,ocampo,Ocampo,4
2022,och,Och,4
2022,oei,Oei,4
2022,oeri,Oeri,4
2022,oetker,Oetker,4
2022,ofer,Ofer,4
2022,ogawa,Ogawa,4
2022,okada,Okada,4
2022,olenicoff,Olenicoff,4
2022,olivo-lopez,Olivo Lopez,4
2022,olsson,Olsson,4
2022,ometto-silveira-mello,Ometto Silveira Mello,4
2022,omidyar,Omidyar,4
2022,ongpin,Ongpin,4
2022,oppenheimer,Oppenheimer,4
2022,or,Or,4
2022,oringer,Oringer,4
2022,ortega,Ortega,4
2022,ortega-mera,Ortega Mera,4
2022,osathanugrah,Osathanugrah,4
2022,otsuka,Otsuka,4
2022,otto,Otto,4
2022,otto-bernstein,Otto-Bernstein,4
2022,overdeck,Overdeck,4
2022,oyler,Oyler,4
2022,ozdemir,Ozdemir,4
2022,ozmen,Ozmen,4
2022,p-ladeau,Péladeau,4
2022,packer,Packer,4
2022,page,Page,4
2022,pai,Pai,4
2022,palatchi,Palatchi,4
2022,palmer,Palmer,4
2022,panama,Panama,4
2022,pang,Pang,4
2022,pangestu,Pangestu,4
2022,parekh,Parekh,4
2022,parisotto,Parisotto,4
2022,park,Park,4
2022,parker,Parker,4
2022,parry-okeden,Parry-Okeden,4
2022,parsons,Parsons,4
2022,patel,Patel,4
2022,pattison,Pattison,4
2022,paul,Paul,4
2022,paulmann,Paulmann,4
2022,paulsen,Paulsen,4
2022,paulson,Paulson,4
2022,paulsson,Paulsson,4
2022,paval,Paval,4
2022,pedersen,Pedersen,4
2022,peery,Peery,4
2022,pegula,Pegula,4
2022,pei,Pei,4
2022,peltz,Peltz,4
2022,penaloza-alanis,Penaloza Alanis,4
2022,penske,Penske,4
2022,pera,Pera,4
2022,percassi,Percassi,4
2022,perelman,Perelman,4
2022,peres,Peres,4
2022,perez,Perez,4
2022,perez-companc,Perez Companc,4
2022,perfetti,Perfetti,4
2022,perkins,Perkins,4
2022,perlmutter,Perlmutter,4
2022,perot,Perot,4
2022,perret,Perret,4
2022,perrodo,Perrodo,4
2022,perry,Perry,4
2022,persson,Persson,4
2022,pessina,Pessina,4
2022,peterffy,Peterffy,4
2022,peterson,Peterson,4
2022,petty,Petty,4
2022,pham,Pham,4
2022,phillips,Phillips,4
2022,pi-era,Piñera,4
2022,pieper,Pieper,4
2022,pierer,Pierer,4
2022,pillai,Pillai,4
2022,pinault,Pinault,4
2022,pinchuk,Pinchuk,4
2022,pincus,Pincus,4
2022,pinheiro-koren-de-lima,Pinheiro Koren de Lima,4
2022,pinheiro-koren-de-lima-junior,Pinheiro Koren de Lima Junior,4
2022,piramal,Piramal,4
2022,plank,Plank,4
2022,platt,Platt,4
2022,plattner,Plattner,4
2022,poddar,Poddar,4
2022,pohl,Pohl,4
2022,polsky,Polsky,4
2022,pomel,Pomel,4
2022,ponce-lerou,Ponce Lerou,4
2022,ponomarenko,Ponomarenko,4
2022,poo,Poo,4
2022,poonawalla,Poonawalla,4
2022,popov,Popov,4
2022,potanin,Potanin,4
2022,pousaz,Pousaz,4
2022,povlsen,Povlsen,4
2022,powell-jobs,Powell Jobs,4
2022,prada,Prada,4
2022,prasad,Prasad,4
2022,prasarttong-osoth,Prasarttong-Osoth,4
2022,pratt,Pratt,4
2022,premji,Premji,4
2022,preston,Preston,4
2022,price,Price,4
2022,prince,Prince,4
2022,pritzker,Pritzker,4
2022,prokhorov,Prokhorov,4
2022,pu,Pu,4
2022,pudwill,Pudwill,4
2022,puech,Puech,4
2022,qi,Qi,4
2022,qian,Qian,4
2022,qin,Qin,4
2022,qiu,Qiu,4
2022,qu,Qu,4
2022,quandt,Quandt,4
2022,quek,Quek,4
2022,rabie,Rabie,4
2022,rabiu,Rabiu,4
2022,rachmat,Rachmat,4
2022,radvinsky,Radvinsky,4
2022,ragon,Ragon,4
2022,raheja,Raheja,4
2022,rahimkulov-family,Rahimkulov & family,4
2022,rahr,Rahr,4
2022,rajendran,Rajendran,4
2022,rales,Rales,4
2022,rameshwar-rao,Rameshwar Rao,4
2022,rao,Rao,4
2022,rappoport,Rappoport,4
2022,rashnikov,Rashnikov,4
2022,ratanarak,Ratanarak,4
2022,ratanavadi,Ratanavadi,4
2022,ratcliffe,Ratcliffe,4
2022,rausing,Rausing,4
2022,raveendran,Raveendran,4
2022,rayner,Rayner,4
2022,razon-jr,Razon Jr.,4
2022,rebrab,Rebrab,4
2022,rechulski-santo-domingo,Rechulski Santo Domingo,4
2022,reddy,Reddy,4
2022,reece,Reece,4
2022,rees,Rees,4
2022,rees-jones,Rees-Jones,4
2022,reimann,Reimann,4
2022,reimann-andersen,Reimann-Andersen,4
2022,reimann-haas,Reimann-Haas,4
2022,rein,Rein,4
2022,reinhart,Reinhart,4
2022,reinsdorf,Reinsdorf,4
2022,reitan,Reitan,4
2022,ren,Ren,4
2022,rennert,Rennert,4
2022,repik,Repik,4
2022,repole,Repole,4
2022,resnick,Resnick,4
2022,ressler,Ressler,4
2022,reuben,Reuben,4
2022,revoredo,Revoredo,4
2022,reyes,Reyes,4
2022,riady,Riady,4
2022,riberas-mera,Riberas Mera,4
2022,rich,Rich,4
2022,richison,Richison,4
2022,ricketts,Ricketts,4
2022,rihanna,Rihanna,4
2022,rinehart,Rinehart,4
2022,riney,Riney,4
2022,robbins,Robbins,4
2022,roberts,Roberts,4
2022,robertson,Robertson,4
2022,rocca,Rocca,4
2022,rodriguez-pastor,Rodriguez-Pastor,4
2022,roemmers,Roemmers,4
2022,rogers,Rogers,4
2022,roig,Roig,4
2022,rokke,Rokke,4
2022,rokos,Rokos,4
2022,rollins,Rollins,4
2022,roski,Roski,4
2022,ross,Ross,4
2022,rossmann,Rossmann,4
2022,rosso,Rosso,4
2022,roszak,Roszak,4
2022,rotenberg,Rotenberg,4
2022,rothschild,Rothschild,4
2022,rowan,Rowan,4
2022,rowling,Rowling,4
2022,ruan,Ruan,4
2022,ruayrungruang,Ruayrungruang,4
2022,rubenstein,Rubenstein,4
2022,rubin,Rubin,4
2022,ruffin,Ruffin,4
2022,ruffini,Ruffini,4
2022,runwal,Runwal,4
2022,rupert,Rupert,4
2022,russell,Russell,4
2022,ryan,Ryan,4
2022,rybakov,Rybakov,4
2022,rybolovlev,Rybolovlev,4
2022,rydge,Rydge,4
2022,saad,Saadé,4
2022,saban,Saban,4
2022,sacks,Sacks,4
2022,safra,Safra,4
2022,saghian,Saghian,4
2022,sagi,Sagi,4
2022,sahenk,Sahenk,4
2022,sahi,Sahi,4
2022,sahin,Sahin,4
2022,saji,Saji,4
2022,sajwani,Sajwani,4
2022,sakellaris,Sakellaris,4
2022,salata,Salata,4
2022,salinas-pliego,Salinas Pliego,4
2022,sall,Sall,4
2022,samueli,Samueli,4
2022,samwer,Samwer,4
2022,sanchez,Sanchez,4
2022,sandberg,Sandberg,4
2022,sandell,Sandell,4
2022,sands,Sands,4
2022,sanford,Sanford,4
2022,santo-domingo,Santo Domingo,4
2022,saputo,Saputo,4
2022,saraf,Saraf,4
2022,sariaatmadja,Sariaatmadja,4
2022,sarma,Sarma,4
2022,sarmiento,Sarmiento,4
2022,sarofim,Sarofim,4
2022,sarowitz,Sarowitz,4
2022,sartorius-herbst,Sartorius-Herbst,4
2022,satomi,Satomi,4
2022,saul,Saul,4
2022,saverin,Saverin,4
2022,saville,Saville,4
2022,savvidis,Savvidis,4
2022,sawhney,Sawhney,4
2022,sawiris,Sawiris,4
2022,saylor,Saylor,4
2022,scapa,Scapa,4
2022,schaeffler,Schaeffler,4
2022,schaeffler-thumann,Schaeffler-Thumann,4
2022,schar,Schar,4
2022,scheinberg,Scheinberg,4
2022,scheufele,Scheufele,4
2022,schick,Schick,4
2022,schleifer,Schleifer,4
2022,schlosberg,Schlosberg,4
2022,schmidheiny,Schmidheiny,4
2022,schmidt,Schmidt,4
2022,schmieding,Schmieding,4
2022,schnabel,Schnabel,4
2022,schoeller,Schoeller,4
2022,schoerghuber,Schoerghuber,4
2022,schorling,Schorling,4
2022,schuijff,Schuijff,4
2022,schulenberg,Schulenberg,4
2022,schultz,Schultz,4
2022,schulze,Schulze,4
2022,schusterman,Schusterman,4
2022,schuurman,Schuurman,4
2022,schwab,Schwab,4
2022,schwartz,Schwartz,4
2022,schwarz,Schwarz,4
2022,schwarzman,Schwarzman,4
2022,sciarra,Sciarra,4
2022,scott,Scott,4
2022,seabra,Seabra,4
2022,secunda,Secunda,4
2022,sehgal,Sehgal,4
2022,selig,Selig,4
2022,selin,Selin,4
2022,seo,Seo,4
2022,ser-gnoli,Seràgnoli,4
2022,sethi,Sethi,4
2022,setthasit,Setthasit,4
2022,shah,Shah,4
2022,shaimiev,Shaimiev,4
2022,shang,Shang,4
2022,shanghvi,Shanghvi,4
2022,shani,Shani,4
2022,shao,Shao,4
2022,sharma,Sharma,4
2022,shashua,Shashua,4
2022,shaw,Shaw,4
2022,shefler,Shefler,4
2022,shelkov,Shelkov,4
2022,shen,Shen,4
2022,shetty,Shetty,4
2022,shevchenko,Shevchenko,4
2022,shi,Shi,4
2022,shibahara,Shibahara,4
2022,shibulal,Shibulal,4
2022,shigaboutdinov,Shigaboutdinov,4
2022,shigeta,Shigeta,4
2022,shimamura,Shimamura,4
2022,shinawatra,Shinawatra,4
2022,shleifer,Shleifer,4
2022,shoen,Shoen,4
2022,shriram,Shriram,4
2022,shroff,Shroff,4
2022,shu,Shu,4
2022,shum,Shum,4
2022,shvidler,Shvidler,4
2022,shwed,Shwed,4
2022,siccardi,Siccardi,4
2022,sick-glaser,Sick-Glaser,4
2022,sicupira,Sicupira,4
2022,siebel,Siebel,4
2022,siegel,Siegel,4
2022,siemiatkowski,Siemiatkowski,4
2022,silbermann,Silbermann,4
2022,silbert,Silbert,4
2022,sim,Sim,4
2022,simon,Simon,4
2022,simons,Simons,4
2022,simonyi,Simonyi,4
2022,singer,Singer,4
2022,singh,Singh,4
2022,singhal,Singhal,4
2022,singhania,Singhania,4
2022,sirivadhanabhakdi,Sirivadhanabhakdi,4
2022,sitorus,Sitorus,4
2022,sixt,Sixt,4
2022,skoch-family,Skoch & family,4
2022,skoll,Skoll,4
2022,skorobogatko,Skorobogatko,4
2022,slim-helu,Slim Helu,4
2022,slootman,Slootman,4
2022,smidt,Smidt,4
2022,smith,Smith,4
2022,snow,Snow,4
2022,snyder,Snyder,4
2022,sobrato,Sobrato,4
2022,soderstrom,Soderstrom,4
2022,soeryadjaya,Soeryadjaya,4
2022,sohmen,Sohmen,4
2022,solon,Solon,4
2022,solorz-zak,Solorz-Zak,4
2022,solowow,Solowow,4
2022,son,Son,4
2022,sondakh,Sondakh,4
2022,song,Song,4
2022,soon-shiong,Soon-Shiong,4
2022,soota,Soota,4
2022,soros,Soros,4
2022,south-america,South America,4
2022,speiser,Speiser,4
2022,spencer,Spencer,4
2022,sperling,Sperling,4
2022,speyer,Speyer,4
2022,spiegel,Spiegel,4
2022,spielberg,Spielberg,4
2022,sprecher,Sprecher,4
2022,springer,Springer,4
2022,spuhler,Spuhler,4
2022,squinzi,Squinzi,4
2022,srinivasan,Srinivasan,4
2022,stack,Stack,4
2022,starak,Starak,4
2022,stawski,Stawski,4
2022,steinberg,Steinberg,4
2022,steinhardt,Steinhardt,4
2022,stephens,Stephens,4
2022,sterberg,Österberg,4
2022,sterling,Sterling,4
2022,stern,Stern,4
2022,sternlicht,Sternlicht,4
2022,stevanato,Stevanato,4
2022,stevens,Stevens,4
2022,steward,Steward,4
2022,steyer,Steyer,4
2022,stine,Stine,4
2022,stitzer,Stitzer,4
2022,stoica,Stoica,4
2022,stokes,Stokes,4
2022,stone,Stone,4
2022,stordalen,Stordalen,4
2022,storonsky,Storonsky,4
2022,storz,Storz,4
2022,straumann,Straumann,4
2022,stroeer,Stroeer,4
2022,stroeher,Stroeher,4
2022,stroll,Stroll,4
2022,struengmann,Struengmann,4
2022,stryker,Stryker,4
2022,stul,Stul,4
2022,stumpf,Stumpf,4
2022,su,Su,4
2022,sugiri,Sugiri,4
2022,suh,Suh,4
2022,sulistyo,Sulistyo,4
2022,sulteev,Sulteev,4
2022,sun,Sun,4
2022,sundheim,Sundheim,4
2022,surana,Surana,4
2022,susanto,Susanto,4
2022,sutantio,Sutantio,4
2022,sutardja,Sutardja,4
2022,sutton,Sutton,4
2022,suwarto,Suwarto,4
2022,sverdlov,Sverdlov,4
2022,svetakov,Svetakov,4
2022,sweeney,Sweeney,4
2022,swieca,Swieca,4
2022,switzerland,Switzerland,4
2022,sy-coson,Sy-Coson,4
2022,syrian-arab-republic,Syria,4
2022,systrom,Systrom,4
2022,sze,Sze,4
2022,tack,Tack,4
2022,tada,Tada,4
2022,tahir,Tahir,4
2022,takahara,Takahara,4
2022,takizaki,Takizaki,4
2022,talpins,Talpins,4
2022,tamer,Tamer,4
2022,tan,Tan,4
2022,tan-caktiong,Tan Caktiong,4
2022,tanaka,Tanaka,4
2022,tang,Tang,4
2022,tange,Tange,4
2022,tangkaravakoon,Tangkaravakoon,4
2022,tangney,Tangney,4
2022,tanjung,Tanjung,4
2022,tanoesoedibjo,Tanoesoedibjo,4
2022,tanoko,Tanoko,4
2022,tanoto,Tanoto,4
2022,tao,Tao,4
2022,tara,Tara,4
2022,tarascio,Tarascio,4
2022,taravella,Taravella,4
2022,taylor,Taylor,4
2022,tedja,Tedja,4
2022,teh,Teh,4
2022,telles,Telles,4
2022,teoh,Teoh,4
2022,tepper,Tepper,4
2022,tewari,Tewari,4
2022,tham,Tham,4
2022,thiel,Thiel,4
2022,thiele,Thiele,4
2022,thiele-schuerhoff,Thiele-Schuerhoff,4
2022,thinggaard,Thinggaard,4
2022,thoma,Thoma,4
2022,thompson,Thompson,4
2022,thomson,Thomson,4
2022,thongtang,Thongtang,4
2022,thyssen,Thyssen,4
2022,tian,Tian,4
2022,tiku,Tiku,4
2022,timchenko,Timchenko,4
2022,tiriac,Tiriac,4
2022,tisch,Tisch,4
2022,toeller,Toeller,4
2022,toennies,Toennies,4
2022,tojner,Tojner,4
2022,toll,Toll,4
2022,tollefsen,Tollefsen,4
2022,tombolato,Tombolato,4
2022,tong,Tong,4
2022,tong-liu,Tong Liu,4
2022,tornqvist,Tornqvist,4
2022,trajano,Trajano,4
2022,tran,Tran,4
2022,tran-dinh,Tran Dinh,4
2022,trefler,Trefler,4
2022,triguboff,Triguboff,4
2022,triva,Triva,4
2022,troendle,Troendle,4
2022,trott,Trott,4
2022,troutt,Troutt,4
2022,trump,Trump,4
2022,tsai,Tsai,4
2022,tschira,Tschira,4
2022,tse,Tse,4
2022,tseng,Tseng,4
2022,tshuva,Tshuva,4
2022,tu,Tu,4
2022,tuchman,Tuchman,4
2022,tull,Tull,4
2022,tung,Tung,4
2022,turlov,Turlov,4
2022,turner,Turner,4
2022,tykac,Tykac,4
2022,tyson,Tyson,4
2022,udvar-hazy,Udvar-Hazy,4
2022,ulker,Ulker,4
2022,ullal,Ullal,4
2022,ulukaya,Ulukaya,4
2022,unger,Unger,4
2022,uno,Uno,4
2022,upatkoon,Upatkoon,4
2022,uruguay,Uruguay,4
2022,usmanov,Usmanov,4
2022,utemuratov,Utemuratov,4
2022,vachani,Vachani,4
2022,valani,Valani,4
2022,van-den-ende,van den Ende,4
2022,van-der-does,van der Does,4
2022,van-der-leegte,van der Leegte,4
2022,van-geet,Van Geet,4
2022,van-lieshout,Van Lieshout,4
2022,vandersloot,VanderSloot,4
2022,vardinoyannis-family,Vardinoyannis & family,4
2022,vargi,Vargi,4
2022,varkey,Varkey,4
2022,vekselberg,Vekselberg,4
2022,velez,Velez,4
2022,vembu,Vembu,4
2022,veronesi,Veronesi,4
2022,viddayakorn,Viddayakorn,4
2022,viessmann,Viessmann,4
2022,vigil-gonzalez,Vigil Gonzalez,4
2022,vijitpongpun,Vijitpongpun,4
2022,villar,Villar,4
2022,vinciarelli,Vinciarelli,4
2022,viola,Viola,4
2022,virwani,Virwani,4
2022,viswanathan,Viswanathan,4
2022,vitek,Vitek,4
2022,von-bahr,von Bahr,4
2022,von-bechtolsheim,von Bechtolsheim,4
2022,von-finck,von Finck,4
2022,von-holtzbrinck,von Holtzbrinck,4
2022,von-koch,von Koch,4
2022,von-mandl,von Mandl,4
2022,von-opel,von Opel,4
2022,vultaggio,Vultaggio,4
2022,wacker,Wacker,4
2022,wada,Wada,4
2022,wadhwani,Wadhwani,4
2022,wadia,Wadia,4
2022,wagner,Wagner,4
2022,walentas,Walentas,4
2022,walker,Walker,4
2022,walter,Walter,4
2022,walton,Walton,4
2022,wan,Wan,4
2022,wanek,Wanek,4
2022,wang,Wang,4
2022,warke,Warke,4
2022,warner,Warner,4
2022,warren,Warren,4
2022,washington,Washington,4
2022,watterson,Watterson,4
2022,weaver,Weaver,4
2022,weber,Weber,4
2022,wee,Wee,4
2022,wei,Wei,4
2022,weiner,Weiner,4
2022,welker,Welker,4
2022,wen,Wen,4
2022,weng,Weng,4
2022,wentz,Wentz,4
2022,werner,Werner,4
2022,werninghaus,Werninghaus,4
2022,wertheim,Wertheim,4
2022,wertheimer,Wertheimer,4
2022,wesjohann,Wesjohann,4
2022,west,West,4
2022,wexner,Wexner,4
2022,white,White,4
2022,whitman,Whitman,4
2022,wietlisbach,Wietlisbach,4
2022,wild,Wild,4
2022,wilks,Wilks,4
2022,williams,Williams,4
2022,wilson,Wilson,4
2022,winfrey,Winfrey,4
2022,wingefors,Wingefors,4
2022,winklevoss,Winklevoss,4
2022,winn,Winn,4
2022,wittouck,Wittouck,4
2022,witzoe,Witzoe,4
2022,wobben,Wobben,4
2022,wong,Wong,4
2022,woo,Woo,4
2022,wood,Wood,4
2022,wortmann,Wortmann,4
2022,wrigley,Wrigley,4
2022,wu,Wu,4
2022,wuerbser,Wuerbser,4
2022,wuerth,Wuerth,4
2022,wynn,Wynn,4
2022,wyss,Wyss,4
2022,xia,Xia,4
2022,xiang,Xiang,4
2022,xiao,Xiao,4
2022,xie,Xie,4
2022,xiong,Xiong,4
2022,xiu,Xiu,4
2022,xue,Xue,4
2022,yamada,Yamada,4
2022,yan,Yan,4
2022,yanai,Yanai,4
2022,yancopoulos,Yancopoulos,4
2022,yang,Yang,4
2022,yao,Yao,4
2022,yarbrough,Yarbrough,4
2022,yass,Yass,4
2022,yasuda,Yasuda,4
2022,yatsenko,Yatsenko,4
2022,yeh,Yeh,4
2022,yemen-rep,Yemen,4
2022,yeung,Yeung,4
2022,yevtushenkov,Yevtushenkov,4
2022,yi,Yi,4
2022,yin,Yin,4
2022,ying,Ying,4
2022,yoo,Yoo,4
2022,york,York,4
2022,yoshida,Yoshida,4
2022,you,You,4
2022,young,Young,4
2022,yu,Yu,4
2022,yuan,Yuan,4
2022,yuengling,Yuengling,4
2022,yushvaev,Yushvaev,4
2022,yusuff-ali,Yusuff Ali,4
2022,yusufov,Yusufov,4
2022,zaharia,Zaharia,4
2022,zalik,Zalik,4
2022,zalupski,Zalupski,4
2022,zan,Zan,4
2022,zeev,Zeev,4
2022,zegar,Zegar,4
2022,zekelman,Zekelman,4
2022,zell,Zell,4
2022,zeller,Zeller,4
2022,zeng,Zeng,4
2022,zhang,Zhang,4
2022,zhang-xin-pan,Zhang Xin & Pan,4
2022,zhao,Zhao,4
2022,zheng,Zheng,4
2022,zhevago,Zhevago,4
2022,zhong,Zhong,4
2022,zhou,Zhou,4
2022,zhu,Zhu,4
2022,zhuang,Zhuang,4
2022,zhuo,Zhuo,4
2022,ziff,Ziff,4
2022,zong,Zong,4
2022,zucker,Zucker,4
2022,zuckerberg,Zuckerberg,4
2022,zuckerman,Zuckerman,4
2023,aarnio-wihuri,Aarnio-Wihuri,4
2023,abdalla-filho,Abdalla Filho,4
2023,abello,Abello,4
2023,abraham,Abraham,4
2023,abramov,Abramov,4
2023,abramovich,Abramovich,4
2023,ackman,Ackman,4
2023,acton,Acton,4
2023,adair,Adair,4
2023,adams,Adams,4
2023,adams-strunk,Adams Strunk,4
2023,adani,Adani,4
2023,adderley,Adderley,4
2023,adelson,Adelson,4
2023,adenuga,Adenuga,4
2023,adikoesoemo,Adikoesoemo,4
2023,afeyan,Afeyan,4
2023,aga,Aga,4
2023,agarwal,Agarwal,4
2023,agrawal,Agrawal,4
2023,ahunai,Ahunai,4
2023,akhannouch,Akhannouch,4
2023,akhmedov,Akhmedov,4
2023,akhmetov,Akhmetov,4
2023,akin,Akin,4
2023,al-fayed,Al Fayed,4
2023,al-futtaim,Al Futtaim,4
2023,al-ghurair,Al Ghurair,4
2023,al-thani,Al Thani,4
2023,albrecht,Albrecht,4
2023,albrecht-jr,Albrecht Jr.,4
2023,albukhary,AlBukhary,4
2023,alcocer,Alcocer,4
2023,alekperov,Alekperov,4
2023,alessandri,Alessandri,4
2023,alexander,Alexander,4
2023,alfond,Alfond,4
2023,allen,Allen,4
2023,altrad,Altrad,4
2023,altushkin,Altushkin,4
2023,alukkas,Alukkas,4
2023,alves-de-queiroz-filho,Alves de Queiroz Filho,4
2023,ambani,Ambani,4
2023,amin,Amin,4
2023,amorim,Amorim,4
2023,andic,Andic,4
2023,andreessen,Andreessen,4
2023,andreev,Andreev,4
2023,andresen,Andresen,4
2023,ang,Ang,4
2023,angelicoussis,Angelicoussis,4
2023,angelini-rossi,Angelini Rossi,4
2023,angermayer,Angermayer,4
2023,anisimov,Anisimov,4
2023,anschutz,Anschutz,4
2023,anttonen,Anttonen,4
2023,aponte,Aponte,4
2023,aponte-diamant,Aponte-Diamant,4
2023,arai,Arai,4
2023,aramburuzabala,Aramburuzabala,4
2023,argyros,Argyros,4
2023,arison,Arison,4
2023,aristrain,Aristrain,4
2023,arkin,Arkin,4
2023,armani,Armani,4
2023,armitage,Armitage,4
2023,armstrong,Armstrong,4
2023,arnault,Arnault,4
2023,arnold,Arnold,4
2023,arora,Arora,4
2023,arougheti,Arougheti,4
2023,arsel,Arsel,4
2023,arvedi,Arvedi,4
2023,asavabhokhin,Asavabhokhin,4
2023,ashcroft,Ashcroft,4
2023,ashkenazy,Ashkenazy,4
2023,ashley,Ashley,4
2023,asness,Asness,4
2023,austin,Austin,4
2023,avara,Avara,4
2023,avdeev,Avdeev,4
2023,avdolyan,Avdolyan,4
2023,aven,Aven,4
2023,aviram,Aviram,4
2023,awotona,Awotona,4
2023,ax-son-johnson,Ax:son Johnson,4
2023,aydinlar,Aydinlar,4
2023,azrieli,Azrieli,4
2023,babis,Babis,4
2023,bacaksiz,Bacaksiz,4
2023,bacon,Bacon,4
2023,bae,Bae,4
2023,bahwan,Bahwan,4
2023,bai,Bai,4
2023,bailey,Bailey,4
2023,bailleres-gual,Bailleres Gual,4
2023,bajaj,Bajaj,4
2023,bakalchuk,Bakalchuk,4
2023,baker,Baker,4
2023,balkrishna,Balkrishna,4
2023,ballmer,Ballmer,4
2023,bamberger,Bamberger,4
2023,bamford,Bamford,4
2023,bancel,Bancel,4
2023,bang,Bang,4
2023,banga,Banga,4
2023,bangur,Bangur,4
2023,bansal,Bansal,4
2023,barki,Barki,4
2023,barnard,Barnard,4
2023,baro,Baro,4
2023,baron,Baron,4
2023,basilico,Basilico,4
2023,bass,Bass,4
2023,baszucki,Baszucki,4
2023,batista,Batista,4
2023,baturina,Baturina,4
2023,baudis,Baudis,4
2023,bauer,Bauer,4
2023,baumann-blocher,Baumann-Blocher,4
2023,bawri,Bawri,4
2023,beal,Beal,4
2023,beard,Beard,4
2023,beaufour,Beaufour,4
2023,bechtel,Bechtel,4
2023,beckmann-legoretta,Beckmann Legoretta,4
2023,beckmann-legorreta,Beckmann Legorreta,4
2023,behring,Behring,4
2023,beier,Beier,4
2023,bekker,Bekker,4
2023,bellon,Bellon,4
2023,benetton,Benetton,4
2023,benioff,Benioff,4
2023,benjelloun,Benjelloun,4
2023,benko,Benko,4
2023,bennet,Bennet,4
2023,bennett,Bennett,4
2023,benson,Benson,4
2023,berggruen,Berggruen,4
2023,berkley,Berkley,4
2023,berlusconi,Berlusconi,4
2023,bertarelli,Bertarelli,4
2023,bertelli,Bertelli,4
2023,besnier,Besnier,4
2023,besnier-beauvalot,Besnier Beauvalot,4
2023,bettencourt-meyers,Bettencourt Meyers,4
2023,beveridge,Beveridge,4
2023,bezos,Bezos,4
2023,bharat-ram,Bharat Ram,4
2023,bhartia,Bhartia,4
2023,bhatia,Bhatia,4
2023,bhusri,Bhusri,4
2023,bicket,Bicket,4
2023,biernacki,Biernacki,4
2023,bikhchandani,Bikhchandani,4
2023,billi,Billi,4
2023,bino,Bino,4
2023,biondi,Biondi,4
2023,birkenstock,Birkenstock,4
2023,birla,Birla,4
2023,birmingham-perot,Birmingham Perot,4
2023,bisciotti,Bisciotti,4
2023,bishop,Bishop,4
2023,biswas,Biswas,4
2023,bjorgolfsson,Bjorgolfsson,4
2023,black,Black,4
2023,blakely,Blakely,4
2023,blank,Blank,4
2023,blankfein,Blankfein,4
2023,blavatnik,Blavatnik,4
2023,blecharczyk,Blecharczyk,4
2023,blickle,Blickle,4
2023,blitzer,Blitzer,4
2023,blocher,Blocher,4
2023,bloomberg,Bloomberg,4
2023,bloor,Bloor,4
2023,blue,Blue,4
2023,bluhm,Bluhm,4
2023,blundy,Blundy,4
2023,boehly,Boehly,4
2023,boersma,Boersma,4
2023,bogdanov,Bogdanov,4
2023,boguslavsky,Boguslavsky,4
2023,boholyubov,Boholyubov,4
2023,bokarev,Bokarev,4
2023,bollor,Bolloré,4
2023,bombassei,Bombassei,4
2023,bonderman,Bonderman,4
2023,bonvin,Bonvin,4
2023,booth,Booth,4
2023,boquoi,Boquoi,4
2023,bouchard,Bouchard,4
2023,bouygues,Bouygues,4
2023,boyd,Boyd,4
2023,boyko,Boyko,4
2023,boyle,Boyle,4
2023,bozano,Bozano,4
2023,braman,Braman,4
2023,branson,Branson,4
2023,braun,Braun,4
2023,braun-luedicke,Braun-Luedicke,4
2023,bravo,Bravo,4
2023,bren,Bren,4
2023,brescia-cafferata,Brescia Cafferata,4
2023,breslow,Breslow,4
2023,breyer,Breyer,4
2023,brin,Brin,4
2023,broad,Broad,4
2023,broermann,Broermann,4
2023,bronfman,Bronfman,4
2023,brown,Brown,4
2023,bruch,Bruch,4
2023,bucher-haefner,Bucher-Haefner,4
2023,budiman,Budiman,4
2023,buffett,Buffett,4
2023,buinov,Buinov,4
2023,bukhman,Bukhman,4
2023,bulgari,Bulgari,4
2023,bulgheroni,Bulgheroni,4
2023,burda,Burda,4
2023,burkle,Burkle,4
2023,burman,Burman,4
2023,busujima,Busujima,4
2023,butt,Butt,4
2023,butterfield,Butterfield,4
2023,cai,Cai,4
2023,calder,Calder,4
2023,calik,Calik,4
2023,caltagirone,Caltagirone,4
2023,camp,Camp,4
2023,cannon-brookes,Cannon-Brookes,4
2023,cao,Cao,4
2023,caporella,Caporella,4
2023,caprotti,Caprotti,4
2023,cargill,Cargill,4
2023,carmignac,Carmignac,4
2023,carroll,Carroll,4
2023,caruso,Caruso,4
2023,casalena,Casalena,4
2023,case,Case,4
2023,cathy,Cathy,4
2023,cathy-white,Cathy White,4
2023,catsimatidis,Catsimatidis,4
2023,catz,Catz,4
2023,caudwell,Caudwell,4
2023,cayard,Cayard,4
2023,cen,Cen,4
2023,chaiyawan,Chaiyawan,4
2023,chambers,Chambers,4
2023,chan,Chan,4
2023,chandler,Chandler,4
2023,chandramogan,Chandramogan,4
2023,chang,Chang,4
2023,chao,Chao,4
2023,chaudhary,Chaudhary,4
2023,chaudhry,Chaudhry,4
2023,cheah,Cheah,4
2023,chearavanont,Chearavanont,4
2023,chen,Chen,4
2023,cheng,Cheng,4
2023,cheriton,Cheriton,4
2023,cherng,Cherng,4
2023,chesky,Chesky,4
2023,chestnut,Chestnut,4
2023,chey,Chey,4
2023,chi,Chi,4
2023,chiaravanond,Chiaravanond,4
2023,chiaravanont,Chiaravanont,4
2023,chico-pardo,Chico Pardo,4
2023,chin,Chin,4
2023,chiravanond,Chiravanond,4
2023,chittilappilly,Chittilappilly,4
2023,chiu,Chiu,4
2023,cho,Cho,4
2023,choi,Choi,4
2023,choksi,Choksi,4
2023,choo,Choo,4
2023,chrenko,Chrenko,4
2023,christodoulou,Christodoulou,4
2023,christopher,Christopher,4
2023,chu,Chu,4
2023,chua,Chua,4
2023,chudgar,Chudgar,4
2023,chung,Chung,4
2023,ciner,Ciner,4
2023,clark,Clark,4
2023,claure,Claure,4
2023,coates,Coates,4
2023,cockwell,Cockwell,4
2023,cohen,Cohen,4
2023,coleman,Coleman,4
2023,collison,Collison,4
2023,commisso,Commisso,4
2023,conrad,Conrad,4
2023,conway,Conway,4
2023,cook,Cook,4
2023,coombs,Coombs,4
2023,cooperman,Cooperman,4
2023,cortina,Cortina,4
2023,costantini,Costantini,4
2023,coulter,Coulter,4
2023,coutu,Coutu,4
2023,cowin,Cowin,4
2023,coxe,Coxe,4
2023,crane,Crane,4
2023,crippa,Crippa,4
2023,crishna-godrej,Crishna-Godrej,4
2023,crook,Crook,4
2023,csanyi,Csanyi,4
2023,cuban,Cuban,4
2023,cucinelli,Cucinelli,4
2023,currie,Currie,4
2023,d-amours,D'Amours,4
2023,d-aniello,D'Aniello,4
2023,d-ieteren,D'Ieteren,4
2023,dageville,Dageville,4
2023,dai,Dai,4
2023,daitch,Daitch,4
2023,dalio,Dalio,4
2023,dalmia,Dalmia,4
2023,damani,Damani,4
2023,damen,Damen,4
2023,dang,Dang,4
2023,dangermond,Dangermond,4
2023,dangote,Dangote,4
2023,dani,Dani,4
2023,dantchik,Dantchik,4
2023,dart,Dart,4
2023,dassault,Dassault,4
2023,daurella,Daurella,4
2023,daurella-aguilera,Daurella Aguilera,4
2023,davila-de-santo-domingo,Davila de Santo Domingo,4
2023,davis,Davis,4
2023,dayan,Dayan,4
2023,de-carvalho-heineken,de Carvalho-Heineken,4
2023,de-longhi,De'Longhi,4
2023,de-mattos-barretto-villela,de Mattos Barretto Villela,4
2023,de-mol,de Mol,4
2023,de-nora,De Nora,4
2023,deason,Deason,4
2023,debartolo,DeBartolo,4
2023,deckoff,Deckoff,4
2023,dejoria,DeJoria,4
2023,del-pino,Del Pino,4
2023,del-valle-ruiz,Del Valle Ruiz,4
2023,del-vecchio,Del Vecchio,4
2023,dell,Dell,4
2023,della-valle,Della Valle,4
2023,deluca,DeLuca,4
2023,denegri,Denegri,4
2023,deng,Deng,4
2023,dentressangle,Dentressangle,4
2023,deripaska,Deripaska,4
2023,desai,Desai,4
2023,desantis,DeSantis,4
2023,deshpande,Deshpande,4
2023,desmond,Desmond,4
2023,dewji,Dewji,4
2023,dhingra,Dhingra,4
2023,diao,Diao,4
2023,diethelm,Diethelm,4
2023,diller,Diller,4
2023,dimon,Dimon,4
2023,dinan,Dinan,4
2023,dines,Dines,4
2023,dinesh,Dinesh,4
2023,ding,Ding,4
2023,diniz,Diniz,4
2023,divi,Divi,4
2023,dixon,Dixon,4
2023,dizdar,Dizdar,4
2023,dmitriev,Dmitriev,4
2023,doepfner,Doepfner,4
2023,doerr,Doerr,4
2023,dogan,Dogan,4
2023,dolan,Dolan,4
2023,dolby,Dolby,4
2023,dolce,Dolce,4
2023,dommermuth,Dommermuth,4
2023,domuschiev,Domuschiev,4
2023,dong,Dong,4
2023,doris,Doris,4
2023,dorrance,Dorrance,4
2023,dorsey,Dorsey,4
2023,dospiva,Dospiva,4
2023,dou,Dou,4
2023,douglas,Douglas,4
2023,draexlmaier,Draexlmaier,4
2023,drahi,Drahi,4
2023,droege,Droege,4
2023,druckenmiller,Druckenmiller,4
2023,du,Du,4
2023,dubin,Dubin,4
2023,duff,Duff,4
2023,duffield,Duffield,4
2023,duggan,Duggan,4
2023,duncan,Duncan,4
2023,dunleavy,Dunleavy,4
2023,dunn,Dunn,4
2023,durban,Durban,4
2023,durov,Durov,4
2023,dyson,Dyson,4
2023,ebner,Ebner,4
2023,ebrahimi,Ebrahimi,4
2023,ecclestone,Ecclestone,4
2023,eczacibasi,Eczacibasi,4
2023,edelman,Edelman,4
2023,edelstenne,Edelstenne,4
2023,edens,Edens,4
2023,edwards,Edwards,4
2023,eghbali,Eghbali,4
2023,egydio-arruda-villela-filho,Egydio Arruda Villela Filho,4
2023,ek,Ek,4
2023,eliahu,Eliahu,4
2023,elkann,Elkann,4
2023,ell,Ell,4
2023,ellison,Ellison,4
2023,emmerson,Emmerson,4
2023,engelhardt,Engelhardt,4
2023,engineer,Engineer,4
2023,englander,Englander,4
2023,erdemoglu,Erdemoglu,4
2023,ergen,Ergen,4
2023,erikawa,Erikawa,4
2023,ermirio-de-moraes,Ermirio de Moraes,4
2023,ermirio-de-moraes-neto,Ermirio de Moraes Neto,4
2023,erni,Erni,4
2023,escarrer,Escarrer,4
2023,escotet,Escotet,4
2023,esteves,Esteves,4
2023,eurnekian,Eurnekian,4
2023,faith,Faith,4
2023,fan,Fan,4
2023,fang,Fang,4
2023,farber,Farber,4
2023,faria,Faria,4
2023,farquhar,Farquhar,4
2023,faulkner,Faulkner,4
2023,fayer,Fayer,4
2023,federmann,Federmann,4
2023,fedun,Fedun,4
2023,feffer,Feffer,4
2023,fegel,Fegel,4
2023,feinberg,Feinberg,4
2023,felcsuti,Felcsuti,4
2023,feld,Feld,4
2023,feldmann,Feldmann,4
2023,feliciano,Feliciano,4
2023,feng,Feng,4
2023,ferrari,Ferrari,4
2023,ferrero,Ferrero,4
2023,fertitta,Fertitta,4
2023,fetisov,Fetisov,4
2023,feuillet,Feuillet,4
2023,fidani,Fidani,4
2023,fielmann,Fielmann,4
2023,filo,Filo,4
2023,find,Find,4
2023,finger,Finger,4
2023,fireman,Fireman,4
2023,firodia,Firodia,4
2023,fisher,Fisher,4
2023,fissolo,Fissolo,4
2023,flatt,Flatt,4
2023,flowers,Flowers,4
2023,fluxa-rossello,Fluxa Rossello,4
2023,foley,Foley,4
2023,fong,Fong,4
2023,fontbona,Fontbona,4
2023,ford,Ford,4
2023,forrest,Forrest,4
2023,fortin,Fortin,4
2023,foster,Foster,4
2023,fox,Fox,4
2023,fraisse,Fraisse,4
2023,france,France,4
2023,francis,Francis,4
2023,franke,Franke,4
2023,frantz,Frantz,4
2023,fredriksen,Fredriksen,4
2023,freier,Freier,4
2023,french-gates,French Gates,4
2023,frey,Frey,4
2023,fridman,Fridman,4
2023,friedkin,Friedkin,4
2023,friedland,Friedland,4
2023,friedman,Friedman,4
2023,friese,Friese,4
2023,frist,Frist,4
2023,frolov,Frolov,4
2023,frost,Frost,4
2023,fu,Fu,4
2023,fukushima,Fukushima,4
2023,gabay,Gabay,4
2023,gabbana,Gabbana,4
2023,gabelli,Gabelli,4
2023,gaglardi,Gaglardi,4
2023,galitsky,Galitsky,4
2023,galperin,Galperin,4
2023,gan,Gan,4
2023,gandel,Gandel,4
2023,gangwal,Gangwal,4
2023,gantner,Gantner,4
2023,gao,Gao,4
2023,garavoglia,Garavoglia,4
2023,garcia,Garcia,4
2023,garfinkel,Garfinkel,4
2023,gassner,Gassner,4
2023,gates,Gates,4
2023,gauselmann,Gauselmann,4
2023,gautam,Gautam,4
2023,gebbia,Gebbia,4
2023,geffen,Geffen,4
2023,geiger,Geiger,4
2023,geminder,Geminder,4
2023,geng,Geng,4
2023,gerko,Gerko,4
2023,gerling,Gerling,4
2023,gerry,Gerry,4
2023,gertler,Gertler,4
2023,getty,Getty,4
2023,ghaffarian,Ghaffarian,4
2023,ghodsi,Ghodsi,4
2023,gilbert,Gilbert,4
2023,gilgan,Gilgan,4
2023,gilinski-bacal,Gilinski Bacal,4
2023,gillings,Gillings,4
2023,ginestet,Ginestet,4
2023,giorgetta,Giorgetta,4
2023,giuliani,Giuliani,4
2023,glasenberg,Glasenberg,4
2023,glaser,Glaser,4
2023,gnanalingam,Gnanalingam,4
2023,godin,Godin,4
2023,godrej,Godrej,4
2023,goenka,Goenka,4
2023,goff,Goff,4
2023,goh,Goh,4
2023,goi,Goi,4
2023,gokongwei,Gokongwei,4
2023,goldhar,Goldhar,4
2023,goldman,Goldman,4
2023,goldman-fowler,Goldman Fowler,4
2023,goldsbury,Goldsbury,4
2023,goldschmeding,Goldschmeding,4
2023,golisano,Golisano,4
2023,golub,Golub,4
2023,golubkov,Golubkov,4
2023,gong,Gong,4
2023,goodnight,Goodnight,4
2023,gopalakrishnan,Gopalakrishnan,4
2023,gordeev,Gordeev,4
2023,gores,Gores,4
2023,gottesman,Gottesman,4
2023,gou,Gou,4
2023,graf,Graf,4
2023,graff,Graff,4
2023,gray,Gray,4
2023,grayken,Grayken,4
2023,green,Green,4
2023,greenberg,Greenberg,4
2023,greene,Greene,4
2023,grendene-bartelle,Grendene Bartelle,4
2023,grendys,Grendys,4
2023,grether,Grether,4
2023,griffin,Griffin,4
2023,grogg,Grogg,4
2023,gross,Gross,4
2023,grousbeck,Grousbeck,4
2023,gu,Gu,4
2023,guan,Guan,4
2023,gundlach,Gundlach,4
2023,guo,Guo,4
2023,gupta,Gupta,4
2023,guryev-family,Guryev & family,4
2023,gustavson,Gustavson,4
2023,gutseriev,Gutseriev,4
2023,habert-dassault,Habert-Dassault,4
2023,haefner,Haefner,4
2023,hagen,Hagen,4
2023,hagen-kjos,Hagen Kjos,4
2023,hagstr-mer,Hagströmer,4
2023,haji-ioannou,Haji-Ioannou,4
2023,hale,Hale,4
2023,hall,Hall,4
2023,halvorsen,Halvorsen,4
2023,hamied,Hamied,4
2023,hamm,Hamm,4
2023,hancock,Hancock,4
2023,hang,Hang,4
2023,hank-rhon,Hank Rhon,4
2023,hankey,Hankey,4
2023,hanrahan,Hanrahan,4
2023,hao,Hao,4
2023,happel,Happel,4
2023,hardy-knox,Hardy Knox,4
2023,hargreaves,Hargreaves,4
2023,hariri,Hariri,4
2023,harlap,Harlap,4
2023,harp-helu,Harp Helu,4
2023,harris,Harris,4
2023,hart,Hart,4
2023,hartono,Hartono,4
2023,harvey,Harvey,4
2023,hascak,Hascak,4
2023,haslam,Haslam,4
2023,hastings,Hastings,4
2023,haub,Haub,4
2023,hayne,Hayne,4
2023,he,He,4
2023,headington,Headington,4
2023,hector,Hector,4
2023,heine,Heine,4
2023,heinecke,Heinecke,4
2023,heister,Heister,4
2023,helmig,Helmig,4
2023,hendricks,Hendricks,4
2023,henkel,Henkel,4
2023,hennick,Hennick,4
2023,henry,Henry,4
2023,herlin,Herlin,4
2023,herna-769-ndez-ramirez,Herna&#769;ndez Ramirez,4
2023,herrero,Herrero,4
2023,herz,Herz,4
2023,hiang,Hiang,4
2023,higgins,Higgins,4
2023,hildebrand,Hildebrand,4
2023,hill,Hill,4
2023,hindawi,Hindawi,4
2023,hintze,Hintze,4
2023,hiranandani,Hiranandani,4
2023,hirschfeld,Hirschfeld,4
2023,ho,Ho,4
2023,hoffman,Hoffman,4
2023,hoffmann,Hoffmann,4
2023,hohn,Hohn,4
2023,hoi,Hoi,4
2023,hong,Hong,4
2023,hopp,Hopp,4
2023,horejsi,Horejsi,4
2023,horton,Horton,4
2023,hostetter,Hostetter,4
2023,hou,Hou,4
2023,houston,Houston,4
2023,howard,Howard,4
2023,hsu,Hsu,4
2023,hua,Hua,4
2023,huang,Huang,4
2023,hubbard,Hubbard,4
2023,hughes,Hughes,4
2023,hui,Hui,4
2023,hult,Hult,4
2023,hungary,Hungary,4
2023,hunt,Hunt,4
2023,hupert,Hupert,4
2023,hwang,Hwang,4
2023,hymowitz,Hymowitz,4
2023,ibrahim,Ibrahim,4
2023,icahn,Icahn,4
2023,iervolino,Iervolino,4
2023,ilicak,Ilicak,4
2023,iliev,Iliev,4
2023,ilitch,Ilitch,4
2023,im-brahm-droege,im Brahm-Droege,4
2023,ingram,Ingram,4
2023,irsay,Irsay,4
2023,irving,Irving,4
2023,isaacman,Isaacman,4
2023,ishbia,Ishbia,4
2023,ishibashi,Ishibashi,4
2023,ishihara,Ishihara,4
2023,ivanishvili,Ivanishvili,4
2023,jackman,Jackman,4
2023,jackson,Jackson,4
2023,jacobs,Jacobs,4
2023,jacobson,Jacobson,4
2023,jagtiani,Jagtiani,4
2023,jain,Jain,4
2023,jaipuria,Jaipuria,4
2023,jaisinghani,Jaisinghani,4
2023,james,James,4
2023,jannard,Jannard,4
2023,jarislowsky,Jarislowsky,4
2023,jaruphnit,Jaruphnit,4
2023,jay-z,Jay-Z,4
2023,jhunjhunwala,Jhunjhunwala,4
2023,ji,Ji,4
2023,jia,Jia,4
2023,jian,Jian,4
2023,jiang,Jiang,4
2023,jiaravanon,Jiaravanon,4
2023,jin,Jin,4
2023,jindal,Jindal,4
2023,johannson,Johannson,4
2023,johnson,Johnson,4
2023,johnson-leipold,Johnson-Leipold,4
2023,jones,Jones,4
2023,jonsson,Jonsson,4
2023,jordan,Jordan,4
2023,joseph,Joseph,4
2023,juneja,Juneja,4
2023,junique,Junique,4
2023,juroszek,Juroszek,4
2023,k-rmann,Käärmann,4
2023,kadoorie,Kadoorie,4
2023,kaewbootta,Kaewbootta,4
2023,kahn,Kahn,4
2023,kaiser,Kaiser,4
2023,kajaria,Kajaria,4
2023,kalanick,Kalanick,4
2023,kalim,Kalim,4
2023,kalyani,Kalyani,4
2023,kam,Kam,4
2023,kamath,Kamath,4
2023,kamenshchik,Kamenshchik,4
2023,kamprad,Kamprad,4
2023,kaneko,Kaneko,4
2023,kanjanapas,Kanjanapas,4
2023,kantor,Kantor,4
2023,kao,Kao,4
2023,kaplan,Kaplan,4
2023,kapnick,Kapnick,4
2023,kapur,Kapur,4
2023,karapetyan,Karapetyan,4
2023,kardashian,Kardashian,4
2023,karp,Karp,4
2023,karsh,Karsh,4
2023,kaspersky,Kaspersky,4
2023,katsiev,Katsiev,4
2023,katz,Katz,4
2023,kavanaugh,Kavanaugh,4
2023,kayne,Kayne,4
2023,kazanci,Kazanci,4
2023,kei,Kei,4
2023,keinath,Keinath,4
2023,kelley,Kelley,4
2023,kellnerova,Kellnerova,4
2023,kellogg,Kellogg,4
2023,kemper,Kemper,4
2023,kendrick,Kendrick,4
2023,kennedy,Kennedy,4
2023,kenya,Kenya,4
2023,kerimov-family,Kerimov & family,4
2023,kesaev,Kesaev,4
2023,keywell,Keywell,4
2023,khachatryan,Khachatryan,4
2023,khan,Khan,4
2023,kharitonin,Kharitonin,4
2023,khosla,Khosla,4
2023,kiani,Kiani,4
2023,kibar,Kibar,4
2023,kim,Kim,4
2023,kimmel,Kimmel,4
2023,kinder,Kinder,4
2023,kipyatkov,Kipyatkov,4
2023,kirac,Kirac,4
2023,kirk,Kirk,4
2023,kirsh,Kirsh,4
2023,klarman,Klarman,4
2023,klatten,Klatten,4
2023,klinsky,Klinsky,4
2023,klyachin,Klyachin,4
2023,knapp,Knapp,4
2023,knauf,Knauf,4
2023,knight,Knight,4
2023,koc,Koc,4
2023,koch,Koch,4
2023,koerl,Koerl,4
2023,koguan,Koguan,4
2023,koh,Koh,4
2023,kolesnikov,Kolesnikov,4
2023,kolomoyskyy,Kolomoyskyy,4
2023,komarek,Komarek,4
2023,kondrashev,Kondrashev,4
2023,kong,Kong,4
2023,koo,Koo,4
2023,koon,Koon,4
2023,koplowitz,Koplowitz,4
2023,kosogov,Kosogov,4
2023,kotak,Kotak,4
2023,kothari,Kothari,4
2023,koum,Koum,4
2023,kovalchuk,Kovalchuk,4
2023,kovner,Kovner,4
2023,kozitsyn,Kozitsyn,4
2023,kozuki,Kozuki,4
2023,kraft,Kraft,4
2023,kramer,Kramer,4
2023,krasny,Krasny,4
2023,kravis,Kravis,4
2023,kretinsky,Kretinsky,4
2023,krigsner,Krigsner,4
2023,krishna,Krishna,4
2023,krishnan,Krishnan,4
2023,kristiansen,Kristiansen,4
2023,krivenko,Krivenko,4
2023,kroenke,Kroenke,4
2023,kucera,Kucera,4
2023,kucuk,Kucuk,4
2023,kuehne,Kuehne,4
2023,kulczyk,Kulczyk,4
2023,kulibaev,Kulibaev,4
2023,kulibaeva,Kulibaeva,4
2023,kulkov,Kulkov,4
2023,kum,Kum,4
2023,kumar,Kumar,4
2023,kuok,Kuok,4
2023,kuriwada,Kuriwada,4
2023,kurtz,Kurtz,4
2023,kurzius,Kurzius,4
2023,kushner,Kushner,4
2023,kuzmichev,Kuzmichev,4
2023,kvetnoi,Kvetnoi,4
2023,kwee,Kwee,4
2023,kwek,Kwek,4
2023,kwok,Kwok,4
2023,kwon,Kwon,4
2023,kwong,Kwong,4
2023,kyostila,Kyostila,4
2023,l-qu-c,Lê-Quôc,4
2023,lacob,Lacob,4
2023,ladreit-de-lacharriere,Ladreit de Lacharriere,4
2023,laffont,Laffont,4
2023,lai,Lai,4
2023,lal,Lal,4
2023,lalibert,Laliberté,4
2023,lam,Lam,4
2023,lampert,Lampert,4
2023,lamsam,Lamsam,4
2023,landini-aleotti,Landini Aleotti,4
2023,langer,Langer,4
2023,langley,Langley,4
2023,langone,Langone,4
2023,lansdown,Lansdown,4
2023,lao-hern-ndez,Lao Hernández,4
2023,larrea-mota-velasco,Larrea Mota Velasco,4
2023,larsen,Larsen,4
2023,lasry,Lasry,4
2023,latouche,Latouche,4
2023,latsis,Latsis,4
2023,latvia,Latvia,4
2023,lau,Lau,4
2023,lauder,Lauder,4
2023,laufer,Laufer,4
2023,laukien,Laukien,4
2023,lauren,Lauren,4
2023,laurie,Laurie,4
2023,lavin,Lavin,4
2023,law,Law,4
2023,lazari,Lazari,4
2023,le-duff,Le Duff,4
2023,le-roux,Le Roux,4
2023,leclercq,Leclercq,4
2023,lee,Lee,4
2023,lee-chin,Lee-Chin,4
2023,lefebvre-d-ovidio,Lefebvre d'Ovidio,4
2023,lefkofsky,Lefkofsky,4
2023,lefrak,LeFrak,4
2023,legorreta,Legorreta,4
2023,lehmann,Lehmann,4
2023,lei,Lei,4
2023,leibinger,Leibinger,4
2023,leibinger-kammueller,Leibinger-Kammueller,4
2023,leininger,Leininger,4
2023,leitner,Leitner,4
2023,lemann,Lemann,4
2023,leng,Leng,4
2023,leonard,Leonard,4
2023,leone,Leone,4
2023,leong,Leong,4
2023,leonsis,Leonsis,4
2023,leprino,Leprino,4
2023,lerner,Lerner,4
2023,levinson,Levinson,4
2023,lew,Lew,4
2023,lewis,Lewis,4
2023,li,Li,4
2023,liang,Liang,4
2023,liautaud,Liautaud,4
2023,lichtenstein,Lichtenstein,4
2023,liebmann,Liebmann,4
2023,liemandt,Liemandt,4
2023,lim,Lim,4
2023,lin,Lin,4
2023,lind-n-urnes,Lindén Urnes,4
2023,lindh,Lindh,4
2023,link,Link,4
2023,lisin,Lisin,4
2023,litvinenko,Litvinenko,4
2023,liu,Liu,4
2023,livingstone,Livingstone,4
2023,lo,Lo,4
2023,locks,Locks,4
2023,lodha,Lodha,4
2023,loeb,Loeb,4
2023,loh,Loh,4
2023,lohia,Lohia,4
2023,lomakin,Lomakin,4
2023,lomtadze,Lomtadze,4
2023,loo,Loo,4
2023,lorberbaum,Lorberbaum,4
2023,lorentzon,Lorentzon,4
2023,louie,Louie,4
2023,louis-dreyfus,Louis-Dreyfus,4
2023,louis-hansen,Louis-Hansen,4
2023,love,Love,4
2023,low-tuck,Low Tuck,4
2023,lowy,Lowy,4
2023,lozick,Lozick,4
2023,lubetzky,Lubetzky,4
2023,lucas,Lucas,4
2023,luckey,Luckey,4
2023,luddy,Luddy,4
2023,lui,Lui,4
2023,lundberg,Lundberg,4
2023,luo,Luo,4
2023,lurie,Lurie,4
2023,lutke,Lutke,4
2023,luxembourg,Luxembourg,4
2023,lytvyn,Lytvyn,4
2023,lyu,Lyu,4
2023,maag,Maag,4
2023,macmillan,MacMillan,4
2023,maezawa,Maezawa,4
2023,maggi,Maggi,4
2023,magness,Magness,4
2023,mahagitsiri,Mahagitsiri,4
2023,mahindra,Mahindra,4
2023,makarov,Makarov,4
2023,makhmudov,Makhmudov,4
2023,malhotra,Malhotra,4
2023,malik,Malik,4
2023,malone,Malone,4
2023,mamut,Mamut,4
2023,mandel,Mandel,4
2023,mansour,Mansour,4
2023,mansueto,Mansueto,4
2023,mantegazza,Mantegazza,4
2023,mao,Mao,4
2023,maran,Maran,4
2023,marcus,Marcus,4
2023,marguerre,Marguerre,4
2023,marinho,Marinho,4
2023,mariwala,Mariwala,4
2023,marks,Marks,4
2023,marquart,Marquart,4
2023,mars,Mars,4
2023,martin,Martin,4
2023,martinson,Martinson,4
2023,martullo-blocher,Martullo-Blocher,4
2023,mas,Mas,4
2023,maschmeyer,Maschmeyer,4
2023,masiyiwa,Masiyiwa,4
2023,mate,Mate,4
2023,mateschitz,Mateschitz,4
2023,mateus,Mateus,4
2023,mathieson,Mathieson,4
2023,mathile,Mathile,4
2023,matthews,Matthews,4
2023,mazepin,Mazepin,4
2023,mazumdar-shaw,Mazumdar-Shaw,4
2023,mcaulay,McAulay,4
2023,mccaleb,McCaleb,4
2023,mccaw,McCaw,4
2023,mckelvey,McKelvey,4
2023,mclane,McLane,4
2023,mcmahon,McMahon,4
2023,mcmurtry,McMurtry,4
2023,mcnair,McNair,4
2023,mehta,Mehta,4
2023,meijer,Meijer,4
2023,meister,Meister,4
2023,melchers,Melchers,4
2023,melnichenko,Melnichenko,4
2023,menard,Menard,4
2023,meng,Meng,4
2023,menon,Menon,4
2023,merckle,Merckle,4
2023,merieux,Merieux,4
2023,meszaros,Meszaros,4
2023,metropoulos,Metropoulos,4
2023,meyer,Meyer,4
2023,mi,Mi,4
2023,miao,Miao,4
2023,michael,Michael,4
2023,michel,Michel,4
2023,michelson,Michelson,4
2023,middleton,Middleton,4
2023,mikati,Mikati,4
2023,mikhelson,Mikhelson,4
2023,miki,Miki,4
2023,mikitani,Mikitani,4
2023,milchan,Milchan,4
2023,milken,Milken,4
2023,miller,Miller,4
2023,milner,Milner,4
2023,minami,Minami,4
2023,minda,Minda,4
2023,mindus,Mindus,4
2023,ming,Ming,4
2023,minozzi,Minozzi,4
2023,mistakidis,Mistakidis,4
2023,mistry,Mistry,4
2023,mittal,Mittal,4
2023,mnaymneh,Mnaymneh,4
2023,modi,Modi,4
2023,mol,Mol,4
2023,molchanov,Molchanov,4
2023,moll-filho,Moll Filho,4
2023,moller-nielsen,Moller Nielsen,4
2023,mommert,Mommert,4
2023,mondre,Mondre,4
2023,montip,Montipò,4
2023,moore,Moore,4
2023,moraes,Moraes,4
2023,moratti,Moratti,4
2023,mordashov,Mordashov,4
2023,moreira-salles,Moreira Salles,4
2023,moreira-salles-junior,Moreira Salles Junior,4
2023,moreno,Moreno,4
2023,moretti-polegato,Moretti Polegato,4
2023,mori,Mori,4
2023,moritz,Moritz,4
2023,morocco,Morocco,4
2023,morris,Morris,4
2023,moshiri,Moshiri,4
2023,moshkovich,Moshkovich,4
2023,moskovitz,Moskovitz,4
2023,motsepe,Motsepe,4
2023,motta,Motta,4
2023,mouawad,Mouawad,4
2023,moyes,Moyes,4
2023,mu,Mu,4
2023,mueller,Mueller,4
2023,munger,Munger,4
2023,munjal,Munjal,4
2023,munot,Munot,4
2023,murdoch,Murdoch,4
2023,murdock,Murdock,4
2023,murphy,Murphy,4
2023,murtagh,Murtagh,4
2023,murthy,Murthy,4
2023,musallam,Musallam,4
2023,musk,Musk,4
2023,nacht,Nacht,4
2023,nadar,Nadar,4
2023,naeder,Naeder,4
2023,nagamori,Nagamori,4
2023,nahmad,Nahmad,4
2023,najafi,Najafi,4
2023,nakatani,Nakatani,4
2023,nan,Nan,4
2023,naoroji,Naoroji,4
2023,nardone,Nardone,4
2023,nayar,Nayar,4
2023,nelson,Nelson,4
2023,nemetschek,Nemetschek,4
2023,nesis,Nesis,4
2023,netherlands,Netherlands,4
2023,neumann,Neumann,4
2023,newell,Newell,4
2023,newhouse,Newhouse,4
2023,nguyen,Nguyen,4
2023,ni,Ni,4
2023,niarchos,Niarchos,4
2023,nicholas,Nicholas,4
2023,nie,Nie,4
2023,niel,Niel,4
2023,nigeria,Nigeria,4
2023,nikolaev,Nikolaev,4
2023,nilekani,Nilekani,4
2023,nisanov,Nisanov,4
2023,nitori,Nitori,4
2023,nixon,Nixon,4
2023,noda,Noda,4
2023,north-america,North America,4
2023,novinsky,Novinsky,4
2023,nursalim,Nursalim,4
2023,nuttall,Nuttall,4
2023,nuwal,Nuwal,4
2023,o-brien,O'Brien,4
2023,oberoi,Oberoi,4
2023,oberwelland,Oberwelland,4
2023,oberwelland-height,Oberwelland-Height,4
2023,obrecht,Obrecht,4
2023,ocampo,Ocampo,4
2023,och,Och,4
2023,oei,Oei,4
2023,oeri,Oeri,4
2023,oetker,Oetker,4
2023,ofer,Ofer,4
2023,ogawa,Ogawa,4
2023,okada,Okada,4
2023,olenicoff,Olenicoff,4
2023,olivo-lopez,Olivo Lopez,4
2023,olsson,Olsson,4
2023,ometto-silveira-mello,Ometto Silveira Mello,4
2023,omidyar,Omidyar,4
2023,oppenheimer,Oppenheimer,4
2023,or,Or,4
2023,oringer,Oringer,4
2023,orlov,Orlov,4
2023,ortega,Ortega,4
2023,ortega-mera,Ortega Mera,4
2023,osathanugrah,Osathanugrah,4
2023,otsuka,Otsuka,4
2023,otto,Otto,4
2023,otto-bernstein,Otto-Bernstein,4
2023,overdeck,Overdeck,4
2023,oyler,Oyler,4
2023,ozdemir,Ozdemir,4
2023,ozmen,Ozmen,4
2023,p-ladeau,Péladeau,4
2023,packer,Packer,4
2023,page,Page,4
2023,pai,Pai,4
2023,palatchi,Palatchi,4
2023,palmer,Palmer,4
2023,panama,Panama,4
2023,pang,Pang,4
2023,pangestu,Pangestu,4
2023,parekh,Parekh,4
2023,parisotto,Parisotto,4
2023,parker,Parker,4
2023,parry-okeden,Parry-Okeden,4
2023,parsons,Parsons,4
2023,pastor,Pastor,4
2023,patel,Patel,4
2023,pattison,Pattison,4
2023,paul,Paul,4
2023,paulmann,Paulmann,4
2023,paulsen,Paulsen,4
2023,paulson,Paulson,4
2023,paval,Paval,4
2023,pe-aloza-alan-s,Peñaloza Alanís,4
2023,pedersen,Pedersen,4
2023,peery,Peery,4
2023,pegula,Pegula,4
2023,pei,Pei,4
2023,peltz,Peltz,4
2023,penske,Penske,4
2023,pera,Pera,4
2023,percassi,Percassi,4
2023,perelman,Perelman,4
2023,peres,Peres,4
2023,perez,Perez,4
2023,perez-companc,Perez Companc,4
2023,perfetti,Perfetti,4
2023,perkins,Perkins,4
2023,perlmutter,Perlmutter,4
2023,perot,Perot,4
2023,perrodo,Perrodo,4
2023,perry,Perry,4
2023,persson,Persson,4
2023,pessina,Pessina,4
2023,peterffy,Peterffy,4
2023,peterson,Peterson,4
2023,pham,Pham,4
2023,pi-era,Piñera,4
2023,pieper,Pieper,4
2023,pierer,Pierer,4
2023,pillai,Pillai,4
2023,pinault,Pinault,4
2023,pinchuk,Pinchuk,4
2023,pincus,Pincus,4
2023,piramal,Piramal,4
2023,plank,Plank,4
2023,platt,Platt,4
2023,plattner,Plattner,4
2023,plourde,Plourde,4
2023,poddar,Poddar,4
2023,pohl,Pohl,4
2023,polsky,Polsky,4
2023,pomel,Pomel,4
2023,ponce-lerou,Ponce Lerou,4
2023,ponomarenko,Ponomarenko,4
2023,poo,Poo,4
2023,poonawalla,Poonawalla,4
2023,popov,Popov,4
2023,potanin,Potanin,4
2023,pousaz,Pousaz,4
2023,povlsen,Povlsen,4
2023,powell-jobs,Powell Jobs,4
2023,prada,Prada,4
2023,prasad,Prasad,4
2023,prasarttong-osoth,Prasarttong-Osoth,4
2023,pratt,Pratt,4
2023,premji,Premji,4
2023,preston,Preston,4
2023,prince,Prince,4
2023,pritzker,Pritzker,4
2023,prokhorov,Prokhorov,4
2023,pu,Pu,4
2023,pudwill,Pudwill,4
2023,puech,Puech,4
2023,pumpyansky,Pumpyansky,4
2023,qi,Qi,4
2023,qian,Qian,4
2023,qin,Qin,4
2023,qiu,Qiu,4
2023,qu,Qu,4
2023,quandt,Quandt,4
2023,quek,Quek,4
2023,rabiu,Rabiu,4
2023,rachmat,Rachmat,4
2023,radvinsky,Radvinsky,4
2023,ragon,Ragon,4
2023,raheja,Raheja,4
2023,rahr,Rahr,4
2023,rajendran,Rajendran,4
2023,rales,Rales,4
2023,rameshwar-rao,Rameshwar Rao,4
2023,rane,Rane,4
2023,rao,Rao,4
2023,rappoport,Rappoport,4
2023,rashnikov,Rashnikov,4
2023,ratanarak,Ratanarak,4
2023,ratanavadi,Ratanavadi,4
2023,ratcliffe,Ratcliffe,4
2023,rausing,Rausing,4
2023,raveendran,Raveendran,4
2023,rayner,Rayner,4
2023,razon-jr,Razon Jr.,4
2023,rebrab,Rebrab,4
2023,rechulski-santo-domingo,Rechulski Santo Domingo,4
2023,reddy,Reddy,4
2023,reece,Reece,4
2023,rees-jones,Rees-Jones,4
2023,reimann,Reimann,4
2023,reimann-andersen,Reimann-Andersen,4
2023,reimann-haas,Reimann-Haas,4
2023,reinhart,Reinhart,4
2023,reinsdorf,Reinsdorf,4
2023,reitan,Reitan,4
2023,ren,Ren,4
2023,rennert,Rennert,4
2023,repik,Repik,4
2023,repole,Repole,4
2023,resnick,Resnick,4
2023,ressler,Ressler,4
2023,reuben,Reuben,4
2023,revoredo,Revoredo,4
2023,reyes,Reyes,4
2023,riady,Riady,4
2023,ribeiro,Ribeiro,4
2023,riberas-mera,Riberas Mera,4
2023,rich,Rich,4
2023,richison,Richison,4
2023,ricketts,Ricketts,4
2023,rihanna,Rihanna,4
2023,rinehart,Rinehart,4
2023,riney,Riney,4
2023,rk,RK,4
2023,robbins,Robbins,4
2023,roberts,Roberts,4
2023,rocca,Rocca,4
2023,rodriguez-pastor,Rodriguez-Pastor,4
2023,rogers,Rogers,4
2023,roig,Roig,4
2023,rokke,Rokke,4
2023,rokos,Rokos,4
2023,rollins,Rollins,4
2023,rosenthal,Rosenthal,4
2023,roski,Roski,4
2023,ross,Ross,4
2023,rossmann,Rossmann,4
2023,rosso,Rosso,4
2023,roszak,Roszak,4
2023,rotenberg,Rotenberg,4
2023,rothbaum,Rothbaum,4
2023,rothschild,Rothschild,4
2023,rowan,Rowan,4
2023,rowling,Rowling,4
2023,ruan,Ruan,4
2023,rubenstein,Rubenstein,4
2023,rubin,Rubin,4
2023,ruffin,Ruffin,4
2023,ruffini,Ruffini,4
2023,ruia,Ruia,4
2023,ruiz,Ruiz,4
2023,runwal,Runwal,4
2023,rupert,Rupert,4
2023,rustamov,Rustamov,4
2023,ryan,Ryan,4
2023,rybakov,Rybakov,4
2023,rybolovlev,Rybolovlev,4
2023,saad,Saadé,4
2023,saad-zeenny,Saadé Zeenny,4
2023,saban,Saban,4
2023,sacks,Sacks,4
2023,safra,Safra,4
2023,saghian,Saghian,4
2023,sagi,Sagi,4
2023,sahenk,Sahenk,4
2023,sahin,Sahin,4
2023,saji,Saji,4
2023,sajwani,Sajwani,4
2023,sakellaris,Sakellaris,4
2023,salata,Salata,4
2023,salinas-pliego,Salinas Pliego,4
2023,sall,Sall,4
2023,samueli,Samueli,4
2023,sanchez,Sanchez,4
2023,sandberg,Sandberg,4
2023,sandell,Sandell,4
2023,sands,Sands,4
2023,sanford,Sanford,4
2023,santo-domingo,Santo Domingo,4
2023,saputo,Saputo,4
2023,saraf,Saraf,4
2023,sardana,Sardana,4
2023,sariaatmadja,Sariaatmadja,4
2023,sarma,Sarma,4
2023,sarmiento,Sarmiento,4
2023,sarowitz,Sarowitz,4
2023,sartorius-herbst,Sartorius-Herbst,4
2023,sathientham,Sathientham,4
2023,satomi,Satomi,4
2023,saul,Saul,4
2023,saverin,Saverin,4
2023,saville,Saville,4
2023,savvidis,Savvidis,4
2023,sawhney,Sawhney,4
2023,sawiris,Sawiris,4
2023,scapa,Scapa,4
2023,schaeffler,Schaeffler,4
2023,schaeffler-thumann,Schaeffler-Thumann,4
2023,schar,Schar,4
2023,scheinberg,Scheinberg,4
2023,scheufele,Scheufele,4
2023,schick,Schick,4
2023,schleifer,Schleifer,4
2023,schlosberg,Schlosberg,4
2023,schmidheiny,Schmidheiny,4
2023,schmidt,Schmidt,4
2023,schmieding,Schmieding,4
2023,schnabel,Schnabel,4
2023,schoeller,Schoeller,4
2023,schoerghuber,Schoerghuber,4
2023,schorling,Schorling,4
2023,schuijff,Schuijff,4
2023,schulenberg,Schulenberg,4
2023,schultz,Schultz,4
2023,schulze,Schulze,4
2023,schusterman,Schusterman,4
2023,schwab,Schwab,4
2023,schwartz,Schwartz,4
2023,schwarz,Schwarz,4
2023,schwarzman,Schwarzman,4
2023,sciarra,Sciarra,4
2023,scott,Scott,4
2023,seabra,Seabra,4
2023,secunda,Secunda,4
2023,sedykh,Sedykh,4
2023,sehgal,Sehgal,4
2023,selig,Selig,4
2023,selin,Selin,4
2023,seo,Seo,4
2023,ser-gnoli,Seràgnoli,4
2023,sethi,Sethi,4
2023,shah,Shah,4
2023,shaimiev,Shaimiev,4
2023,shang,Shang,4
2023,shanghvi,Shanghvi,4
2023,shani,Shani,4
2023,shao,Shao,4
2023,sharma,Sharma,4
2023,shashua,Shashua,4
2023,shaw,Shaw,4
2023,shefler,Shefler,4
2023,shelkov,Shelkov,4
2023,shen,Shen,4
2023,shetty,Shetty,4
2023,shevchenko,Shevchenko,4
2023,shi,Shi,4
2023,shibahara,Shibahara,4
2023,shibulal,Shibulal,4
2023,shigaboutdinov,Shigaboutdinov,4
2023,shigeta,Shigeta,4
2023,shimamura,Shimamura,4
2023,shinawatra,Shinawatra,4
2023,shing,Shing,4
2023,shleifer,Shleifer,4
2023,shoen,Shoen,4
2023,shriram,Shriram,4
2023,shroff,Shroff,4
2023,shtengelov,Shtengelov,4
2023,shu,Shu,4
2023,shvidler,Shvidler,4
2023,shwed,Shwed,4
2023,siccardi,Siccardi,4
2023,sicupira,Sicupira,4
2023,siebel,Siebel,4
2023,siegel,Siegel,4
2023,sijbrandij,Sijbrandij,4
2023,silbermann,Silbermann,4
2023,sim,Sim,4
2023,simanovsky,Simanovsky,4
2023,simon,Simon,4
2023,simons,Simons,4
2023,simonyi,Simonyi,4
2023,singer,Singer,4
2023,singh,Singh,4
2023,singhal,Singhal,4
2023,sirivadhanabhakdi,Sirivadhanabhakdi,4
2023,sitorus,Sitorus,4
2023,sixt,Sixt,4
2023,skoch-family,Skoch & family,4
2023,skoll,Skoll,4
2023,skorobogatko,Skorobogatko,4
2023,slim-helu,Slim Helu,4
2023,slootman,Slootman,4
2023,smidt,Smidt,4
2023,smith,Smith,4
2023,smushkin,Smushkin,4
2023,snow,Snow,4
2023,snyder,Snyder,4
2023,sobrato,Sobrato,4
2023,soderstrom,Soderstrom,4
2023,soeryadjaya,Soeryadjaya,4
2023,soffer,Soffer,4
2023,sohmen,Sohmen,4
2023,soi,Soi,4
2023,solon,Solon,4
2023,solorz-zak,Solorz-Zak,4
2023,soloviev,Soloviev,4
2023,solowow,Solowow,4
2023,son,Son,4
2023,sondakh,Sondakh,4
2023,song,Song,4
2023,soon-shiong,Soon-Shiong,4
2023,soros,Soros,4
2023,south-america,South America,4
2023,speiser,Speiser,4
2023,spencer,Spencer,4
2023,sperling,Sperling,4
2023,speyer,Speyer,4
2023,spiegel,Spiegel,4
2023,spielberg,Spielberg,4
2023,springer,Springer,4
2023,spuhler,Spuhler,4
2023,squinzi,Squinzi,4
2023,srinivasan,Srinivasan,4
2023,stack,Stack,4
2023,starak,Starak,4
2023,stawski,Stawski,4
2023,steinberg,Steinberg,4
2023,steinbrenner,Steinbrenner,4
2023,steinbrenner-swindal,Steinbrenner Swindal,4
2023,steinhardt,Steinhardt,4
2023,stephens,Stephens,4
2023,sterberg,Österberg,4
2023,sterling,Sterling,4
2023,stern,Stern,4
2023,sternlicht,Sternlicht,4
2023,stevanato,Stevanato,4
2023,stevens,Stevens,4
2023,steward,Steward,4
2023,steyer,Steyer,4
2023,stine,Stine,4
2023,stitzer,Stitzer,4
2023,stoica,Stoica,4
2023,stokes,Stokes,4
2023,stone,Stone,4
2023,stordalen,Stordalen,4
2023,storonsky,Storonsky,4
2023,storz,Storz,4
2023,straumann,Straumann,4
2023,streshinsky,Streshinsky,4
2023,strnad,Strnad,4
2023,stroeher,Stroeher,4
2023,stroll,Stroll,4
2023,struengmann,Struengmann,4
2023,strukov,Strukov,4
2023,stryker,Stryker,4
2023,studennikov,Studennikov,4
2023,stul,Stul,4
2023,stumpf,Stumpf,4
2023,su,Su,4
2023,sudarikov,Sudarikov,4
2023,sugianto,Sugianto,4
2023,sugiri,Sugiri,4
2023,suh,Suh,4
2023,sulteev,Sulteev,4
2023,sun,Sun,4
2023,sundheim,Sundheim,4
2023,surana,Surana,4
2023,susanto,Susanto,4
2023,sutantio,Sutantio,4
2023,sutardja,Sutardja,4
2023,sutton,Sutton,4
2023,svetakov,Svetakov,4
2023,sweeney,Sweeney,4
2023,swieca,Swieca,4
2023,switzerland,Switzerland,4
2023,sy-coson,Sy-Coson,4
2023,syrian-arab-republic,Syria,4
2023,systrom,Systrom,4
2023,sze,Sze,4
2023,tack,Tack,4
2023,tada,Tada,4
2023,tahir,Tahir,4
2023,takahara,Takahara,4
2023,takizaki,Takizaki,4
2023,talpins,Talpins,4
2023,tamer,Tamer,4
2023,tan,Tan,4
2023,tan-caktiong,Tan Caktiong,4
2023,tanenbaum,Tanenbaum,4
2023,tang,Tang,4
2023,tangkaravakoon,Tangkaravakoon,4
2023,tangney,Tangney,4
2023,tanjung,Tanjung,4
2023,tanoko,Tanoko,4
2023,tanoto,Tanoto,4
2023,tao,Tao,4
2023,tara,Tara,4
2023,tarascio,Tarascio,4
2023,taravella,Taravella,4
2023,taylor,Taylor,4
2023,telles,Telles,4
2023,teoh,Teoh,4
2023,tepper,Tepper,4
2023,tewari,Tewari,4
2023,tham,Tham,4
2023,thiel,Thiel,4
2023,thiele,Thiele,4
2023,thiele-schuerhoff,Thiele-Schuerhoff,4
2023,thinggaard,Thinggaard,4
2023,thoma,Thoma,4
2023,thompson,Thompson,4
2023,thomson,Thomson,4
2023,thongtang,Thongtang,4
2023,thyssen,Thyssen,4
2023,tian,Tian,4
2023,tiku,Tiku,4
2023,timchenko,Timchenko,4
2023,tiriac,Tiriac,4
2023,tisch,Tisch,4
2023,tjiptodihardjo,Tjiptodihardjo,4
2023,toeller,Toeller,4
2023,toennies,Toennies,4
2023,tojner,Tojner,4
2023,tollefsen,Tollefsen,4
2023,tombolato,Tombolato,4
2023,tong-liu,Tong Liu,4
2023,tornqvist,Tornqvist,4
2023,tran,Tran,4
2023,tran-dinh,Tran Dinh,4
2023,trefler,Trefler,4
2023,triguboff,Triguboff,4
2023,troendle,Troendle,4
2023,trotsenko,Trotsenko,4
2023,trott,Trott,4
2023,troutt,Troutt,4
2023,trump,Trump,4
2023,tsai,Tsai,4
2023,tsao,Tsao,4
2023,tschira,Tschira,4
2023,tse,Tse,4
2023,tseng,Tseng,4
2023,tshuva,Tshuva,4
2023,tsujimoto,Tsujimoto,4
2023,tu,Tu,4
2023,tuchman,Tuchman,4
2023,tull,Tull,4
2023,tung,Tung,4
2023,turlov,Turlov,4
2023,turner,Turner,4
2023,tykac,Tykac,4
2023,tyson,Tyson,4
2023,udvar-hazy,Udvar-Hazy,4
2023,uihlein,Uihlein,4
2023,ulker,Ulker,4
2023,ullal,Ullal,4
2023,ulukaya,Ulukaya,4
2023,unger,Unger,4
2023,uno,Uno,4
2023,usmanov,Usmanov,4
2023,utemuratov,Utemuratov,4
2023,valani,Valani,4
2023,van-den-ende,van den Ende,4
2023,van-der-does,van der Does,4
2023,van-der-leegte,van der Leegte,4
2023,van-lieshout,Van Lieshout,4
2023,vandersloot,VanderSloot,4
2023,vardanyan,Vardanyan,4
2023,vardinoyannis-family,Vardinoyannis & family,4
2023,vargi,Vargi,4
2023,varkey,Varkey,4
2023,vayalil,Vayalil,4
2023,vekselberg,Vekselberg,4
2023,velez,Velez,4
2023,vembu,Vembu,4
2023,veronesi,Veronesi,4
2023,viddayakorn,Viddayakorn,4
2023,viessmann,Viessmann,4
2023,vigil-gonzalez,Vigil Gonzalez,4
2023,vijitpongpun,Vijitpongpun,4
2023,villar,Villar,4
2023,viola,Viola,4
2023,virwani,Virwani,4
2023,viswanathan,Viswanathan,4
2023,vitek,Vitek,4
2023,volozh,Volozh,4
2023,von-bahr,von Bahr,4
2023,von-bechtolsheim,von Bechtolsheim,4
2023,von-finck,von Finck,4
2023,von-holtzbrinck,von Holtzbrinck,4
2023,von-koch,von Koch,4
2023,von-mandl,von Mandl,4
2023,von-opel,von Opel,4
2023,vultaggio,Vultaggio,4
2023,wacker,Wacker,4
2023,wada,Wada,4
2023,wadhwani,Wadhwani,4
2023,wadia,Wadia,4
2023,wagner,Wagner,4
2023,walentas,Walentas,4
2023,walker,Walker,4
2023,wallin,Wallin,4
2023,walter,Walter,4
2023,walton,Walton,4
2023,wan,Wan,4
2023,wanek,Wanek,4
2023,wang,Wang,4
2023,warner,Warner,4
2023,warren,Warren,4
2023,wasami,Wasami,4
2023,washington,Washington,4
2023,watsa,Watsa,4
2023,watterson,Watterson,4
2023,weaver,Weaver,4
2023,weber,Weber,4
2023,wee,Wee,4
2023,wei,Wei,4
2023,weiner,Weiner,4
2023,welker,Welker,4
2023,wen,Wen,4
2023,weng,Weng,4
2023,wentz,Wentz,4
2023,werner,Werner,4
2023,werninghaus,Werninghaus,4
2023,wertheim,Wertheim,4
2023,wertheimer,Wertheimer,4
2023,wesjohann,Wesjohann,4
2023,west,West,4
2023,wexner,Wexner,4
2023,white,White,4
2023,whitman,Whitman,4
2023,wietlisbach,Wietlisbach,4
2023,wild,Wild,4
2023,wilks,Wilks,4
2023,williams,Williams,4
2023,wilson,Wilson,4
2023,winfrey,Winfrey,4
2023,wingefors,Wingefors,4
2023,winklevoss,Winklevoss,4
2023,winn,Winn,4
2023,wirtgen,Wirtgen,4
2023,wittouck,Wittouck,4
2023,witzoe,Witzoe,4
2023,wolff,Wolff,4
2023,wong,Wong,4
2023,woo,Woo,4
2023,wood,Wood,4
2023,woods,Woods,4
2023,wortmann,Wortmann,4
2023,wrigley,Wrigley,4
2023,wu,Wu,4
2023,wuerbser,Wuerbser,4
2023,wuerth,Wuerth,4
2023,wynn,Wynn,4
2023,wyss,Wyss,4
2023,xia,Xia,4
2023,xiang,Xiang,4
2023,xiao,Xiao,4
2023,xie,Xie,4
2023,xiong,Xiong,4
2023,xiu,Xiu,4
2023,xue,Xue,4
2023,yakunin,Yakunin,4
2023,yan,Yan,4
2023,yanai,Yanai,4
2023,yancopoulos,Yancopoulos,4
2023,yang,Yang,4
2023,yao,Yao,4
2023,yarbrough,Yarbrough,4
2023,yass,Yass,4
2023,yasuda,Yasuda,4
2023,yeh,Yeh,4
2023,yemen-rep,Yemen,4
2023,yeung,Yeung,4
2023,yevtushenkov,Yevtushenkov,4
2023,yi,Yi,4
2023,yin,Yin,4
2023,ying,Ying,4
2023,yoo,Yoo,4
2023,york,York,4
2023,yoshida,Yoshida,4
2023,you,You,4
2023,young,Young,4
2023,yu,Yu,4
2023,yuan,Yuan,4
2023,yuengling,Yuengling,4
2023,yushvaev,Yushvaev,4
2023,yusuff-ali,Yusuff Ali,4
2023,zaharia,Zaharia,4
2023,zalik,Zalik,4
2023,zampillo,Zampillo,4
2023,zan,Zan,4
2023,zavoral,Zavoral,4
2023,zeev,Zeev,4
2023,zegar,Zegar,4
2023,zekelman,Zekelman,4
2023,zell,Zell,4
2023,zeller,Zeller,4
2023,zeng,Zeng,4
2023,zhang,Zhang,4
2023,zhao,Zhao,4
2023,zheng,Zheng,4
2023,zhevago,Zhevago,4
2023,zhong,Zhong,4
2023,zhou,Zhou,4
2023,zhu,Zhu,4
2023,zhuo,Zhuo,4
2023,ziff,Ziff,4
2023,zingarevich,Zingarevich,4
2023,zobel,Zobel,4
2023,zong,Zong,4
2023,zucker,Zucker,4
2023,zuckerberg,Zuckerberg,4
2023,zuckerman,Zuckerman,4
2024,aarnio-wihuri,Aarnio-Wihuri,4
2024,abdalla-filho,Abdalla Filho,4
2024,abele,Abele,4
2024,abello,Abello,4
2024,abess,Abess,4
2024,abod,Abod,4
2024,abraham,Abraham,4
2024,abramov,Abramov,4
2024,abramovich,Abramovich,4
2024,ackman,Ackman,4
2024,acton,Acton,4
2024,adair,Adair,4
2024,adams,Adams,4
2024,adams-strunk,Adams Strunk,4
2024,adani,Adani,4
2024,adcock,Adcock,4
2024,adderley,Adderley,4
2024,adelman,Adelman,4
2024,adelson,Adelson,4
2024,adenuga,Adenuga,4
2024,adikoesoemo,Adikoesoemo,4
2024,afeyan,Afeyan,4
2024,aga,Aga,4
2024,agarwal,Agarwal,4
2024,agrawal,Agrawal,4
2024,ahunai,Ahunai,4
2024,akhannouch,Akhannouch,4
2024,akhmedov,Akhmedov,4
2024,akhmetov,Akhmetov,4
2024,akin,Akin,4
2024,al-futtaim,Al Futtaim,4
2024,al-ghurair,Al Ghurair,4
2024,al-thani,Al Thani,4
2024,albrecht,Albrecht,4
2024,albrecht-jr,Albrecht Jr.,4
2024,albukhary,AlBukhary,4
2024,alcocer,Alcocer,4
2024,alekperov,Alekperov,4
2024,alessandri,Alessandri,4
2024,alexander,Alexander,4
2024,alexeyev,Alexeyev,4
2024,alfond,Alfond,4
2024,allen,Allen,4
2024,altman,Altman,4
2024,altrad,Altrad,4
2024,altushkin,Altushkin,4
2024,alukkas,Alukkas,4
2024,alves-de-queiroz-filho,Alves de Queiroz Filho,4
2024,ambani,Ambani,4
2024,amin,Amin,4
2024,amorim,Amorim,4
2024,andic,Andic,4
2024,andlauer,Andlauer,4
2024,andreessen,Andreessen,4
2024,andreev,Andreev,4
2024,andresen,Andresen,4
2024,ang,Ang,4
2024,angelicoussis,Angelicoussis,4
2024,angelini-rossi,Angelini Rossi,4
2024,angermayer,Angermayer,4
2024,anisimov,Anisimov,4
2024,anschutz,Anschutz,4
2024,anttonen,Anttonen,4
2024,aponte,Aponte,4
2024,aponte-diamant,Aponte-Diamant,4
2024,arai,Arai,4
2024,aramburuzabala,Aramburuzabala,4
2024,ardoino,Ardoino,4
2024,argyros,Argyros,4
2024,arison,Arison,4
2024,aristrain,Aristrain,4
2024,arkin,Arkin,4
2024,armani,Armani,4
2024,armitage,Armitage,4
2024,armstrong,Armstrong,4
2024,arnault,Arnault,4
2024,arnold,Arnold,4
2024,arora,Arora,4
2024,arougheti,Arougheti,4
2024,arsel,Arsel,4
2024,arvedi,Arvedi,4
2024,asavabhokhin,Asavabhokhin,4
2024,ashcroft,Ashcroft,4
2024,ashkenazy,Ashkenazy,4
2024,ashley,Ashley,4
2024,asness,Asness,4
2024,austin,Austin,4
2024,avara,Avara,4
2024,avdeev,Avdeev,4
2024,avdolyan,Avdolyan,4
2024,aven,Aven,4
2024,aviram,Aviram,4
2024,awata,Awata,4
2024,awotona,Awotona,4
2024,ax-son-johnson,Ax:son Johnson,4
2024,aydinlar,Aydinlar,4
2024,azrieli,Azrieli,4
2024,babis,Babis,4
2024,bacaksiz,Bacaksiz,4
2024,bacon,Bacon,4
2024,bae,Bae,4
2024,bahwan,Bahwan,4
2024,bailey,Bailey,4
2024,baill-res-gual,Baillères Gual,4
2024,bajaj,Bajaj,4
2024,bakalchuk,Bakalchuk,4
2024,baker,Baker,4
2024,balkrishna,Balkrishna,4
2024,ballmer,Ballmer,4
2024,bamberger,Bamberger,4
2024,bamford,Bamford,4
2024,bancel,Bancel,4
2024,bang,Bang,4
2024,banga,Banga,4
2024,bangur,Bangur,4
2024,banon,Banon,4
2024,bansal,Bansal,4
2024,barki,Barki,4
2024,barnard,Barnard,4
2024,baro,Baro,4
2024,baron,Baron,4
2024,basilico,Basilico,4
2024,bass,Bass,4
2024,baszucki,Baszucki,4
2024,batista,Batista,4
2024,baturina,Baturina,4
2024,baudis,Baudis,4
2024,bauer,Bauer,4
2024,baumann-blocher,Baumann-Blocher,4
2024,bawri,Bawri,4
2024,bayraktar,Bayraktar,4
2024,beal,Beal,4
2024,beard,Beard,4
2024,beaufour,Beaufour,4
2024,bechtel,Bechtel,4
2024,beckmann-legoretta,Beckmann Legoretta,4
2024,beckmann-legorreta,Beckmann Legorreta,4
2024,behring,Behring,4
2024,beier,Beier,4
2024,bekker,Bekker,4
2024,bellon,Bellon,4
2024,belo,Belo,4
2024,benacin,Benacin,4
2024,benchimol,Benchimol,4
2024,benetton,Benetton,4
2024,benioff,Benioff,4
2024,benjelloun,Benjelloun,4
2024,bennet,Bennet,4
2024,bennett,Bennett,4
2024,benson,Benson,4
2024,berggruen,Berggruen,4
2024,berkley,Berkley,4
2024,berlusconi,Berlusconi,4
2024,bertarelli,Bertarelli,4
2024,bertelli,Bertelli,4
2024,besnier,Besnier,4
2024,besnier-beauvalot,Besnier Beauvalot,4
2024,bettencourt-meyers,Bettencourt Meyers,4
2024,beveridge,Beveridge,4
2024,bezos,Bezos,4
2024,bharat-ram,Bharat Ram,4
2024,bhartia,Bhartia,4
2024,bhatia,Bhatia,4
2024,bhatt,Bhatt,4
2024,bhusri,Bhusri,4
2024,bialecki,Bialecki,4
2024,bicket,Bicket,4
2024,biernacki,Biernacki,4
2024,bikhchandani,Bikhchandani,4
2024,billi,Billi,4
2024,bino,Bino,4
2024,biondi,Biondi,4
2024,birkenstock,Birkenstock,4
2024,birla,Birla,4
2024,birmingham-perot,Birmingham Perot,4
2024,bisciotti,Bisciotti,4
2024,bishop,Bishop,4
2024,biswas,Biswas,4
2024,bjorgolfsson,Bjorgolfsson,4
2024,black,Black,4
2024,blakely,Blakely,4
2024,blank,Blank,4
2024,blankfein,Blankfein,4
2024,blavatnik,Blavatnik,4
2024,blecharczyk,Blecharczyk,4
2024,blecher,Blecher,4
2024,blickle,Blickle,4
2024,blitzer,Blitzer,4
2024,blocher,Blocher,4
2024,bloomberg,Bloomberg,4
2024,bloor,Bloor,4
2024,blue,Blue,4
2024,bluhm,Bluhm,4
2024,blundy,Blundy,4
2024,boehly,Boehly,4
2024,boersma,Boersma,4
2024,bogdanov,Bogdanov,4
2024,boguslavsky,Boguslavsky,4
2024,boholyubov,Boholyubov,4
2024,bokarev,Bokarev,4
2024,bollor,Bolloré,4
2024,boluda-fos,Boluda Fos,4
2024,bombassei,Bombassei,4
2024,bonderman,Bonderman,4
2024,bonvin,Bonvin,4
2024,booth,Booth,4
2024,boquoi,Boquoi,4
2024,boro,Boro,4
2024,bouchard,Bouchard,4
2024,bouygues,Bouygues,4
2024,boyd,Boyd,4
2024,boyko,Boyko,4
2024,boyle,Boyle,4
2024,bozano,Bozano,4
2024,braman,Braman,4
2024,branson,Branson,4
2024,braun,Braun,4
2024,braun-luedicke,Braun-Luedicke,4
2024,bravo,Bravo,4
2024,bren,Bren,4
2024,breyer,Breyer,4
2024,brice,Brice,4
2024,brin,Brin,4
2024,broad,Broad,4
2024,bronfman,Bronfman,4
2024,brown,Brown,4
2024,bruch,Bruch,4
2024,bucher-haefner,Bucher-Haefner,4
2024,budiman,Budiman,4
2024,buffett,Buffett,4
2024,buinov,Buinov,4
2024,bukhman,Bukhman,4
2024,bulgari,Bulgari,4
2024,bulgheroni,Bulgheroni,4
2024,burch,Burch,4
2024,burda,Burda,4
2024,burkle,Burkle,4
2024,burman,Burman,4
2024,butt,Butt,4
2024,butterfield,Butterfield,4
2024,bzurovski-bay,Bzurovski Bay,4
2024,cai,Cai,4
2024,calder,Calder,4
2024,calik,Calik,4
2024,callerstr-m,Callerström,4
2024,caltagirone,Caltagirone,4
2024,camp,Camp,4
2024,cannon-brookes,Cannon-Brookes,4
2024,cao,Cao,4
2024,caporella,Caporella,4
2024,caprotti,Caprotti,4
2024,cargill,Cargill,4
2024,carmignac,Carmignac,4
2024,carroll,Carroll,4
2024,caruso,Caruso,4
2024,casalena,Casalena,4
2024,case,Case,4
2024,cathy,Cathy,4
2024,cathy-white,Cathy White,4
2024,catsimatidis,Catsimatidis,4
2024,catz,Catz,4
2024,caudwell,Caudwell,4
2024,cayard,Cayard,4
2024,cen,Cen,4
2024,chabot,Chabot,4
2024,chaiyawan,Chaiyawan,4
2024,chambers,Chambers,4
2024,chan,Chan,4
2024,chandler,Chandler,4
2024,chandramogan,Chandramogan,4
2024,chang,Chang,4
2024,chao,Chao,4
2024,chao-jenkins,Chao Jenkins,4
2024,charles,Charles,4
2024,chau,Chau,4
2024,chaudhary,Chaudhary,4
2024,chaudhry,Chaudhry,4
2024,cheah,Cheah,4
2024,chearavanont,Chearavanont,4
2024,chen,Chen,4
2024,cheng,Cheng,4
2024,cheriton,Cheriton,4
2024,cherng,Cherng,4
2024,chesky,Chesky,4
2024,chestnut,Chestnut,4
2024,chey,Chey,4
2024,chi,Chi,4
2024,chiaravanond,Chiaravanond,4
2024,chiaravanont,Chiaravanont,4
2024,chico-pardo,Chico Pardo,4
2024,chin,Chin,4
2024,chiravanond,Chiravanond,4
2024,chittilappilly,Chittilappilly,4
2024,chiu,Chiu,4
2024,cho,Cho,4
2024,choi,Choi,4
2024,choksi,Choksi,4
2024,chong,Chong,4
2024,choo,Choo,4
2024,chouest,Chouest,4
2024,chow,Chow,4
2024,chrenko,Chrenko,4
2024,christodoulou,Christodoulou,4
2024,christopher,Christopher,4
2024,chu,Chu,4
2024,chua,Chua,4
2024,chudgar,Chudgar,4
2024,chung,Chung,4
2024,clark,Clark,4
2024,clarke,Clarke,4
2024,claure,Claure,4
2024,coates,Coates,4
2024,cockwell,Cockwell,4
2024,cohen,Cohen,4
2024,coleman,Coleman,4
2024,collison,Collison,4
2024,colombia,Colombia,4
2024,commisso,Commisso,4
2024,connor,Connor,4
2024,conrad,Conrad,4
2024,conway,Conway,4
2024,cook,Cook,4
2024,coombs,Coombs,4
2024,cooperman,Cooperman,4
2024,coppel-luken,Coppel Luken,4
2024,corio,Corio,4
2024,cortina,Cortina,4
2024,costantini,Costantini,4
2024,costica,Costica,4
2024,coulter,Coulter,4
2024,coutu,Coutu,4
2024,cowin,Cowin,4
2024,coxe,Coxe,4
2024,crabill,Crabill,4
2024,crane,Crane,4
2024,cremonini,Cremonini,4
2024,crippa,Crippa,4
2024,crishna-godrej,Crishna-Godrej,4
2024,crook,Crook,4
2024,cruanes,Cruanes,4
2024,csanyi,Csanyi,4
2024,cuban,Cuban,4
2024,cucinelli,Cucinelli,4
2024,currie,Currie,4
2024,d-amours,D'Amours,4
2024,d-aniello,D'Aniello,4
2024,d-ieteren,D'Ieteren,4
2024,dageville,Dageville,4
2024,dai,Dai,4
2024,daitch,Daitch,4
2024,dalio,Dalio,4
2024,dalmia,Dalmia,4
2024,damani,Damani,4
2024,damen,Damen,4
2024,dang,Dang,4
2024,dangermond,Dangermond,4
2024,dangi,Dangi,4
2024,dangote,Dangote,4
2024,dantchik,Dantchik,4
2024,dart,Dart,4
2024,dassault,Dassault,4
2024,daurella,Daurella,4
2024,daurella-aguilera,Daurella Aguilera,4
2024,davila-de-santo-domingo,Davila de Santo Domingo,4
2024,davis,Davis,4
2024,dayan,Dayan,4
2024,de-carvalho-heineken,de Carvalho-Heineken,4
2024,de-godoy-bueno,de Godoy Bueno,4
2024,de-longhi,De'Longhi,4
2024,de-mattos-barretto-villela,de Mattos Barretto Villela,4
2024,de-mol,de Mol,4
2024,de-nora,De Nora,4
2024,deason,Deason,4
2024,debartolo,DeBartolo,4
2024,deckoff,Deckoff,4
2024,dejoria,DeJoria,4
2024,del-pino,Del Pino,4
2024,del-valle-ruiz,Del Valle Ruiz,4
2024,del-vecchio,Del Vecchio,4
2024,dell,Dell,4
2024,della-valle,Della Valle,4
2024,deluca,DeLuca,4
2024,demidov,Demidov,4
2024,denegri,Denegri,4
2024,deng,Deng,4
2024,dentressangle,Dentressangle,4
2024,deripaska,Deripaska,4
2024,desai,Desai,4
2024,deshpande,Deshpande,4
2024,desmond,Desmond,4
2024,devasini,Devasini,4
2024,dewji,Dewji,4
2024,dhingra,Dhingra,4
2024,dias-branco,Dias Branco,4
2024,diethelm,Diethelm,4
2024,diller,Diller,4
2024,dimon,Dimon,4
2024,dinan,Dinan,4
2024,dines,Dines,4
2024,dinesh,Dinesh,4
2024,ding,Ding,4
2024,diona-teh,Diona Teh,4
2024,divi,Divi,4
2024,dixon,Dixon,4
2024,dizdar,Dizdar,4
2024,dmitriev,Dmitriev,4
2024,doepfner,Doepfner,4
2024,doerr,Doerr,4
2024,dogan,Dogan,4
2024,dolan,Dolan,4
2024,dolby,Dolby,4
2024,dolce,Dolce,4
2024,dommermuth,Dommermuth,4
2024,domuschiev,Domuschiev,4
2024,dong,Dong,4
2024,doris,Doris,4
2024,dorrance,Dorrance,4
2024,dorsey,Dorsey,4
2024,dospiva,Dospiva,4
2024,dou,Dou,4
2024,douglas,Douglas,4
2024,draexlmaier,Draexlmaier,4
2024,drahi,Drahi,4
2024,draper,Draper,4
2024,droege,Droege,4
2024,druckenmiller,Druckenmiller,4
2024,du,Du,4
2024,dubin,Dubin,4
2024,duff,Duff,4
2024,duffield,Duffield,4
2024,duggan,Duggan,4
2024,duncan,Duncan,4
2024,dunleavy,Dunleavy,4
2024,dunn,Dunn,4
2024,durban,Durban,4
2024,durov,Durov,4
2024,dyson,Dyson,4
2024,ebner,Ebner,4
2024,ecclestone,Ecclestone,4
2024,eczacibasi,Eczacibasi,4
2024,edelman,Edelman,4
2024,edelstenne,Edelstenne,4
2024,edens,Edens,4
2024,edwards,Edwards,4
2024,eghbali,Eghbali,4
2024,egydio-arruda-villela-filho,Egydio Arruda Villela Filho,4
2024,ehrsam,Ehrsam,4
2024,ek,Ek,4
2024,eliahu,Eliahu,4
2024,elias,Elias,4
2024,elkann,Elkann,4
2024,ell,Ell,4
2024,ellison,Ellison,4
2024,emmerson,Emmerson,4
2024,engelhardt,Engelhardt,4
2024,engineer,Engineer,4
2024,englander,Englander,4
2024,erdemoglu,Erdemoglu,4
2024,ergen,Ergen,4
2024,erikawa,Erikawa,4
2024,erm-rio-de-moraes,Ermírio de Moraes,4
2024,ermirio-de-moraes,Ermirio de Moraes,4
2024,ermirio-de-moraes-neto,Ermirio de Moraes Neto,4
2024,erni,Erni,4
2024,escarrer,Escarrer,4
2024,escotet,Escotet,4
2024,espinosa-abdal,Espinosa Abdalá,4
2024,esteves,Esteves,4
2024,eurnekian,Eurnekian,4
2024,ezratti,Ezratti,4
2024,fairbank,Fairbank,4
2024,faith,Faith,4
2024,fan,Fan,4
2024,fang,Fang,4
2024,fangiono,Fangiono,4
2024,farquhar,Farquhar,4
2024,fartushnyak,Fartushnyak,4
2024,fattal,Fattal,4
2024,faulkner,Faulkner,4
2024,federmann,Federmann,4
2024,fedun,Fedun,4
2024,feffer,Feffer,4
2024,fegel,Fegel,4
2024,feinberg,Feinberg,4
2024,felcsuti,Felcsuti,4
2024,feld,Feld,4
2024,feldmann,Feldmann,4
2024,feliciano,Feliciano,4
2024,feng,Feng,4
2024,ferrari,Ferrari,4
2024,ferrero,Ferrero,4
2024,fertitta,Fertitta,4
2024,fetisov,Fetisov,4
2024,feuillet,Feuillet,4
2024,fidani,Fidani,4
2024,fielmann,Fielmann,4
2024,filev,Filev,4
2024,filo,Filo,4
2024,find,Find,4
2024,fink,Fink,4
2024,fireman,Fireman,4
2024,firodia,Firodia,4
2024,fish,Fish,4
2024,fisher,Fisher,4
2024,fissolo,Fissolo,4
2024,flatt,Flatt,4
2024,flowers,Flowers,4
2024,fluxa-rossello,Fluxa Rossello,4
2024,fogel,Fogel,4
2024,foley,Foley,4
2024,fong,Fong,4
2024,fontbona,Fontbona,4
2024,ford,Ford,4
2024,foroughi,Foroughi,4
2024,forrest,Forrest,4
2024,fortin,Fortin,4
2024,foster,Foster,4
2024,fox,Fox,4
2024,fraisse,Fraisse,4
2024,france,France,4
2024,francis,Francis,4
2024,franke,Franke,4
2024,franken-family,Franken & family,4
2024,frantz,Frantz,4
2024,franz-n,Franzén,4
2024,fredriksen,Fredriksen,4
2024,freier,Freier,4
2024,french,French,4
2024,french-gates,French Gates,4
2024,frere,Frere,4
2024,frey,Frey,4
2024,frias,Frias,4
2024,fridman,Fridman,4
2024,friedkin,Friedkin,4
2024,friedland,Friedland,4
2024,friedman,Friedman,4
2024,friese,Friese,4
2024,frist,Frist,4
2024,frolov,Frolov,4
2024,frost,Frost,4
2024,fu,Fu,4
2024,fukushima,Fukushima,4
2024,fung,Fung,4
2024,gabay,Gabay,4
2024,gabbana,Gabbana,4
2024,gabelli,Gabelli,4
2024,gaglardi,Gaglardi,4
2024,galitsky,Galitsky,4
2024,gallienne,Gallienne,4
2024,galperin,Galperin,4
2024,gan,Gan,4
2024,gandel,Gandel,4
2024,gangwal,Gangwal,4
2024,gans,Gans,4
2024,gantner,Gantner,4
2024,gao,Gao,4
2024,garavoglia,Garavoglia,4
2024,garcia,Garcia,4
2024,garcia-iii,"Garcia, III",4
2024,garfinkel,Garfinkel,4
2024,gassner,Gassner,4
2024,gates,Gates,4
2024,gattyan,Gattyan,4
2024,gauselmann,Gauselmann,4
2024,gautam,Gautam,4
2024,gebbia,Gebbia,4
2024,geffen,Geffen,4
2024,geiger,Geiger,4
2024,geminder,Geminder,4
2024,gerko,Gerko,4
2024,gerling,Gerling,4
2024,gerry,Gerry,4
2024,gertler,Gertler,4
2024,getty,Getty,4
2024,ghaffarian,Ghaffarian,4
2024,ghodsi,Ghodsi,4
2024,gibbon,Gibbon,4
2024,gilbert,Gilbert,4
2024,gilgan,Gilgan,4
2024,gilinski-bacal,Gilinski Bacal,4
2024,gillings,Gillings,4
2024,ginestet,Ginestet,4
2024,giorgetta,Giorgetta,4
2024,giuliani,Giuliani,4
2024,glasenberg,Glasenberg,4
2024,glaser,Glaser,4
2024,glazer,Glazer,4
2024,glazer-kassewitz,Glazer Kassewitz,4
2024,godha,Godha,4
2024,godin,Godin,4
2024,godrej,Godrej,4
2024,goenka,Goenka,4
2024,goff,Goff,4
2024,goh,Goh,4
2024,goi,Goi,4
2024,gokongwei,Gokongwei,4
2024,goldhar,Goldhar,4
2024,goldman,Goldman,4
2024,goldman-fowler,Goldman Fowler,4
2024,goldring,Goldring,4
2024,goldsbury,Goldsbury,4
2024,goldschmeding,Goldschmeding,4
2024,golisano,Golisano,4
2024,golub,Golub,4
2024,golubkov,Golubkov,4
2024,gong,Gong,4
2024,goodnight,Goodnight,4
2024,gopalakrishnan,Gopalakrishnan,4
2024,gordeev,Gordeev,4
2024,gores,Gores,4
2024,gottesman,Gottesman,4
2024,gou,Gou,4
2024,gracias,Gracias,4
2024,graf,Graf,4
2024,graff,Graff,4
2024,graves,Graves,4
2024,gray,Gray,4
2024,grayken,Grayken,4
2024,green,Green,4
2024,greenberg,Greenberg,4
2024,greene,Greene,4
2024,grendene-bartelle,Grendene Bartelle,4
2024,grendys,Grendys,4
2024,grether,Grether,4
2024,griffin,Griffin,4
2024,grogg,Grogg,4
2024,gross,Gross,4
2024,grossman-fleishman,Grossman Fleishman,4
2024,grousbeck,Grousbeck,4
2024,grynbaum,Grynbaum,4
2024,gu,Gu,4
2024,gundlach,Gundlach,4
2024,guo,Guo,4
2024,gupta,Gupta,4
2024,guryev-family,Guryev & family,4
2024,gussalli-beretta,Gussalli Beretta,4
2024,gustavson,Gustavson,4
2024,gutseriev,Gutseriev,4
2024,h-gberg-sch-rling,Högberg Schörling,4
2024,habert-dassault,Habert-Dassault,4
2024,haefner,Haefner,4
2024,hagen,Hagen,4
2024,hagen-kjos,Hagen Kjos,4
2024,haji-ioannou,Haji-Ioannou,4
2024,hale,Hale,4
2024,hall,Hall,4
2024,halvorsen,Halvorsen,4
2024,hamied,Hamied,4
2024,hamm,Hamm,4
2024,hancock,Hancock,4
2024,hang,Hang,4
2024,hank-rhon,Hank Rhon,4
2024,hankey,Hankey,4
2024,hanrahan,Hanrahan,4
2024,hao,Hao,4
2024,happel,Happel,4
2024,hardy,Hardy,4
2024,hargreaves,Hargreaves,4
2024,hariri,Hariri,4
2024,harlap,Harlap,4
2024,harp-helu,Harp Helu,4
2024,harris,Harris,4
2024,hart,Hart,4
2024,hartono,Hartono,4
2024,harvey,Harvey,4
2024,hascak,Hascak,4
2024,haslam,Haslam,4
2024,hastings,Hastings,4
2024,haub,Haub,4
2024,hayne,Hayne,4
2024,he,He,4
2024,headington,Headington,4
2024,hector,Hector,4
2024,heine,Heine,4
2024,heinecke,Heinecke,4
2024,heister,Heister,4
2024,helmig,Helmig,4
2024,hendricks,Hendricks,4
2024,henkel,Henkel,4
2024,hennick,Hennick,4
2024,henry,Henry,4
2024,herlin,Herlin,4
2024,hernandez-ramirez,Hernandez Ramirez,4
2024,herrero,Herrero,4
2024,herz,Herz,4
2024,higgins,Higgins,4
2024,hildebrand,Hildebrand,4
2024,hill,Hill,4
2024,hindawi,Hindawi,4
2024,hintze,Hintze,4
2024,hiranandani,Hiranandani,4
2024,hirschfeld,Hirschfeld,4
2024,ho,Ho,4
2024,hoegner,Hoegner,4
2024,hoffman,Hoffman,4
2024,hoffmann,Hoffmann,4
2024,hohn,Hohn,4
2024,holding,Holding,4
2024,hong,Hong,4
2024,hopp,Hopp,4
2024,horejsi,Horejsi,4
2024,horton,Horton,4
2024,hostetter,Hostetter,4
2024,hou,Hou,4
2024,houston,Houston,4
2024,howard,Howard,4
2024,howley,Howley,4
2024,hsu,Hsu,4
2024,hua,Hua,4
2024,huang,Huang,4
2024,hubbard,Hubbard,4
2024,hughes,Hughes,4
2024,hui,Hui,4
2024,hult,Hult,4
2024,hungary,Hungary,4
2024,hunt,Hunt,4
2024,hupert,Hupert,4
2024,huts,Huts,4
2024,hwang,Hwang,4
2024,hymowitz,Hymowitz,4
2024,ibrahim,Ibrahim,4
2024,icahn,Icahn,4
2024,iervolino,Iervolino,4
2024,ilicak,Ilicak,4
2024,iliev,Iliev,4
2024,ilitch,Ilitch,4
2024,ingram,Ingram,4
2024,irsay,Irsay,4
2024,irving,Irving,4
2024,isaacman,Isaacman,4
2024,ishbia,Ishbia,4
2024,ishibashi,Ishibashi,4
2024,ito,Ito,4
2024,ivanishvili,Ivanishvili,4
2024,jackman,Jackman,4
2024,jackson,Jackson,4
2024,jacobs,Jacobs,4
2024,jacobson,Jacobson,4
2024,jagtiani,Jagtiani,4
2024,jain,Jain,4
2024,jaipuria,Jaipuria,4
2024,jaisinghani,Jaisinghani,4
2024,james,James,4
2024,jannard,Jannard,4
2024,jarislowsky,Jarislowsky,4
2024,jaruphnit,Jaruphnit,4
2024,jasti,Jasti,4
2024,jay-z,Jay-Z,4
2024,jensen-family,Jensen & Family,4
2024,jhunjhunwala,Jhunjhunwala,4
2024,ji,Ji,4
2024,jian,Jian,4
2024,jiang,Jiang,4
2024,jiaravanon,Jiaravanon,4
2024,jin,Jin,4
2024,jindal,Jindal,4
2024,johannson,Johannson,4
2024,johnson,Johnson,4
2024,johnson-leipold,Johnson-Leipold,4
2024,jones,Jones,4
2024,jonsson,Jonsson,4
2024,jordan,Jordan,4
2024,joseph,Joseph,4
2024,juneja,Juneja,4
2024,junqueira,Junqueira,4
2024,juroszek,Juroszek,4
2024,k-rmann,Käärmann,4
2024,kadoorie,Kadoorie,4
2024,kahn,Kahn,4
2024,kaiser,Kaiser,4
2024,kajaria,Kajaria,4
2024,kalanick,Kalanick,4
2024,kalyanaraman,Kalyanaraman,4
2024,kalyani,Kalyani,4
2024,kam,Kam,4
2024,kamath,Kamath,4
2024,kamenshchik,Kamenshchik,4
2024,kamprad,Kamprad,4
2024,kaneko,Kaneko,4
2024,kanjanapas,Kanjanapas,4
2024,kanokov,Kanokov,4
2024,kantor,Kantor,4
2024,kanwar,Kanwar,4
2024,kao,Kao,4
2024,kaplan,Kaplan,4
2024,kapnick,Kapnick,4
2024,kapur,Kapur,4
2024,karam,Karam,4
2024,karapetyan,Karapetyan,4
2024,kardashian,Kardashian,4
2024,karim,Karim,4
2024,karp,Karp,4
2024,karptsov,Karptsov,4
2024,karsh,Karsh,4
2024,kaspersky,Kaspersky,4
2024,katsiev,Katsiev,4
2024,katz,Katz,4
2024,kavanaugh,Kavanaugh,4
2024,kayne,Kayne,4
2024,kazanci,Kazanci,4
2024,kei,Kei,4
2024,keinath,Keinath,4
2024,kelley,Kelley,4
2024,kellnerova,Kellnerova,4
2024,kellogg,Kellogg,4
2024,kelly,Kelly,4
2024,kemper,Kemper,4
2024,kendrick,Kendrick,4
2024,kennedy,Kennedy,4
2024,kenya,Kenya,4
2024,kerimov-family,Kerimov & family,4
2024,kesaev,Kesaev,4
2024,keywell,Keywell,4
2024,khachatryan,Khachatryan,4
2024,khaitan,Khaitan,4
2024,khan,Khan,4
2024,kharitonin,Kharitonin,4
2024,khosla,Khosla,4
2024,khudokormov,Khudokormov,4
2024,kiani,Kiani,4
2024,kim,Kim,4
2024,kimmel,Kimmel,4
2024,kinder,Kinder,4
2024,kipyatkov,Kipyatkov,4
2024,kirac,Kirac,4
2024,kirk,Kirk,4
2024,kirsh,Kirsh,4
2024,klagsbrun,Klagsbrun,4
2024,klarman,Klarman,4
2024,klatten,Klatten,4
2024,klenk,Klenk,4
2024,klinsky,Klinsky,4
2024,knapp,Knapp,4
2024,knauf,Knauf,4
2024,knight,Knight,4
2024,koc,Koc,4
2024,koch,Koch,4
2024,koguan,Koguan,4
2024,koh,Koh,4
2024,kolesnikov,Kolesnikov,4
2024,komarek,Komarek,4
2024,koo,Koo,4
2024,koon,Koon,4
2024,koplowitz,Koplowitz,4
2024,kosogov,Kosogov,4
2024,kotak,Kotak,4
2024,kothari,Kothari,4
2024,koum,Koum,4
2024,kovalchuk,Kovalchuk,4
2024,kovner,Kovner,4
2024,kozitsyn,Kozitsyn,4
2024,kozuki,Kozuki,4
2024,kraft,Kraft,4
2024,kramer,Kramer,4
2024,krasny,Krasny,4
2024,kravis,Kravis,4
2024,kretinsky,Kretinsky,4
2024,krigsner,Krigsner,4
2024,krishna,Krishna,4
2024,krishnan,Krishnan,4
2024,kristiansen,Kristiansen,4
2024,krivenko,Krivenko,4
2024,kroenke,Kroenke,4
2024,krupchak,Krupchak,4
2024,krystynak,Krystynak,4
2024,kucera,Kucera,4
2024,kucuk,Kucuk,4
2024,kudryashkin,Kudryashkin,4
2024,kuehne,Kuehne,4
2024,kulczyk,Kulczyk,4
2024,kulibaev,Kulibaev,4
2024,kulibaeva,Kulibaeva,4
2024,kulkov,Kulkov,4
2024,kum,Kum,4
2024,kumar,Kumar,4
2024,kunhikannan,Kunhikannan,4
2024,kuok,Kuok,4
2024,kuriwada,Kuriwada,4
2024,kurtz,Kurtz,4
2024,kurzius,Kurzius,4
2024,kushner,Kushner,4
2024,kuzmichev,Kuzmichev,4
2024,kuzyaev,Kuzyaev,4
2024,kvetnoi,Kvetnoi,4
2024,kwak,Kwak,4
2024,kwee,Kwee,4
2024,kwek,Kwek,4
2024,kwok,Kwok,4
2024,kwon,Kwon,4
2024,kwong,Kwong,4
2024,kyostila,Kyostila,4
2024,l-qu-c,Lê-Quôc,4
2024,lacob,Lacob,4
2024,ladreit-de-lacharriere,Ladreit de Lacharriere,4
2024,laffont,Laffont,4
2024,lai,Lai,4
2024,lal,Lal,4
2024,lalibert,Laliberté,4
2024,lam,Lam,4
2024,lampert,Lampert,4
2024,lamsam,Lamsam,4
2024,landini-aleotti,Landini Aleotti,4
2024,langer,Langer,4
2024,langley,Langley,4
2024,langone,Langone,4
2024,lansdown,Lansdown,4
2024,lao-hern-ndez,Lao Hernández,4
2024,larrea-mota-velasco,Larrea Mota Velasco,4
2024,larsen,Larsen,4
2024,lasry,Lasry,4
2024,latifi,Latifi,4
2024,latouche,Latouche,4
2024,latsis,Latsis,4
2024,lau,Lau,4
2024,lauder,Lauder,4
2024,laufer,Laufer,4
2024,laukien,Laukien,4
2024,lauren,Lauren,4
2024,laurie,Laurie,4
2024,lavin,Lavin,4
2024,law,Law,4
2024,lazari,Lazari,4
2024,le-duff,Le Duff,4
2024,le-roux,Le Roux,4
2024,leclercq,Leclercq,4
2024,lee,Lee,4
2024,lee-chin,Lee-Chin,4
2024,lefebvre-d-ovidio,Lefebvre d'Ovidio,4
2024,lefkofsky,Lefkofsky,4
2024,lefrak,LeFrak,4
2024,legorreta,Legorreta,4
2024,lehmann,Lehmann,4
2024,lei,Lei,4
2024,leibinger,Leibinger,4
2024,leibinger-kammueller,Leibinger-Kammueller,4
2024,leininger,Leininger,4
2024,leitner,Leitner,4
2024,lemann,Lemann,4
2024,leng,Leng,4
2024,leonard,Leonard,4
2024,leone,Leone,4
2024,leong,Leong,4
2024,leonsis,Leonsis,4
2024,leprino,Leprino,4
2024,lerner,Lerner,4
2024,levchin,Levchin,4
2024,levin,Levin,4
2024,levinson,Levinson,4
2024,lew,Lew,4
2024,lewis,Lewis,4
2024,li,Li,4
2024,liang,Liang,4
2024,liautaud,Liautaud,4
2024,lichtenstein,Lichtenstein,4
2024,liebmann,Liebmann,4
2024,liemandt,Liemandt,4
2024,lillian-teh,Lillian Teh,4
2024,lillyn-teh,Lillyn Teh,4
2024,lim,Lim,4
2024,lin,Lin,4
2024,lind-n-urnes,Lindén Urnes,4
2024,lindh,Lindh,4
2024,ling,Ling,4
2024,link,Link,4
2024,lipschultz,Lipschultz,4
2024,lisin,Lisin,4
2024,litvak,Litvak,4
2024,litvinenko,Litvinenko,4
2024,liu,Liu,4
2024,livingstone,Livingstone,4
2024,lo,Lo,4
2024,locks,Locks,4
2024,lodha,Lodha,4
2024,loeb,Loeb,4
2024,loh,Loh,4
2024,lohia,Lohia,4
2024,lomakin,Lomakin,4
2024,lomtadze,Lomtadze,4
2024,lorberbaum,Lorberbaum,4
2024,lorentzon,Lorentzon,4
2024,louboutin,Louboutin,4
2024,louie,Louie,4
2024,louis-dreyfus,Louis-Dreyfus,4
2024,louis-hansen,Louis-Hansen,4
2024,love,Love,4
2024,low-tuck,Low Tuck,4
2024,lowy,Lowy,4
2024,lozick,Lozick,4
2024,lubetzky,Lubetzky,4
2024,lucas,Lucas,4
2024,luckey,Luckey,4
2024,luddy,Luddy,4
2024,lui,Lui,4
2024,lundberg,Lundberg,4
2024,luo,Luo,4
2024,lurie,Lurie,4
2024,lutke,Lutke,4
2024,lutsenko,Lutsenko,4
2024,luttwak,Luttwak,4
2024,luxembourg,Luxembourg,4
2024,lytvyn,Lytvyn,4
2024,lyu,Lyu,4
2024,m-ller-botelho,Müller Botelho,4
2024,maag,Maag,4
2024,maag-de-moura-cunha,Maag de Moura Cunha,4
2024,macedo,Macedo,4
2024,macmillan,MacMillan,4
2024,madar,Madar,4
2024,maezawa,Maezawa,4
2024,maggi,Maggi,4
2024,magness,Magness,4
2024,mahagitsiri,Mahagitsiri,4
2024,mahindra,Mahindra,4
2024,makarov,Makarov,4
2024,makhmudov,Makhmudov,4
2024,malhotra,Malhotra,4
2024,malik,Malik,4
2024,malone,Malone,4
2024,mamut,Mamut,4
2024,mandel,Mandel,4
2024,mann,Mann,4
2024,mansour,Mansour,4
2024,mansueto,Mansueto,4
2024,mao,Mao,4
2024,maran,Maran,4
2024,marchewka,Marchewka,4
2024,marcus,Marcus,4
2024,marguerre,Marguerre,4
2024,marinho,Marinho,4
2024,mariwala,Mariwala,4
2024,marks,Marks,4
2024,marquart,Marquart,4
2024,mars,Mars,4
2024,marshall,Marshall,4
2024,martin,Martin,4
2024,martinos,Martinos,4
2024,martinson,Martinson,4
2024,martullo-blocher,Martullo-Blocher,4
2024,mas,Mas,4
2024,masaveu-herrero,Masaveu Herrero,4
2024,maschmeyer,Maschmeyer,4
2024,masiyiwa,Masiyiwa,4
2024,mate,Mate,4
2024,mateschitz,Mateschitz,4
2024,mateus,Mateus,4
2024,mathieson,Mathieson,4
2024,matthews,Matthews,4
2024,mazepin,Mazepin,4
2024,mazumdar-shaw,Mazumdar-Shaw,4
2024,mcaulay,McAulay,4
2024,mccaleb,McCaleb,4
2024,mccaw,McCaw,4
2024,mccourt,McCourt,4
2024,mckelvey,McKelvey,4
2024,mclane,McLane,4
2024,mcmahon,McMahon,4
2024,mcmurtry,McMurtry,4
2024,mcnair,McNair,4
2024,mehta,Mehta,4
2024,meijer,Meijer,4
2024,meister,Meister,4
2024,melchers,Melchers,4
2024,melnichenko,Melnichenko,4
2024,melnikov,Melnikov,4
2024,menard,Menard,4
2024,meng,Meng,4
2024,menin-teixeira-de-souza,Menin Teixeira de Souza,4
2024,menon,Menon,4
2024,merchant,Merchant,4
2024,merckle,Merckle,4
2024,merieux,Merieux,4
2024,meszaros,Meszaros,4
2024,metropoulos,Metropoulos,4
2024,meyer,Meyer,4
2024,mhaiskar,Mhaiskar,4
2024,mi,Mi,4
2024,miao,Miao,4
2024,michael,Michael,4
2024,michel,Michel,4
2024,michelson,Michelson,4
2024,middleton,Middleton,4
2024,mikati,Mikati,4
2024,mikhalskiy,Mikhalskiy,4
2024,mikhelson,Mikhelson,4
2024,miki,Miki,4
2024,mikitani,Mikitani,4
2024,milchan,Milchan,4
2024,milken,Milken,4
2024,miller,Miller,4
2024,milner,Milner,4
2024,minda,Minda,4
2024,mindus,Mindus,4
2024,minovalov,Minovalov,4
2024,minozzi,Minozzi,4
2024,mistakidis,Mistakidis,4
2024,mistry,Mistry,4
2024,mittal,Mittal,4
2024,mnaymneh,Mnaymneh,4
2024,modi,Modi,4
2024,mol,Mol,4
2024,molchanov,Molchanov,4
2024,moll-filho,Moll Filho,4
2024,moller-nielsen,Moller Nielsen,4
2024,mommert,Mommert,4
2024,mondre,Mondre,4
2024,moraes,Moraes,4
2024,moratti,Moratti,4
2024,mordashov,Mordashov,4
2024,moreira-salles,Moreira Salles,4
2024,moreira-salles-junior,Moreira Salles Junior,4
2024,moreno,Moreno,4
2024,moretti-polegato,Moretti Polegato,4
2024,mori,Mori,4
2024,moritz,Moritz,4
2024,morocco,Morocco,4
2024,morris,Morris,4
2024,moshiri,Moshiri,4
2024,moshkovich,Moshkovich,4
2024,moskovitz,Moskovitz,4
2024,motoya,Motoya,4
2024,motsepe,Motsepe,4
2024,motta,Motta,4
2024,mouawad,Mouawad,4
2024,moyes,Moyes,4
2024,mu,Mu,4
2024,mueller,Mueller,4
2024,muglia,Muglia,4
2024,mulchandani,Mulchandani,4
2024,munjal,Munjal,4
2024,munot,Munot,4
2024,murdoch,Murdoch,4
2024,murdock,Murdock,4
2024,murphy,Murphy,4
2024,murtagh,Murtagh,4
2024,murthy,Murthy,4
2024,musallam,Musallam,4
2024,musk,Musk,4
2024,muthoot,Muthoot,4
2024,nacht,Nacht,4
2024,nadar,Nadar,4
2024,naeder,Naeder,4
2024,nagamori,Nagamori,4
2024,nahmad,Nahmad,4
2024,najafi,Najafi,4
2024,nakatani,Nakatani,4
2024,nan,Nan,4
2024,naoroji,Naoroji,4
2024,nardone,Nardone,4
2024,navarro,Navarro,4
2024,nayar,Nayar,4
2024,nelson,Nelson,4
2024,nemetschek,Nemetschek,4
2024,netherlands,Netherlands,4
2024,netylko,Netylko,4
2024,neumann,Neumann,4
2024,newell,Newell,4
2024,newhouse,Newhouse,4
2024,nguyen,Nguyen,4
2024,ni,Ni,4
2024,niarchos,Niarchos,4
2024,nicholas,Nicholas,4
2024,nie,Nie,4
2024,niel,Niel,4
2024,nigeria,Nigeria,4
2024,nikolaev,Nikolaev,4
2024,nikolajevic,Nikolajevic,4
2024,nilekani,Nilekani,4
2024,nisanov,Nisanov,4
2024,nitori,Nitori,4
2024,nixon,Nixon,4
2024,noda,Noda,4
2024,nominacher,Nominacher,4
2024,north-america,North America,4
2024,novelly,Novelly,4
2024,novinsky,Novinsky,4
2024,novogratz,Novogratz,4
2024,nursalim,Nursalim,4
2024,nuttall,Nuttall,4
2024,nuwal,Nuwal,4
2024,o-brien,O'Brien,4
2024,oberoi,Oberoi,4
2024,oberwelland,Oberwelland,4
2024,oberwelland-height,Oberwelland-Height,4
2024,obrecht,Obrecht,4
2024,ocampo,Ocampo,4
2024,och,Och,4
2024,oei,Oei,4
2024,oeri,Oeri,4
2024,oetker,Oetker,4
2024,ofer,Ofer,4
2024,ogawa,Ogawa,4
2024,okada,Okada,4
2024,olenicoff,Olenicoff,4
2024,olivo-lopez,Olivo Lopez,4
2024,olsson,Olsson,4
2024,ometto-silveira-mello,Ometto Silveira Mello,4
2024,omidyar,Omidyar,4
2024,oppenheimer,Oppenheimer,4
2024,or,Or,4
2024,orenstein,Orenstein,4
2024,oringer,Oringer,4
2024,orlov,Orlov,4
2024,ortega,Ortega,4
2024,ortega-mera,Ortega Mera,4
2024,osathanugrah,Osathanugrah,4
2024,ostrover,Ostrover,4
2024,oswal,Oswal,4
2024,otedola,Otedola,4
2024,otsuka,Otsuka,4
2024,otto,Otto,4
2024,otto-bernstein,Otto-Bernstein,4
2024,overdeck,Overdeck,4
2024,oyler,Oyler,4
2024,ozdemir,Ozdemir,4
2024,ozmen,Ozmen,4
2024,p-ladeau,Péladeau,4
2024,packer,Packer,4
2024,page,Page,4
2024,pai,Pai,4
2024,palatchi,Palatchi,4
2024,palmer,Palmer,4
2024,panama,Panama,4
2024,pandit,Pandit,4
2024,pang,Pang,4
2024,pangestu,Pangestu,4
2024,parekh,Parekh,4
2024,parisotto,Parisotto,4
2024,park,Park,4
2024,parker,Parker,4
2024,parry-okeden,Parry-Okeden,4
2024,parsons,Parsons,4
2024,patel,Patel,4
2024,patterson,Patterson,4
2024,pattison,Pattison,4
2024,paul,Paul,4
2024,paulmann,Paulmann,4
2024,paulsen,Paulsen,4
2024,paulson,Paulson,4
2024,paval,Paval,4
2024,pe-aloza-alan-s,Peñaloza Alanís,4
2024,peery,Peery,4
2024,pegula,Pegula,4
2024,pei,Pei,4
2024,peltz,Peltz,4
2024,peng,Peng,4
2024,penske,Penske,4
2024,pera,Pera,4
2024,percassi,Percassi,4
2024,perelman,Perelman,4
2024,peres,Peres,4
2024,perez,Perez,4
2024,perez-companc,Perez Companc,4
2024,perfetti,Perfetti,4
2024,perkins,Perkins,4
2024,perlmutter,Perlmutter,4
2024,perot,Perot,4
2024,perrodo,Perrodo,4
2024,perry,Perry,4
2024,persson,Persson,4
2024,pessina,Pessina,4
2024,peterffy,Peterffy,4
2024,peterson,Peterson,4
2024,peugeot,Peugeot,4
2024,peugeot-roncoroni,Peugeot-Roncoroni,4
2024,pham,Pham,4
2024,phillips,Phillips,4
2024,pieper,Pieper,4
2024,pignataro,Pignataro,4
2024,pillai,Pillai,4
2024,pinault,Pinault,4
2024,pinchuk,Pinchuk,4
2024,pinckaers,Pinckaers,4
2024,pincus,Pincus,4
2024,pinheiro-koren-de-lima,Pinheiro Koren de Lima,4
2024,piramal,Piramal,4
2024,pires-oliveira-dias,Pires Oliveira Dias,4
2024,plank,Plank,4
2024,platt,Platt,4
2024,plattner,Plattner,4
2024,plourde,Plourde,4
2024,poddar,Poddar,4
2024,pohl,Pohl,4
2024,polsky,Polsky,4
2024,pomel,Pomel,4
2024,ponce-lerou,Ponce Lerou,4
2024,ponomarenko,Ponomarenko,4
2024,poo,Poo,4
2024,poonawalla,Poonawalla,4
2024,popov,Popov,4
2024,potanin,Potanin,4
2024,pousaz,Pousaz,4
2024,povlsen,Povlsen,4
2024,powell-jobs,Powell Jobs,4
2024,prada,Prada,4
2024,prasad,Prasad,4
2024,prasarttong-osoth,Prasarttong-Osoth,4
2024,pratt,Pratt,4
2024,premji,Premji,4
2024,preston,Preston,4
2024,prince,Prince,4
2024,pritzker,Pritzker,4
2024,pritzker-simmons,Pritzker Simmons,4
2024,projosasmito,Projosasmito,4
2024,prokhorov,Prokhorov,4
2024,prokopiou,Prokopiou,4
2024,pudwill,Pudwill,4
2024,puech,Puech,4
2024,pumpyansky,Pumpyansky,4
2024,punjabi,Punjabi,4
2024,qi,Qi,4
2024,qian,Qian,4
2024,qin,Qin,4
2024,qiu,Qiu,4
2024,qu,Qu,4
2024,quandt,Quandt,4
2024,quek,Quek,4
2024,rabiu,Rabiu,4
2024,rachmat,Rachmat,4
2024,radvinsky,Radvinsky,4
2024,ragon,Ragon,4
2024,raheja,Raheja,4
2024,rahr,Rahr,4
2024,rajendran,Rajendran,4
2024,rales,Rales,4
2024,rameshwar-rao,Rameshwar Rao,4
2024,ramlie,Ramlie,4
2024,rane,Rane,4
2024,rao,Rao,4
2024,rappaport,Rappaport,4
2024,rappoport,Rappoport,4
2024,rashnikov,Rashnikov,4
2024,ratanarak,Ratanarak,4
2024,ratanavadi,Ratanavadi,4
2024,ratcliffe,Ratcliffe,4
2024,rathod,Rathod,4
2024,rausing,Rausing,4
2024,rayner,Rayner,4
2024,razack,Razack,4
2024,razon-jr,Razon Jr.,4
2024,rebrab,Rebrab,4
2024,rechulski-santo-domingo,Rechulski Santo Domingo,4
2024,reddy,Reddy,4
2024,reece,Reece,4
2024,rees,Rees,4
2024,rees-jones,Rees-Jones,4
2024,reimann,Reimann,4
2024,reimann-andersen,Reimann-Andersen,4
2024,reimann-haas,Reimann-Haas,4
2024,reinhart,Reinhart,4
2024,reinsdorf,Reinsdorf,4
2024,reitan,Reitan,4
2024,ren,Ren,4
2024,ren-xiaoqing,Ren Xiaoqing,4
2024,rennert,Rennert,4
2024,repik,Repik,4
2024,repole,Repole,4
2024,resnick,Resnick,4
2024,ressler,Ressler,4
2024,reuben,Reuben,4
2024,revoredo,Revoredo,4
2024,reyes,Reyes,4
2024,reznik,Reznik,4
2024,riady,Riady,4
2024,ribeiro,Ribeiro,4
2024,riberas-mera,Riberas Mera,4
2024,rich,Rich,4
2024,richison,Richison,4
2024,ricketts,Ricketts,4
2024,rihanna,Rihanna,4
2024,rinehart,Rinehart,4
2024,riney,Riney,4
2024,rinke,Rinke,4
2024,rk,RK,4
2024,robbins,Robbins,4
2024,roberts,Roberts,4
2024,rocca,Rocca,4
2024,rocher,Rocher,4
2024,rogers,Rogers,4
2024,roig,Roig,4
2024,rokke,Rokke,4
2024,rokos,Rokos,4
2024,rollins,Rollins,4
2024,rosano,Rosano,4
2024,rosenthal,Rosenthal,4
2024,roski,Roski,4
2024,ross,Ross,4
2024,rossmann,Rossmann,4
2024,rosso,Rosso,4
2024,roszak,Roszak,4
2024,rotenberg,Rotenberg,4
2024,rothbaum,Rothbaum,4
2024,rothschild,Rothschild,4
2024,roussis-family,Roussis & Family,4
2024,rowan,Rowan,4
2024,rowling,Rowling,4
2024,ruan,Ruan,4
2024,rubenstein,Rubenstein,4
2024,rubin,Rubin,4
2024,ruffin,Ruffin,4
2024,ruffini,Ruffini,4
2024,ruia,Ruia,4
2024,rupert,Rupert,4
2024,ryan,Ryan,4
2024,rybakov,Rybakov,4
2024,rybolovlev,Rybolovlev,4
2024,ryu,Ryu,4
2024,saad,Saadé,4
2024,saad-zeenny,Saadé Zeenny,4
2024,saban,Saban,4
2024,sacks,Sacks,4
2024,safra,Safra,4
2024,sagami,Sagami,4
2024,saghian,Saghian,4
2024,sagi,Sagi,4
2024,sahenk,Sahenk,4
2024,sahin,Sahin,4
2024,saji,Saji,4
2024,sajwani,Sajwani,4
2024,salata,Salata,4
2024,salinas-pliego,Salinas Pliego,4
2024,sall,Sall,4
2024,samueli,Samueli,4
2024,samuelsson,Samuelsson,4
2024,samwer,Samwer,4
2024,sanchez,Sanchez,4
2024,sandberg,Sandberg,4
2024,sandell,Sandell,4
2024,sands,Sands,4
2024,sanford,Sanford,4
2024,santo-domingo,Santo Domingo,4
2024,saputo,Saputo,4
2024,saraf,Saraf,4
2024,sardana,Sardana,4
2024,sarma,Sarma,4
2024,sarmiento,Sarmiento,4
2024,sarowitz,Sarowitz,4
2024,sartorius-herbst,Sartorius-Herbst,4
2024,sathientham,Sathientham,4
2024,saul,Saul,4
2024,saverin,Saverin,4
2024,saville,Saville,4
2024,savvidis,Savvidis,4
2024,sawhney,Sawhney,4
2024,sawiris,Sawiris,4
2024,saylor,Saylor,4
2024,scapa,Scapa,4
2024,sch-rling-andreen,Schörling Andreen,4
2024,schaeffler,Schaeffler,4
2024,schaeffler-thumann,Schaeffler-Thumann,4
2024,schar,Schar,4
2024,scheinberg,Scheinberg,4
2024,scheufele,Scheufele,4
2024,schick,Schick,4
2024,schleifer,Schleifer,4
2024,schlosberg,Schlosberg,4
2024,schmidheiny,Schmidheiny,4
2024,schmidt,Schmidt,4
2024,schmieding,Schmieding,4
2024,schnabel,Schnabel,4
2024,schoeller,Schoeller,4
2024,schoerghuber,Schoerghuber,4
2024,schuijff,Schuijff,4
2024,schulenberg,Schulenberg,4
2024,schultz,Schultz,4
2024,schulze,Schulze,4
2024,schusterman,Schusterman,4
2024,schuurman,Schuurman,4
2024,schwab,Schwab,4
2024,schwartz,Schwartz,4
2024,schwarz,Schwarz,4
2024,schwarzman,Schwarzman,4
2024,sciarra,Sciarra,4
2024,scott,Scott,4
2024,scripilliti,Scripilliti,4
2024,seabra,Seabra,4
2024,secunda,Secunda,4
2024,sedykh,Sedykh,4
2024,sehgal,Sehgal,4
2024,selin,Selin,4
2024,seo,Seo,4
2024,ser-gnoli,Seràgnoli,4
2024,sethi,Sethi,4
2024,shah,Shah,4
2024,shaimiev,Shaimiev,4
2024,shan,Shan,4
2024,shanghvi,Shanghvi,4
2024,shani,Shani,4
2024,shao,Shao,4
2024,sharma,Sharma,4
2024,shashua,Shashua,4
2024,shaw,Shaw,4
2024,she,She,4
2024,shefler,Shefler,4
2024,shelkov,Shelkov,4
2024,shen,Shen,4
2024,shetty,Shetty,4
2024,shevchenko,Shevchenko,4
2024,shi,Shi,4
2024,shibahara,Shibahara,4
2024,shibulal,Shibulal,4
2024,shigaboutdinov,Shigaboutdinov,4
2024,shigeta,Shigeta,4
2024,shimamura,Shimamura,4
2024,shin,Shin,4
2024,shinawatra,Shinawatra,4
2024,shishkarev,Shishkarev,4
2024,shleifer,Shleifer,4
2024,shnayder,Shnayder,4
2024,shoen,Shoen,4
2024,shriram,Shriram,4
2024,shroff,Shroff,4
2024,shtengelov,Shtengelov,4
2024,shu,Shu,4
2024,shubarev,Shubarev,4
2024,shvidler,Shvidler,4
2024,shwed,Shwed,4
2024,siccardi,Siccardi,4
2024,sicupira,Sicupira,4
2024,siebel,Siebel,4
2024,siegel,Siegel,4
2024,sijbrandij,Sijbrandij,4
2024,silbermann,Silbermann,4
2024,silverstein,Silverstein,4
2024,sim,Sim,4
2024,simanovsky,Simanovsky,4
2024,simon,Simon,4
2024,simons,Simons,4
2024,simonyi,Simonyi,4
2024,singer,Singer,4
2024,singh,Singh,4
2024,singhal,Singhal,4
2024,sirivadhanabhakdi,Sirivadhanabhakdi,4
2024,sitorus,Sitorus,4
2024,sixt,Sixt,4
2024,skoch-family,Skoch & family,4
2024,skoll,Skoll,4
2024,skorobogatko,Skorobogatko,4
2024,slim-helu,Slim Helu,4
2024,slootman,Slootman,4
2024,smidt,Smidt,4
2024,smith,Smith,4
2024,smushkin,Smushkin,4
2024,snow,Snow,4
2024,snyder,Snyder,4
2024,sobrato,Sobrato,4
2024,soderstrom,Soderstrom,4
2024,soeryadjaya,Soeryadjaya,4
2024,soffer,Soffer,4
2024,sohmen,Sohmen,4
2024,soi,Soi,4
2024,solon,Solon,4
2024,solorz,Solorz,4
2024,soloviev,Soloviev,4
2024,solowow,Solowow,4
2024,son,Son,4
2024,sondakh,Sondakh,4
2024,song,Song,4
2024,soon-shiong,Soon-Shiong,4
2024,soros,Soros,4
2024,south-america,South America,4
2024,spaht,Spaht,4
2024,speiser,Speiser,4
2024,spencer,Spencer,4
2024,sperling,Sperling,4
2024,speyer,Speyer,4
2024,spiegel,Spiegel,4
2024,spielberg,Spielberg,4
2024,springer,Springer,4
2024,spuhler,Spuhler,4
2024,squinzi,Squinzi,4
2024,srinivasan,Srinivasan,4
2024,stack,Stack,4
2024,starak,Starak,4
2024,stawski,Stawski,4
2024,steinberg,Steinberg,4
2024,steinbrenner,Steinbrenner,4
2024,steinbrenner-swindal,Steinbrenner Swindal,4
2024,steinhardt,Steinhardt,4
2024,stephens,Stephens,4
2024,sterberg,Österberg,4
2024,sterling,Sterling,4
2024,stern,Stern,4
2024,sternlicht,Sternlicht,4
2024,stevanato,Stevanato,4
2024,stevens,Stevens,4
2024,steward,Steward,4
2024,steyer,Steyer,4
2024,stine,Stine,4
2024,stitzer,Stitzer,4
2024,stoica,Stoica,4
2024,stokes,Stokes,4
2024,stolte,Stolte,4
2024,stone,Stone,4
2024,stordalen,Stordalen,4
2024,storonsky,Storonsky,4
2024,storz,Storz,4
2024,straumann,Straumann,4
2024,strnad,Strnad,4
2024,stroeher,Stroeher,4
2024,stroll,Stroll,4
2024,struengmann,Struengmann,4
2024,strukov,Strukov,4
2024,stryker,Stryker,4
2024,studennikov,Studennikov,4
2024,stul,Stul,4
2024,stumpf,Stumpf,4
2024,su,Su,4
2024,sudarikov,Sudarikov,4
2024,sugianto,Sugianto,4
2024,sugiri,Sugiri,4
2024,suh,Suh,4
2024,suherman,Suherman,4
2024,sulteev,Sulteev,4
2024,sun,Sun,4
2024,sundheim,Sundheim,4
2024,surana,Surana,4
2024,susanto,Susanto,4
2024,sutantio,Sutantio,4
2024,sutardja,Sutardja,4
2024,sutton,Sutton,4
2024,svetakov,Svetakov,4
2024,sviblov,Sviblov,4
2024,sweeney,Sweeney,4
2024,swieca,Swieca,4
2024,swift,Swift,4
2024,sy-coson,Sy-Coson,4
2024,syrian-arab-republic,Syria,4
2024,systrom,Systrom,4
2024,sze,Sze,4
2024,tada,Tada,4
2024,tahir,Tahir,4
2024,takahara,Takahara,4
2024,takizaki,Takizaki,4
2024,talpins,Talpins,4
2024,tamer,Tamer,4
2024,tan,Tan,4
2024,tan-caktiong,Tan Caktiong,4
2024,tanenbaum,Tanenbaum,4
2024,tang,Tang,4
2024,tangkaravakoon,Tangkaravakoon,4
2024,tangney,Tangney,4
2024,tanjung,Tanjung,4
2024,tanoko,Tanoko,4
2024,tanoto,Tanoto,4
2024,taparia,Taparia,4
2024,tara,Tara,4
2024,tarascio,Tarascio,4
2024,taravella,Taravella,4
2024,tavrin,Tavrin,4
2024,taylor,Taylor,4
2024,telles,Telles,4
2024,tenev,Tenev,4
2024,teoh,Teoh,4
2024,tepper,Tepper,4
2024,tewari,Tewari,4
2024,tham,Tham,4
2024,tharaldson,Tharaldson,4
2024,thiel,Thiel,4
2024,thiele,Thiele,4
2024,thiele-schuerhoff,Thiele-Schuerhoff,4
2024,thinggaard,Thinggaard,4
2024,thoma,Thoma,4
2024,thompson,Thompson,4
2024,thomson,Thomson,4
2024,thongtang,Thongtang,4
2024,thyssen,Thyssen,4
2024,tian,Tian,4
2024,tiku,Tiku,4
2024,timchenko,Timchenko,4
2024,tiriac,Tiriac,4
2024,tisch,Tisch,4
2024,tjiptodihardjo,Tjiptodihardjo,4
2024,toeller,Toeller,4
2024,toennies,Toennies,4
2024,tojner,Tojner,4
2024,tollefsen,Tollefsen,4
2024,tombolato,Tombolato,4
2024,tong-liu,Tong Liu,4
2024,tornqvist,Tornqvist,4
2024,tran,Tran,4
2024,tran-dinh,Tran Dinh,4
2024,trefler,Trefler,4
2024,trehan,Trehan,4
2024,triguboff,Triguboff,4
2024,troendle,Troendle,4
2024,trotsenko,Trotsenko,4
2024,trott,Trott,4
2024,troutt,Troutt,4
2024,truchard,Truchard,4
2024,trump,Trump,4
2024,tsai,Tsai,4
2024,tsao,Tsao,4
2024,tschira,Tschira,4
2024,tse,Tse,4
2024,tseng,Tseng,4
2024,tshuva,Tshuva,4
2024,tsujimoto,Tsujimoto,4
2024,tu,Tu,4
2024,tuchman,Tuchman,4
2024,tull,Tull,4
2024,tung,Tung,4
2024,turlov,Turlov,4
2024,turner,Turner,4
2024,tykac,Tykac,4
2024,tyson,Tyson,4
2024,udvar-hazy,Udvar-Hazy,4
2024,uihlein,Uihlein,4
2024,ulker,Ulker,4
2024,ullal,Ullal,4
2024,ulukaya,Ulukaya,4
2024,unger,Unger,4
2024,uno,Uno,4
2024,usmanov,Usmanov,4
2024,utemuratov,Utemuratov,4
2024,vachani,Vachani,4
2024,vagelos,Vagelos,4
2024,valani,Valani,4
2024,van-damme,Van Damme,4
2024,van-den-ende,van den Ende,4
2024,van-der-does,van der Does,4
2024,van-der-leegte,van der Leegte,4
2024,van-der-mersch,van der Mersch,4
2024,van-der-velde,van der Velde,4
2024,van-lieshout,Van Lieshout,4
2024,vandersloot,VanderSloot,4
2024,vardanyan,Vardanyan,4
2024,vardinoyannis-family,Vardinoyannis & family,4
2024,vargi,Vargi,4
2024,varkey,Varkey,4
2024,vayalil,Vayalil,4
2024,vekselberg,Vekselberg,4
2024,velez,Velez,4
2024,velloso,Velloso,4
2024,vembu,Vembu,4
2024,veres,Veres,4
2024,veronesi,Veronesi,4
2024,verrocchi,Verrocchi,4
2024,viddayakorn,Viddayakorn,4
2024,viessmann,Viessmann,4
2024,vigil-gonzalez,Vigil Gonzalez,4
2024,vijitpongpun,Vijitpongpun,4
2024,villar,Villar,4
2024,viola,Viola,4
2024,virwani,Virwani,4
2024,viswanathan,Viswanathan,4
2024,vitek,Vitek,4
2024,voigt,Voigt,4
2024,voigt-de-assis,Voigt de Assis,4
2024,voigt-schwartz,Voigt Schwartz,4
2024,voigt-schwartz-gomes,Voigt Schwartz Gomes,4
2024,volozh,Volozh,4
2024,von-bahr,von Bahr,4
2024,von-bechtolsheim,von Bechtolsheim,4
2024,von-finck,von Finck,4
2024,von-holtzbrinck,von Holtzbrinck,4
2024,von-koch,von Koch,4
2024,von-mandl,von Mandl,4
2024,von-opel,von Opel,4
2024,vultaggio,Vultaggio,4
2024,wacker,Wacker,4
2024,wada,Wada,4
2024,wadhwani,Wadhwani,4
2024,wadia,Wadia,4
2024,wagner,Wagner,4
2024,walentas,Walentas,4
2024,wallin,Wallin,4
2024,walter,Walter,4
2024,walton,Walton,4
2024,wan,Wan,4
2024,wanek,Wanek,4
2024,wang,Wang,4
2024,warner,Warner,4
2024,warren,Warren,4
2024,washington,Washington,4
2024,watsa,Watsa,4
2024,watterson,Watterson,4
2024,weaver,Weaver,4
2024,weber,Weber,4
2024,wee,Wee,4
2024,wei,Wei,4
2024,weiner,Weiner,4
2024,welker,Welker,4
2024,wen,Wen,4
2024,weng,Weng,4
2024,wentz,Wentz,4
2024,werner,Werner,4
2024,werninghaus,Werninghaus,4
2024,wertheim,Wertheim,4
2024,wertheimer,Wertheimer,4
2024,wesjohann,Wesjohann,4
2024,west,West,4
2024,wexner,Wexner,4
2024,white,White,4
2024,whitman,Whitman,4
2024,wiese,Wiese,4
2024,wietlisbach,Wietlisbach,4
2024,wild,Wild,4
2024,wilks,Wilks,4
2024,william-teh,William Teh,4
2024,williams,Williams,4
2024,wilson,Wilson,4
2024,winfrey,Winfrey,4
2024,winklevoss,Winklevoss,4
2024,winn,Winn,4
2024,wirtgen,Wirtgen,4
2024,wittouck,Wittouck,4
2024,witzoe,Witzoe,4
2024,wolf,Wolf,4
2024,wolff,Wolff,4
2024,wong,Wong,4
2024,woo,Woo,4
2024,wood,Wood,4
2024,woodman,Woodman,4
2024,woods,Woods,4
2024,wortmann,Wortmann,4
2024,wrigley,Wrigley,4
2024,wu,Wu,4
2024,wuerbser,Wuerbser,4
2024,wuerth,Wuerth,4
2024,wynn,Wynn,4
2024,wyss,Wyss,4
2024,xia,Xia,4
2024,xiang,Xiang,4
2024,xiao,Xiao,4
2024,xie,Xie,4
2024,xiu,Xiu,4
2024,xue,Xue,4
2024,yakovlev,Yakovlev,4
2024,yakunin,Yakunin,4
2024,yamamoto,Yamamoto,4
2024,yan,Yan,4
2024,yanai,Yanai,4
2024,yancopoulos,Yancopoulos,4
2024,yang,Yang,4
2024,yao,Yao,4
2024,yarbrough,Yarbrough,4
2024,yass,Yass,4
2024,yasuda,Yasuda,4
2024,yeh,Yeh,4
2024,yemen-rep,Yemen,4
2024,yeung,Yeung,4
2024,yevtushenkov,Yevtushenkov,4
2024,yi,Yi,4
2024,yin,Yin,4
2024,ying,Ying,4
2024,yoo,Yoo,4
2024,york,York,4
2024,yoshida,Yoshida,4
2024,you,You,4
2024,young,Young,4
2024,yu,Yu,4
2024,yuan,Yuan,4
2024,yuengling,Yuengling,4
2024,yushvaev,Yushvaev,4
2024,yusuff-ali,Yusuff Ali,4
2024,zaharia,Zaharia,4
2024,zalik,Zalik,4
2024,zalupski,Zalupski,4
2024,zampillo,Zampillo,4
2024,zan,Zan,4
2024,zatlyn,Zatlyn,4
2024,zavoral,Zavoral,4
2024,zeev,Zeev,4
2024,zegar,Zegar,4
2024,zekelman,Zekelman,4
2024,zeller,Zeller,4
2024,zeng,Zeng,4
2024,zhang,Zhang,4
2024,zhao,Zhao,4
2024,zheng,Zheng,4
2024,zhevago,Zhevago,4
2024,zhong,Zhong,4
2024,zhou,Zhou,4
2024,zhu,Zhu,4
2024,zhuang,Zhuang,4
2024,ziff,Ziff,4
2024,zingarevich,Zingarevich,4
2024,zou,Zou,4
2024,zucker,Zucker,4
2024,zuckerberg,Zuckerberg,4
2024,zuckerman,Zuckerman,4
2024,zuk,Zuk,4
