date,entity_id,entity_name,value
1,indo-greek-kingdom,Indo-Greek Kingdom,61875
1,indo-scythian-kingdom,Indo-Scythian Kingdom,2375455
1,kingdom-of-aksum,Kingdom of Aksum,668333
1,kingdom-of-armenia,Kingdom of Armenia,771687
1,northern-xiongnu,Northern Xiongnu,1254167
1,parthian-empire,Parthian Empire,2800000
1,roman-empire,Roman Empire,972222
1,satavahana-dynasty,Satavahana dynasty,303947
1,western-han-dynasty,Western Han dynasty,813559
1,western-xiongnu,Western Xiongnu,3292188
1,xiongnu-empire,Xiongnu Empire,6643491
10,indo-greek-kingdom,Indo-Greek Kingdom,0
10,indo-scythian-kingdom,Indo-Scythian Kingdom,2481818
10,kingdom-of-aksum,Kingdom of Aksum,683333
10,kingdom-of-armenia,Kingdom of Armenia,755422
10,northern-xiongnu,Northern Xiongnu,1291667
10,parthian-empire,Parthian Empire,2686996
10,roman-empire,Roman Empire,1284722
10,satavahana-dynasty,Satavahana dynasty,315789
10,western-xiongnu,Western Xiongnu,3390625
10,xin-dynasty,Xin dynasty,4700000
10,xiongnu-empire,Xiongnu Empire,6523669
100,eastern-han-dynasty,Eastern Han dynasty,6500000
100,indo-scythian-kingdom,Indo-Scythian Kingdom,2052632
100,kingdom-of-aksum,Kingdom of Aksum,833333
100,kingdom-of-armenia,Kingdom of Armenia,592771
100,northern-xiongnu,Northern Xiongnu,1363636
100,parthian-empire,Parthian Empire,1556951
100,roman-empire,Roman Empire,4409722
100,satavahana-dynasty,Satavahana dynasty,434211
100,western-satraps,Western Satraps,500000
100,western-xiongnu,Western Xiongnu,2916667
100,xianbei-state,Xianbei state,294393
100,xiongnu-empire,Xiongnu Empire,5325444
1000,abbasid-caliphate,Abbasid Caliphate,5637402
1000,bulgarian-empire,Bulgarian Empire,42857
1000,buyid-dynasty,Buyid dynasty,1209756
1000,caliphate-of-c-rdoba,Caliphate of Córdoba,600000
1000,fatimid-caliphate,Fatimid Caliphate,3470792
1000,ghaznavid-empire,Ghaznavid Empire,1928358
1000,gurjara-pratihara-dynasty,Gurjara-Pratihara dynasty,204545
1000,holy-roman-empire,Holy Roman Empire,431818
1000,khmer-empire,Khmer Empire,405738
1000,kievan-rus,Kievan Rus',2100000
1000,kingdom-of-france-middle-ages,Kingdom of France (Middle Ages),19772
1000,liao-dynasty,Liao dynasty,1825843
1000,northern-song-dynasty,Northern Song dynasty,2678231
1000,srivijaya,Srivijaya,763636
1001,abbasid-caliphate,Abbasid Caliphate,5615551
1001,bulgarian-empire,Bulgarian Empire,40476
1001,buyid-dynasty,Buyid dynasty,1190244
1001,caliphate-of-c-rdoba,Caliphate of Córdoba,580645
1001,fatimid-caliphate,Fatimid Caliphate,3450495
1001,ghaznavid-empire,Ghaznavid Empire,1979104
1001,gurjara-pratihara-dynasty,Gurjara-Pratihara dynasty,198864
1001,holy-roman-empire,Holy Roman Empire,443182
1001,khmer-empire,Khmer Empire,407787
1001,kievan-rus,Kievan Rus',2091250
1001,kingdom-of-france-middle-ages,Kingdom of France (Middle Ages),21293
1001,liao-dynasty,Liao dynasty,1811236
1001,northern-song-dynasty,Northern Song dynasty,2657143
1001,srivijaya,Srivijaya,765818
1006,abbasid-caliphate,Abbasid Caliphate,5506299
1006,bulgarian-empire,Bulgarian Empire,28571
1006,buyid-dynasty,Buyid dynasty,1092683
1006,caliphate-of-c-rdoba,Caliphate of Córdoba,483871
1006,fatimid-caliphate,Fatimid Caliphate,3349010
1006,ghaznavid-empire,Ghaznavid Empire,2232836
1006,gurjara-pratihara-dynasty,Gurjara-Pratihara dynasty,170455
1006,holy-roman-empire,Holy Roman Empire,500000
1006,khmer-empire,Khmer Empire,418033
1006,kievan-rus,Kievan Rus',2047500
1006,kingdom-of-france-middle-ages,Kingdom of France (Middle Ages),28897
1006,liao-dynasty,Liao dynasty,1738202
1006,northern-song-dynasty,Northern Song dynasty,2551701
1006,srivijaya,Srivijaya,776727
101,eastern-han-dynasty,Eastern Han dynasty,6445833
101,indo-scythian-kingdom,Indo-Scythian Kingdom,2045789
101,kingdom-of-aksum,Kingdom of Aksum,835000
101,kingdom-of-armenia,Kingdom of Armenia,590964
101,northern-xiongnu,Northern Xiongnu,1360227
101,parthian-empire,Parthian Empire,1544395
101,roman-empire,Roman Empire,4444444
101,satavahana-dynasty,Satavahana dynasty,435526
101,western-satraps,Western Satraps,498361
101,western-xiongnu,Western Xiongnu,2909375
101,xianbei-state,Xianbei state,336449
101,xiongnu-empire,Xiongnu Empire,5312130
1011,abbasid-caliphate,Abbasid Caliphate,5397047
1011,bulgarian-empire,Bulgarian Empire,16667
1011,buyid-dynasty,Buyid dynasty,995122
1011,caliphate-of-c-rdoba,Caliphate of Córdoba,387097
1011,fatimid-caliphate,Fatimid Caliphate,3247525
1011,ghaznavid-empire,Ghaznavid Empire,2486567
1011,gurjara-pratihara-dynasty,Gurjara-Pratihara dynasty,142045
1011,holy-roman-empire,Holy Roman Empire,556818
1011,khmer-empire,Khmer Empire,428279
1011,kievan-rus,Kievan Rus',2003750
1011,kingdom-of-france-middle-ages,Kingdom of France (Middle Ages),36502
1011,liao-dynasty,Liao dynasty,1665169
1011,northern-song-dynasty,Northern Song dynasty,2446259
1011,srivijaya,Srivijaya,787636
1016,abbasid-caliphate,Abbasid Caliphate,5287795
1016,bulgarian-empire,Bulgarian Empire,4762
1016,buyid-dynasty,Buyid dynasty,897561
1016,caliphate-of-c-rdoba,Caliphate of Córdoba,290323
1016,fatimid-caliphate,Fatimid Caliphate,3146040
1016,ghaznavid-empire,Ghaznavid Empire,2740299
1016,ghurid-dynasty,Ghurid dynasty,52910
1016,gurjara-pratihara-dynasty,Gurjara-Pratihara dynasty,113636
1016,holy-roman-empire,Holy Roman Empire,613636
1016,khmer-empire,Khmer Empire,438525
1016,kievan-rus,Kievan Rus',1960000
1016,kingdom-of-france-middle-ages,Kingdom of France (Middle Ages),44106
1016,liao-dynasty,Liao dynasty,1592135
1016,northern-song-dynasty,Northern Song dynasty,2340816
1016,srivijaya,Srivijaya,798545
1018,bulgarian-empire,Bulgarian Empire,0
1021,abbasid-caliphate,Abbasid Caliphate,5178543
1021,buyid-dynasty,Buyid dynasty,800000
1021,caliphate-of-c-rdoba,Caliphate of Córdoba,193548
1021,fatimid-caliphate,Fatimid Caliphate,3044554
1021,ghaznavid-empire,Ghaznavid Empire,2994030
1021,ghurid-dynasty,Ghurid dynasty,105820
1021,gurjara-pratihara-dynasty,Gurjara-Pratihara dynasty,85227
1021,holy-roman-empire,Holy Roman Empire,670455
1021,khmer-empire,Khmer Empire,448770
1021,kievan-rus,Kievan Rus',1916250
1021,kingdom-of-france-middle-ages,Kingdom of France (Middle Ages),51711
1021,liao-dynasty,Liao dynasty,1519101
1021,northern-song-dynasty,Northern Song dynasty,2235374
1021,srivijaya,Srivijaya,809455
1026,abbasid-caliphate,Abbasid Caliphate,5069291
1026,buyid-dynasty,Buyid dynasty,702439
1026,caliphate-of-c-rdoba,Caliphate of Córdoba,96774
1026,fatimid-caliphate,Fatimid Caliphate,2943069
1026,ghaznavid-empire,Ghaznavid Empire,3247761
1026,ghurid-dynasty,Ghurid dynasty,158730
1026,gurjara-pratihara-dynasty,Gurjara-Pratihara dynasty,56818
1026,holy-roman-empire,Holy Roman Empire,727273
1026,khmer-empire,Khmer Empire,459016
1026,kievan-rus,Kievan Rus',1872500
1026,kingdom-of-france-middle-ages,Kingdom of France (Middle Ages),59316
1026,liao-dynasty,Liao dynasty,1446067
1026,northern-song-dynasty,Northern Song dynasty,2129932
1026,srivijaya,Srivijaya,820364
1029,abbasid-caliphate,Abbasid Caliphate,5003740
1029,buyid-dynasty,Buyid dynasty,643902
1029,caliphate-of-c-rdoba,Caliphate of Córdoba,38710
1029,fatimid-caliphate,Fatimid Caliphate,2882178
1029,ghaznavid-empire,Ghaznavid Empire,3400000
1029,ghurid-dynasty,Ghurid dynasty,190476
1029,gurjara-pratihara-dynasty,Gurjara-Pratihara dynasty,39773
1029,holy-roman-empire,Holy Roman Empire,761364
1029,khmer-empire,Khmer Empire,465164
1029,kievan-rus,Kievan Rus',1846250
1029,kingdom-of-france-middle-ages,Kingdom of France (Middle Ages),63878
1029,liao-dynasty,Liao dynasty,1402247
1029,northern-song-dynasty,Northern Song dynasty,2066667
1029,srivijaya,Srivijaya,826909
1031,abbasid-caliphate,Abbasid Caliphate,4960039
1031,buyid-dynasty,Buyid dynasty,604878
1031,caliphate-of-c-rdoba,Caliphate of Córdoba,0
1031,fatimid-caliphate,Fatimid Caliphate,2841584
1031,ghaznavid-empire,Ghaznavid Empire,3356962
1031,ghurid-dynasty,Ghurid dynasty,211640
1031,gurjara-pratihara-dynasty,Gurjara-Pratihara dynasty,28409
1031,holy-roman-empire,Holy Roman Empire,784091
1031,khmer-empire,Khmer Empire,469262
1031,kievan-rus,Kievan Rus',1828750
1031,kingdom-of-france-middle-ages,Kingdom of France (Middle Ages),66920
1031,liao-dynasty,Liao dynasty,1373034
1031,northern-song-dynasty,Northern Song dynasty,2024490
1031,srivijaya,Srivijaya,831273
1036,abbasid-caliphate,Abbasid Caliphate,4850787
1036,buyid-dynasty,Buyid dynasty,507317
1036,fatimid-caliphate,Fatimid Caliphate,2740099
1036,ghaznavid-empire,Ghaznavid Empire,3249367
1036,ghurid-dynasty,Ghurid dynasty,264550
1036,holy-roman-empire,Holy Roman Empire,840909
1036,khmer-empire,Khmer Empire,479508
1036,kievan-rus,Kievan Rus',1785000
1036,kingdom-of-france-middle-ages,Kingdom of France (Middle Ages),74525
1036,liao-dynasty,Liao dynasty,1300000
1036,northern-song-dynasty,Northern Song dynasty,1919048
1036,srivijaya,Srivijaya,842182
1041,abbasid-caliphate,Abbasid Caliphate,4741535
1041,almoravid-dynasty,Almoravid dynasty,12500
1041,buyid-dynasty,Buyid dynasty,409756
1041,fatimid-caliphate,Fatimid Caliphate,2638614
1041,ghaznavid-empire,Ghaznavid Empire,3141772
1041,ghurid-dynasty,Ghurid dynasty,317460
1041,great-seljuk-empire,Great Seljuk Empire,362791
1041,holy-roman-empire,Holy Roman Empire,897727
1041,khmer-empire,Khmer Empire,489754
1041,kievan-rus,Kievan Rus',1741250
1041,kingdom-of-france-middle-ages,Kingdom of France (Middle Ages),82129
1041,liao-dynasty,Liao dynasty,1226966
1041,northern-song-dynasty,Northern Song dynasty,1813605
1041,srivijaya,Srivijaya,853091
1041,western-xia,Western Xia,48387
1046,abbasid-caliphate,Abbasid Caliphate,4632283
1046,almoravid-dynasty,Almoravid dynasty,75000
1046,buyid-dynasty,Buyid dynasty,312195
1046,fatimid-caliphate,Fatimid Caliphate,2537129
1046,ghaznavid-empire,Ghaznavid Empire,3034177
1046,ghurid-dynasty,Ghurid dynasty,370370
1046,great-seljuk-empire,Great Seljuk Empire,816279
1046,holy-roman-empire,Holy Roman Empire,954545
1046,khmer-empire,Khmer Empire,500000
1046,kievan-rus,Kievan Rus',1697500
1046,kingdom-of-france-middle-ages,Kingdom of France (Middle Ages),89734
1046,liao-dynasty,Liao dynasty,1153933
1046,northern-song-dynasty,Northern Song dynasty,1708163
1046,srivijaya,Srivijaya,864000
1046,western-xia,Western Xia,129032
1050,abbasid-caliphate,Abbasid Caliphate,4544882
1050,almoravid-dynasty,Almoravid dynasty,125000
1050,buyid-dynasty,Buyid dynasty,234146
1050,fatimid-caliphate,Fatimid Caliphate,2455941
1050,ghaznavid-empire,Ghaznavid Empire,2948101
1050,ghurid-dynasty,Ghurid dynasty,412698
1050,great-seljuk-empire,Great Seljuk Empire,1179070
1050,holy-roman-empire,Holy Roman Empire,1000000
1050,khmer-empire,Khmer Empire,508197
1050,kievan-rus,Kievan Rus',1662500
1050,kingdom-of-france-middle-ages,Kingdom of France (Middle Ages),95817
1050,liao-dynasty,Liao dynasty,1095506
1050,northern-song-dynasty,Northern Song dynasty,1623810
1050,srivijaya,Srivijaya,872727
1050,western-xia,Western Xia,193548
1051,abbasid-caliphate,Abbasid Caliphate,4523031
1051,almoravid-dynasty,Almoravid dynasty,137500
1051,buyid-dynasty,Buyid dynasty,214634
1051,fatimid-caliphate,Fatimid Caliphate,2435644
1051,ghaznavid-empire,Ghaznavid Empire,2926582
1051,ghurid-dynasty,Ghurid dynasty,423280
1051,great-seljuk-empire,Great Seljuk Empire,1269767
1051,holy-roman-empire,Holy Roman Empire,998677
1051,khmer-empire,Khmer Empire,510246
1051,kievan-rus,Kievan Rus',1653750
1051,kingdom-of-france-middle-ages,Kingdom of France (Middle Ages),97338
1051,liao-dynasty,Liao dynasty,1080899
1051,northern-song-dynasty,Northern Song dynasty,1602721
1051,srivijaya,Srivijaya,874909
1051,western-xia,Western Xia,209677
1056,abbasid-caliphate,Abbasid Caliphate,4413780
1056,almoravid-dynasty,Almoravid dynasty,200000
1056,buyid-dynasty,Buyid dynasty,117073
1056,fatimid-caliphate,Fatimid Caliphate,2334158
1056,ghaznavid-empire,Ghaznavid Empire,2818987
1056,ghurid-dynasty,Ghurid dynasty,476190
1056,great-seljuk-empire,Great Seljuk Empire,1723256
1056,holy-roman-empire,Holy Roman Empire,992063
1056,khmer-empire,Khmer Empire,520492
1056,kievan-rus,Kievan Rus',1610000
1056,kingdom-of-france-middle-ages,Kingdom of France (Middle Ages),104943
1056,liao-dynasty,Liao dynasty,1007865
1056,northern-song-dynasty,Northern Song dynasty,1497279
1056,srivijaya,Srivijaya,885818
1056,western-xia,Western Xia,290323
106,eastern-han-dynasty,Eastern Han dynasty,6175000
106,indo-scythian-kingdom,Indo-Scythian Kingdom,2011579
106,kingdom-of-aksum,Kingdom of Aksum,843333
106,kingdom-of-armenia,Kingdom of Armenia,581928
106,northern-xiongnu,Northern Xiongnu,1343182
106,parthian-empire,Parthian Empire,1481614
106,roman-empire,Roman Empire,4618056
106,satavahana-dynasty,Satavahana dynasty,442105
106,western-satraps,Western Satraps,490164
106,western-xiongnu,Western Xiongnu,2872917
106,xianbei-state,Xianbei state,546729
106,xiongnu-empire,Xiongnu Empire,5245562
1061,abbasid-caliphate,Abbasid Caliphate,4304528
1061,almoravid-dynasty,Almoravid dynasty,262500
1061,buyid-dynasty,Buyid dynasty,19512
1061,fatimid-caliphate,Fatimid Caliphate,2232673
1061,ghaznavid-empire,Ghaznavid Empire,2711392
1061,ghurid-dynasty,Ghurid dynasty,529101
1061,great-seljuk-empire,Great Seljuk Empire,2176744
1061,holy-roman-empire,Holy Roman Empire,985450
1061,khmer-empire,Khmer Empire,530738
1061,kievan-rus,Kievan Rus',1566250
1061,kingdom-of-france-middle-ages,Kingdom of France (Middle Ages),112548
1061,liao-dynasty,Liao dynasty,934831
1061,northern-song-dynasty,Northern Song dynasty,1391837
1061,srivijaya,Srivijaya,896727
1061,western-xia,Western Xia,370968
1062,buyid-dynasty,Buyid dynasty,0
1066,abbasid-caliphate,Abbasid Caliphate,4195276
1066,almoravid-dynasty,Almoravid dynasty,325000
1066,fatimid-caliphate,Fatimid Caliphate,2131188
1066,ghaznavid-empire,Ghaznavid Empire,2603797
1066,ghurid-dynasty,Ghurid dynasty,582011
1066,great-seljuk-empire,Great Seljuk Empire,2630233
1066,holy-roman-empire,Holy Roman Empire,978836
1066,khmer-empire,Khmer Empire,540984
1066,kievan-rus,Kievan Rus',1522500
1066,kingdom-of-france-middle-ages,Kingdom of France (Middle Ages),120152
1066,liao-dynasty,Liao dynasty,861798
1066,northern-song-dynasty,Northern Song dynasty,1286395
1066,srivijaya,Srivijaya,907636
1066,western-xia,Western Xia,451613
1071,abbasid-caliphate,Abbasid Caliphate,4086024
1071,almoravid-dynasty,Almoravid dynasty,387500
1071,fatimid-caliphate,Fatimid Caliphate,2029703
1071,ghaznavid-empire,Ghaznavid Empire,2496203
1071,ghurid-dynasty,Ghurid dynasty,634921
1071,great-seljuk-empire,Great Seljuk Empire,3083721
1071,holy-roman-empire,Holy Roman Empire,972222
1071,khmer-empire,Khmer Empire,551230
1071,kievan-rus,Kievan Rus',1478750
1071,kingdom-of-france-middle-ages,Kingdom of France (Middle Ages),127757
1071,liao-dynasty,Liao dynasty,788764
1071,northern-song-dynasty,Northern Song dynasty,1180952
1071,srivijaya,Srivijaya,918545
1071,western-xia,Western Xia,532258
1076,abbasid-caliphate,Abbasid Caliphate,3976772
1076,almoravid-dynasty,Almoravid dynasty,450000
1076,fatimid-caliphate,Fatimid Caliphate,1928218
1076,ghaznavid-empire,Ghaznavid Empire,2388608
1076,ghurid-dynasty,Ghurid dynasty,687831
1076,great-seljuk-empire,Great Seljuk Empire,3537209
1076,holy-roman-empire,Holy Roman Empire,965608
1076,khmer-empire,Khmer Empire,561475
1076,kievan-rus,Kievan Rus',1435000
1076,kingdom-of-france-middle-ages,Kingdom of France (Middle Ages),135361
1076,liao-dynasty,Liao dynasty,715730
1076,northern-song-dynasty,Northern Song dynasty,1075510
1076,srivijaya,Srivijaya,929455
1076,western-xia,Western Xia,612903
1080,abbasid-caliphate,Abbasid Caliphate,3889370
1080,almoravid-dynasty,Almoravid dynasty,500000
1080,fatimid-caliphate,Fatimid Caliphate,1847030
1080,ghaznavid-empire,Ghaznavid Empire,2302532
1080,ghurid-dynasty,Ghurid dynasty,730159
1080,great-seljuk-empire,Great Seljuk Empire,3900000
1080,holy-roman-empire,Holy Roman Empire,960317
1080,khmer-empire,Khmer Empire,569672
1080,kievan-rus,Kievan Rus',1400000
1080,kingdom-of-france-middle-ages,Kingdom of France (Middle Ages),141445
1080,liao-dynasty,Liao dynasty,657303
1080,northern-song-dynasty,Northern Song dynasty,991156
1080,srivijaya,Srivijaya,938182
1080,western-xia,Western Xia,677419
1081,abbasid-caliphate,Abbasid Caliphate,3867520
1081,almoravid-dynasty,Almoravid dynasty,512500
1081,fatimid-caliphate,Fatimid Caliphate,1826733
1081,ghaznavid-empire,Ghaznavid Empire,2281013
1081,ghurid-dynasty,Ghurid dynasty,740741
1081,great-seljuk-empire,Great Seljuk Empire,3865789
1081,holy-roman-empire,Holy Roman Empire,958995
1081,khmer-empire,Khmer Empire,571721
1081,kievan-rus,Kievan Rus',1391250
1081,kingdom-of-france-middle-ages,Kingdom of France (Middle Ages),142966
1081,liao-dynasty,Liao dynasty,642697
1081,northern-song-dynasty,Northern Song dynasty,970068
1081,srivijaya,Srivijaya,940364
1081,western-xia,Western Xia,693548
1086,abbasid-caliphate,Abbasid Caliphate,3758268
1086,almoravid-dynasty,Almoravid dynasty,575000
1086,fatimid-caliphate,Fatimid Caliphate,1725248
1086,ghaznavid-empire,Ghaznavid Empire,2173418
1086,ghurid-dynasty,Ghurid dynasty,793651
1086,great-seljuk-empire,Great Seljuk Empire,3694737
1086,holy-roman-empire,Holy Roman Empire,952381
1086,khmer-empire,Khmer Empire,581967
1086,kievan-rus,Kievan Rus',1347500
1086,kingdom-of-france-middle-ages,Kingdom of France (Middle Ages),150570
1086,liao-dynasty,Liao dynasty,569663
1086,northern-song-dynasty,Northern Song dynasty,864626
1086,srivijaya,Srivijaya,951273
1086,western-xia,Western Xia,774194
1091,abbasid-caliphate,Abbasid Caliphate,3649016
1091,almoravid-dynasty,Almoravid dynasty,637500
1091,fatimid-caliphate,Fatimid Caliphate,1623762
1091,ghaznavid-empire,Ghaznavid Empire,2065823
1091,ghurid-dynasty,Ghurid dynasty,846561
1091,great-seljuk-empire,Great Seljuk Empire,3523684
1091,holy-roman-empire,Holy Roman Empire,945767
1091,khmer-empire,Khmer Empire,592213
1091,kievan-rus,Kievan Rus',1303750
1091,kingdom-of-france-middle-ages,Kingdom of France (Middle Ages),158175
1091,liao-dynasty,Liao dynasty,496629
1091,northern-song-dynasty,Northern Song dynasty,759184
1091,srivijaya,Srivijaya,962182
1091,western-xia,Western Xia,854839
1096,abbasid-caliphate,Abbasid Caliphate,3539764
1096,almoravid-dynasty,Almoravid dynasty,700000
1096,fatimid-caliphate,Fatimid Caliphate,1522277
1096,ghaznavid-empire,Ghaznavid Empire,1958228
1096,ghurid-dynasty,Ghurid dynasty,899471
1096,great-seljuk-empire,Great Seljuk Empire,3352632
1096,holy-roman-empire,Holy Roman Empire,939153
1096,khmer-empire,Khmer Empire,602459
1096,kievan-rus,Kievan Rus',1260000
1096,kingdom-of-france-middle-ages,Kingdom of France (Middle Ages),165779
1096,liao-dynasty,Liao dynasty,423596
1096,northern-song-dynasty,Northern Song dynasty,653741
1096,srivijaya,Srivijaya,973091
1096,western-xia,Western Xia,935484
11,indo-scythian-kingdom,Indo-Scythian Kingdom,2493636
11,kingdom-of-aksum,Kingdom of Aksum,685000
11,kingdom-of-armenia,Kingdom of Armenia,753614
11,northern-xiongnu,Northern Xiongnu,1295833
11,parthian-empire,Parthian Empire,2674439
11,roman-empire,Roman Empire,1319444
11,satavahana-dynasty,Satavahana dynasty,317105
11,western-xiongnu,Western Xiongnu,3401562
11,xin-dynasty,Xin dynasty,4338462
11,xiongnu-empire,Xiongnu Empire,6510355
1100,abbasid-caliphate,Abbasid Caliphate,3452362
1100,almoravid-dynasty,Almoravid dynasty,750000
1100,fatimid-caliphate,Fatimid Caliphate,1441089
1100,ghaznavid-empire,Ghaznavid Empire,1872152
1100,ghurid-dynasty,Ghurid dynasty,941799
1100,great-seljuk-empire,Great Seljuk Empire,3215789
1100,holy-roman-empire,Holy Roman Empire,933862
1100,khmer-empire,Khmer Empire,610656
1100,kievan-rus,Kievan Rus',1225000
1100,kingdom-of-france-middle-ages,Kingdom of France (Middle Ages),171863
1100,liao-dynasty,Liao dynasty,365169
1100,northern-song-dynasty,Northern Song dynasty,569388
1100,srivijaya,Srivijaya,981818
1100,western-xia,Western Xia,1000000
1101,abbasid-caliphate,Abbasid Caliphate,3430512
1101,almoravid-dynasty,Almoravid dynasty,762500
1101,fatimid-caliphate,Fatimid Caliphate,1420792
1101,ghaznavid-empire,Ghaznavid Empire,1850633
1101,ghurid-dynasty,Ghurid dynasty,952381
1101,great-seljuk-empire,Great Seljuk Empire,3181579
1101,holy-roman-empire,Holy Roman Empire,932540
1101,khmer-empire,Khmer Empire,612705
1101,kievan-rus,Kievan Rus',1216250
1101,kingdom-of-france-middle-ages,Kingdom of France (Middle Ages),173384
1101,liao-dynasty,Liao dynasty,350562
1101,northern-song-dynasty,Northern Song dynasty,548299
1101,srivijaya,Srivijaya,984000
1101,western-xia,Western Xia,992126
1106,abbasid-caliphate,Abbasid Caliphate,3321260
1106,almoravid-dynasty,Almoravid dynasty,825000
1106,fatimid-caliphate,Fatimid Caliphate,1319307
1106,ghaznavid-empire,Ghaznavid Empire,1743038
1106,ghurid-dynasty,Ghurid dynasty,1005291
1106,great-seljuk-empire,Great Seljuk Empire,3010526
1106,holy-roman-empire,Holy Roman Empire,925926
1106,khmer-empire,Khmer Empire,622951
1106,kievan-rus,Kievan Rus',1172500
1106,kingdom-of-france-middle-ages,Kingdom of France (Middle Ages),180989
1106,liao-dynasty,Liao dynasty,277528
1106,northern-song-dynasty,Northern Song dynasty,442857
1106,srivijaya,Srivijaya,994909
1106,western-xia,Western Xia,952756
111,eastern-han-dynasty,Eastern Han dynasty,5904167
111,indo-scythian-kingdom,Indo-Scythian Kingdom,1977368
111,kingdom-of-aksum,Kingdom of Aksum,851667
111,kingdom-of-armenia,Kingdom of Armenia,572892
111,northern-xiongnu,Northern Xiongnu,1326136
111,parthian-empire,Parthian Empire,1418834
111,roman-empire,Roman Empire,4791667
111,satavahana-dynasty,Satavahana dynasty,448684
111,western-satraps,Western Satraps,481967
111,western-xiongnu,Western Xiongnu,2836458
111,xianbei-state,Xianbei state,757009
111,xiongnu-empire,Xiongnu Empire,5178994
1111,abbasid-caliphate,Abbasid Caliphate,3212008
1111,almoravid-dynasty,Almoravid dynasty,887500
1111,fatimid-caliphate,Fatimid Caliphate,1217822
1111,ghaznavid-empire,Ghaznavid Empire,1635443
1111,ghurid-dynasty,Ghurid dynasty,1058201
1111,great-seljuk-empire,Great Seljuk Empire,2839474
1111,holy-roman-empire,Holy Roman Empire,919312
1111,khmer-empire,Khmer Empire,633197
1111,kievan-rus,Kievan Rus',1128750
1111,kingdom-of-france-middle-ages,Kingdom of France (Middle Ages),188593
1111,liao-dynasty,Liao dynasty,204494
1111,northern-song-dynasty,Northern Song dynasty,337415
1111,srivijaya,Srivijaya,1005818
1111,western-xia,Western Xia,913386
1116,abbasid-caliphate,Abbasid Caliphate,3102756
1116,almoravid-dynasty,Almoravid dynasty,950000
1116,fatimid-caliphate,Fatimid Caliphate,1116337
1116,ghaznavid-empire,Ghaznavid Empire,1527848
1116,ghurid-dynasty,Ghurid dynasty,1111111
1116,great-seljuk-empire,Great Seljuk Empire,2668421
1116,holy-roman-empire,Holy Roman Empire,912698
1116,jin-dynasty-1115-1234,Jin dynasty (1115–1234),209091
1116,khmer-empire,Khmer Empire,643443
1116,kievan-rus,Kievan Rus',1085000
1116,kingdom-of-france-middle-ages,Kingdom of France (Middle Ages),196198
1116,liao-dynasty,Liao dynasty,131461
1116,northern-song-dynasty,Northern Song dynasty,231973
1116,srivijaya,Srivijaya,1016727
1116,western-xia,Western Xia,874016
1120,abbasid-caliphate,Abbasid Caliphate,3015354
1120,almoravid-dynasty,Almoravid dynasty,1000000
1120,fatimid-caliphate,Fatimid Caliphate,1035149
1120,ghaznavid-empire,Ghaznavid Empire,1441772
1120,ghurid-dynasty,Ghurid dynasty,1153439
1120,great-seljuk-empire,Great Seljuk Empire,2531579
1120,holy-roman-empire,Holy Roman Empire,907407
1120,jin-dynasty-1115-1234,Jin dynasty (1115–1234),1045455
1120,khmer-empire,Khmer Empire,651639
1120,kievan-rus,Kievan Rus',1050000
1120,kingdom-of-france-middle-ages,Kingdom of France (Middle Ages),202281
1120,liao-dynasty,Liao dynasty,73034
1120,northern-song-dynasty,Northern Song dynasty,147619
1120,srivijaya,Srivijaya,1025455
1120,western-xia,Western Xia,842520
1121,abbasid-caliphate,Abbasid Caliphate,2993504
1121,almoravid-dynasty,Almoravid dynasty,962963
1121,fatimid-caliphate,Fatimid Caliphate,1014851
1121,ghaznavid-empire,Ghaznavid Empire,1420253
1121,ghurid-dynasty,Ghurid dynasty,1164021
1121,great-seljuk-empire,Great Seljuk Empire,2497368
1121,holy-roman-empire,Holy Roman Empire,906085
1121,jin-dynasty-1115-1234,Jin dynasty (1115–1234),1254545
1121,khmer-empire,Khmer Empire,653689
1121,kievan-rus,Kievan Rus',1041250
1121,kingdom-of-france-middle-ages,Kingdom of France (Middle Ages),203802
1121,liao-dynasty,Liao dynasty,58427
1121,northern-song-dynasty,Northern Song dynasty,126531
1121,srivijaya,Srivijaya,1027636
1121,western-xia,Western Xia,834646
1125,liao-dynasty,Liao dynasty,0
1126,abbasid-caliphate,Abbasid Caliphate,2884252
1126,almoravid-dynasty,Almoravid dynasty,777778
1126,fatimid-caliphate,Fatimid Caliphate,913366
1126,ghaznavid-empire,Ghaznavid Empire,1312658
1126,ghurid-dynasty,Ghurid dynasty,1216931
1126,great-seljuk-empire,Great Seljuk Empire,2326316
1126,holy-roman-empire,Holy Roman Empire,899471
1126,jin-dynasty-1115-1234,Jin dynasty (1115–1234),2300000
1126,khmer-empire,Khmer Empire,663934
1126,kievan-rus,Kievan Rus',997500
1126,kingdom-of-france-middle-ages,Kingdom of France (Middle Ages),211407
1126,northern-song-dynasty,Northern Song dynasty,21088
1126,srivijaya,Srivijaya,1038545
1126,western-xia,Western Xia,795276
1127,abbasid-caliphate,Abbasid Caliphate,2862402
1127,almoravid-dynasty,Almoravid dynasty,740741
1127,fatimid-caliphate,Fatimid Caliphate,893069
1127,ghaznavid-empire,Ghaznavid Empire,1291139
1127,ghurid-dynasty,Ghurid dynasty,1227513
1127,great-seljuk-empire,Great Seljuk Empire,2292105
1127,holy-roman-empire,Holy Roman Empire,898148
1127,jin-dynasty-1115-1234,Jin dynasty (1115–1234),2278704
1127,khmer-empire,Khmer Empire,665984
1127,kievan-rus,Kievan Rus',988750
1127,kingdom-of-france-middle-ages,Kingdom of France (Middle Ages),212928
1127,northern-song-dynasty,Northern Song dynasty,0
1127,southern-song-dynasty,Southern Song dynasty,2100000
1127,srivijaya,Srivijaya,1040727
1127,western-xia,Western Xia,787402
1131,abbasid-caliphate,Abbasid Caliphate,2775000
1131,almoravid-dynasty,Almoravid dynasty,592593
1131,fatimid-caliphate,Fatimid Caliphate,811881
1131,ghaznavid-empire,Ghaznavid Empire,1205063
1131,ghurid-dynasty,Ghurid dynasty,1269841
1131,great-seljuk-empire,Great Seljuk Empire,2155263
1131,holy-roman-empire,Holy Roman Empire,892857
1131,jin-dynasty-1115-1234,Jin dynasty (1115–1234),2193519
1131,khmer-empire,Khmer Empire,674180
1131,kievan-rus,Kievan Rus',953750
1131,kingdom-of-france-middle-ages,Kingdom of France (Middle Ages),219011
1131,southern-song-dynasty,Southern Song dynasty,2044737
1131,srivijaya,Srivijaya,1049455
1131,western-xia,Western Xia,755906
1136,abbasid-caliphate,Abbasid Caliphate,2665748
1136,almoravid-dynasty,Almoravid dynasty,407407
1136,fatimid-caliphate,Fatimid Caliphate,710396
1136,ghaznavid-empire,Ghaznavid Empire,1097468
1136,ghurid-dynasty,Ghurid dynasty,1322751
1136,great-seljuk-empire,Great Seljuk Empire,1984211
1136,holy-roman-empire,Holy Roman Empire,886243
1136,jin-dynasty-1115-1234,Jin dynasty (1115–1234),2087037
1136,khmer-empire,Khmer Empire,684426
1136,kievan-rus,Kievan Rus',910000
1136,kingdom-of-france-middle-ages,Kingdom of France (Middle Ages),226616
1136,southern-song-dynasty,Southern Song dynasty,1975658
1136,srivijaya,Srivijaya,1060364
1136,western-xia,Western Xia,716535
1141,abbasid-caliphate,Abbasid Caliphate,2556496
1141,almoravid-dynasty,Almoravid dynasty,222222
1141,fatimid-caliphate,Fatimid Caliphate,608911
1141,ghaznavid-empire,Ghaznavid Empire,989873
1141,ghurid-dynasty,Ghurid dynasty,1375661
1141,great-seljuk-empire,Great Seljuk Empire,1813158
1141,holy-roman-empire,Holy Roman Empire,879630
1141,jin-dynasty-1115-1234,Jin dynasty (1115–1234),1980556
1141,khmer-empire,Khmer Empire,694672
1141,kievan-rus,Kievan Rus',866250
1141,kingdom-of-france-middle-ages,Kingdom of France (Middle Ages),234221
1141,southern-song-dynasty,Southern Song dynasty,1906579
1141,srivijaya,Srivijaya,1071273
1141,western-xia,Western Xia,677165
1146,abbasid-caliphate,Abbasid Caliphate,2447244
1146,almoravid-dynasty,Almoravid dynasty,37037
1146,fatimid-caliphate,Fatimid Caliphate,507426
1146,ghaznavid-empire,Ghaznavid Empire,882278
1146,ghurid-dynasty,Ghurid dynasty,1428571
1146,great-seljuk-empire,Great Seljuk Empire,1642105
1146,holy-roman-empire,Holy Roman Empire,873016
1146,jin-dynasty-1115-1234,Jin dynasty (1115–1234),1874074
1146,khmer-empire,Khmer Empire,704918
1146,kievan-rus,Kievan Rus',822500
1146,kingdom-of-france-middle-ages,Kingdom of France (Middle Ages),241825
1146,southern-song-dynasty,Southern Song dynasty,1837500
1146,srivijaya,Srivijaya,1082182
1146,western-xia,Western Xia,637795
1147,almoravid-dynasty,Almoravid dynasty,0
1151,abbasid-caliphate,Abbasid Caliphate,2337992
1151,fatimid-caliphate,Fatimid Caliphate,405941
1151,ghaznavid-empire,Ghaznavid Empire,774684
1151,ghurid-dynasty,Ghurid dynasty,1481481
1151,great-seljuk-empire,Great Seljuk Empire,1471053
1151,holy-roman-empire,Holy Roman Empire,866402
1151,jin-dynasty-1115-1234,Jin dynasty (1115–1234),1767593
1151,khmer-empire,Khmer Empire,715164
1151,kievan-rus,Kievan Rus',778750
1151,kingdom-of-france-middle-ages,Kingdom of France (Middle Ages),249430
1151,southern-song-dynasty,Southern Song dynasty,1768421
1151,srivijaya,Srivijaya,1093091
1151,western-xia,Western Xia,598425
1156,abbasid-caliphate,Abbasid Caliphate,2228740
1156,fatimid-caliphate,Fatimid Caliphate,304455
1156,ghaznavid-empire,Ghaznavid Empire,667089
1156,ghurid-dynasty,Ghurid dynasty,1534392
1156,great-seljuk-empire,Great Seljuk Empire,1300000
1156,holy-roman-empire,Holy Roman Empire,859788
1156,jin-dynasty-1115-1234,Jin dynasty (1115–1234),1661111
1156,khmer-empire,Khmer Empire,725410
1156,kievan-rus,Kievan Rus',735000
1156,kingdom-of-france-middle-ages,Kingdom of France (Middle Ages),257034
1156,southern-song-dynasty,Southern Song dynasty,1699342
1156,srivijaya,Srivijaya,1104000
1156,western-xia,Western Xia,559055
116,eastern-han-dynasty,Eastern Han dynasty,5633333
116,indo-scythian-kingdom,Indo-Scythian Kingdom,1943158
116,kingdom-of-aksum,Kingdom of Aksum,860000
116,kingdom-of-armenia,Kingdom of Armenia,563855
116,northern-xiongnu,Northern Xiongnu,1309091
116,parthian-empire,Parthian Empire,1356054
116,roman-empire,Roman Empire,4965278
116,satavahana-dynasty,Satavahana dynasty,455263
116,western-satraps,Western Satraps,473770
116,western-xiongnu,Western Xiongnu,2800000
116,xianbei-state,Xianbei state,967290
116,xiongnu-empire,Xiongnu Empire,5112426
1161,abbasid-caliphate,Abbasid Caliphate,2119488
1161,fatimid-caliphate,Fatimid Caliphate,202970
1161,ghaznavid-empire,Ghaznavid Empire,559494
1161,ghurid-dynasty,Ghurid dynasty,1587302
1161,great-seljuk-empire,Great Seljuk Empire,1128947
1161,holy-roman-empire,Holy Roman Empire,853175
1161,jin-dynasty-1115-1234,Jin dynasty (1115–1234),1554630
1161,khmer-empire,Khmer Empire,735656
1161,kievan-rus,Kievan Rus',691250
1161,kingdom-of-france-middle-ages,Kingdom of France (Middle Ages),264639
1161,southern-song-dynasty,Southern Song dynasty,1630263
1161,srivijaya,Srivijaya,1114909
1161,western-xia,Western Xia,519685
1166,abbasid-caliphate,Abbasid Caliphate,2010236
1166,fatimid-caliphate,Fatimid Caliphate,101485
1166,ghaznavid-empire,Ghaznavid Empire,451899
1166,ghurid-dynasty,Ghurid dynasty,1640212
1166,great-seljuk-empire,Great Seljuk Empire,957895
1166,holy-roman-empire,Holy Roman Empire,846561
1166,jin-dynasty-1115-1234,Jin dynasty (1115–1234),1448148
1166,khmer-empire,Khmer Empire,745902
1166,kievan-rus,Kievan Rus',647500
1166,kingdom-of-france-middle-ages,Kingdom of France (Middle Ages),272243
1166,southern-song-dynasty,Southern Song dynasty,1561184
1166,srivijaya,Srivijaya,1125818
1166,western-xia,Western Xia,480315
117,eastern-han-dynasty,Eastern Han dynasty,5579167
117,indo-scythian-kingdom,Indo-Scythian Kingdom,1936316
117,kingdom-of-aksum,Kingdom of Aksum,861667
117,kingdom-of-armenia,Kingdom of Armenia,562048
117,northern-xiongnu,Northern Xiongnu,1305682
117,parthian-empire,Parthian Empire,1343498
117,roman-empire,Roman Empire,5000000
117,satavahana-dynasty,Satavahana dynasty,456579
117,western-satraps,Western Satraps,472131
117,western-xiongnu,Western Xiongnu,2792708
117,xianbei-state,Xianbei state,1009346
117,xiongnu-empire,Xiongnu Empire,5099112
1171,abbasid-caliphate,Abbasid Caliphate,1900984
1171,fatimid-caliphate,Fatimid Caliphate,0
1171,ghaznavid-empire,Ghaznavid Empire,344304
1171,ghurid-dynasty,Ghurid dynasty,1693122
1171,great-seljuk-empire,Great Seljuk Empire,786842
1171,holy-roman-empire,Holy Roman Empire,839947
1171,jin-dynasty-1115-1234,Jin dynasty (1115–1234),1341667
1171,khmer-empire,Khmer Empire,756148
1171,kievan-rus,Kievan Rus',603750
1171,kingdom-of-france-middle-ages,Kingdom of France (Middle Ages),279848
1171,southern-song-dynasty,Southern Song dynasty,1492105
1171,srivijaya,Srivijaya,1136727
1171,western-xia,Western Xia,440945
1176,abbasid-caliphate,Abbasid Caliphate,1791732
1176,ghaznavid-empire,Ghaznavid Empire,236709
1176,ghurid-dynasty,Ghurid dynasty,1746032
1176,great-seljuk-empire,Great Seljuk Empire,615789
1176,holy-roman-empire,Holy Roman Empire,833333
1176,jin-dynasty-1115-1234,Jin dynasty (1115–1234),1235185
1176,khmer-empire,Khmer Empire,766393
1176,kievan-rus,Kievan Rus',560000
1176,kingdom-of-france-middle-ages,Kingdom of France (Middle Ages),287452
1176,southern-song-dynasty,Southern Song dynasty,1423026
1176,srivijaya,Srivijaya,1147636
1176,western-xia,Western Xia,401575
1181,abbasid-caliphate,Abbasid Caliphate,1682480
1181,ghaznavid-empire,Ghaznavid Empire,129114
1181,ghurid-dynasty,Ghurid dynasty,1798942
1181,great-seljuk-empire,Great Seljuk Empire,444737
1181,holy-roman-empire,Holy Roman Empire,826720
1181,jin-dynasty-1115-1234,Jin dynasty (1115–1234),1128704
1181,khmer-empire,Khmer Empire,776639
1181,kievan-rus,Kievan Rus',516250
1181,kingdom-of-france-middle-ages,Kingdom of France (Middle Ages),295057
1181,southern-song-dynasty,Southern Song dynasty,1353947
1181,srivijaya,Srivijaya,1158545
1181,western-xia,Western Xia,362205
1186,abbasid-caliphate,Abbasid Caliphate,1573228
1186,ghaznavid-empire,Ghaznavid Empire,21519
1186,ghurid-dynasty,Ghurid dynasty,1851852
1186,great-seljuk-empire,Great Seljuk Empire,273684
1186,holy-roman-empire,Holy Roman Empire,820106
1186,jin-dynasty-1115-1234,Jin dynasty (1115–1234),1022222
1186,khmer-empire,Khmer Empire,786885
1186,kievan-rus,Kievan Rus',472500
1186,kingdom-of-france-middle-ages,Kingdom of France (Middle Ages),302662
1186,southern-song-dynasty,Southern Song dynasty,1284868
1186,srivijaya,Srivijaya,1169455
1186,western-xia,Western Xia,322835
1187,ghaznavid-empire,Ghaznavid Empire,0
1191,abbasid-caliphate,Abbasid Caliphate,1463976
1191,ghurid-dynasty,Ghurid dynasty,1904762
1191,great-seljuk-empire,Great Seljuk Empire,102632
1191,holy-roman-empire,Holy Roman Empire,813492
1191,jin-dynasty-1115-1234,Jin dynasty (1115–1234),915741
1191,khmer-empire,Khmer Empire,797131
1191,kievan-rus,Kievan Rus',428750
1191,kingdom-of-france-middle-ages,Kingdom of France (Middle Ages),310266
1191,southern-song-dynasty,Southern Song dynasty,1215789
1191,srivijaya,Srivijaya,1180364
1191,western-xia,Western Xia,283465
1194,great-seljuk-empire,Great Seljuk Empire,0
1196,abbasid-caliphate,Abbasid Caliphate,1354724
1196,ghurid-dynasty,Ghurid dynasty,1957672
1196,holy-roman-empire,Holy Roman Empire,806878
1196,jin-dynasty-1115-1234,Jin dynasty (1115–1234),809259
1196,khmer-empire,Khmer Empire,807377
1196,kievan-rus,Kievan Rus',385000
1196,kingdom-of-france-middle-ages,Kingdom of France (Middle Ages),317871
1196,southern-song-dynasty,Southern Song dynasty,1146711
1196,srivijaya,Srivijaya,1191273
1196,western-xia,Western Xia,244094
1200,abbasid-caliphate,Abbasid Caliphate,1267323
1200,ghurid-dynasty,Ghurid dynasty,2000000
1200,holy-roman-empire,Holy Roman Empire,801587
1200,jin-dynasty-1115-1234,Jin dynasty (1115–1234),724074
1200,khmer-empire,Khmer Empire,815574
1200,kievan-rus,Kievan Rus',350000
1200,kingdom-of-france-middle-ages,Kingdom of France (Middle Ages),323954
1200,southern-song-dynasty,Southern Song dynasty,1091447
1200,srivijaya,Srivijaya,1200000
1200,western-xia,Western Xia,212598
1201,abbasid-caliphate,Abbasid Caliphate,1245472
1201,ghurid-dynasty,Ghurid dynasty,1866667
1201,holy-roman-empire,Holy Roman Empire,800265
1201,jin-dynasty-1115-1234,Jin dynasty (1115–1234),702778
1201,khmer-empire,Khmer Empire,817623
1201,kievan-rus,Kievan Rus',341250
1201,kingdom-of-france-middle-ages,Kingdom of France (Middle Ages),325475
1201,southern-song-dynasty,Southern Song dynasty,1077632
1201,srivijaya,Srivijaya,1193220
1201,western-xia,Western Xia,204724
1204,abbasid-caliphate,Abbasid Caliphate,1179921
1204,ghurid-dynasty,Ghurid dynasty,1466667
1204,holy-roman-empire,Holy Roman Empire,796296
1204,jin-dynasty-1115-1234,Jin dynasty (1115–1234),638889
1204,khmer-empire,Khmer Empire,823770
1204,kievan-rus,Kievan Rus',315000
1204,kingdom-of-france-middle-ages,Kingdom of France (Middle Ages),330038
1204,latin-empire,Latin Empire,350000
1204,southern-song-dynasty,Southern Song dynasty,1036184
1204,srivijaya,Srivijaya,1172881
1204,western-xia,Western Xia,181102
1206,abbasid-caliphate,Abbasid Caliphate,1136220
1206,ghurid-dynasty,Ghurid dynasty,1200000
1206,holy-roman-empire,Holy Roman Empire,793651
1206,jin-dynasty-1115-1234,Jin dynasty (1115–1234),596296
1206,khmer-empire,Khmer Empire,827869
1206,kievan-rus,Kievan Rus',297500
1206,kingdom-of-france-middle-ages,Kingdom of France (Middle Ages),333080
1206,latin-empire,Latin Empire,337719
1206,mongol-empire,Mongol Empire,1875000
1206,southern-song-dynasty,Southern Song dynasty,1008553
1206,srivijaya,Srivijaya,1159322
1206,western-xia,Western Xia,165354
121,eastern-han-dynasty,Eastern Han dynasty,5362500
121,indo-scythian-kingdom,Indo-Scythian Kingdom,1908947
121,kingdom-of-aksum,Kingdom of Aksum,868333
121,kingdom-of-armenia,Kingdom of Armenia,554819
121,northern-xiongnu,Northern Xiongnu,1292045
121,parthian-empire,Parthian Empire,1293274
121,roman-empire,Roman Empire,4944290
121,satavahana-dynasty,Satavahana dynasty,461842
121,western-satraps,Western Satraps,465574
121,western-xiongnu,Western Xiongnu,2763542
121,xianbei-state,Xianbei state,1177570
121,xiongnu-empire,Xiongnu Empire,5045858
1211,abbasid-caliphate,Abbasid Caliphate,1026969
1211,delhi-sultanate,Delhi Sultanate,150943
1211,ghurid-dynasty,Ghurid dynasty,533333
1211,holy-roman-empire,Holy Roman Empire,787037
1211,jin-dynasty-1115-1234,Jin dynasty (1115–1234),489815
1211,khmer-empire,Khmer Empire,838115
1211,kievan-rus,Kievan Rus',253750
1211,kingdom-of-france-middle-ages,Kingdom of France (Middle Ages),340684
1211,latin-empire,Latin Empire,307018
1211,southern-song-dynasty,Southern Song dynasty,939474
1211,srivijaya,Srivijaya,1125424
1211,western-xia,Western Xia,125984
1215,ghurid-dynasty,Ghurid dynasty,0
1216,abbasid-caliphate,Abbasid Caliphate,917717
1216,delhi-sultanate,Delhi Sultanate,301887
1216,holy-roman-empire,Holy Roman Empire,780423
1216,jin-dynasty-1115-1234,Jin dynasty (1115–1234),383333
1216,khmer-empire,Khmer Empire,848361
1216,kievan-rus,Kievan Rus',210000
1216,kingdom-of-france-middle-ages,Kingdom of France (Middle Ages),348289
1216,latin-empire,Latin Empire,276316
1216,mongol-empire,Mongol Empire,3750000
1216,southern-song-dynasty,Southern Song dynasty,870395
1216,srivijaya,Srivijaya,1091525
1216,western-xia,Western Xia,86614
1221,abbasid-caliphate,Abbasid Caliphate,808465
1221,delhi-sultanate,Delhi Sultanate,452830
1221,holy-roman-empire,Holy Roman Empire,773810
1221,jin-dynasty-1115-1234,Jin dynasty (1115–1234),276852
1221,khmer-empire,Khmer Empire,858607
1221,kievan-rus,Kievan Rus',166250
1221,kingdom-of-france-middle-ages,Kingdom of France (Middle Ages),355894
1221,latin-empire,Latin Empire,245614
1221,mongol-empire,Mongol Empire,5625000
1221,southern-song-dynasty,Southern Song dynasty,801316
1221,srivijaya,Srivijaya,1057627
1221,western-xia,Western Xia,47244
1226,abbasid-caliphate,Abbasid Caliphate,699213
1226,chagatai-khanate,Chagatai Khanate,41176
1226,delhi-sultanate,Delhi Sultanate,603774
1226,holy-roman-empire,Holy Roman Empire,767196
1226,jin-dynasty-1115-1234,Jin dynasty (1115–1234),170370
1226,khmer-empire,Khmer Empire,868852
1226,kievan-rus,Kievan Rus',122500
1226,kingdom-of-france-middle-ages,Kingdom of France (Middle Ages),363498
1226,latin-empire,Latin Empire,214912
1226,mongol-empire,Mongol Empire,7500000
1226,southern-song-dynasty,Southern Song dynasty,732237
1226,srivijaya,Srivijaya,1023729
1226,western-xia,Western Xia,7874
1227,western-xia,Western Xia,0
1231,abbasid-caliphate,Abbasid Caliphate,589961
1231,chagatai-khanate,Chagatai Khanate,247059
1231,delhi-sultanate,Delhi Sultanate,754717
1231,holy-roman-empire,Holy Roman Empire,760582
1231,jin-dynasty-1115-1234,Jin dynasty (1115–1234),63889
1231,khmer-empire,Khmer Empire,879098
1231,kievan-rus,Kievan Rus',78750
1231,kingdom-of-france-middle-ages,Kingdom of France (Middle Ages),371103
1231,latin-empire,Latin Empire,184211
1231,mongol-empire,Mongol Empire,9375000
1231,southern-song-dynasty,Southern Song dynasty,663158
1231,srivijaya,Srivijaya,989831
1236,abbasid-caliphate,Abbasid Caliphate,480709
1236,chagatai-khanate,Chagatai Khanate,452941
1236,delhi-sultanate,Delhi Sultanate,905660
1236,holy-roman-empire,Holy Roman Empire,753968
1236,khmer-empire,Khmer Empire,889344
1236,kievan-rus,Kievan Rus',35000
1236,kingdom-of-france-middle-ages,Kingdom of France (Middle Ages),378707
1236,latin-empire,Latin Empire,153509
1236,mali-empire,Mali Empire,7586
1236,mongol-empire,Mongol Empire,11250000
1236,southern-song-dynasty,Southern Song dynasty,594079
1236,srivijaya,Srivijaya,955932
1240,kievan-rus,Kievan Rus',0
1241,abbasid-caliphate,Abbasid Caliphate,371457
1241,chagatai-khanate,Chagatai Khanate,658824
1241,delhi-sultanate,Delhi Sultanate,1056604
1241,holy-roman-empire,Holy Roman Empire,747354
1241,khmer-empire,Khmer Empire,899590
1241,kingdom-of-france-middle-ages,Kingdom of France (Middle Ages),386312
1241,latin-empire,Latin Empire,122807
1241,mali-empire,Mali Empire,45517
1241,mongol-empire,Mongol Empire,13125000
1241,southern-song-dynasty,Southern Song dynasty,525000
1241,srivijaya,Srivijaya,922034
1246,abbasid-caliphate,Abbasid Caliphate,262205
1246,chagatai-khanate,Chagatai Khanate,864706
1246,delhi-sultanate,Delhi Sultanate,1207547
1246,holy-roman-empire,Holy Roman Empire,740741
1246,jochi-khanate,Jochi Khanate,268657
1246,khmer-empire,Khmer Empire,909836
1246,kingdom-of-france-middle-ages,Kingdom of France (Middle Ages),393916
1246,latin-empire,Latin Empire,92105
1246,mali-empire,Mali Empire,83448
1246,mongol-empire,Mongol Empire,15000000
1246,southern-song-dynasty,Southern Song dynasty,455921
1246,srivijaya,Srivijaya,888136
1250,abbasid-caliphate,Abbasid Caliphate,174803
1250,chagatai-khanate,Chagatai Khanate,1029412
1250,delhi-sultanate,Delhi Sultanate,1328302
1250,holy-roman-empire,Holy Roman Empire,735450
1250,jochi-khanate,Jochi Khanate,626866
1250,khmer-empire,Khmer Empire,918033
1250,kingdom-of-france-middle-ages,Kingdom of France (Middle Ages),400000
1250,latin-empire,Latin Empire,67544
1250,mali-empire,Mali Empire,113793
1250,mongol-empire,Mongol Empire,16500000
1250,southern-song-dynasty,Southern Song dynasty,400658
1250,srivijaya,Srivijaya,861017
1251,abbasid-caliphate,Abbasid Caliphate,152953
1251,chagatai-khanate,Chagatai Khanate,1070588
1251,delhi-sultanate,Delhi Sultanate,1358491
1251,holy-roman-empire,Holy Roman Empire,734127
1251,jochi-khanate,Jochi Khanate,716418
1251,khmer-empire,Khmer Empire,920082
1251,kingdom-of-france-middle-ages,Kingdom of France (Middle Ages),399261
1251,latin-empire,Latin Empire,61404
1251,mali-empire,Mali Empire,121379
1251,mamluk-sultanate,Mamluk Sultanate,42000
1251,mongol-empire,Mongol Empire,16875000
1251,southern-song-dynasty,Southern Song dynasty,386842
1251,srivijaya,Srivijaya,854237
1256,abbasid-caliphate,Abbasid Caliphate,43701
1256,chagatai-khanate,Chagatai Khanate,1276471
1256,delhi-sultanate,Delhi Sultanate,1509434
1256,holy-roman-empire,Holy Roman Empire,727513
1256,jochi-khanate,Jochi Khanate,1164179
1256,khmer-empire,Khmer Empire,930328
1256,kingdom-of-france-middle-ages,Kingdom of France (Middle Ages),395564
1256,latin-empire,Latin Empire,30702
1256,mali-empire,Mali Empire,159310
1256,mamluk-sultanate,Mamluk Sultanate,252000
1256,mongol-empire,Mongol Empire,18750000
1256,southern-song-dynasty,Southern Song dynasty,317763
1256,srivijaya,Srivijaya,820339
1258,abbasid-caliphate,Abbasid Caliphate,0
126,eastern-han-dynasty,Eastern Han dynasty,5091667
126,indo-scythian-kingdom,Indo-Scythian Kingdom,1874737
126,kingdom-of-aksum,Kingdom of Aksum,876667
126,kingdom-of-armenia,Kingdom of Armenia,545783
126,northern-xiongnu,Northern Xiongnu,1275000
126,parthian-empire,Parthian Empire,1230493
126,roman-empire,Roman Empire,4874652
126,satavahana-dynasty,Satavahana dynasty,468421
126,western-satraps,Western Satraps,457377
126,western-xiongnu,Western Xiongnu,2727083
126,xianbei-state,Xianbei state,1387850
126,xiongnu-empire,Xiongnu Empire,4979290
1261,chagatai-khanate,Chagatai Khanate,1482353
1261,delhi-sultanate,Delhi Sultanate,1660377
1261,holy-roman-empire,Holy Roman Empire,720899
1261,ilkhanate,Ilkhanate,347222
1261,jochi-khanate,Jochi Khanate,1611940
1261,khmer-empire,Khmer Empire,940574
1261,kingdom-of-france-middle-ages,Kingdom of France (Middle Ages),391867
1261,latin-empire,Latin Empire,0
1261,mali-empire,Mali Empire,197241
1261,mamluk-sultanate,Mamluk Sultanate,462000
1261,mongol-empire,Mongol Empire,20625000
1261,southern-song-dynasty,Southern Song dynasty,248684
1261,srivijaya,Srivijaya,786441
1266,chagatai-khanate,Chagatai Khanate,1688235
1266,delhi-sultanate,Delhi Sultanate,1811321
1266,holy-roman-empire,Holy Roman Empire,714286
1266,ilkhanate,Ilkhanate,694444
1266,jochi-khanate,Jochi Khanate,2059701
1266,khmer-empire,Khmer Empire,950820
1266,kingdom-of-france-middle-ages,Kingdom of France (Middle Ages),388170
1266,mali-empire,Mali Empire,235172
1266,mamluk-sultanate,Mamluk Sultanate,672000
1266,mongol-empire,Mongol Empire,22500000
1266,southern-song-dynasty,Southern Song dynasty,179605
1266,srivijaya,Srivijaya,752542
1270,chagatai-khanate,Chagatai Khanate,1852941
1270,delhi-sultanate,Delhi Sultanate,1932075
1270,holy-roman-empire,Holy Roman Empire,708995
1270,ilkhanate,Ilkhanate,972222
1270,jochi-khanate,Jochi Khanate,2417910
1270,khmer-empire,Khmer Empire,959016
1270,kingdom-of-france-middle-ages,Kingdom of France (Middle Ages),385213
1270,mali-empire,Mali Empire,265517
1270,mamluk-sultanate,Mamluk Sultanate,840000
1270,mongol-empire,Mongol Empire,24000000
1270,southern-song-dynasty,Southern Song dynasty,124342
1270,srivijaya,Srivijaya,725424
1271,chagatai-khanate,Chagatai Khanate,1894118
1271,delhi-sultanate,Delhi Sultanate,1962264
1271,holy-roman-empire,Holy Roman Empire,707672
1271,ilkhanate,Ilkhanate,1041667
1271,jochi-khanate,Jochi Khanate,2507463
1271,khmer-empire,Khmer Empire,961066
1271,kingdom-of-france-middle-ages,Kingdom of France (Middle Ages),384473
1271,mali-empire,Mali Empire,273103
1271,mamluk-sultanate,Mamluk Sultanate,882000
1271,mongol-empire,Mongol Empire,23755102
1271,southern-song-dynasty,Southern Song dynasty,110526
1271,srivijaya,Srivijaya,718644
1276,chagatai-khanate,Chagatai Khanate,2100000
1276,delhi-sultanate,Delhi Sultanate,2113208
1276,holy-roman-empire,Holy Roman Empire,701058
1276,ilkhanate,Ilkhanate,1388889
1276,jochi-khanate,Jochi Khanate,2955224
1276,khmer-empire,Khmer Empire,971311
1276,kingdom-of-france-middle-ages,Kingdom of France (Middle Ages),380776
1276,mali-empire,Mali Empire,311034
1276,mamluk-sultanate,Mamluk Sultanate,1092000
1276,mongol-empire,Mongol Empire,22530612
1276,southern-song-dynasty,Southern Song dynasty,41447
1276,srivijaya,Srivijaya,684746
1276,yuan-dynasty,Yuan dynasty,1410256
1279,southern-song-dynasty,Southern Song dynasty,0
1281,chagatai-khanate,Chagatai Khanate,2305882
1281,delhi-sultanate,Delhi Sultanate,2264151
1281,holy-roman-empire,Holy Roman Empire,694444
1281,ilkhanate,Ilkhanate,1736111
1281,jochi-khanate,Jochi Khanate,3402985
1281,khmer-empire,Khmer Empire,981557
1281,kingdom-of-france-middle-ages,Kingdom of France (Middle Ages),377079
1281,mali-empire,Mali Empire,348966
1281,mamluk-sultanate,Mamluk Sultanate,1302000
1281,mongol-empire,Mongol Empire,21306122
1281,srivijaya,Srivijaya,650847
1281,yuan-dynasty,Yuan dynasty,2820513
1286,chagatai-khanate,Chagatai Khanate,2511765
1286,delhi-sultanate,Delhi Sultanate,2415094
1286,holy-roman-empire,Holy Roman Empire,687831
1286,ilkhanate,Ilkhanate,2083333
1286,jochi-khanate,Jochi Khanate,3850746
1286,khmer-empire,Khmer Empire,991803
1286,kingdom-of-france-middle-ages,Kingdom of France (Middle Ages),373383
1286,mali-empire,Mali Empire,386897
1286,mamluk-sultanate,Mamluk Sultanate,1512000
1286,mongol-empire,Mongol Empire,20081633
1286,srivijaya,Srivijaya,616949
1286,yuan-dynasty,Yuan dynasty,4230769
1290,chagatai-khanate,Chagatai Khanate,2676471
1290,delhi-sultanate,Delhi Sultanate,2535849
1290,holy-roman-empire,Holy Roman Empire,682540
1290,ilkhanate,Ilkhanate,2361111
1290,jochi-khanate,Jochi Khanate,4208955
1290,khmer-empire,Khmer Empire,1000000
1290,kingdom-of-france-middle-ages,Kingdom of France (Middle Ages),370425
1290,mali-empire,Mali Empire,417241
1290,mamluk-sultanate,Mamluk Sultanate,1680000
1290,mongol-empire,Mongol Empire,19102041
1290,srivijaya,Srivijaya,589831
1290,yuan-dynasty,Yuan dynasty,5358974
1291,chagatai-khanate,Chagatai Khanate,2717647
1291,delhi-sultanate,Delhi Sultanate,2566038
1291,holy-roman-empire,Holy Roman Empire,681217
1291,ilkhanate,Ilkhanate,2430556
1291,jochi-khanate,Jochi Khanate,4298507
1291,khmer-empire,Khmer Empire,992908
1291,kingdom-of-france-middle-ages,Kingdom of France (Middle Ages),369686
1291,mali-empire,Mali Empire,424828
1291,mamluk-sultanate,Mamluk Sultanate,1722000
1291,mongol-empire,Mongol Empire,18857143
1291,srivijaya,Srivijaya,583051
1291,yuan-dynasty,Yuan dynasty,5641026
1296,chagatai-khanate,Chagatai Khanate,2923529
1296,delhi-sultanate,Delhi Sultanate,2716981
1296,holy-roman-empire,Holy Roman Empire,674603
1296,ilkhanate,Ilkhanate,2777778
1296,jochi-khanate,Jochi Khanate,4746269
1296,khmer-empire,Khmer Empire,957447
1296,kingdom-of-france-middle-ages,Kingdom of France (Middle Ages),365989
1296,mali-empire,Mali Empire,462759
1296,mamluk-sultanate,Mamluk Sultanate,1932000
1296,mongol-empire,Mongol Empire,17632653
1296,srivijaya,Srivijaya,549153
1296,yuan-dynasty,Yuan dynasty,7051282
1299,ottoman-empire,Ottoman Empire,54593
1300,chagatai-khanate,Chagatai Khanate,3088235
1300,delhi-sultanate,Delhi Sultanate,2837736
1300,holy-roman-empire,Holy Roman Empire,669312
1300,ilkhanate,Ilkhanate,3055556
1300,jochi-khanate,Jochi Khanate,5104478
1300,khmer-empire,Khmer Empire,929078
1300,kingdom-of-france-middle-ages,Kingdom of France (Middle Ages),363031
1300,mali-empire,Mali Empire,493103
1300,mamluk-sultanate,Mamluk Sultanate,2100000
1300,mongol-empire,Mongol Empire,16653061
1300,srivijaya,Srivijaya,522034
1300,yuan-dynasty,Yuan dynasty,8179487
1301,chagatai-khanate,Chagatai Khanate,3129412
1301,delhi-sultanate,Delhi Sultanate,2867925
1301,holy-roman-empire,Holy Roman Empire,667989
1301,ilkhanate,Ilkhanate,3125000
1301,jochi-khanate,Jochi Khanate,5194030
1301,khmer-empire,Khmer Empire,921986
1301,kingdom-of-france-middle-ages,Kingdom of France (Middle Ages),362292
1301,mali-empire,Mali Empire,500690
1301,mamluk-sultanate,Mamluk Sultanate,2090323
1301,mongol-empire,Mongol Empire,16408163
1301,srivijaya,Srivijaya,515254
1301,tarascan-empire,Tarascan empire,500
1301,yuan-dynasty,Yuan dynasty,8461538
1306,chagatai-khanate,Chagatai Khanate,3335294
1306,delhi-sultanate,Delhi Sultanate,3018868
1306,holy-roman-empire,Holy Roman Empire,661376
1306,ilkhanate,Ilkhanate,3472222
1306,jochi-khanate,Jochi Khanate,5641791
1306,khmer-empire,Khmer Empire,886525
1306,kingdom-of-france-middle-ages,Kingdom of France (Middle Ages),358595
1306,mali-empire,Mali Empire,538621
1306,mamluk-sultanate,Mamluk Sultanate,2041935
1306,mongol-empire,Mongol Empire,15183673
1306,srivijaya,Srivijaya,481356
1306,tarascan-empire,Tarascan empire,3000
1306,yuan-dynasty,Yuan dynasty,9871795
131,eastern-han-dynasty,Eastern Han dynasty,4820833
131,indo-scythian-kingdom,Indo-Scythian Kingdom,1840526
131,kingdom-of-aksum,Kingdom of Aksum,885000
131,kingdom-of-armenia,Kingdom of Armenia,536747
131,northern-xiongnu,Northern Xiongnu,1257955
131,parthian-empire,Parthian Empire,1167713
131,roman-empire,Roman Empire,4805014
131,satavahana-dynasty,Satavahana dynasty,475000
131,western-satraps,Western Satraps,449180
131,western-xiongnu,Western Xiongnu,2690625
131,xianbei-state,Xianbei state,1598131
131,xiongnu-empire,Xiongnu Empire,4912722
1310,chagatai-khanate,Chagatai Khanate,3500000
1310,delhi-sultanate,Delhi Sultanate,3139623
1310,holy-roman-empire,Holy Roman Empire,656085
1310,ilkhanate,Ilkhanate,3750000
1310,jochi-khanate,Jochi Khanate,6000000
1310,khmer-empire,Khmer Empire,858156
1310,kingdom-of-france-middle-ages,Kingdom of France (Middle Ages),355638
1310,mali-empire,Mali Empire,568966
1310,mamluk-sultanate,Mamluk Sultanate,2003226
1310,mongol-empire,Mongol Empire,14204082
1310,ottoman-empire,Ottoman Empire,109186
1310,srivijaya,Srivijaya,454237
1310,tarascan-empire,Tarascan empire,5000
1310,yuan-dynasty,Yuan dynasty,11000000
1311,chagatai-khanate,Chagatai Khanate,3490716
1311,delhi-sultanate,Delhi Sultanate,3169811
1311,holy-roman-empire,Holy Roman Empire,654762
1311,ilkhanate,Ilkhanate,3600000
1311,jochi-khanate,Jochi Khanate,5968750
1311,khmer-empire,Khmer Empire,851064
1311,kingdom-of-france-middle-ages,Kingdom of France (Middle Ages),354898
1311,mali-empire,Mali Empire,576552
1311,mamluk-sultanate,Mamluk Sultanate,1993548
1311,mongol-empire,Mongol Empire,13959184
1311,ottoman-empire,Ottoman Empire,122835
1311,srivijaya,Srivijaya,447458
1311,tarascan-empire,Tarascan empire,5500
1311,yuan-dynasty,Yuan dynasty,10810345
1312,chagatai-khanate,Chagatai Khanate,3481432
1312,delhi-sultanate,Delhi Sultanate,3200000
1312,holy-roman-empire,Holy Roman Empire,653439
1312,ilkhanate,Ilkhanate,3450000
1312,jochi-khanate,Jochi Khanate,5937500
1312,khmer-empire,Khmer Empire,843972
1312,kingdom-of-france-middle-ages,Kingdom of France (Middle Ages),354159
1312,mali-empire,Mali Empire,584138
1312,mamluk-sultanate,Mamluk Sultanate,1983871
1312,mongol-empire,Mongol Empire,13714286
1312,ottoman-empire,Ottoman Empire,136483
1312,srivijaya,Srivijaya,440678
1312,tarascan-empire,Tarascan empire,6000
1312,yuan-dynasty,Yuan dynasty,10620690
1316,chagatai-khanate,Chagatai Khanate,3444297
1316,delhi-sultanate,Delhi Sultanate,3140187
1316,holy-roman-empire,Holy Roman Empire,648148
1316,ilkhanate,Ilkhanate,2850000
1316,jochi-khanate,Jochi Khanate,5812500
1316,khmer-empire,Khmer Empire,815603
1316,kingdom-of-france-middle-ages,Kingdom of France (Middle Ages),351201
1316,mali-empire,Mali Empire,614483
1316,mamluk-sultanate,Mamluk Sultanate,1945161
1316,mongol-empire,Mongol Empire,12734694
1316,ottoman-empire,Ottoman Empire,191076
1316,srivijaya,Srivijaya,413559
1316,tarascan-empire,Tarascan empire,8000
1316,yuan-dynasty,Yuan dynasty,9862069
1321,chagatai-khanate,Chagatai Khanate,3397878
1321,delhi-sultanate,Delhi Sultanate,3065421
1321,holy-roman-empire,Holy Roman Empire,641534
1321,ilkhanate,Ilkhanate,2100000
1321,jochi-khanate,Jochi Khanate,5656250
1321,khmer-empire,Khmer Empire,780142
1321,kingdom-of-france-middle-ages,Kingdom of France (Middle Ages),347505
1321,mali-empire,Mali Empire,652414
1321,mamluk-sultanate,Mamluk Sultanate,1896774
1321,mongol-empire,Mongol Empire,11510204
1321,ottoman-empire,Ottoman Empire,259318
1321,srivijaya,Srivijaya,379661
1321,tarascan-empire,Tarascan empire,10500
1321,yuan-dynasty,Yuan dynasty,8913793
1326,aztec-empire,Aztec Empire,1128
1326,chagatai-khanate,Chagatai Khanate,3351459
1326,delhi-sultanate,Delhi Sultanate,2990654
1326,holy-roman-empire,Holy Roman Empire,634921
1326,ilkhanate,Ilkhanate,1350000
1326,jochi-khanate,Jochi Khanate,5500000
1326,khmer-empire,Khmer Empire,744681
1326,kingdom-of-france-middle-ages,Kingdom of France (Middle Ages),343808
1326,mali-empire,Mali Empire,690345
1326,mamluk-sultanate,Mamluk Sultanate,1848387
1326,mongol-empire,Mongol Empire,10285714
1326,ottoman-empire,Ottoman Empire,327559
1326,srivijaya,Srivijaya,345763
1326,tarascan-empire,Tarascan empire,13000
1326,yuan-dynasty,Yuan dynasty,7965517
1331,aztec-empire,Aztec Empire,6769
1331,chagatai-khanate,Chagatai Khanate,3305040
1331,delhi-sultanate,Delhi Sultanate,2915888
1331,holy-roman-empire,Holy Roman Empire,628307
1331,ilkhanate,Ilkhanate,600000
1331,jochi-khanate,Jochi Khanate,5343750
1331,khmer-empire,Khmer Empire,709220
1331,kingdom-of-france-middle-ages,Kingdom of France (Middle Ages),340111
1331,mali-empire,Mali Empire,728276
1331,mamluk-sultanate,Mamluk Sultanate,1800000
1331,mongol-empire,Mongol Empire,9061224
1331,ottoman-empire,Ottoman Empire,395801
1331,srivijaya,Srivijaya,311864
1331,tarascan-empire,Tarascan empire,15500
1331,yuan-dynasty,Yuan dynasty,7017241
1335,ilkhanate,Ilkhanate,0
1336,aztec-empire,Aztec Empire,12410
1336,chagatai-khanate,Chagatai Khanate,3258621
1336,delhi-sultanate,Delhi Sultanate,2841121
1336,holy-roman-empire,Holy Roman Empire,621693
1336,jochi-khanate,Jochi Khanate,5187500
1336,khmer-empire,Khmer Empire,673759
1336,kingdom-of-france-middle-ages,Kingdom of France (Middle Ages),336414
1336,mali-empire,Mali Empire,766207
1336,mamluk-sultanate,Mamluk Sultanate,1751613
1336,mongol-empire,Mongol Empire,7836735
1336,ottoman-empire,Ottoman Empire,464042
1336,srivijaya,Srivijaya,277966
1336,tarascan-empire,Tarascan empire,18000
1336,yuan-dynasty,Yuan dynasty,6068966
1341,aztec-empire,Aztec Empire,18051
1341,chagatai-khanate,Chagatai Khanate,3212202
1341,delhi-sultanate,Delhi Sultanate,2766355
1341,holy-roman-empire,Holy Roman Empire,615079
1341,jochi-khanate,Jochi Khanate,5031250
1341,khmer-empire,Khmer Empire,638298
1341,kingdom-of-france-middle-ages,Kingdom of France (Middle Ages),332717
1341,mali-empire,Mali Empire,804138
1341,mamluk-sultanate,Mamluk Sultanate,1703226
1341,mongol-empire,Mongol Empire,6612245
1341,ottoman-empire,Ottoman Empire,532283
1341,srivijaya,Srivijaya,244068
1341,tarascan-empire,Tarascan empire,20500
1341,yuan-dynasty,Yuan dynasty,5120690
1346,aztec-empire,Aztec Empire,23692
1346,chagatai-khanate,Chagatai Khanate,3165782
1346,delhi-sultanate,Delhi Sultanate,2691589
1346,holy-roman-empire,Holy Roman Empire,608466
1346,jochi-khanate,Jochi Khanate,4875000
1346,khmer-empire,Khmer Empire,602837
1346,kingdom-of-france-middle-ages,Kingdom of France (Middle Ages),329020
1346,mali-empire,Mali Empire,842069
1346,mamluk-sultanate,Mamluk Sultanate,1654839
1346,mongol-empire,Mongol Empire,5387755
1346,ottoman-empire,Ottoman Empire,600525
1346,srivijaya,Srivijaya,210169
1346,tarascan-empire,Tarascan empire,23000
1346,yuan-dynasty,Yuan dynasty,4172414
1351,aztec-empire,Aztec Empire,29333
1351,chagatai-khanate,Chagatai Khanate,3119363
1351,delhi-sultanate,Delhi Sultanate,2616822
1351,holy-roman-empire,Holy Roman Empire,601852
1351,jochi-khanate,Jochi Khanate,4718750
1351,khmer-empire,Khmer Empire,567376
1351,kingdom-of-france-middle-ages,Kingdom of France (Middle Ages),325323
1351,mali-empire,Mali Empire,880000
1351,mamluk-sultanate,Mamluk Sultanate,1606452
1351,mongol-empire,Mongol Empire,4163265
1351,ottoman-empire,Ottoman Empire,668766
1351,srivijaya,Srivijaya,176271
1351,tarascan-empire,Tarascan empire,25500
1351,yuan-dynasty,Yuan dynasty,3224138
1356,aztec-empire,Aztec Empire,34974
1356,chagatai-khanate,Chagatai Khanate,3072944
1356,delhi-sultanate,Delhi Sultanate,2542056
1356,holy-roman-empire,Holy Roman Empire,595238
1356,jochi-khanate,Jochi Khanate,4562500
1356,khmer-empire,Khmer Empire,531915
1356,kingdom-of-france-middle-ages,Kingdom of France (Middle Ages),321627
1356,mali-empire,Mali Empire,917931
1356,mamluk-sultanate,Mamluk Sultanate,1558065
1356,mongol-empire,Mongol Empire,2938776
1356,ottoman-empire,Ottoman Empire,737008
1356,srivijaya,Srivijaya,142373
1356,tarascan-empire,Tarascan empire,28000
1356,yuan-dynasty,Yuan dynasty,2275862
136,eastern-han-dynasty,Eastern Han dynasty,4550000
136,indo-scythian-kingdom,Indo-Scythian Kingdom,1806316
136,kingdom-of-aksum,Kingdom of Aksum,893333
136,kingdom-of-armenia,Kingdom of Armenia,527711
136,northern-xiongnu,Northern Xiongnu,1240909
136,parthian-empire,Parthian Empire,1104933
136,roman-empire,Roman Empire,4735376
136,satavahana-dynasty,Satavahana dynasty,481579
136,western-satraps,Western Satraps,440984
136,western-xiongnu,Western Xiongnu,2654167
136,xianbei-state,Xianbei state,1808411
136,xiongnu-empire,Xiongnu Empire,4846154
1361,aztec-empire,Aztec Empire,40615
1361,chagatai-khanate,Chagatai Khanate,3026525
1361,delhi-sultanate,Delhi Sultanate,2467290
1361,holy-roman-empire,Holy Roman Empire,588624
1361,jochi-khanate,Jochi Khanate,4406250
1361,khmer-empire,Khmer Empire,496454
1361,kingdom-of-france-middle-ages,Kingdom of France (Middle Ages),317930
1361,mali-empire,Mali Empire,955862
1361,mamluk-sultanate,Mamluk Sultanate,1509677
1361,mongol-empire,Mongol Empire,1714286
1361,ottoman-empire,Ottoman Empire,805249
1361,srivijaya,Srivijaya,108475
1361,tarascan-empire,Tarascan empire,30500
1361,yuan-dynasty,Yuan dynasty,1327586
1366,aztec-empire,Aztec Empire,46256
1366,chagatai-khanate,Chagatai Khanate,2980106
1366,delhi-sultanate,Delhi Sultanate,2392523
1366,holy-roman-empire,Holy Roman Empire,582011
1366,jochi-khanate,Jochi Khanate,4250000
1366,khmer-empire,Khmer Empire,460993
1366,kingdom-of-france-middle-ages,Kingdom of France (Middle Ages),314233
1366,mali-empire,Mali Empire,993793
1366,mamluk-sultanate,Mamluk Sultanate,1461290
1366,mongol-empire,Mongol Empire,489796
1366,ottoman-empire,Ottoman Empire,873491
1366,srivijaya,Srivijaya,74576
1366,tarascan-empire,Tarascan empire,33000
1366,yuan-dynasty,Yuan dynasty,379310
1368,aztec-empire,Aztec Empire,48513
1368,chagatai-khanate,Chagatai Khanate,2961538
1368,delhi-sultanate,Delhi Sultanate,2362617
1368,holy-roman-empire,Holy Roman Empire,579365
1368,jochi-khanate,Jochi Khanate,4187500
1368,khmer-empire,Khmer Empire,446809
1368,kingdom-of-france-middle-ages,Kingdom of France (Middle Ages),312754
1368,mali-empire,Mali Empire,1008966
1368,mamluk-sultanate,Mamluk Sultanate,1441935
1368,mongol-empire,Mongol Empire,0
1368,northern-yuan-dynasty,Northern Yuan dynasty,5000000
1368,ottoman-empire,Ottoman Empire,900787
1368,srivijaya,Srivijaya,61017
1368,tarascan-empire,Tarascan empire,34000
1368,yuan-dynasty,Yuan dynasty,0
1371,aztec-empire,Aztec Empire,51897
1371,chagatai-khanate,Chagatai Khanate,2933687
1371,delhi-sultanate,Delhi Sultanate,2317757
1371,holy-roman-empire,Holy Roman Empire,575397
1371,jochi-khanate,Jochi Khanate,4093750
1371,khmer-empire,Khmer Empire,425532
1371,kingdom-of-france-middle-ages,Kingdom of France (Middle Ages),310536
1371,mali-empire,Mali Empire,1031724
1371,mamluk-sultanate,Mamluk Sultanate,1412903
1371,ming-dynasty,Ming dynasty,237805
1371,northern-yuan-dynasty,Northern Yuan dynasty,4953560
1371,ottoman-empire,Ottoman Empire,941732
1371,srivijaya,Srivijaya,40678
1371,tarascan-empire,Tarascan empire,35500
1371,timurid-empire,Timurid Empire,125714
1376,aztec-empire,Aztec Empire,57538
1376,chagatai-khanate,Chagatai Khanate,2887268
1376,delhi-sultanate,Delhi Sultanate,2242991
1376,holy-roman-empire,Holy Roman Empire,568783
1376,jochi-khanate,Jochi Khanate,3937500
1376,khmer-empire,Khmer Empire,390071
1376,kingdom-of-france-middle-ages,Kingdom of France (Middle Ages),306839
1376,mali-empire,Mali Empire,1069655
1376,mamluk-sultanate,Mamluk Sultanate,1364516
1376,ming-dynasty,Ming dynasty,634146
1376,northern-yuan-dynasty,Northern Yuan dynasty,4876161
1376,ottoman-empire,Ottoman Empire,1009974
1376,srivijaya,Srivijaya,6780
1376,tarascan-empire,Tarascan empire,38000
1376,timurid-empire,Timurid Empire,754286
1377,srivijaya,Srivijaya,0
1380,aztec-empire,Aztec Empire,62051
1380,chagatai-khanate,Chagatai Khanate,2850133
1380,delhi-sultanate,Delhi Sultanate,2183178
1380,holy-roman-empire,Holy Roman Empire,563492
1380,jochi-khanate,Jochi Khanate,3812500
1380,khmer-empire,Khmer Empire,361702
1380,kingdom-of-france-middle-ages,Kingdom of France (Middle Ages),303882
1380,mali-empire,Mali Empire,1100000
1380,mamluk-sultanate,Mamluk Sultanate,1325806
1380,ming-dynasty,Ming dynasty,951220
1380,northern-yuan-dynasty,Northern Yuan dynasty,4814241
1380,ottoman-empire,Ottoman Empire,1064567
1380,tarascan-empire,Tarascan empire,40000
1380,timurid-empire,Timurid Empire,1257143
1381,aztec-empire,Aztec Empire,63179
1381,chagatai-khanate,Chagatai Khanate,2840849
1381,delhi-sultanate,Delhi Sultanate,2168224
1381,holy-roman-empire,Holy Roman Empire,562169
1381,jochi-khanate,Jochi Khanate,3781250
1381,khmer-empire,Khmer Empire,354610
1381,kingdom-of-france-middle-ages,Kingdom of France (Middle Ages),303142
1381,mali-empire,Mali Empire,1096207
1381,mamluk-sultanate,Mamluk Sultanate,1316129
1381,ming-dynasty,Ming dynasty,1030488
1381,northern-yuan-dynasty,Northern Yuan dynasty,4798762
1381,ottoman-empire,Ottoman Empire,1078215
1381,tarascan-empire,Tarascan empire,40500
1381,timurid-empire,Timurid Empire,1382857
1386,aztec-empire,Aztec Empire,68821
1386,chagatai-khanate,Chagatai Khanate,2794430
1386,delhi-sultanate,Delhi Sultanate,2093458
1386,holy-roman-empire,Holy Roman Empire,555556
1386,jochi-khanate,Jochi Khanate,3625000
1386,khmer-empire,Khmer Empire,319149
1386,kingdom-of-france-middle-ages,Kingdom of France (Middle Ages),299445
1386,mali-empire,Mali Empire,1077241
1386,mamluk-sultanate,Mamluk Sultanate,1267742
1386,ming-dynasty,Ming dynasty,1426829
1386,northern-yuan-dynasty,Northern Yuan dynasty,4721362
1386,ottoman-empire,Ottoman Empire,1146457
1386,tarascan-empire,Tarascan empire,43000
1386,timurid-empire,Timurid Empire,2011429
1391,aztec-empire,Aztec Empire,74462
1391,bornu-empire,Bornu Empire,1030
1391,chagatai-khanate,Chagatai Khanate,2748011
1391,delhi-sultanate,Delhi Sultanate,2018692
1391,holy-roman-empire,Holy Roman Empire,548942
1391,jochi-khanate,Jochi Khanate,3468750
1391,khmer-empire,Khmer Empire,283688
1391,kingdom-of-france-middle-ages,Kingdom of France (Middle Ages),295749
1391,mali-empire,Mali Empire,1058276
1391,mamluk-sultanate,Mamluk Sultanate,1219355
1391,ming-dynasty,Ming dynasty,1823171
1391,northern-yuan-dynasty,Northern Yuan dynasty,4643963
1391,ottoman-empire,Ottoman Empire,1214698
1391,tarascan-empire,Tarascan empire,45500
1391,timurid-empire,Timurid Empire,2640000
1396,aztec-empire,Aztec Empire,80103
1396,bornu-empire,Bornu Empire,2317
1396,chagatai-khanate,Chagatai Khanate,2701592
1396,delhi-sultanate,Delhi Sultanate,1943925
1396,holy-roman-empire,Holy Roman Empire,542328
1396,jochi-khanate,Jochi Khanate,3312500
1396,khmer-empire,Khmer Empire,248227
1396,kingdom-of-france-middle-ages,Kingdom of France (Middle Ages),292052
1396,mali-empire,Mali Empire,1039310
1396,mamluk-sultanate,Mamluk Sultanate,1170968
1396,ming-dynasty,Ming dynasty,2219512
1396,northern-yuan-dynasty,Northern Yuan dynasty,4566563
1396,ottoman-empire,Ottoman Empire,1282940
1396,tarascan-empire,Tarascan empire,48000
1396,timurid-empire,Timurid Empire,3268571
1401,aztec-empire,Aztec Empire,85744
1401,bornu-empire,Bornu Empire,3604
1401,chagatai-khanate,Chagatai Khanate,2655172
1401,delhi-sultanate,Delhi Sultanate,1869159
1401,holy-roman-empire,Holy Roman Empire,535714
1401,jochi-khanate,Jochi Khanate,3156250
1401,khmer-empire,Khmer Empire,212766
1401,kingdom-of-france-middle-ages,Kingdom of France (Middle Ages),288355
1401,mali-empire,Mali Empire,1020345
1401,mamluk-sultanate,Mamluk Sultanate,1122581
1401,ming-dynasty,Ming dynasty,2615854
1401,northern-yuan-dynasty,Northern Yuan dynasty,4489164
1401,ottoman-empire,Ottoman Empire,1351181
1401,oyo-empire,Oyo Empire,536
1401,tarascan-empire,Tarascan empire,50500
1401,timurid-empire,Timurid Empire,3897143
1405,aztec-empire,Aztec Empire,90256
1405,bornu-empire,Bornu Empire,4634
1405,chagatai-khanate,Chagatai Khanate,2618037
1405,delhi-sultanate,Delhi Sultanate,1809346
1405,holy-roman-empire,Holy Roman Empire,530423
1405,jochi-khanate,Jochi Khanate,3031250
1405,khmer-empire,Khmer Empire,184397
1405,kingdom-of-france-middle-ages,Kingdom of France (Middle Ages),285397
1405,mali-empire,Mali Empire,1005172
1405,mamluk-sultanate,Mamluk Sultanate,1083871
1405,ming-dynasty,Ming dynasty,2932927
1405,northern-yuan-dynasty,Northern Yuan dynasty,4427245
1405,ottoman-empire,Ottoman Empire,1405774
1405,oyo-empire,Oyo Empire,2679
1405,tarascan-empire,Tarascan empire,52500
1405,timurid-empire,Timurid Empire,4400000
1406,aztec-empire,Aztec Empire,91385
1406,bornu-empire,Bornu Empire,4891
1406,chagatai-khanate,Chagatai Khanate,2608753
1406,delhi-sultanate,Delhi Sultanate,1794393
1406,holy-roman-empire,Holy Roman Empire,529101
1406,jochi-khanate,Jochi Khanate,3000000
1406,khmer-empire,Khmer Empire,177305
1406,kingdom-of-france-middle-ages,Kingdom of France (Middle Ages),284658
1406,mali-empire,Mali Empire,1001379
1406,mamluk-sultanate,Mamluk Sultanate,1074194
1406,ming-dynasty,Ming dynasty,3012195
1406,northern-yuan-dynasty,Northern Yuan dynasty,4411765
1406,ottoman-empire,Ottoman Empire,1419423
1406,oyo-empire,Oyo Empire,3214
1406,tarascan-empire,Tarascan empire,53000
1406,timurid-empire,Timurid Empire,4356863
141,eastern-han-dynasty,Eastern Han dynasty,4279167
141,indo-scythian-kingdom,Indo-Scythian Kingdom,1772105
141,kingdom-of-aksum,Kingdom of Aksum,901667
141,kingdom-of-armenia,Kingdom of Armenia,518675
141,northern-xiongnu,Northern Xiongnu,1223864
141,parthian-empire,Parthian Empire,1042152
141,roman-empire,Roman Empire,4665738
141,satavahana-dynasty,Satavahana dynasty,488158
141,western-satraps,Western Satraps,432787
141,western-xiongnu,Western Xiongnu,2617708
141,xianbei-state,Xianbei state,2018692
141,xiongnu-empire,Xiongnu Empire,4779586
1411,aztec-empire,Aztec Empire,97026
1411,bornu-empire,Bornu Empire,6178
1411,chagatai-khanate,Chagatai Khanate,2562334
1411,delhi-sultanate,Delhi Sultanate,1719626
1411,holy-roman-empire,Holy Roman Empire,522487
1411,jochi-khanate,Jochi Khanate,2843750
1411,khmer-empire,Khmer Empire,141844
1411,kingdom-of-france-middle-ages,Kingdom of France (Middle Ages),280961
1411,mali-empire,Mali Empire,982414
1411,mamluk-sultanate,Mamluk Sultanate,1025806
1411,ming-dynasty,Ming dynasty,3408537
1411,northern-yuan-dynasty,Northern Yuan dynasty,4334365
1411,ottoman-empire,Ottoman Empire,1487664
1411,oyo-empire,Oyo Empire,5893
1411,tarascan-empire,Tarascan empire,55500
1411,timurid-empire,Timurid Empire,4141176
1415,first-portuguese-empire,First Portuguese Empire,100000
1416,aztec-empire,Aztec Empire,102667
1416,bornu-empire,Bornu Empire,7465
1416,chagatai-khanate,Chagatai Khanate,2515915
1416,delhi-sultanate,Delhi Sultanate,1644860
1416,holy-roman-empire,Holy Roman Empire,515873
1416,jochi-khanate,Jochi Khanate,2687500
1416,khmer-empire,Khmer Empire,106383
1416,kingdom-of-france-middle-ages,Kingdom of France (Middle Ages),277264
1416,mali-empire,Mali Empire,963448
1416,mamluk-sultanate,Mamluk Sultanate,977419
1416,ming-dynasty,Ming dynasty,3804878
1416,northern-yuan-dynasty,Northern Yuan dynasty,4256966
1416,ottoman-empire,Ottoman Empire,1555906
1416,oyo-empire,Oyo Empire,8571
1416,tarascan-empire,Tarascan empire,58000
1416,timurid-empire,Timurid Empire,3925490
1421,aztec-empire,Aztec Empire,108308
1421,bornu-empire,Bornu Empire,8752
1421,chagatai-khanate,Chagatai Khanate,2469496
1421,delhi-sultanate,Delhi Sultanate,1570093
1421,holy-roman-empire,Holy Roman Empire,509259
1421,jochi-khanate,Jochi Khanate,2531250
1421,khmer-empire,Khmer Empire,70922
1421,kingdom-of-france-middle-ages,Kingdom of France (Middle Ages),273567
1421,mali-empire,Mali Empire,944483
1421,mamluk-sultanate,Mamluk Sultanate,929032
1421,ming-dynasty,Ming dynasty,4201220
1421,northern-yuan-dynasty,Northern Yuan dynasty,4179567
1421,ottoman-empire,Ottoman Empire,1624147
1421,oyo-empire,Oyo Empire,11250
1421,tarascan-empire,Tarascan empire,60500
1421,timurid-empire,Timurid Empire,3709804
1426,aztec-empire,Aztec Empire,113949
1426,bornu-empire,Bornu Empire,10040
1426,chagatai-khanate,Chagatai Khanate,2423077
1426,delhi-sultanate,Delhi Sultanate,1495327
1426,holy-roman-empire,Holy Roman Empire,502646
1426,jochi-khanate,Jochi Khanate,2375000
1426,khmer-empire,Khmer Empire,35461
1426,kingdom-of-france-middle-ages,Kingdom of France (Middle Ages),269871
1426,mali-empire,Mali Empire,925517
1426,mamluk-sultanate,Mamluk Sultanate,880645
1426,ming-dynasty,Ming dynasty,4597561
1426,northern-yuan-dynasty,Northern Yuan dynasty,4102167
1426,ottoman-empire,Ottoman Empire,1692388
1426,oyo-empire,Oyo Empire,13929
1426,tarascan-empire,Tarascan empire,63000
1426,timurid-empire,Timurid Empire,3494118
1431,aztec-empire,Aztec Empire,119590
1431,bornu-empire,Bornu Empire,11327
1431,chagatai-khanate,Chagatai Khanate,2376658
1431,delhi-sultanate,Delhi Sultanate,1420561
1431,holy-roman-empire,Holy Roman Empire,496032
1431,jochi-khanate,Jochi Khanate,2218750
1431,khmer-empire,Khmer Empire,0
1431,kingdom-of-france-middle-ages,Kingdom of France (Middle Ages),266174
1431,mali-empire,Mali Empire,906552
1431,mamluk-sultanate,Mamluk Sultanate,832258
1431,ming-dynasty,Ming dynasty,4993902
1431,northern-yuan-dynasty,Northern Yuan dynasty,4024768
1431,ottoman-empire,Ottoman Empire,1760630
1431,oyo-empire,Oyo Empire,16607
1431,tarascan-empire,Tarascan empire,65500
1431,timurid-empire,Timurid Empire,3278431
1436,aztec-empire,Aztec Empire,125231
1436,bornu-empire,Bornu Empire,12614
1436,chagatai-khanate,Chagatai Khanate,2330239
1436,delhi-sultanate,Delhi Sultanate,1345794
1436,holy-roman-empire,Holy Roman Empire,489418
1436,jochi-khanate,Jochi Khanate,2062500
1436,kingdom-of-france-middle-ages,Kingdom of France (Middle Ages),262477
1436,mali-empire,Mali Empire,887586
1436,mamluk-sultanate,Mamluk Sultanate,783871
1436,ming-dynasty,Ming dynasty,5390244
1436,northern-yuan-dynasty,Northern Yuan dynasty,3947368
1436,ottoman-empire,Ottoman Empire,1828871
1436,oyo-empire,Oyo Empire,19286
1436,tarascan-empire,Tarascan empire,68000
1436,timurid-empire,Timurid Empire,3062745
1441,aztec-empire,Aztec Empire,130872
1441,bornu-empire,Bornu Empire,13901
1441,chagatai-khanate,Chagatai Khanate,2283820
1441,delhi-sultanate,Delhi Sultanate,1271028
1441,holy-roman-empire,Holy Roman Empire,482804
1441,inca-empire,Inca Empire,67416
1441,jochi-khanate,Jochi Khanate,1906250
1441,kingdom-of-france-middle-ages,Kingdom of France (Middle Ages),258780
1441,mali-empire,Mali Empire,868621
1441,mamluk-sultanate,Mamluk Sultanate,735484
1441,ming-dynasty,Ming dynasty,5786585
1441,northern-yuan-dynasty,Northern Yuan dynasty,3869969
1441,ottoman-empire,Ottoman Empire,1897113
1441,oyo-empire,Oyo Empire,21964
1441,tarascan-empire,Tarascan empire,70500
1441,timurid-empire,Timurid Empire,2847059
1446,aztec-empire,Aztec Empire,136513
1446,bornu-empire,Bornu Empire,15188
1446,chagatai-khanate,Chagatai Khanate,2237401
1446,delhi-sultanate,Delhi Sultanate,1196262
1446,holy-roman-empire,Holy Roman Empire,476190
1446,inca-empire,Inca Empire,179775
1446,jochi-khanate,Jochi Khanate,1750000
1446,kingdom-of-france-middle-ages,Kingdom of France (Middle Ages),255083
1446,mali-empire,Mali Empire,849655
1446,mamluk-sultanate,Mamluk Sultanate,687097
1446,ming-dynasty,Ming dynasty,6182927
1446,northern-yuan-dynasty,Northern Yuan dynasty,3792570
1446,ottoman-empire,Ottoman Empire,1965354
1446,oyo-empire,Oyo Empire,24643
1446,tarascan-empire,Tarascan empire,73000
1446,timurid-empire,Timurid Empire,2631373
1450,aztec-empire,Aztec Empire,141026
1450,bornu-empire,Bornu Empire,16218
1450,chagatai-khanate,Chagatai Khanate,2200265
1450,delhi-sultanate,Delhi Sultanate,1136449
1450,first-portuguese-empire,First Portuguese Empire,300000
1450,holy-roman-empire,Holy Roman Empire,470899
1450,inca-empire,Inca Empire,269663
1450,jochi-khanate,Jochi Khanate,1625000
1450,kingdom-of-france-middle-ages,Kingdom of France (Middle Ages),252126
1450,mali-empire,Mali Empire,834483
1450,mamluk-sultanate,Mamluk Sultanate,648387
1450,ming-dynasty,Ming dynasty,6500000
1450,northern-yuan-dynasty,Northern Yuan dynasty,3730650
1450,ottoman-empire,Ottoman Empire,2019948
1450,oyo-empire,Oyo Empire,26786
1450,tarascan-empire,Tarascan empire,75000
1450,timurid-empire,Timurid Empire,2458824
1451,aztec-empire,Aztec Empire,142154
1451,bornu-empire,Bornu Empire,16475
1451,chagatai-khanate,Chagatai Khanate,2190981
1451,delhi-sultanate,Delhi Sultanate,1121495
1451,holy-roman-empire,Holy Roman Empire,469577
1451,inca-empire,Inca Empire,292135
1451,jochi-khanate,Jochi Khanate,1593750
1451,kingdom-of-france-middle-ages,Kingdom of France (Middle Ages),251386
1451,mali-empire,Mali Empire,830690
1451,mamluk-sultanate,Mamluk Sultanate,638710
1451,ming-dynasty,Ming dynasty,6466495
1451,northern-yuan-dynasty,Northern Yuan dynasty,3715170
1451,ottoman-empire,Ottoman Empire,2033596
1451,oyo-empire,Oyo Empire,27321
1451,tarascan-empire,Tarascan empire,74062
1451,timurid-empire,Timurid Empire,2415686
1456,aztec-empire,Aztec Empire,147795
1456,bornu-empire,Bornu Empire,17762
1456,chagatai-khanate,Chagatai Khanate,2144562
1456,delhi-sultanate,Delhi Sultanate,1046729
1456,holy-roman-empire,Holy Roman Empire,462963
1456,inca-empire,Inca Empire,404494
1456,jochi-khanate,Jochi Khanate,1437500
1456,kingdom-of-france-middle-ages,Kingdom of France (Middle Ages),247689
1456,mali-empire,Mali Empire,811724
1456,mamluk-sultanate,Mamluk Sultanate,590323
1456,ming-dynasty,Ming dynasty,6298969
1456,northern-yuan-dynasty,Northern Yuan dynasty,3637771
1456,ottoman-empire,Ottoman Empire,2101837
1456,oyo-empire,Oyo Empire,30000
1456,tarascan-empire,Tarascan empire,69375
1456,timurid-empire,Timurid Empire,2200000
146,eastern-han-dynasty,Eastern Han dynasty,4008333
146,indo-scythian-kingdom,Indo-Scythian Kingdom,1737895
146,kingdom-of-aksum,Kingdom of Aksum,910000
146,kingdom-of-armenia,Kingdom of Armenia,509639
146,northern-xiongnu,Northern Xiongnu,1206818
146,parthian-empire,Parthian Empire,979372
146,roman-empire,Roman Empire,4596100
146,satavahana-dynasty,Satavahana dynasty,494737
146,western-satraps,Western Satraps,424590
146,western-xiongnu,Western Xiongnu,2581250
146,xianbei-state,Xianbei state,2228972
146,xiongnu-empire,Xiongnu Empire,4713018
1461,aztec-empire,Aztec Empire,153436
1461,bornu-empire,Bornu Empire,19050
1461,chagatai-khanate,Chagatai Khanate,2098143
1461,delhi-sultanate,Delhi Sultanate,971963
1461,holy-roman-empire,Holy Roman Empire,456349
1461,inca-empire,Inca Empire,516854
1461,jochi-khanate,Jochi Khanate,1281250
1461,kingdom-of-france-middle-ages,Kingdom of France (Middle Ages),243993
1461,mali-empire,Mali Empire,792759
1461,mamluk-sultanate,Mamluk Sultanate,541935
1461,ming-dynasty,Ming dynasty,6131443
1461,northern-yuan-dynasty,Northern Yuan dynasty,3560372
1461,ottoman-empire,Ottoman Empire,2170079
1461,oyo-empire,Oyo Empire,32679
1461,tarascan-empire,Tarascan empire,64688
1461,timurid-empire,Timurid Empire,1984314
1466,aztec-empire,Aztec Empire,159077
1466,bornu-empire,Bornu Empire,20337
1466,chagatai-khanate,Chagatai Khanate,2051724
1466,delhi-sultanate,Delhi Sultanate,897196
1466,holy-roman-empire,Holy Roman Empire,449735
1466,inca-empire,Inca Empire,629213
1466,jochi-khanate,Jochi Khanate,1125000
1466,kingdom-of-france-middle-ages,Kingdom of France (Middle Ages),240296
1466,mali-empire,Mali Empire,773793
1466,mamluk-sultanate,Mamluk Sultanate,493548
1466,ming-dynasty,Ming dynasty,5963918
1466,northern-yuan-dynasty,Northern Yuan dynasty,3482972
1466,ottoman-empire,Ottoman Empire,2238320
1466,oyo-empire,Oyo Empire,35357
1466,songhai-empire,Songhai Empire,18605
1466,tarascan-empire,Tarascan empire,60000
1466,timurid-empire,Timurid Empire,1768627
1471,aztec-empire,Aztec Empire,164718
1471,bornu-empire,Bornu Empire,21624
1471,chagatai-khanate,Chagatai Khanate,2005305
1471,delhi-sultanate,Delhi Sultanate,822430
1471,holy-roman-empire,Holy Roman Empire,443122
1471,inca-empire,Inca Empire,741573
1471,jochi-khanate,Jochi Khanate,968750
1471,kingdom-of-france-middle-ages,Kingdom of France (Middle Ages),236599
1471,mali-empire,Mali Empire,754828
1471,mamluk-sultanate,Mamluk Sultanate,445161
1471,ming-dynasty,Ming dynasty,5796392
1471,northern-yuan-dynasty,Northern Yuan dynasty,3405573
1471,ottoman-empire,Ottoman Empire,2306562
1471,oyo-empire,Oyo Empire,38036
1471,songhai-empire,Songhai Empire,65116
1471,tarascan-empire,Tarascan empire,55312
1471,timurid-empire,Timurid Empire,1552941
1476,aztec-empire,Aztec Empire,170359
1476,bornu-empire,Bornu Empire,22911
1476,chagatai-khanate,Chagatai Khanate,1958886
1476,delhi-sultanate,Delhi Sultanate,747664
1476,holy-roman-empire,Holy Roman Empire,436508
1476,inca-empire,Inca Empire,853933
1476,jochi-khanate,Jochi Khanate,812500
1476,kingdom-of-france-middle-ages,Kingdom of France (Middle Ages),232902
1476,mali-empire,Mali Empire,735862
1476,mamluk-sultanate,Mamluk Sultanate,396774
1476,ming-dynasty,Ming dynasty,5628866
1476,northern-yuan-dynasty,Northern Yuan dynasty,3328173
1476,ottoman-empire,Ottoman Empire,2374803
1476,oyo-empire,Oyo Empire,40714
1476,songhai-empire,Songhai Empire,111628
1476,tarascan-empire,Tarascan empire,50625
1476,timurid-empire,Timurid Empire,1337255
1480,aztec-empire,Aztec Empire,174872
1480,bornu-empire,Bornu Empire,23941
1480,chagatai-khanate,Chagatai Khanate,1921751
1480,delhi-sultanate,Delhi Sultanate,687850
1480,holy-roman-empire,Holy Roman Empire,431217
1480,inca-empire,Inca Empire,943820
1480,jochi-khanate,Jochi Khanate,687500
1480,kingdom-of-france-middle-ages,Kingdom of France (Middle Ages),229945
1480,mali-empire,Mali Empire,720690
1480,mamluk-sultanate,Mamluk Sultanate,358065
1480,ming-dynasty,Ming dynasty,5494845
1480,northern-yuan-dynasty,Northern Yuan dynasty,3266254
1480,ottoman-empire,Ottoman Empire,2429396
1480,oyo-empire,Oyo Empire,42857
1480,songhai-empire,Songhai Empire,148837
1480,tarascan-empire,Tarascan empire,46875
1480,timurid-empire,Timurid Empire,1164706
1481,aztec-empire,Aztec Empire,176000
1481,bornu-empire,Bornu Empire,24198
1481,chagatai-khanate,Chagatai Khanate,1912467
1481,delhi-sultanate,Delhi Sultanate,672897
1481,holy-roman-empire,Holy Roman Empire,429894
1481,inca-empire,Inca Empire,966292
1481,jochi-khanate,Jochi Khanate,656250
1481,kingdom-of-france-middle-ages,Kingdom of France (Middle Ages),229205
1481,mali-empire,Mali Empire,716897
1481,mamluk-sultanate,Mamluk Sultanate,348387
1481,ming-dynasty,Ming dynasty,5461340
1481,northern-yuan-dynasty,Northern Yuan dynasty,3250774
1481,ottoman-empire,Ottoman Empire,2443045
1481,oyo-empire,Oyo Empire,43393
1481,songhai-empire,Songhai Empire,158140
1481,tarascan-empire,Tarascan empire,45938
1481,timurid-empire,Timurid Empire,1121569
1486,aztec-empire,Aztec Empire,181641
1486,bornu-empire,Bornu Empire,25485
1486,chagatai-khanate,Chagatai Khanate,1866048
1486,delhi-sultanate,Delhi Sultanate,598131
1486,holy-roman-empire,Holy Roman Empire,423280
1486,inca-empire,Inca Empire,1078652
1486,jochi-khanate,Jochi Khanate,500000
1486,kingdom-of-france-middle-ages,Kingdom of France (Middle Ages),225508
1486,mali-empire,Mali Empire,697931
1486,mamluk-sultanate,Mamluk Sultanate,300000
1486,ming-dynasty,Ming dynasty,5293814
1486,northern-yuan-dynasty,Northern Yuan dynasty,3173375
1486,ottoman-empire,Ottoman Empire,2511286
1486,oyo-empire,Oyo Empire,46071
1486,songhai-empire,Songhai Empire,204651
1486,tarascan-empire,Tarascan empire,41250
1486,timurid-empire,Timurid Empire,905882
1491,aztec-empire,Aztec Empire,187282
1491,bornu-empire,Bornu Empire,26772
1491,chagatai-khanate,Chagatai Khanate,1819629
1491,delhi-sultanate,Delhi Sultanate,523364
1491,holy-roman-empire,Holy Roman Empire,416667
1491,inca-empire,Inca Empire,1191011
1491,jochi-khanate,Jochi Khanate,343750
1491,kingdom-of-france-middle-ages,Kingdom of France (Middle Ages),221811
1491,mali-empire,Mali Empire,678966
1491,mamluk-sultanate,Mamluk Sultanate,251613
1491,ming-dynasty,Ming dynasty,5126289
1491,northern-yuan-dynasty,Northern Yuan dynasty,3095975
1491,ottoman-empire,Ottoman Empire,2579528
1491,oyo-empire,Oyo Empire,48750
1491,songhai-empire,Songhai Empire,251163
1491,tarascan-empire,Tarascan empire,36562
1491,timurid-empire,Timurid Empire,690196
1492,spanish-empire,Spanish Empire,172327
1496,aztec-empire,Aztec Empire,192923
1496,bornu-empire,Bornu Empire,28059
1496,chagatai-khanate,Chagatai Khanate,1773210
1496,delhi-sultanate,Delhi Sultanate,448598
1496,holy-roman-empire,Holy Roman Empire,410053
1496,inca-empire,Inca Empire,1303371
1496,jochi-khanate,Jochi Khanate,187500
1496,kingdom-of-france-middle-ages,Kingdom of France (Middle Ages),218115
1496,mali-empire,Mali Empire,660000
1496,mamluk-sultanate,Mamluk Sultanate,203226
1496,ming-dynasty,Ming dynasty,4958763
1496,northern-yuan-dynasty,Northern Yuan dynasty,3018576
1496,ottoman-empire,Ottoman Empire,2647769
1496,oyo-empire,Oyo Empire,51429
1496,songhai-empire,Songhai Empire,297674
1496,tarascan-empire,Tarascan empire,31875
1496,timurid-empire,Timurid Empire,474510
150,eastern-han-dynasty,Eastern Han dynasty,3791667
150,indo-scythian-kingdom,Indo-Scythian Kingdom,1710526
150,kingdom-of-aksum,Kingdom of Aksum,916667
150,kingdom-of-armenia,Kingdom of Armenia,502410
150,northern-xiongnu,Northern Xiongnu,1193182
150,parthian-empire,Parthian Empire,929148
150,roman-empire,Roman Empire,4540390
150,satavahana-dynasty,Satavahana dynasty,500000
150,western-satraps,Western Satraps,418033
150,western-xiongnu,Western Xiongnu,2552083
150,xianbei-state,Xianbei state,2397196
150,xiongnu-empire,Xiongnu Empire,4659763
1500,first-portuguese-empire,First Portuguese Empire,1500000
1501,aztec-empire,Aztec Empire,198564
1501,bornu-empire,Bornu Empire,29347
1501,chagatai-khanate,Chagatai Khanate,1726790
1501,delhi-sultanate,Delhi Sultanate,373832
1501,holy-roman-empire,Holy Roman Empire,403439
1501,inca-empire,Inca Empire,1415730
1501,jochi-khanate,Jochi Khanate,31250
1501,kingdom-of-france-middle-ages,Kingdom of France (Middle Ages),214418
1501,mali-empire,Mali Empire,641034
1501,mamluk-sultanate,Mamluk Sultanate,154839
1501,ming-dynasty,Ming dynasty,4791237
1501,northern-yuan-dynasty,Northern Yuan dynasty,2941176
1501,ottoman-empire,Ottoman Empire,2716010
1501,oyo-empire,Oyo Empire,54107
1501,songhai-empire,Songhai Empire,344186
1501,spanish-empire,Spanish Empire,387736
1501,tarascan-empire,Tarascan empire,27188
1501,timurid-empire,Timurid Empire,258824
1506,aztec-empire,Aztec Empire,204205
1506,bornu-empire,Bornu Empire,30634
1506,chagatai-khanate,Chagatai Khanate,1680371
1506,delhi-sultanate,Delhi Sultanate,299065
1506,holy-roman-empire,Holy Roman Empire,396825
1506,inca-empire,Inca Empire,1528090
1506,kingdom-of-france-middle-ages,Kingdom of France (Middle Ages),210721
1506,mali-empire,Mali Empire,622069
1506,mamluk-sultanate,Mamluk Sultanate,106452
1506,ming-dynasty,Ming dynasty,4623711
1506,northern-yuan-dynasty,Northern Yuan dynasty,2863777
1506,ottoman-empire,Ottoman Empire,2784252
1506,oyo-empire,Oyo Empire,56786
1506,safavid-empire,Safavid Empire,112403
1506,songhai-empire,Songhai Empire,390698
1506,spanish-empire,Spanish Empire,603145
1506,tarascan-empire,Tarascan empire,22500
1506,timurid-empire,Timurid Empire,43137
1507,timurid-empire,Timurid Empire,0
151,eastern-han-dynasty,Eastern Han dynasty,3737500
151,indo-scythian-kingdom,Indo-Scythian Kingdom,1703684
151,kingdom-of-aksum,Kingdom of Aksum,918333
151,kingdom-of-armenia,Kingdom of Armenia,500602
151,northern-xiongnu,Northern Xiongnu,1189773
151,parthian-empire,Parthian Empire,916592
151,roman-empire,Roman Empire,4526462
151,satavahana-dynasty,Satavahana dynasty,492857
151,western-satraps,Western Satraps,416393
151,western-xiongnu,Western Xiongnu,2544792
151,xianbei-state,Xianbei state,2439252
151,xiongnu-empire,Xiongnu Empire,4646450
1511,aztec-empire,Aztec Empire,209846
1511,bornu-empire,Bornu Empire,31921
1511,chagatai-khanate,Chagatai Khanate,1633952
1511,delhi-sultanate,Delhi Sultanate,224299
1511,holy-roman-empire,Holy Roman Empire,390212
1511,inca-empire,Inca Empire,1640449
1511,kingdom-of-france-middle-ages,Kingdom of France (Middle Ages),207024
1511,mali-empire,Mali Empire,603103
1511,mamluk-sultanate,Mamluk Sultanate,58065
1511,ming-dynasty,Ming dynasty,4456186
1511,northern-yuan-dynasty,Northern Yuan dynasty,2786378
1511,ottoman-empire,Ottoman Empire,2852493
1511,oyo-empire,Oyo Empire,59464
1511,safavid-empire,Safavid Empire,224806
1511,songhai-empire,Songhai Empire,437209
1511,spanish-empire,Spanish Empire,818553
1511,tarascan-empire,Tarascan empire,17812
1516,aztec-empire,Aztec Empire,215487
1516,bornu-empire,Bornu Empire,33208
1516,chagatai-khanate,Chagatai Khanate,1587533
1516,delhi-sultanate,Delhi Sultanate,149533
1516,holy-roman-empire,Holy Roman Empire,383598
1516,inca-empire,Inca Empire,1752809
1516,kingdom-of-france-middle-ages,Kingdom of France (Middle Ages),203327
1516,mali-empire,Mali Empire,584138
1516,mamluk-sultanate,Mamluk Sultanate,9677
1516,ming-dynasty,Ming dynasty,4288660
1516,northern-yuan-dynasty,Northern Yuan dynasty,2708978
1516,ottoman-empire,Ottoman Empire,2920735
1516,oyo-empire,Oyo Empire,62143
1516,safavid-empire,Safavid Empire,337209
1516,songhai-empire,Songhai Empire,483721
1516,spanish-empire,Spanish Empire,1033962
1516,tarascan-empire,Tarascan empire,13125
1517,mamluk-sultanate,Mamluk Sultanate,0
1520,aztec-empire,Aztec Empire,220000
1520,bornu-empire,Bornu Empire,34238
1520,chagatai-khanate,Chagatai Khanate,1550398
1520,delhi-sultanate,Delhi Sultanate,89720
1520,first-portuguese-empire,First Portuguese Empire,3000000
1520,holy-roman-empire,Holy Roman Empire,378307
1520,inca-empire,Inca Empire,1842697
1520,kingdom-of-france-middle-ages,Kingdom of France (Middle Ages),200370
1520,mali-empire,Mali Empire,568966
1520,ming-dynasty,Ming dynasty,4154639
1520,northern-yuan-dynasty,Northern Yuan dynasty,2647059
1520,ottoman-empire,Ottoman Empire,2975328
1520,oyo-empire,Oyo Empire,64286
1520,safavid-empire,Safavid Empire,427132
1520,songhai-empire,Songhai Empire,520930
1520,spanish-empire,Spanish Empire,1206289
1520,tarascan-empire,Tarascan empire,9375
1521,aztec-empire,Aztec Empire,0
1521,bornu-empire,Bornu Empire,34495
1521,chagatai-khanate,Chagatai Khanate,1541114
1521,delhi-sultanate,Delhi Sultanate,74766
1521,holy-roman-empire,Holy Roman Empire,376984
1521,inca-empire,Inca Empire,1865169
1521,kingdom-of-france-middle-ages,Kingdom of France (Middle Ages),199630
1521,mali-empire,Mali Empire,565172
1521,ming-dynasty,Ming dynasty,4121134
1521,northern-yuan-dynasty,Northern Yuan dynasty,2631579
1521,ottoman-empire,Ottoman Empire,2988976
1521,oyo-empire,Oyo Empire,64821
1521,safavid-empire,Safavid Empire,449612
1521,songhai-empire,Songhai Empire,530233
1521,spanish-empire,Spanish Empire,1249371
1521,tarascan-empire,Tarascan empire,8438
1526,bornu-empire,Bornu Empire,35782
1526,chagatai-khanate,Chagatai Khanate,1494695
1526,delhi-sultanate,Delhi Sultanate,0
1526,holy-roman-empire,Holy Roman Empire,370370
1526,inca-empire,Inca Empire,1977528
1526,kingdom-of-france-middle-ages,Kingdom of France (Middle Ages),195933
1526,mali-empire,Mali Empire,546207
1526,ming-dynasty,Ming dynasty,3953608
1526,northern-yuan-dynasty,Northern Yuan dynasty,2554180
1526,ottoman-empire,Ottoman Empire,3057218
1526,oyo-empire,Oyo Empire,67500
1526,safavid-empire,Safavid Empire,562016
1526,songhai-empire,Songhai Empire,576744
1526,spanish-empire,Spanish Empire,1464780
1526,tarascan-empire,Tarascan empire,3750
1527,bornu-empire,Bornu Empire,36040
1527,chagatai-khanate,Chagatai Khanate,1485411
1527,holy-roman-empire,Holy Roman Empire,369048
1527,inca-empire,Inca Empire,2000000
1527,kingdom-of-france-middle-ages,Kingdom of France (Middle Ages),195194
1527,mali-empire,Mali Empire,542414
1527,ming-dynasty,Ming dynasty,3920103
1527,mughal-empire,Mughal Empire,24390
1527,northern-yuan-dynasty,Northern Yuan dynasty,2538700
1527,ottoman-empire,Ottoman Empire,3070866
1527,oyo-empire,Oyo Empire,68036
1527,safavid-empire,Safavid Empire,584496
1527,songhai-empire,Songhai Empire,586047
1527,spanish-empire,Spanish Empire,1507862
1527,tarascan-empire,Tarascan empire,2812
1531,bornu-empire,Bornu Empire,37069
1531,chagatai-khanate,Chagatai Khanate,1448276
1531,holy-roman-empire,Holy Roman Empire,363757
1531,inca-empire,Inca Empire,666667
1531,kingdom-of-france-middle-ages,Kingdom of France (Middle Ages),192237
1531,mali-empire,Mali Empire,527241
1531,ming-dynasty,Ming dynasty,3786082
1531,mughal-empire,Mughal Empire,121951
1531,northern-yuan-dynasty,Northern Yuan dynasty,2476780
1531,ottoman-empire,Ottoman Empire,3125459
1531,oyo-empire,Oyo Empire,70179
1531,safavid-empire,Safavid Empire,674419
1531,songhai-empire,Songhai Empire,623256
1531,spanish-empire,Spanish Empire,1680189
1533,inca-empire,Inca Empire,0
1535,first-french-colonial-empire,First French colonial empire,500000
1536,bornu-empire,Bornu Empire,38356
1536,chagatai-khanate,Chagatai Khanate,1401857
1536,holy-roman-empire,Holy Roman Empire,357143
1536,kingdom-of-france-middle-ages,Kingdom of France (Middle Ages),188540
1536,mali-empire,Mali Empire,508276
1536,ming-dynasty,Ming dynasty,3618557
1536,mughal-empire,Mughal Empire,243902
1536,northern-yuan-dynasty,Northern Yuan dynasty,2399381
1536,ottoman-empire,Ottoman Empire,3193701
1536,oyo-empire,Oyo Empire,72857
1536,safavid-empire,Safavid Empire,786822
1536,songhai-empire,Songhai Empire,669767
1536,spanish-empire,Spanish Empire,1895597
1541,bornu-empire,Bornu Empire,39644
1541,chagatai-khanate,Chagatai Khanate,1355438
1541,danish-empire,Danish Empire,91463
1541,holy-roman-empire,Holy Roman Empire,350529
1541,kingdom-of-france-middle-ages,Kingdom of France (Middle Ages),184843
1541,mali-empire,Mali Empire,489310
1541,ming-dynasty,Ming dynasty,3451031
1541,mughal-empire,Mughal Empire,365854
1541,northern-yuan-dynasty,Northern Yuan dynasty,2321981
1541,ottoman-empire,Ottoman Empire,3261942
1541,oyo-empire,Oyo Empire,75536
1541,safavid-empire,Safavid Empire,899225
1541,songhai-empire,Songhai Empire,716279
1541,spanish-empire,Spanish Empire,2111006
1546,bornu-empire,Bornu Empire,40931
1546,chagatai-khanate,Chagatai Khanate,1309019
1546,danish-empire,Danish Empire,182927
1546,holy-roman-empire,Holy Roman Empire,343915
1546,kingdom-of-france-middle-ages,Kingdom of France (Middle Ages),181146
1546,mali-empire,Mali Empire,470345
1546,ming-dynasty,Ming dynasty,3283505
1546,mughal-empire,Mughal Empire,487805
1546,northern-yuan-dynasty,Northern Yuan dynasty,2244582
1546,ottoman-empire,Ottoman Empire,3330184
1546,oyo-empire,Oyo Empire,78214
1546,safavid-empire,Safavid Empire,1011628
1546,songhai-empire,Songhai Empire,762791
1546,spanish-empire,Spanish Empire,2326415
1550,bornu-empire,Bornu Empire,41960
1550,chagatai-khanate,Chagatai Khanate,1271883
1550,danish-empire,Danish Empire,256098
1550,holy-roman-empire,Holy Roman Empire,338624
1550,kingdom-of-france-middle-ages,Kingdom of France (Middle Ages),178189
1550,mali-empire,Mali Empire,455172
1550,ming-dynasty,Ming dynasty,3149485
1550,mughal-empire,Mughal Empire,585366
1550,northern-yuan-dynasty,Northern Yuan dynasty,2182663
1550,ottoman-empire,Ottoman Empire,3384777
1550,oyo-empire,Oyo Empire,80357
1550,safavid-empire,Safavid Empire,1101550
1550,songhai-empire,Songhai Empire,800000
1550,spanish-empire,Spanish Empire,2498742
1551,bornu-empire,Bornu Empire,42218
1551,chagatai-khanate,Chagatai Khanate,1262599
1551,danish-empire,Danish Empire,274390
1551,holy-roman-empire,Holy Roman Empire,337302
1551,kingdom-of-france-middle-ages,Kingdom of France (Middle Ages),177449
1551,mali-empire,Mali Empire,451379
1551,ming-dynasty,Ming dynasty,3115979
1551,mughal-empire,Mughal Empire,609756
1551,northern-yuan-dynasty,Northern Yuan dynasty,2167183
1551,ottoman-empire,Ottoman Empire,3398425
1551,oyo-empire,Oyo Empire,80893
1551,safavid-empire,Safavid Empire,1124031
1551,songhai-empire,Songhai Empire,780488
1551,spanish-empire,Spanish Empire,2541824
1556,bornu-empire,Bornu Empire,43505
1556,chagatai-khanate,Chagatai Khanate,1216180
1556,danish-empire,Danish Empire,365854
1556,holy-roman-empire,Holy Roman Empire,330688
1556,kingdom-of-france-middle-ages,Kingdom of France (Middle Ages),173752
1556,mali-empire,Mali Empire,432414
1556,ming-dynasty,Ming dynasty,2948454
1556,mughal-empire,Mughal Empire,731707
1556,northern-yuan-dynasty,Northern Yuan dynasty,2089783
1556,ottoman-empire,Ottoman Empire,3466667
1556,oyo-empire,Oyo Empire,83571
1556,safavid-empire,Safavid Empire,1236434
1556,songhai-empire,Songhai Empire,682927
1556,spanish-empire,Spanish Empire,2757233
156,eastern-han-dynasty,Eastern Han dynasty,3466667
156,indo-scythian-kingdom,Indo-Scythian Kingdom,1669474
156,kingdom-of-aksum,Kingdom of Aksum,926667
156,kingdom-of-armenia,Kingdom of Armenia,491566
156,northern-xiongnu,Northern Xiongnu,1172727
156,parthian-empire,Parthian Empire,853812
156,roman-empire,Roman Empire,4456825
156,satavahana-dynasty,Satavahana dynasty,457143
156,western-satraps,Western Satraps,408197
156,western-xiongnu,Western Xiongnu,2508333
156,xianbei-state,Xianbei state,2649533
156,xiongnu-empire,Xiongnu Empire,4579882
1561,bornu-empire,Bornu Empire,44792
1561,chagatai-khanate,Chagatai Khanate,1169761
1561,danish-empire,Danish Empire,457317
1561,holy-roman-empire,Holy Roman Empire,324074
1561,kingdom-of-france-middle-ages,Kingdom of France (Middle Ages),170055
1561,mali-empire,Mali Empire,413448
1561,ming-dynasty,Ming dynasty,2780928
1561,mughal-empire,Mughal Empire,853659
1561,northern-yuan-dynasty,Northern Yuan dynasty,2012384
1561,ottoman-empire,Ottoman Empire,3534908
1561,oyo-empire,Oyo Empire,86250
1561,safavid-empire,Safavid Empire,1348837
1561,songhai-empire,Songhai Empire,585366
1561,spanish-empire,Spanish Empire,2972642
1566,bornu-empire,Bornu Empire,46079
1566,chagatai-khanate,Chagatai Khanate,1123342
1566,danish-empire,Danish Empire,548780
1566,holy-roman-empire,Holy Roman Empire,317460
1566,kingdom-of-france-middle-ages,Kingdom of France (Middle Ages),166359
1566,mali-empire,Mali Empire,394483
1566,ming-dynasty,Ming dynasty,2613402
1566,mughal-empire,Mughal Empire,975610
1566,northern-yuan-dynasty,Northern Yuan dynasty,1934985
1566,ottoman-empire,Ottoman Empire,3603150
1566,oyo-empire,Oyo Empire,88929
1566,safavid-empire,Safavid Empire,1461240
1566,songhai-empire,Songhai Empire,487805
1566,spanish-empire,Spanish Empire,3188050
1571,bornu-empire,Bornu Empire,47366
1571,chagatai-khanate,Chagatai Khanate,1076923
1571,danish-empire,Danish Empire,640244
1571,holy-roman-empire,Holy Roman Empire,310847
1571,kingdom-of-france-middle-ages,Kingdom of France (Middle Ages),162662
1571,mali-empire,Mali Empire,375517
1571,ming-dynasty,Ming dynasty,2445876
1571,mughal-empire,Mughal Empire,1097561
1571,northern-yuan-dynasty,Northern Yuan dynasty,1857585
1571,ottoman-empire,Ottoman Empire,3671391
1571,oyo-empire,Oyo Empire,91607
1571,polish-lithuanian-commonwealth,Polish–Lithuanian Commonwealth,782222
1571,safavid-empire,Safavid Empire,1573643
1571,songhai-empire,Songhai Empire,390244
1571,spanish-empire,Spanish Empire,3403459
1576,bornu-empire,Bornu Empire,48653
1576,chagatai-khanate,Chagatai Khanate,1030504
1576,danish-empire,Danish Empire,731707
1576,holy-roman-empire,Holy Roman Empire,304233
1576,kingdom-of-france-middle-ages,Kingdom of France (Middle Ages),158965
1576,mali-empire,Mali Empire,356552
1576,ming-dynasty,Ming dynasty,2278351
1576,mughal-empire,Mughal Empire,1219512
1576,northern-yuan-dynasty,Northern Yuan dynasty,1780186
1576,ottoman-empire,Ottoman Empire,3739633
1576,oyo-empire,Oyo Empire,94286
1576,polish-lithuanian-commonwealth,Polish–Lithuanian Commonwealth,764762
1576,safavid-empire,Safavid Empire,1686047
1576,songhai-empire,Songhai Empire,292683
1576,spanish-empire,Spanish Empire,3618868
1580,bornu-empire,Bornu Empire,49683
1580,chagatai-khanate,Chagatai Khanate,993369
1580,danish-empire,Danish Empire,804878
1580,first-portuguese-empire,First Portuguese Empire,4000000
1580,holy-roman-empire,Holy Roman Empire,298942
1580,kingdom-of-france-middle-ages,Kingdom of France (Middle Ages),156007
1580,mali-empire,Mali Empire,341379
1580,ming-dynasty,Ming dynasty,2144330
1580,mughal-empire,Mughal Empire,1317073
1580,northern-yuan-dynasty,Northern Yuan dynasty,1718266
1580,ottoman-empire,Ottoman Empire,3794226
1580,oyo-empire,Oyo Empire,96429
1580,polish-lithuanian-commonwealth,Polish–Lithuanian Commonwealth,750794
1580,safavid-empire,Safavid Empire,1775969
1580,songhai-empire,Songhai Empire,214634
1580,spanish-empire,Spanish Empire,3791195
1581,bornu-empire,Bornu Empire,49941
1581,chagatai-khanate,Chagatai Khanate,984085
1581,danish-empire,Danish Empire,823171
1581,holy-roman-empire,Holy Roman Empire,297619
1581,kingdom-of-france-middle-ages,Kingdom of France (Middle Ages),155268
1581,mali-empire,Mali Empire,337586
1581,ming-dynasty,Ming dynasty,2110825
1581,mughal-empire,Mughal Empire,1341463
1581,northern-yuan-dynasty,Northern Yuan dynasty,1702786
1581,ottoman-empire,Ottoman Empire,3807874
1581,oyo-empire,Oyo Empire,96964
1581,polish-lithuanian-commonwealth,Polish–Lithuanian Commonwealth,747302
1581,safavid-empire,Safavid Empire,1798450
1581,songhai-empire,Songhai Empire,195122
1581,spanish-empire,Spanish Empire,3834277
1586,bornu-empire,Bornu Empire,51228
1586,british-empire,British Empire,316024
1586,chagatai-khanate,Chagatai Khanate,937666
1586,danish-empire,Danish Empire,914634
1586,holy-roman-empire,Holy Roman Empire,291005
1586,kingdom-of-france-middle-ages,Kingdom of France (Middle Ages),151571
1586,mali-empire,Mali Empire,318621
1586,ming-dynasty,Ming dynasty,1943299
1586,mughal-empire,Mughal Empire,1463415
1586,northern-yuan-dynasty,Northern Yuan dynasty,1625387
1586,ottoman-empire,Ottoman Empire,3876115
1586,oyo-empire,Oyo Empire,99643
1586,polish-lithuanian-commonwealth,Polish–Lithuanian Commonwealth,729841
1586,safavid-empire,Safavid Empire,1910853
1586,songhai-empire,Songhai Empire,97561
1586,spanish-empire,Spanish Empire,4049686
1591,bornu-empire,Bornu Empire,52515
1591,british-empire,British Empire,842730
1591,chagatai-khanate,Chagatai Khanate,891247
1591,danish-empire,Danish Empire,1006098
1591,holy-roman-empire,Holy Roman Empire,284392
1591,kingdom-of-france-middle-ages,Kingdom of France (Middle Ages),147874
1591,mali-empire,Mali Empire,299655
1591,ming-dynasty,Ming dynasty,1775773
1591,mughal-empire,Mughal Empire,1585366
1591,northern-yuan-dynasty,Northern Yuan dynasty,1547988
1591,ottoman-empire,Ottoman Empire,3944357
1591,oyo-empire,Oyo Empire,102321
1591,polish-lithuanian-commonwealth,Polish–Lithuanian Commonwealth,712381
1591,safavid-empire,Safavid Empire,2023256
1591,songhai-empire,Songhai Empire,0
1591,spanish-empire,Spanish Empire,4265094
1596,bornu-empire,Bornu Empire,53802
1596,british-empire,British Empire,1369436
1596,chagatai-khanate,Chagatai Khanate,844828
1596,danish-empire,Danish Empire,1097561
1596,holy-roman-empire,Holy Roman Empire,277778
1596,kingdom-of-france-middle-ages,Kingdom of France (Middle Ages),144177
1596,mali-empire,Mali Empire,280690
1596,ming-dynasty,Ming dynasty,1608247
1596,mughal-empire,Mughal Empire,1707317
1596,northern-yuan-dynasty,Northern Yuan dynasty,1470588
1596,ottoman-empire,Ottoman Empire,4012598
1596,oyo-empire,Oyo Empire,105000
1596,polish-lithuanian-commonwealth,Polish–Lithuanian Commonwealth,694921
1596,safavid-empire,Safavid Empire,2135659
1596,spanish-empire,Spanish Empire,4480503
16,indo-scythian-kingdom,Indo-Scythian Kingdom,2552727
16,kingdom-of-aksum,Kingdom of Aksum,693333
16,kingdom-of-armenia,Kingdom of Armenia,744578
16,northern-xiongnu,Northern Xiongnu,1316667
16,parthian-empire,Parthian Empire,2611659
16,roman-empire,Roman Empire,1493056
16,satavahana-dynasty,Satavahana dynasty,323684
16,western-xiongnu,Western Xiongnu,3456250
16,xin-dynasty,Xin dynasty,2530769
16,xiongnu-empire,Xiongnu Empire,6443787
1600,first-french-colonial-empire,First French colonial empire,1000000
1600,first-portuguese-empire,First Portuguese Empire,3500000
1601,bornu-empire,Bornu Empire,55089
1601,british-empire,British Empire,1896142
1601,chagatai-khanate,Chagatai Khanate,798408
1601,danish-empire,Danish Empire,1189024
1601,holy-roman-empire,Holy Roman Empire,271164
1601,kingdom-of-france-middle-ages,Kingdom of France (Middle Ages),140481
1601,mali-empire,Mali Empire,261724
1601,ming-dynasty,Ming dynasty,1440722
1601,mughal-empire,Mughal Empire,1829268
1601,northern-yuan-dynasty,Northern Yuan dynasty,1393189
1601,ottoman-empire,Ottoman Empire,4080840
1601,oyo-empire,Oyo Empire,107679
1601,polish-lithuanian-commonwealth,Polish–Lithuanian Commonwealth,677460
1601,safavid-empire,Safavid Empire,2248062
1601,spanish-empire,Spanish Empire,4695912
1606,bornu-empire,Bornu Empire,56376
1606,british-empire,British Empire,2422849
1606,chagatai-khanate,Chagatai Khanate,751989
1606,danish-empire,Danish Empire,1280488
1606,holy-roman-empire,Holy Roman Empire,264550
1606,kingdom-of-france-middle-ages,Kingdom of France (Middle Ages),136784
1606,mali-empire,Mali Empire,242759
1606,ming-dynasty,Ming dynasty,1273196
1606,mughal-empire,Mughal Empire,1951220
1606,northern-yuan-dynasty,Northern Yuan dynasty,1315789
1606,ottoman-empire,Ottoman Empire,4149081
1606,oyo-empire,Oyo Empire,110357
1606,polish-lithuanian-commonwealth,Polish–Lithuanian Commonwealth,660000
1606,safavid-empire,Safavid Empire,2360465
1606,spanish-empire,Spanish Empire,4911321
161,eastern-han-dynasty,Eastern Han dynasty,3195833
161,indo-scythian-kingdom,Indo-Scythian Kingdom,1635263
161,kingdom-of-aksum,Kingdom of Aksum,935000
161,kingdom-of-armenia,Kingdom of Armenia,482530
161,northern-xiongnu,Northern Xiongnu,1155682
161,parthian-empire,Parthian Empire,791031
161,roman-empire,Roman Empire,4387187
161,satavahana-dynasty,Satavahana dynasty,421429
161,western-satraps,Western Satraps,400000
161,western-xiongnu,Western Xiongnu,2471875
161,xianbei-state,Xianbei state,2859813
161,xiongnu-empire,Xiongnu Empire,4513314
1611,bornu-empire,Bornu Empire,57663
1611,british-empire,British Empire,2949555
1611,chagatai-khanate,Chagatai Khanate,705570
1611,danish-empire,Danish Empire,1371951
1611,holy-roman-empire,Holy Roman Empire,257937
1611,kingdom-of-france-middle-ages,Kingdom of France (Middle Ages),133087
1611,mali-empire,Mali Empire,223793
1611,ming-dynasty,Ming dynasty,1105670
1611,mughal-empire,Mughal Empire,2073171
1611,northern-yuan-dynasty,Northern Yuan dynasty,1238390
1611,ottoman-empire,Ottoman Empire,4217323
1611,oyo-empire,Oyo Empire,113036
1611,polish-lithuanian-commonwealth,Polish–Lithuanian Commonwealth,642540
1611,safavid-empire,Safavid Empire,2472868
1611,spanish-empire,Spanish Empire,5126730
1616,bornu-empire,Bornu Empire,58950
1616,british-empire,British Empire,3476261
1616,chagatai-khanate,Chagatai Khanate,659151
1616,danish-empire,Danish Empire,1463415
1616,holy-roman-empire,Holy Roman Empire,251323
1616,kingdom-of-france-middle-ages,Kingdom of France (Middle Ages),129390
1616,mali-empire,Mali Empire,204828
1616,ming-dynasty,Ming dynasty,938144
1616,mughal-empire,Mughal Empire,2195122
1616,northern-yuan-dynasty,Northern Yuan dynasty,1160991
1616,ottoman-empire,Ottoman Empire,4285564
1616,oyo-empire,Oyo Empire,115714
1616,polish-lithuanian-commonwealth,Polish–Lithuanian Commonwealth,625079
1616,safavid-empire,Safavid Empire,2585271
1616,spanish-empire,Spanish Empire,5342138
1616,swedish-empire,Swedish Empire,55618
1621,bornu-empire,Bornu Empire,60238
1621,british-empire,British Empire,4002967
1621,chagatai-khanate,Chagatai Khanate,612732
1621,danish-empire,Danish Empire,1554878
1621,holy-roman-empire,Holy Roman Empire,244709
1621,kingdom-of-france-middle-ages,Kingdom of France (Middle Ages),125693
1621,mali-empire,Mali Empire,185862
1621,ming-dynasty,Ming dynasty,770619
1621,mughal-empire,Mughal Empire,2317073
1621,northern-yuan-dynasty,Northern Yuan dynasty,1083591
1621,ottoman-empire,Ottoman Empire,4353806
1621,oyo-empire,Oyo Empire,118393
1621,polish-lithuanian-commonwealth,Polish–Lithuanian Commonwealth,607619
1621,safavid-empire,Safavid Empire,2697674
1621,spanish-empire,Spanish Empire,5557547
1621,swedish-empire,Swedish Empire,111236
1626,bornu-empire,Bornu Empire,61525
1626,british-empire,British Empire,4529674
1626,chagatai-khanate,Chagatai Khanate,566313
1626,danish-empire,Danish Empire,1646341
1626,dutch-empire,Dutch Empire,13376
1626,holy-roman-empire,Holy Roman Empire,238095
1626,kingdom-of-france-middle-ages,Kingdom of France (Middle Ages),121996
1626,mali-empire,Mali Empire,166897
1626,ming-dynasty,Ming dynasty,603093
1626,mughal-empire,Mughal Empire,2439024
1626,northern-yuan-dynasty,Northern Yuan dynasty,1006192
1626,ottoman-empire,Ottoman Empire,4422047
1626,oyo-empire,Oyo Empire,121071
1626,polish-lithuanian-commonwealth,Polish–Lithuanian Commonwealth,590159
1626,safavid-empire,Safavid Empire,2810078
1626,spanish-empire,Spanish Empire,5772956
1626,swedish-empire,Swedish Empire,166854
1630,bornu-empire,Bornu Empire,62554
1630,british-empire,British Empire,4951039
1630,chagatai-khanate,Chagatai Khanate,529178
1630,danish-empire,Danish Empire,1719512
1630,dutch-empire,Dutch Empire,40127
1630,holy-roman-empire,Holy Roman Empire,232804
1630,kingdom-of-france-middle-ages,Kingdom of France (Middle Ages),119039
1630,mali-empire,Mali Empire,151724
1630,ming-dynasty,Ming dynasty,469072
1630,mughal-empire,Mughal Empire,2536585
1630,northern-yuan-dynasty,Northern Yuan dynasty,944272
1630,ottoman-empire,Ottoman Empire,4476640
1630,oyo-empire,Oyo Empire,123214
1630,polish-lithuanian-commonwealth,Polish–Lithuanian Commonwealth,576190
1630,safavid-empire,Safavid Empire,2900000
1630,spanish-empire,Spanish Empire,5945283
1630,swedish-empire,Swedish Empire,211348
1631,bornu-empire,Bornu Empire,62812
1631,british-empire,British Empire,5056380
1631,chagatai-khanate,Chagatai Khanate,519894
1631,danish-empire,Danish Empire,1737805
1631,dutch-empire,Dutch Empire,46815
1631,holy-roman-empire,Holy Roman Empire,231481
1631,kingdom-of-france-middle-ages,Kingdom of France (Middle Ages),118299
1631,mali-empire,Mali Empire,147931
1631,ming-dynasty,Ming dynasty,435567
1631,mughal-empire,Mughal Empire,2560976
1631,northern-yuan-dynasty,Northern Yuan dynasty,928793
1631,ottoman-empire,Ottoman Empire,4490289
1631,oyo-empire,Oyo Empire,123750
1631,polish-lithuanian-commonwealth,Polish–Lithuanian Commonwealth,572698
1631,safavid-empire,Safavid Empire,2872642
1631,spanish-empire,Spanish Empire,5988365
1631,swedish-empire,Swedish Empire,222472
1636,bornu-empire,Bornu Empire,64099
1636,british-empire,British Empire,5583086
1636,chagatai-khanate,Chagatai Khanate,473475
1636,danish-empire,Danish Empire,1829268
1636,dutch-empire,Dutch Empire,80255
1636,dzungar-khanate,Dzungar Khanate,450000
1636,holy-roman-empire,Holy Roman Empire,224868
1636,kingdom-of-france-middle-ages,Kingdom of France (Middle Ages),114603
1636,mali-empire,Mali Empire,128966
1636,ming-dynasty,Ming dynasty,268041
1636,mughal-empire,Mughal Empire,2682927
1636,northern-yuan-dynasty,Northern Yuan dynasty,851393
1636,ottoman-empire,Ottoman Empire,4558530
1636,oyo-empire,Oyo Empire,126429
1636,polish-lithuanian-commonwealth,Polish–Lithuanian Commonwealth,555238
1636,safavid-empire,Safavid Empire,2735849
1636,spanish-empire,Spanish Empire,6203774
1636,swedish-empire,Swedish Empire,278090
1640,first-portuguese-empire,First Portuguese Empire,2000000
1641,bornu-empire,Bornu Empire,65386
1641,british-empire,British Empire,6109792
1641,chagatai-khanate,Chagatai Khanate,427056
1641,danish-empire,Danish Empire,1920732
1641,dutch-empire,Dutch Empire,113694
1641,dzungar-khanate,Dzungar Khanate,1575000
1641,holy-roman-empire,Holy Roman Empire,218254
1641,kingdom-of-france-middle-ages,Kingdom of France (Middle Ages),110906
1641,mali-empire,Mali Empire,110000
1641,ming-dynasty,Ming dynasty,100515
1641,mughal-empire,Mughal Empire,2804878
1641,northern-yuan-dynasty,Northern Yuan dynasty,773994
1641,ottoman-empire,Ottoman Empire,4626772
1641,oyo-empire,Oyo Empire,129107
1641,polish-lithuanian-commonwealth,Polish–Lithuanian Commonwealth,537778
1641,safavid-empire,Safavid Empire,2599057
1641,spanish-empire,Spanish Empire,6419182
1641,swedish-empire,Swedish Empire,333708
1644,ming-dynasty,Ming dynasty,0
1644,qing-dynasty,Qing dynasty,477273
1646,bornu-empire,Bornu Empire,66673
1646,british-empire,British Empire,6636499
1646,chagatai-khanate,Chagatai Khanate,380637
1646,danish-empire,Danish Empire,2012195
1646,dutch-empire,Dutch Empire,147134
1646,dzungar-khanate,Dzungar Khanate,2700000
1646,holy-roman-empire,Holy Roman Empire,211640
1646,kingdom-of-france-middle-ages,Kingdom of France (Middle Ages),107209
1646,mali-empire,Mali Empire,91034
1646,mughal-empire,Mughal Empire,2926829
1646,northern-yuan-dynasty,Northern Yuan dynasty,696594
1646,ottoman-empire,Ottoman Empire,4695013
1646,oyo-empire,Oyo Empire,131786
1646,polish-lithuanian-commonwealth,Polish–Lithuanian Commonwealth,520317
1646,qing-dynasty,Qing dynasty,954545
1646,safavid-empire,Safavid Empire,2462264
1646,spanish-empire,Spanish Empire,6634591
1646,swedish-empire,Swedish Empire,389326
1650,bornu-empire,Bornu Empire,67703
1650,british-empire,British Empire,7057864
1650,chagatai-khanate,Chagatai Khanate,343501
1650,danish-empire,Danish Empire,2085366
1650,dutch-empire,Dutch Empire,173885
1650,dzungar-khanate,Dzungar Khanate,3600000
1650,first-french-colonial-empire,First French colonial empire,3000000
1650,holy-roman-empire,Holy Roman Empire,206349
1650,kingdom-of-france-middle-ages,Kingdom of France (Middle Ages),104251
1650,mali-empire,Mali Empire,75862
1650,mughal-empire,Mughal Empire,3024390
1650,northern-yuan-dynasty,Northern Yuan dynasty,634675
1650,ottoman-empire,Ottoman Empire,4749606
1650,oyo-empire,Oyo Empire,133929
1650,polish-lithuanian-commonwealth,Polish–Lithuanian Commonwealth,506349
1650,qing-dynasty,Qing dynasty,1336364
1650,safavid-empire,Safavid Empire,2352830
1650,spanish-empire,Spanish Empire,6806918
1650,swedish-empire,Swedish Empire,433820
1651,bornu-empire,Bornu Empire,67960
1651,british-empire,British Empire,7163205
1651,chagatai-khanate,Chagatai Khanate,334218
1651,danish-empire,Danish Empire,2103659
1651,dutch-empire,Dutch Empire,180573
1651,dzungar-khanate,Dzungar Khanate,3566667
1651,holy-roman-empire,Holy Roman Empire,205026
1651,kingdom-of-france-middle-ages,Kingdom of France (Middle Ages),103512
1651,mali-empire,Mali Empire,72069
1651,mughal-empire,Mughal Empire,3048780
1651,northern-yuan-dynasty,Northern Yuan dynasty,619195
1651,ottoman-empire,Ottoman Empire,4763255
1651,oyo-empire,Oyo Empire,134464
1651,polish-lithuanian-commonwealth,Polish–Lithuanian Commonwealth,502857
1651,qing-dynasty,Qing dynasty,1431818
1651,safavid-empire,Safavid Empire,2325472
1651,spanish-empire,Spanish Empire,6850000
1651,swedish-empire,Swedish Empire,444944
1656,bornu-empire,Bornu Empire,69248
1656,british-empire,British Empire,7689911
1656,chagatai-khanate,Chagatai Khanate,287798
1656,danish-empire,Danish Empire,2195122
1656,dutch-empire,Dutch Empire,214013
1656,dzungar-khanate,Dzungar Khanate,3400000
1656,holy-roman-empire,Holy Roman Empire,198413
1656,kingdom-of-france-middle-ages,Kingdom of France (Middle Ages),99815
1656,mali-empire,Mali Empire,53103
1656,mughal-empire,Mughal Empire,3170732
1656,northern-yuan-dynasty,Northern Yuan dynasty,541796
1656,ottoman-empire,Ottoman Empire,4831496
1656,oyo-empire,Oyo Empire,137143
1656,polish-lithuanian-commonwealth,Polish–Lithuanian Commonwealth,485397
1656,qing-dynasty,Qing dynasty,1909091
1656,safavid-empire,Safavid Empire,2188679
1656,spanish-empire,Spanish Empire,7065409
1656,swedish-empire,Swedish Empire,500562
166,eastern-han-dynasty,Eastern Han dynasty,2925000
166,indo-scythian-kingdom,Indo-Scythian Kingdom,1601053
166,kingdom-of-aksum,Kingdom of Aksum,943333
166,kingdom-of-armenia,Kingdom of Armenia,473494
166,northern-xiongnu,Northern Xiongnu,1138636
166,parthian-empire,Parthian Empire,728251
166,roman-empire,Roman Empire,4317549
166,satavahana-dynasty,Satavahana dynasty,385714
166,western-satraps,Western Satraps,391803
166,western-xiongnu,Western Xiongnu,2435417
166,xianbei-state,Xianbei state,3070093
166,xiongnu-empire,Xiongnu Empire,4446746
1661,bornu-empire,Bornu Empire,70535
1661,british-empire,British Empire,8216617
1661,chagatai-khanate,Chagatai Khanate,241379
1661,danish-empire,Danish Empire,2286585
1661,dutch-empire,Dutch Empire,247452
1661,dzungar-khanate,Dzungar Khanate,3233333
1661,holy-roman-empire,Holy Roman Empire,191799
1661,kingdom-of-france-middle-ages,Kingdom of France (Middle Ages),96118
1661,mali-empire,Mali Empire,34138
1661,mughal-empire,Mughal Empire,3292683
1661,northern-yuan-dynasty,Northern Yuan dynasty,464396
1661,ottoman-empire,Ottoman Empire,4899738
1661,oyo-empire,Oyo Empire,139821
1661,polish-lithuanian-commonwealth,Polish–Lithuanian Commonwealth,467937
1661,qing-dynasty,Qing dynasty,2386364
1661,rozvi-empire,Rozvi Empire,15600
1661,safavid-empire,Safavid Empire,2051887
1661,spanish-empire,Spanish Empire,7280818
1661,swedish-empire,Swedish Empire,556180
1663,first-portuguese-empire,First Portuguese Empire,1500000
1663,second-portuguese-empire,Second Portuguese Empire,3000000
1666,bornu-empire,Bornu Empire,71822
1666,british-empire,British Empire,8743323
1666,chagatai-khanate,Chagatai Khanate,194960
1666,danish-empire,Danish Empire,2378049
1666,dutch-empire,Dutch Empire,280892
1666,dzungar-khanate,Dzungar Khanate,3066667
1666,holy-roman-empire,Holy Roman Empire,185185
1666,kingdom-of-france-middle-ages,Kingdom of France (Middle Ages),92421
1666,mali-empire,Mali Empire,15172
1666,mughal-empire,Mughal Empire,3414634
1666,northern-yuan-dynasty,Northern Yuan dynasty,386997
1666,ottoman-empire,Ottoman Empire,4967979
1666,oyo-empire,Oyo Empire,142500
1666,polish-lithuanian-commonwealth,Polish–Lithuanian Commonwealth,450476
1666,qing-dynasty,Qing dynasty,2863636
1666,rozvi-empire,Rozvi Empire,93600
1666,safavid-empire,Safavid Empire,1915094
1666,spanish-empire,Spanish Empire,7496226
1666,swedish-empire,Swedish Empire,611798
1670,bornu-empire,Bornu Empire,72851
1670,british-empire,British Empire,9164688
1670,chagatai-khanate,Chagatai Khanate,157825
1670,danish-empire,Danish Empire,2451220
1670,dutch-empire,Dutch Empire,307643
1670,dzungar-khanate,Dzungar Khanate,2933333
1670,holy-roman-empire,Holy Roman Empire,179894
1670,kingdom-of-france-middle-ages,Kingdom of France (Middle Ages),89464
1670,mali-empire,Mali Empire,0
1670,mughal-empire,Mughal Empire,3512195
1670,northern-yuan-dynasty,Northern Yuan dynasty,325077
1670,ottoman-empire,Ottoman Empire,5022572
1670,oyo-empire,Oyo Empire,144643
1670,polish-lithuanian-commonwealth,Polish–Lithuanian Commonwealth,436508
1670,qing-dynasty,Qing dynasty,3245455
1670,rozvi-empire,Rozvi Empire,156000
1670,safavid-empire,Safavid Empire,1805660
1670,spanish-empire,Spanish Empire,7668553
1670,swedish-empire,Swedish Empire,656292
1671,ashanti-empire,Ashanti Empire,1667
1671,bornu-empire,Bornu Empire,73109
1671,british-empire,British Empire,9270030
1671,chagatai-khanate,Chagatai Khanate,148541
1671,danish-empire,Danish Empire,2469512
1671,dutch-empire,Dutch Empire,314331
1671,dzungar-khanate,Dzungar Khanate,2900000
1671,holy-roman-empire,Holy Roman Empire,178571
1671,kingdom-of-france-middle-ages,Kingdom of France (Middle Ages),88725
1671,mughal-empire,Mughal Empire,3536585
1671,northern-yuan-dynasty,Northern Yuan dynasty,309598
1671,ottoman-empire,Ottoman Empire,5036220
1671,oyo-empire,Oyo Empire,145179
1671,polish-lithuanian-commonwealth,Polish–Lithuanian Commonwealth,433016
1671,qing-dynasty,Qing dynasty,3340909
1671,rozvi-empire,Rozvi Empire,171600
1671,safavid-empire,Safavid Empire,1778302
1671,spanish-empire,Spanish Empire,7711635
1671,swedish-empire,Swedish Empire,667416
1676,ashanti-empire,Ashanti Empire,10000
1676,bornu-empire,Bornu Empire,74396
1676,british-empire,British Empire,9796736
1676,chagatai-khanate,Chagatai Khanate,102122
1676,danish-empire,Danish Empire,2560976
1676,dutch-empire,Dutch Empire,347771
1676,dzungar-khanate,Dzungar Khanate,2733333
1676,holy-roman-empire,Holy Roman Empire,171958
1676,kingdom-of-france-middle-ages,Kingdom of France (Middle Ages),85028
1676,maratha-empire,Maratha Empire,58140
1676,mughal-empire,Mughal Empire,3658537
1676,northern-yuan-dynasty,Northern Yuan dynasty,232198
1676,ottoman-empire,Ottoman Empire,5104462
1676,oyo-empire,Oyo Empire,147857
1676,polish-lithuanian-commonwealth,Polish–Lithuanian Commonwealth,415556
1676,qing-dynasty,Qing dynasty,3818182
1676,rozvi-empire,Rozvi Empire,249600
1676,safavid-empire,Safavid Empire,1641509
1676,spanish-empire,Spanish Empire,7927044
1676,swedish-empire,Swedish Empire,723034
1680,ashanti-empire,Ashanti Empire,16667
1680,bornu-empire,Bornu Empire,75426
1680,british-empire,British Empire,10218101
1680,chagatai-khanate,Chagatai Khanate,64987
1680,danish-empire,Danish Empire,2634146
1680,dutch-empire,Dutch Empire,374522
1680,dzungar-khanate,Dzungar Khanate,2600000
1680,first-french-colonial-empire,First French colonial empire,10000000
1680,holy-roman-empire,Holy Roman Empire,166667
1680,kingdom-of-france-middle-ages,Kingdom of France (Middle Ages),82070
1680,maratha-empire,Maratha Empire,174419
1680,mughal-empire,Mughal Empire,3756098
1680,northern-yuan-dynasty,Northern Yuan dynasty,170279
1680,ottoman-empire,Ottoman Empire,5159055
1680,oyo-empire,Oyo Empire,150000
1680,polish-lithuanian-commonwealth,Polish–Lithuanian Commonwealth,401587
1680,qing-dynasty,Qing dynasty,4200000
1680,rozvi-empire,Rozvi Empire,312000
1680,safavid-empire,Safavid Empire,1532075
1680,spanish-empire,Spanish Empire,8099371
1680,swedish-empire,Swedish Empire,767528
1681,ashanti-empire,Ashanti Empire,18333
1681,bornu-empire,Bornu Empire,75683
1681,british-empire,British Empire,10323442
1681,chagatai-khanate,Chagatai Khanate,55703
1681,danish-empire,Danish Empire,2652439
1681,dutch-empire,Dutch Empire,381210
1681,dzungar-khanate,Dzungar Khanate,2566667
1681,holy-roman-empire,Holy Roman Empire,165344
1681,kingdom-of-france-middle-ages,Kingdom of France (Middle Ages),81331
1681,maratha-empire,Maratha Empire,203488
1681,mughal-empire,Mughal Empire,3780488
1681,northern-yuan-dynasty,Northern Yuan dynasty,154799
1681,ottoman-empire,Ottoman Empire,5172703
1681,oyo-empire,Oyo Empire,149333
1681,polish-lithuanian-commonwealth,Polish–Lithuanian Commonwealth,398095
1681,qing-dynasty,Qing dynasty,4295455
1681,rozvi-empire,Rozvi Empire,327600
1681,safavid-empire,Safavid Empire,1504717
1681,spanish-empire,Spanish Empire,8142453
1681,swedish-empire,Swedish Empire,778652
1683,ashanti-empire,Ashanti Empire,21667
1683,bornu-empire,Bornu Empire,76198
1683,british-empire,British Empire,10534125
1683,chagatai-khanate,Chagatai Khanate,37135
1683,danish-empire,Danish Empire,2689024
1683,dutch-empire,Dutch Empire,394586
1683,dzungar-khanate,Dzungar Khanate,2500000
1683,holy-roman-empire,Holy Roman Empire,162698
1683,kingdom-of-france-middle-ages,Kingdom of France (Middle Ages),79852
1683,maratha-empire,Maratha Empire,261628
1683,mughal-empire,Mughal Empire,3829268
1683,northern-yuan-dynasty,Northern Yuan dynasty,123839
1683,ottoman-empire,Ottoman Empire,5200000
1683,oyo-empire,Oyo Empire,148000
1683,polish-lithuanian-commonwealth,Polish–Lithuanian Commonwealth,391111
1683,qing-dynasty,Qing dynasty,4486364
1683,rozvi-empire,Rozvi Empire,358800
1683,safavid-empire,Safavid Empire,1450000
1683,spanish-empire,Spanish Empire,8228616
1683,swedish-empire,Swedish Empire,800899
1686,ashanti-empire,Ashanti Empire,26667
1686,bornu-empire,Bornu Empire,76970
1686,british-empire,British Empire,10850148
1686,chagatai-khanate,Chagatai Khanate,9284
1686,danish-empire,Danish Empire,2743902
1686,dutch-empire,Dutch Empire,414650
1686,dzungar-khanate,Dzungar Khanate,2400000
1686,holy-roman-empire,Holy Roman Empire,158730
1686,kingdom-of-france-middle-ages,Kingdom of France (Middle Ages),77634
1686,maratha-empire,Maratha Empire,348837
1686,mughal-empire,Mughal Empire,3902439
1686,northern-yuan-dynasty,Northern Yuan dynasty,77399
1686,ottoman-empire,Ottoman Empire,5134728
1686,oyo-empire,Oyo Empire,146000
1686,polish-lithuanian-commonwealth,Polish–Lithuanian Commonwealth,380635
1686,qing-dynasty,Qing dynasty,4772727
1686,rozvi-empire,Rozvi Empire,405600
1686,safavid-empire,Safavid Empire,1367925
1686,spanish-empire,Spanish Empire,8357862
1686,swedish-empire,Swedish Empire,834270
1687,chagatai-khanate,Chagatai Khanate,0
1690,ashanti-empire,Ashanti Empire,33333
1690,bornu-empire,Bornu Empire,78000
1690,british-empire,British Empire,11271513
1690,danish-empire,Danish Empire,2817073
1690,dutch-empire,Dutch Empire,441401
1690,dzungar-khanate,Dzungar Khanate,2266667
1690,holy-roman-empire,Holy Roman Empire,153439
1690,kingdom-of-france-middle-ages,Kingdom of France (Middle Ages),74677
1690,maratha-empire,Maratha Empire,465116
1690,mughal-empire,Mughal Empire,4000000
1690,northern-yuan-dynasty,Northern Yuan dynasty,15480
1690,ottoman-empire,Ottoman Empire,5047699
1690,oyo-empire,Oyo Empire,143333
1690,polish-lithuanian-commonwealth,Polish–Lithuanian Commonwealth,366667
1690,qing-dynasty,Qing dynasty,5154545
1690,rozvi-empire,Rozvi Empire,468000
1690,safavid-empire,Safavid Empire,1258491
1690,spanish-empire,Spanish Empire,8530189
1690,swedish-empire,Swedish Empire,878764
1691,ashanti-empire,Ashanti Empire,35000
1691,bornu-empire,Bornu Empire,78257
1691,british-empire,British Empire,11376855
1691,danish-empire,Danish Empire,2835366
1691,dutch-empire,Dutch Empire,448089
1691,dzungar-khanate,Dzungar Khanate,2233333
1691,holy-roman-empire,Holy Roman Empire,152116
1691,kingdom-of-france-middle-ages,Kingdom of France (Middle Ages),73937
1691,maratha-empire,Maratha Empire,494186
1691,mughal-empire,Mughal Empire,3976048
1691,northern-yuan-dynasty,Northern Yuan dynasty,0
1691,ottoman-empire,Ottoman Empire,5025941
1691,oyo-empire,Oyo Empire,142667
1691,polish-lithuanian-commonwealth,Polish–Lithuanian Commonwealth,363175
1691,qing-dynasty,Qing dynasty,5250000
1691,rozvi-empire,Rozvi Empire,483600
1691,safavid-empire,Safavid Empire,1231132
1691,spanish-empire,Spanish Empire,8573270
1691,swedish-empire,Swedish Empire,889888
1696,ashanti-empire,Ashanti Empire,43333
1696,bornu-empire,Bornu Empire,79545
1696,british-empire,British Empire,11903561
1696,danish-empire,Danish Empire,2926829
1696,dutch-empire,Dutch Empire,481529
1696,dzungar-khanate,Dzungar Khanate,2066667
1696,holy-roman-empire,Holy Roman Empire,145503
1696,kingdom-of-france-middle-ages,Kingdom of France (Middle Ages),70240
1696,maratha-empire,Maratha Empire,639535
1696,mughal-empire,Mughal Empire,3856287
1696,ottoman-empire,Ottoman Empire,4917155
1696,oyo-empire,Oyo Empire,139333
1696,polish-lithuanian-commonwealth,Polish–Lithuanian Commonwealth,345714
1696,qing-dynasty,Qing dynasty,5727273
1696,rozvi-empire,Rozvi Empire,561600
1696,safavid-empire,Safavid Empire,1094340
1696,spanish-empire,Spanish Empire,8788679
1696,swedish-empire,Swedish Empire,945506
1700,ashanti-empire,Ashanti Empire,50000
1700,bornu-empire,Bornu Empire,80574
1700,british-empire,British Empire,12324926
1700,danish-empire,Danish Empire,3000000
1700,dutch-empire,Dutch Empire,508280
1700,dzungar-khanate,Dzungar Khanate,1933333
1700,first-french-colonial-empire,First French colonial empire,10000000
1700,holy-roman-empire,Holy Roman Empire,140212
1700,kingdom-of-france-middle-ages,Kingdom of France (Middle Ages),67283
1700,maratha-empire,Maratha Empire,755814
1700,mughal-empire,Mughal Empire,3760479
1700,ottoman-empire,Ottoman Empire,4830126
1700,oyo-empire,Oyo Empire,136667
1700,polish-lithuanian-commonwealth,Polish–Lithuanian Commonwealth,331746
1700,qing-dynasty,Qing dynasty,6109091
1700,rozvi-empire,Rozvi Empire,624000
1700,safavid-empire,Safavid Empire,984906
1700,second-portuguese-empire,Second Portuguese Empire,5000000
1700,spanish-empire,Spanish Empire,8961006
1700,swedish-empire,Swedish Empire,990000
1701,ashanti-empire,Ashanti Empire,51667
1701,bornu-empire,Bornu Empire,80832
1701,british-empire,British Empire,12430267
1701,danish-empire,Danish Empire,2988142
1701,dutch-empire,Dutch Empire,514968
1701,dzungar-khanate,Dzungar Khanate,1900000
1701,holy-roman-empire,Holy Roman Empire,138889
1701,kingdom-of-france-middle-ages,Kingdom of France (Middle Ages),66543
1701,maratha-empire,Maratha Empire,784884
1701,mughal-empire,Mughal Empire,3736527
1701,ottoman-empire,Ottoman Empire,4808368
1701,oyo-empire,Oyo Empire,136000
1701,polish-lithuanian-commonwealth,Polish–Lithuanian Commonwealth,328254
1701,qing-dynasty,Qing dynasty,6204545
1701,rozvi-empire,Rozvi Empire,620241
1701,safavid-empire,Safavid Empire,957547
1701,spanish-empire,Spanish Empire,9004088
1701,swedish-empire,Swedish Empire,942857
1706,ashanti-empire,Ashanti Empire,60000
1706,bornu-empire,Bornu Empire,82119
1706,british-empire,British Empire,12956973
1706,danish-empire,Danish Empire,2928854
1706,dutch-empire,Dutch Empire,548408
1706,dzungar-khanate,Dzungar Khanate,1733333
1706,holy-roman-empire,Holy Roman Empire,132275
1706,kingdom-of-france-middle-ages,Kingdom of France (Middle Ages),62847
1706,maratha-empire,Maratha Empire,930233
1706,mughal-empire,Mughal Empire,3616766
1706,ottoman-empire,Ottoman Empire,4699582
1706,oyo-empire,Oyo Empire,132667
1706,polish-lithuanian-commonwealth,Polish–Lithuanian Commonwealth,310794
1706,qing-dynasty,Qing dynasty,6681818
1706,rozvi-empire,Rozvi Empire,601446
1706,safavid-empire,Safavid Empire,820755
1706,spanish-empire,Spanish Empire,9219497
1706,swedish-empire,Swedish Empire,707143
171,eastern-han-dynasty,Eastern Han dynasty,2654167
171,indo-scythian-kingdom,Indo-Scythian Kingdom,1566842
171,kingdom-of-aksum,Kingdom of Aksum,951667
171,kingdom-of-armenia,Kingdom of Armenia,464458
171,northern-xiongnu,Northern Xiongnu,1121591
171,parthian-empire,Parthian Empire,665471
171,roman-empire,Roman Empire,4247911
171,satavahana-dynasty,Satavahana dynasty,350000
171,western-satraps,Western Satraps,383607
171,western-xiongnu,Western Xiongnu,2398958
171,xianbei-state,Xianbei state,3280374
171,xiongnu-empire,Xiongnu Empire,4380178
1711,ashanti-empire,Ashanti Empire,68333
1711,bornu-empire,Bornu Empire,83406
1711,british-empire,British Empire,13483680
1711,danish-empire,Danish Empire,2869565
1711,dutch-empire,Dutch Empire,581847
1711,dzungar-khanate,Dzungar Khanate,1566667
1711,holy-roman-empire,Holy Roman Empire,125661
1711,kingdom-of-france-middle-ages,Kingdom of France (Middle Ages),59150
1711,maratha-empire,Maratha Empire,1075581
1711,mughal-empire,Mughal Empire,3497006
1711,ottoman-empire,Ottoman Empire,4590795
1711,oyo-empire,Oyo Empire,129333
1711,polish-lithuanian-commonwealth,Polish–Lithuanian Commonwealth,293333
1711,qing-dynasty,Qing dynasty,7159091
1711,rozvi-empire,Rozvi Empire,582651
1711,safavid-empire,Safavid Empire,683962
1711,spanish-empire,Spanish Empire,9434906
1711,swedish-empire,Swedish Empire,471429
1713,first-french-colonial-empire,First French colonial empire,8000000
1716,ashanti-empire,Ashanti Empire,76667
1716,bornu-empire,Bornu Empire,84693
1716,british-empire,British Empire,14010386
1716,danish-empire,Danish Empire,2810277
1716,dutch-empire,Dutch Empire,615287
1716,dzungar-khanate,Dzungar Khanate,1400000
1716,holy-roman-empire,Holy Roman Empire,119048
1716,kingdom-of-france-middle-ages,Kingdom of France (Middle Ages),55453
1716,maratha-empire,Maratha Empire,1220930
1716,mughal-empire,Mughal Empire,3377246
1716,ottoman-empire,Ottoman Empire,4482008
1716,oyo-empire,Oyo Empire,126000
1716,polish-lithuanian-commonwealth,Polish–Lithuanian Commonwealth,275873
1716,qing-dynasty,Qing dynasty,7636364
1716,rozvi-empire,Rozvi Empire,563855
1716,safavid-empire,Safavid Empire,547170
1716,spanish-empire,Spanish Empire,9650314
1716,swedish-empire,Swedish Empire,235714
1721,ashanti-empire,Ashanti Empire,85000
1721,bornu-empire,Bornu Empire,85980
1721,british-empire,British Empire,14537092
1721,danish-empire,Danish Empire,2750988
1721,dutch-empire,Dutch Empire,648726
1721,dzungar-khanate,Dzungar Khanate,1233333
1721,holy-roman-empire,Holy Roman Empire,112434
1721,kingdom-of-france-middle-ages,Kingdom of France (Middle Ages),51756
1721,maratha-empire,Maratha Empire,1366279
1721,mughal-empire,Mughal Empire,3257485
1721,ottoman-empire,Ottoman Empire,4373222
1721,oyo-empire,Oyo Empire,122667
1721,polish-lithuanian-commonwealth,Polish–Lithuanian Commonwealth,258413
1721,qing-dynasty,Qing dynasty,8113636
1721,rozvi-empire,Rozvi Empire,545060
1721,russian-empire,Russian Empire,655172
1721,safavid-empire,Safavid Empire,410377
1721,spanish-empire,Spanish Empire,9865723
1721,swedish-empire,Swedish Empire,0
1726,ashanti-empire,Ashanti Empire,93333
1726,bornu-empire,Bornu Empire,87267
1726,british-empire,British Empire,15063798
1726,danish-empire,Danish Empire,2691700
1726,dutch-empire,Dutch Empire,682166
1726,dzungar-khanate,Dzungar Khanate,1066667
1726,holy-roman-empire,Holy Roman Empire,105820
1726,kingdom-of-france-middle-ages,Kingdom of France (Middle Ages),48059
1726,maratha-empire,Maratha Empire,1511628
1726,mughal-empire,Mughal Empire,3137725
1726,ottoman-empire,Ottoman Empire,4264435
1726,oyo-empire,Oyo Empire,119333
1726,polish-lithuanian-commonwealth,Polish–Lithuanian Commonwealth,240952
1726,qing-dynasty,Qing dynasty,8590909
1726,rozvi-empire,Rozvi Empire,526265
1726,safavid-empire,Safavid Empire,273585
1726,spanish-empire,Spanish Empire,10081132
1731,ashanti-empire,Ashanti Empire,101667
1731,bornu-empire,Bornu Empire,88554
1731,british-empire,British Empire,15590504
1731,danish-empire,Danish Empire,2632411
1731,dutch-empire,Dutch Empire,715605
1731,dzungar-khanate,Dzungar Khanate,900000
1731,holy-roman-empire,Holy Roman Empire,99206
1731,kingdom-of-france-middle-ages,Kingdom of France (Middle Ages),44362
1731,maratha-empire,Maratha Empire,1656977
1731,mughal-empire,Mughal Empire,3017964
1731,ottoman-empire,Ottoman Empire,4155649
1731,oyo-empire,Oyo Empire,116000
1731,polish-lithuanian-commonwealth,Polish–Lithuanian Commonwealth,223492
1731,qing-dynasty,Qing dynasty,9068182
1731,rozvi-empire,Rozvi Empire,507470
1731,russian-empire,Russian Empire,1310345
1731,safavid-empire,Safavid Empire,136792
1731,spanish-empire,Spanish Empire,10296541
1736,ashanti-empire,Ashanti Empire,110000
1736,bornu-empire,Bornu Empire,89842
1736,british-empire,British Empire,16117211
1736,danish-empire,Danish Empire,2573123
1736,dutch-empire,Dutch Empire,749045
1736,dzungar-khanate,Dzungar Khanate,733333
1736,holy-roman-empire,Holy Roman Empire,92593
1736,kingdom-of-france-middle-ages,Kingdom of France (Middle Ages),40665
1736,maratha-empire,Maratha Empire,1802326
1736,mughal-empire,Mughal Empire,2898204
1736,ottoman-empire,Ottoman Empire,4046862
1736,oyo-empire,Oyo Empire,112667
1736,polish-lithuanian-commonwealth,Polish–Lithuanian Commonwealth,206032
1736,qing-dynasty,Qing dynasty,9545455
1736,rozvi-empire,Rozvi Empire,488675
1736,russian-empire,Russian Empire,1965517
1736,safavid-empire,Safavid Empire,0
1736,sikh-empire,Sikh Empire,14717
1736,spanish-empire,Spanish Empire,10511950
1741,ashanti-empire,Ashanti Empire,118333
1741,bornu-empire,Bornu Empire,91129
1741,british-empire,British Empire,16643917
1741,danish-empire,Danish Empire,2513834
1741,dutch-empire,Dutch Empire,782484
1741,dzungar-khanate,Dzungar Khanate,566667
1741,holy-roman-empire,Holy Roman Empire,85979
1741,kingdom-of-france-middle-ages,Kingdom of France (Middle Ages),36969
1741,maratha-empire,Maratha Empire,1947674
1741,mughal-empire,Mughal Empire,2778443
1741,ottoman-empire,Ottoman Empire,3938075
1741,oyo-empire,Oyo Empire,109333
1741,polish-lithuanian-commonwealth,Polish–Lithuanian Commonwealth,188571
1741,qing-dynasty,Qing dynasty,10022727
1741,rozvi-empire,Rozvi Empire,469880
1741,russian-empire,Russian Empire,2620690
1741,sikh-empire,Sikh Empire,39245
1741,spanish-empire,Spanish Empire,10727358
1746,ashanti-empire,Ashanti Empire,126667
1746,bornu-empire,Bornu Empire,92416
1746,british-empire,British Empire,17170623
1746,danish-empire,Danish Empire,2454545
1746,dutch-empire,Dutch Empire,815924
1746,dzungar-khanate,Dzungar Khanate,400000
1746,holy-roman-empire,Holy Roman Empire,79365
1746,kingdom-of-france-middle-ages,Kingdom of France (Middle Ages),33272
1746,maratha-empire,Maratha Empire,2093023
1746,mughal-empire,Mughal Empire,2658683
1746,ottoman-empire,Ottoman Empire,3829289
1746,oyo-empire,Oyo Empire,106000
1746,polish-lithuanian-commonwealth,Polish–Lithuanian Commonwealth,171111
1746,qing-dynasty,Qing dynasty,10500000
1746,rozvi-empire,Rozvi Empire,451084
1746,russian-empire,Russian Empire,3275862
1746,sikh-empire,Sikh Empire,63774
1746,spanish-empire,Spanish Empire,10942767
1750,first-french-colonial-empire,First French colonial empire,9000000
1750,second-portuguese-empire,Second Portuguese Empire,7000000
1751,ashanti-empire,Ashanti Empire,135000
1751,bornu-empire,Bornu Empire,93703
1751,british-empire,British Empire,17697329
1751,danish-empire,Danish Empire,2395257
1751,dutch-empire,Dutch Empire,849363
1751,dzungar-khanate,Dzungar Khanate,233333
1751,holy-roman-empire,Holy Roman Empire,72751
1751,kingdom-of-france-middle-ages,Kingdom of France (Middle Ages),29575
1751,maratha-empire,Maratha Empire,2238372
1751,mughal-empire,Mughal Empire,2538922
1751,ottoman-empire,Ottoman Empire,3720502
1751,oyo-empire,Oyo Empire,102667
1751,polish-lithuanian-commonwealth,Polish–Lithuanian Commonwealth,153651
1751,qing-dynasty,Qing dynasty,10977273
1751,rozvi-empire,Rozvi Empire,432289
1751,russian-empire,Russian Empire,3931034
1751,sikh-empire,Sikh Empire,88302
1751,spanish-empire,Spanish Empire,11158176
1756,ashanti-empire,Ashanti Empire,143333
1756,bornu-empire,Bornu Empire,94990
1756,british-empire,British Empire,18224036
1756,danish-empire,Danish Empire,2335968
1756,dutch-empire,Dutch Empire,882803
1756,dzungar-khanate,Dzungar Khanate,66667
1756,holy-roman-empire,Holy Roman Empire,66138
1756,kingdom-of-france-middle-ages,Kingdom of France (Middle Ages),25878
1756,maratha-empire,Maratha Empire,2383721
1756,mughal-empire,Mughal Empire,2419162
1756,ottoman-empire,Ottoman Empire,3611715
1756,oyo-empire,Oyo Empire,99333
1756,polish-lithuanian-commonwealth,Polish–Lithuanian Commonwealth,136190
1756,qing-dynasty,Qing dynasty,11454545
1756,rozvi-empire,Rozvi Empire,413494
1756,russian-empire,Russian Empire,4586207
1756,sikh-empire,Sikh Empire,112830
1756,spanish-empire,Spanish Empire,11373585
1758,dzungar-khanate,Dzungar Khanate,0
176,eastern-han-dynasty,Eastern Han dynasty,2383333
176,indo-scythian-kingdom,Indo-Scythian Kingdom,1532632
176,kingdom-of-aksum,Kingdom of Aksum,960000
176,kingdom-of-armenia,Kingdom of Armenia,455422
176,northern-xiongnu,Northern Xiongnu,1104545
176,parthian-empire,Parthian Empire,602691
176,roman-empire,Roman Empire,4178273
176,satavahana-dynasty,Satavahana dynasty,314286
176,western-satraps,Western Satraps,375410
176,western-xiongnu,Western Xiongnu,2362500
176,xianbei-state,Xianbei state,3490654
176,xiongnu-empire,Xiongnu Empire,4313609
1760,ashanti-empire,Ashanti Empire,150000
1760,bornu-empire,Bornu Empire,96020
1760,british-empire,British Empire,18645401
1760,danish-empire,Danish Empire,2288538
1760,dutch-empire,Dutch Empire,909554
1760,holy-roman-empire,Holy Roman Empire,60847
1760,kingdom-of-france-middle-ages,Kingdom of France (Middle Ages),22921
1760,maratha-empire,Maratha Empire,2500000
1760,mughal-empire,Mughal Empire,2323353
1760,ottoman-empire,Ottoman Empire,3524686
1760,oyo-empire,Oyo Empire,96667
1760,polish-lithuanian-commonwealth,Polish–Lithuanian Commonwealth,122222
1760,qing-dynasty,Qing dynasty,11836364
1760,rozvi-empire,Rozvi Empire,398458
1760,russian-empire,Russian Empire,5110345
1760,sikh-empire,Sikh Empire,132453
1760,spanish-empire,Spanish Empire,11545912
1761,ashanti-empire,Ashanti Empire,151667
1761,bornu-empire,Bornu Empire,96277
1761,british-empire,British Empire,18750742
1761,danish-empire,Danish Empire,2276680
1761,dutch-empire,Dutch Empire,916242
1761,holy-roman-empire,Holy Roman Empire,59524
1761,kingdom-of-france-middle-ages,Kingdom of France (Middle Ages),22181
1761,maratha-empire,Maratha Empire,2456897
1761,mughal-empire,Mughal Empire,2299401
1761,ottoman-empire,Ottoman Empire,3502929
1761,oyo-empire,Oyo Empire,96000
1761,polish-lithuanian-commonwealth,Polish–Lithuanian Commonwealth,118730
1761,qing-dynasty,Qing dynasty,11931818
1761,rozvi-empire,Rozvi Empire,394699
1761,russian-empire,Russian Empire,5241379
1761,sikh-empire,Sikh Empire,137358
1761,spanish-empire,Spanish Empire,11588994
1763,first-french-colonial-empire,First French colonial empire,1000000
1766,ashanti-empire,Ashanti Empire,160000
1766,bornu-empire,Bornu Empire,97564
1766,british-empire,British Empire,19277448
1766,danish-empire,Danish Empire,2217391
1766,dutch-empire,Dutch Empire,949682
1766,holy-roman-empire,Holy Roman Empire,52910
1766,kingdom-of-france-middle-ages,Kingdom of France (Middle Ages),18484
1766,maratha-empire,Maratha Empire,2241379
1766,mughal-empire,Mughal Empire,2179641
1766,ottoman-empire,Ottoman Empire,3394142
1766,oyo-empire,Oyo Empire,92667
1766,polish-lithuanian-commonwealth,Polish–Lithuanian Commonwealth,101270
1766,qing-dynasty,Qing dynasty,12409091
1766,rozvi-empire,Rozvi Empire,375904
1766,russian-empire,Russian Empire,5896552
1766,sikh-empire,Sikh Empire,161887
1766,spanish-empire,Spanish Empire,11804403
1771,ashanti-empire,Ashanti Empire,168333
1771,bornu-empire,Bornu Empire,98851
1771,british-empire,British Empire,19804154
1771,danish-empire,Danish Empire,2158103
1771,dutch-empire,Dutch Empire,983121
1771,holy-roman-empire,Holy Roman Empire,46296
1771,kingdom-of-france-middle-ages,Kingdom of France (Middle Ages),14787
1771,maratha-empire,Maratha Empire,2025862
1771,mughal-empire,Mughal Empire,2059880
1771,ottoman-empire,Ottoman Empire,3285356
1771,oyo-empire,Oyo Empire,89333
1771,polish-lithuanian-commonwealth,Polish–Lithuanian Commonwealth,83810
1771,qing-dynasty,Qing dynasty,12886364
1771,rozvi-empire,Rozvi Empire,357108
1771,russian-empire,Russian Empire,6551724
1771,sikh-empire,Sikh Empire,186415
1771,spanish-empire,Spanish Empire,12019811
1776,ashanti-empire,Ashanti Empire,176667
1776,bornu-empire,Bornu Empire,100139
1776,british-empire,British Empire,20330861
1776,danish-empire,Danish Empire,2098814
1776,dutch-empire,Dutch Empire,1016561
1776,holy-roman-empire,Holy Roman Empire,39683
1776,kingdom-of-france-middle-ages,Kingdom of France (Middle Ages),11091
1776,maratha-empire,Maratha Empire,1810345
1776,mughal-empire,Mughal Empire,1940120
1776,ottoman-empire,Ottoman Empire,3176569
1776,oyo-empire,Oyo Empire,86000
1776,polish-lithuanian-commonwealth,Polish–Lithuanian Commonwealth,66349
1776,qing-dynasty,Qing dynasty,13363636
1776,rozvi-empire,Rozvi Empire,338313
1776,russian-empire,Russian Empire,7206897
1776,sikh-empire,Sikh Empire,210943
1776,spanish-empire,Spanish Empire,12235220
1781,ashanti-empire,Ashanti Empire,185000
1781,bornu-empire,Bornu Empire,101426
1781,british-empire,British Empire,20857567
1781,danish-empire,Danish Empire,2039526
1781,dutch-empire,Dutch Empire,1050000
1781,holy-roman-empire,Holy Roman Empire,33069
1781,kingdom-of-france-middle-ages,Kingdom of France (Middle Ages),7394
1781,maratha-empire,Maratha Empire,1594828
1781,mughal-empire,Mughal Empire,1820359
1781,ottoman-empire,Ottoman Empire,3067782
1781,oyo-empire,Oyo Empire,82667
1781,polish-lithuanian-commonwealth,Polish–Lithuanian Commonwealth,48889
1781,qing-dynasty,Qing dynasty,13840909
1781,rozvi-empire,Rozvi Empire,319518
1781,russian-empire,Russian Empire,7862069
1781,sikh-empire,Sikh Empire,235472
1781,spanish-empire,Spanish Empire,12450629
1783,first-french-colonial-empire,First French colonial empire,1200000
1786,ashanti-empire,Ashanti Empire,193333
1786,bornu-empire,Bornu Empire,102713
1786,british-empire,British Empire,21384273
1786,danish-empire,Danish Empire,1980237
1786,dutch-empire,Dutch Empire,1083439
1786,holy-roman-empire,Holy Roman Empire,26455
1786,kingdom-of-france-middle-ages,Kingdom of France (Middle Ages),3697
1786,maratha-empire,Maratha Empire,1379310
1786,mughal-empire,Mughal Empire,1700599
1786,ottoman-empire,Ottoman Empire,2958996
1786,oyo-empire,Oyo Empire,79333
1786,polish-lithuanian-commonwealth,Polish–Lithuanian Commonwealth,31429
1786,qing-dynasty,Qing dynasty,14318182
1786,rozvi-empire,Rozvi Empire,300723
1786,russian-empire,Russian Empire,8517241
1786,sikh-empire,Sikh Empire,260000
1786,spanish-empire,Spanish Empire,12666038
1790,ashanti-empire,Ashanti Empire,200000
1790,bornu-empire,Bornu Empire,103743
1790,british-empire,British Empire,21805638
1790,danish-empire,Danish Empire,1932806
1790,dutch-empire,Dutch Empire,1110191
1790,holy-roman-empire,Holy Roman Empire,21164
1790,kingdom-of-france-middle-ages,Kingdom of France (Middle Ages),739
1790,maratha-empire,Maratha Empire,1206897
1790,mughal-empire,Mughal Empire,1604790
1790,ottoman-empire,Ottoman Empire,2871967
1790,oyo-empire,Oyo Empire,76667
1790,polish-lithuanian-commonwealth,Polish–Lithuanian Commonwealth,17460
1790,qajar-empire,Qajar Empire,15357
1790,qing-dynasty,Qing dynasty,14700000
1790,rozvi-empire,Rozvi Empire,285687
1790,russian-empire,Russian Empire,9041379
1790,sikh-empire,Sikh Empire,279623
1790,spanish-empire,Spanish Empire,12838365
1791,ashanti-empire,Ashanti Empire,201667
1791,bornu-empire,Bornu Empire,104000
1791,british-empire,British Empire,21910979
1791,danish-empire,Danish Empire,1920949
1791,dutch-empire,Dutch Empire,1116879
1791,holy-roman-empire,Holy Roman Empire,19841
1791,maratha-empire,Maratha Empire,1163793
1791,mughal-empire,Mughal Empire,1580838
1791,ottoman-empire,Ottoman Empire,2850209
1791,oyo-empire,Oyo Empire,76000
1791,polish-lithuanian-commonwealth,Polish–Lithuanian Commonwealth,13968
1791,qajar-empire,Qajar Empire,30714
1791,qing-dynasty,Qing dynasty,14579508
1791,rozvi-empire,Rozvi Empire,281928
1791,russian-empire,Russian Empire,9172414
1791,sikh-empire,Sikh Empire,284528
1791,spanish-empire,Spanish Empire,12881447
1795,polish-lithuanian-commonwealth,Polish–Lithuanian Commonwealth,0
1796,ashanti-empire,Ashanti Empire,210000
1796,bornu-empire,Bornu Empire,105287
1796,british-empire,British Empire,22437685
1796,danish-empire,Danish Empire,1861660
1796,dutch-empire,Dutch Empire,1150318
1796,holy-roman-empire,Holy Roman Empire,13228
1796,maratha-empire,Maratha Empire,948276
1796,mughal-empire,Mughal Empire,1461078
1796,ottoman-empire,Ottoman Empire,2741423
1796,oyo-empire,Oyo Empire,72667
1796,qajar-empire,Qajar Empire,107500
1796,qing-dynasty,Qing dynasty,13977049
1796,rozvi-empire,Rozvi Empire,263133
1796,russian-empire,Russian Empire,9827586
1796,sikh-empire,Sikh Empire,309057
1796,spanish-empire,Spanish Empire,13096855
1800,first-french-colonial-empire,First French colonial empire,3300000
1800,second-portuguese-empire,Second Portuguese Empire,9000000
1801,ashanti-empire,Ashanti Empire,218333
1801,bornu-empire,Bornu Empire,106574
1801,british-empire,British Empire,22964392
1801,danish-empire,Danish Empire,1802372
1801,dutch-empire,Dutch Empire,1183758
1801,holy-roman-empire,Holy Roman Empire,6614
1801,maratha-empire,Maratha Empire,732759
1801,mughal-empire,Mughal Empire,1341317
1801,ottoman-empire,Ottoman Empire,2632636
1801,oyo-empire,Oyo Empire,69333
1801,qajar-empire,Qajar Empire,184286
1801,qing-dynasty,Qing dynasty,13374590
1801,rozvi-empire,Rozvi Empire,244337
1801,russian-empire,Russian Empire,10482759
1801,sikh-empire,Sikh Empire,333585
1801,spanish-empire,Spanish Empire,13312264
1803,first-french-colonial-empire,First French colonial empire,500000
1804,ashanti-empire,Ashanti Empire,223333
1804,bornu-empire,Bornu Empire,107347
1804,british-empire,British Empire,23280415
1804,danish-empire,Danish Empire,1766798
1804,dutch-empire,Dutch Empire,1203822
1804,first-french-colonial-empire,First French colonial empire,300000
1804,holy-roman-empire,Holy Roman Empire,2646
1804,maratha-empire,Maratha Empire,603448
1804,mughal-empire,Mughal Empire,1269461
1804,ottoman-empire,Ottoman Empire,2567364
1804,oyo-empire,Oyo Empire,67333
1804,qajar-empire,Qajar Empire,230357
1804,qing-dynasty,Qing dynasty,13013115
1804,rozvi-empire,Rozvi Empire,233060
1804,russian-empire,Russian Empire,10875862
1804,sikh-empire,Sikh Empire,348302
1804,sokoto-caliphate,Sokoto Caliphate,400000
1804,spanish-empire,Spanish Empire,13441509
1806,ashanti-empire,Ashanti Empire,226667
1806,bornu-empire,Bornu Empire,107861
1806,british-empire,British Empire,23491098
1806,danish-empire,Danish Empire,1743083
1806,dutch-empire,Dutch Empire,1217197
1806,first-french-empire,First French Empire,466667
1806,holy-roman-empire,Holy Roman Empire,0
1806,maratha-empire,Maratha Empire,517241
1806,mughal-empire,Mughal Empire,1221557
1806,ottoman-empire,Ottoman Empire,2523849
1806,oyo-empire,Oyo Empire,66000
1806,qajar-empire,Qajar Empire,261071
1806,qing-dynasty,Qing dynasty,12772131
1806,rozvi-empire,Rozvi Empire,225542
1806,russian-empire,Russian Empire,11137931
1806,sikh-empire,Sikh Empire,358113
1806,sokoto-caliphate,Sokoto Caliphate,391919
1806,spanish-empire,Spanish Empire,13527673
181,eastern-han-dynasty,Eastern Han dynasty,2112500
181,indo-scythian-kingdom,Indo-Scythian Kingdom,1498421
181,kingdom-of-aksum,Kingdom of Aksum,968333
181,kingdom-of-armenia,Kingdom of Armenia,446386
181,northern-xiongnu,Northern Xiongnu,1087500
181,parthian-empire,Parthian Empire,539910
181,roman-empire,Roman Empire,4108635
181,satavahana-dynasty,Satavahana dynasty,278571
181,western-satraps,Western Satraps,367213
181,western-xiongnu,Western Xiongnu,2326042
181,xianbei-state,Xianbei state,3700935
181,xiongnu-empire,Xiongnu Empire,4247041
1810,ashanti-empire,Ashanti Empire,233333
1810,bornu-empire,Bornu Empire,108891
1810,british-empire,British Empire,23912463
1810,danish-empire,Danish Empire,1695652
1810,dutch-empire,Dutch Empire,1243949
1810,first-french-empire,First French Empire,1400000
1810,maratha-empire,Maratha Empire,344828
1810,mughal-empire,Mughal Empire,1125749
1810,ottoman-empire,Ottoman Empire,2436820
1810,oyo-empire,Oyo Empire,63333
1810,qajar-empire,Qajar Empire,322500
1810,qing-dynasty,Qing dynasty,12290164
1810,rozvi-empire,Rozvi Empire,210506
1810,russian-empire,Russian Empire,11662069
1810,sikh-empire,Sikh Empire,377736
1810,sokoto-caliphate,Sokoto Caliphate,375758
1810,spanish-empire,Spanish Empire,13700000
1811,ashanti-empire,Ashanti Empire,235000
1811,bornu-empire,Bornu Empire,109149
1811,british-empire,British Empire,24017804
1811,danish-empire,Danish Empire,1683794
1811,dutch-empire,Dutch Empire,1250637
1811,first-french-empire,First French Empire,1633333
1811,maratha-empire,Maratha Empire,301724
1811,mughal-empire,Mughal Empire,1101796
1811,ottoman-empire,Ottoman Empire,2415063
1811,oyo-empire,Oyo Empire,62667
1811,qajar-empire,Qajar Empire,337857
1811,qing-dynasty,Qing dynasty,12169672
1811,rozvi-empire,Rozvi Empire,206747
1811,russian-empire,Russian Empire,11793103
1811,sikh-empire,Sikh Empire,382642
1811,sokoto-caliphate,Sokoto Caliphate,371717
1811,spanish-empire,Spanish Empire,13546067
1813,ashanti-empire,Ashanti Empire,238333
1813,bornu-empire,Bornu Empire,109663
1813,british-empire,British Empire,24228487
1813,danish-empire,Danish Empire,1660079
1813,dutch-empire,Dutch Empire,1264013
1813,first-french-empire,First French Empire,2100000
1813,maratha-empire,Maratha Empire,215517
1813,mughal-empire,Mughal Empire,1053892
1813,ottoman-empire,Ottoman Empire,2371548
1813,oyo-empire,Oyo Empire,61333
1813,qajar-empire,Qajar Empire,368571
1813,qing-dynasty,Qing dynasty,11928689
1813,rozvi-empire,Rozvi Empire,199229
1813,russian-empire,Russian Empire,12055172
1813,sikh-empire,Sikh Empire,392453
1813,sokoto-caliphate,Sokoto Caliphate,363636
1813,spanish-empire,Spanish Empire,13238202
1814,first-french-colonial-empire,First French colonial empire,300000
1815,first-french-empire,First French Empire,0
1816,ashanti-empire,Ashanti Empire,243333
1816,bornu-empire,Bornu Empire,110436
1816,british-empire,British Empire,24544510
1816,danish-empire,Danish Empire,1624506
1816,dutch-empire,Dutch Empire,1284076
1816,maratha-empire,Maratha Empire,86207
1816,mughal-empire,Mughal Empire,982036
1816,ottoman-empire,Ottoman Empire,2306276
1816,oyo-empire,Oyo Empire,59333
1816,qajar-empire,Qajar Empire,414643
1816,qing-dynasty,Qing dynasty,11567213
1816,rozvi-empire,Rozvi Empire,187952
1816,russian-empire,Russian Empire,12448276
1816,sikh-empire,Sikh Empire,407170
1816,sokoto-caliphate,Sokoto Caliphate,351515
1816,spanish-empire,Spanish Empire,12776404
1818,maratha-empire,Maratha Empire,0
1820,ashanti-empire,Ashanti Empire,250000
1820,bornu-empire,Bornu Empire,111465
1820,british-empire,British Empire,24965875
1820,danish-empire,Danish Empire,1577075
1820,dutch-empire,Dutch Empire,1310828
1820,mughal-empire,Mughal Empire,886228
1820,ottoman-empire,Ottoman Empire,2219247
1820,oyo-empire,Oyo Empire,56667
1820,qajar-empire,Qajar Empire,476071
1820,qing-dynasty,Qing dynasty,11085246
1820,rozvi-empire,Rozvi Empire,172916
1820,russian-empire,Russian Empire,12972414
1820,second-portuguese-empire,Second Portuguese Empire,10000000
1820,sikh-empire,Sikh Empire,426792
1820,sokoto-caliphate,Sokoto Caliphate,335354
1820,spanish-empire,Spanish Empire,12160674
1820,zulu-empire,Zulu Empire,140000
1821,ashanti-empire,Ashanti Empire,246951
1821,bornu-empire,Bornu Empire,111723
1821,british-empire,British Empire,25071217
1821,danish-empire,Danish Empire,1565217
1821,dutch-empire,Dutch Empire,1317516
1821,mughal-empire,Mughal Empire,862275
1821,ottoman-empire,Ottoman Empire,2197490
1821,oyo-empire,Oyo Empire,56000
1821,qajar-empire,Qajar Empire,491429
1821,qing-dynasty,Qing dynasty,10964754
1821,rozvi-empire,Rozvi Empire,169157
1821,russian-empire,Russian Empire,13103448
1821,sikh-empire,Sikh Empire,431698
1821,sokoto-caliphate,Sokoto Caliphate,331313
1821,spanish-empire,Spanish Empire,12006742
1821,zulu-empire,Zulu Empire,175000
1822,ashanti-empire,Ashanti Empire,243902
1822,bornu-empire,Bornu Empire,111980
1822,british-empire,British Empire,25176558
1822,danish-empire,Danish Empire,1553360
1822,dutch-empire,Dutch Empire,1324204
1822,first-mexican-empire,First Mexican Empire,2214500
1822,mughal-empire,Mughal Empire,838323
1822,ottoman-empire,Ottoman Empire,2175732
1822,oyo-empire,Oyo Empire,55333
1822,qajar-empire,Qajar Empire,506786
1822,qing-dynasty,Qing dynasty,10844262
1822,rozvi-empire,Rozvi Empire,165398
1822,russian-empire,Russian Empire,13234483
1822,second-portuguese-empire,Second Portuguese Empire,1500000
1822,sikh-empire,Sikh Empire,436604
1822,sokoto-caliphate,Sokoto Caliphate,327273
1822,spanish-empire,Spanish Empire,11852809
1822,zulu-empire,Zulu Empire,210000
1823,first-mexican-empire,First Mexican Empire,0
1825,third-portuguese-empire,Third Portuguese Empire,1500000
1826,ashanti-empire,Ashanti Empire,231707
1826,bornu-empire,Bornu Empire,113010
1826,british-empire,British Empire,25597923
1826,danish-empire,Danish Empire,1505929
1826,dutch-empire,Dutch Empire,1350955
1826,empire-of-brazil,Empire of Brazil,497731
1826,mughal-empire,Mughal Empire,742515
1826,ottoman-empire,Ottoman Empire,2088703
1826,oyo-empire,Oyo Empire,52667
1826,qajar-empire,Qajar Empire,568214
1826,qing-dynasty,Qing dynasty,10362295
1826,rozvi-empire,Rozvi Empire,150361
1826,russian-empire,Russian Empire,13758621
1826,sikh-empire,Sikh Empire,456226
1826,sokoto-caliphate,Sokoto Caliphate,311111
1826,spanish-empire,Spanish Empire,11237079
1826,zulu-empire,Zulu Empire,198800
1830,second-french-colonial-empire,Second French colonial empire,500000
1831,ashanti-empire,Ashanti Empire,216463
1831,bornu-empire,Bornu Empire,114297
1831,british-empire,British Empire,26124629
1831,danish-empire,Danish Empire,1446640
1831,dutch-empire,Dutch Empire,1384395
1831,empire-of-brazil,Empire of Brazil,1119896
1831,mughal-empire,Mughal Empire,622754
1831,ottoman-empire,Ottoman Empire,1979916
1831,oyo-empire,Oyo Empire,49333
1831,qajar-empire,Qajar Empire,645000
1831,qing-dynasty,Qing dynasty,9759836
1831,rozvi-empire,Rozvi Empire,131566
1831,russian-empire,Russian Empire,14413793
1831,sikh-empire,Sikh Empire,480755
1831,sokoto-caliphate,Sokoto Caliphate,290909
1831,spanish-empire,Spanish Empire,10467416
1831,zulu-empire,Zulu Empire,184800
1836,ashanti-empire,Ashanti Empire,201220
1836,bornu-empire,Bornu Empire,115584
1836,british-empire,British Empire,26651335
1836,danish-empire,Danish Empire,1387352
1836,dutch-empire,Dutch Empire,1417834
1836,empire-of-brazil,Empire of Brazil,1742060
1836,mughal-empire,Mughal Empire,502994
1836,ottoman-empire,Ottoman Empire,1871130
1836,oyo-empire,Oyo Empire,46000
1836,qajar-empire,Qajar Empire,721786
1836,qing-dynasty,Qing dynasty,9157377
1836,rozvi-empire,Rozvi Empire,112771
1836,russian-empire,Russian Empire,15068966
1836,sikh-empire,Sikh Empire,505283
1836,sokoto-caliphate,Sokoto Caliphate,270707
1836,spanish-empire,Spanish Empire,9697753
1836,zulu-empire,Zulu Empire,170800
1839,ashanti-empire,Ashanti Empire,192073
1839,bornu-empire,Bornu Empire,116356
1839,british-empire,British Empire,26967359
1839,danish-empire,Danish Empire,1351779
1839,dutch-empire,Dutch Empire,1437898
1839,empire-of-brazil,Empire of Brazil,2115358
1839,mughal-empire,Mughal Empire,431138
1839,ottoman-empire,Ottoman Empire,1805858
1839,oyo-empire,Oyo Empire,44000
1839,qajar-empire,Qajar Empire,767857
1839,qing-dynasty,Qing dynasty,8795902
1839,rozvi-empire,Rozvi Empire,101494
1839,russian-empire,Russian Empire,15462069
1839,sikh-empire,Sikh Empire,520000
1839,sokoto-caliphate,Sokoto Caliphate,258586
1839,spanish-empire,Spanish Empire,9235955
1839,zulu-empire,Zulu Empire,162400
1840,second-french-colonial-empire,Second French colonial empire,1500000
1841,ashanti-empire,Ashanti Empire,185976
1841,bornu-empire,Bornu Empire,116871
1841,british-empire,British Empire,27178042
1841,danish-empire,Danish Empire,1328063
1841,dutch-empire,Dutch Empire,1451274
1841,empire-of-brazil,Empire of Brazil,2364224
1841,mughal-empire,Mughal Empire,383234
1841,ottoman-empire,Ottoman Empire,1762343
1841,oyo-empire,Oyo Empire,42667
1841,qajar-empire,Qajar Empire,798571
1841,qing-dynasty,Qing dynasty,8554918
1841,rozvi-empire,Rozvi Empire,93976
1841,russian-empire,Russian Empire,15724138
1841,sikh-empire,Sikh Empire,416000
1841,sokoto-caliphate,Sokoto Caliphate,250505
1841,spanish-empire,Spanish Empire,8928090
1841,zulu-empire,Zulu Empire,156800
1846,ashanti-empire,Ashanti Empire,170732
1846,bornu-empire,Bornu Empire,118158
1846,british-empire,British Empire,27704748
1846,danish-empire,Danish Empire,1268775
1846,dutch-empire,Dutch Empire,1484713
1846,empire-of-brazil,Empire of Brazil,2986388
1846,mughal-empire,Mughal Empire,263473
1846,ottoman-empire,Ottoman Empire,1653556
1846,oyo-empire,Oyo Empire,39333
1846,qajar-empire,Qajar Empire,875357
1846,qing-dynasty,Qing dynasty,7952459
1846,rozvi-empire,Rozvi Empire,75181
1846,russian-empire,Russian Empire,16379310
1846,sikh-empire,Sikh Empire,156000
1846,sokoto-caliphate,Sokoto Caliphate,230303
1846,spanish-empire,Spanish Empire,8158427
1846,zulu-empire,Zulu Empire,142800
1848,second-french-colonial-empire,Second French colonial empire,2500000
1849,sikh-empire,Sikh Empire,0
1850,third-portuguese-empire,Third Portuguese Empire,1600000
1851,ashanti-empire,Ashanti Empire,155488
1851,bornu-empire,Bornu Empire,119446
1851,british-empire,British Empire,28231454
1851,danish-empire,Danish Empire,1209486
1851,dutch-empire,Dutch Empire,1518153
1851,empire-of-brazil,Empire of Brazil,3608552
1851,mughal-empire,Mughal Empire,143713
1851,ottoman-empire,Ottoman Empire,1544770
1851,oyo-empire,Oyo Empire,36000
1851,qajar-empire,Qajar Empire,952143
1851,qing-dynasty,Qing dynasty,7350000
1851,rozvi-empire,Rozvi Empire,56386
1851,russian-empire,Russian Empire,17034483
1851,sokoto-caliphate,Sokoto Caliphate,210101
1851,spanish-empire,Spanish Empire,7388764
1851,zulu-empire,Zulu Empire,128800
1856,ashanti-empire,Ashanti Empire,140244
1856,bornu-empire,Bornu Empire,120733
1856,british-empire,British Empire,28758160
1856,danish-empire,Danish Empire,1150198
1856,dutch-empire,Dutch Empire,1551592
1856,empire-of-brazil,Empire of Brazil,4230716
1856,mughal-empire,Mughal Empire,23952
1856,ottoman-empire,Ottoman Empire,1435983
1856,oyo-empire,Oyo Empire,32667
1856,qajar-empire,Qajar Empire,1028929
1856,qing-dynasty,Qing dynasty,6747541
1856,rozvi-empire,Rozvi Empire,37590
1856,russian-empire,Russian Empire,17689655
1856,sokoto-caliphate,Sokoto Caliphate,189899
1856,spanish-empire,Spanish Empire,6619101
1856,zulu-empire,Zulu Empire,114800
1857,mughal-empire,Mughal Empire,0
186,eastern-han-dynasty,Eastern Han dynasty,1841667
186,indo-scythian-kingdom,Indo-Scythian Kingdom,1464211
186,kingdom-of-aksum,Kingdom of Aksum,976667
186,kingdom-of-armenia,Kingdom of Armenia,437349
186,northern-xiongnu,Northern Xiongnu,1070455
186,parthian-empire,Parthian Empire,477130
186,roman-empire,Roman Empire,4038997
186,satavahana-dynasty,Satavahana dynasty,242857
186,western-satraps,Western Satraps,359016
186,western-xiongnu,Western Xiongnu,2289583
186,xianbei-state,Xianbei state,3911215
186,xiongnu-empire,Xiongnu Empire,4180473
1860,second-french-colonial-empire,Second French colonial empire,3000000
1861,ashanti-empire,Ashanti Empire,125000
1861,bornu-empire,Bornu Empire,122020
1861,british-empire,British Empire,29284866
1861,danish-empire,Danish Empire,1090909
1861,dutch-empire,Dutch Empire,1585032
1861,empire-of-brazil,Empire of Brazil,4852881
1861,ottoman-empire,Ottoman Empire,1327197
1861,oyo-empire,Oyo Empire,29333
1861,qajar-empire,Qajar Empire,1105714
1861,qing-dynasty,Qing dynasty,6145082
1861,rozvi-empire,Rozvi Empire,18795
1861,russian-empire,Russian Empire,18344828
1861,sokoto-caliphate,Sokoto Caliphate,169697
1861,spanish-empire,Spanish Empire,5849438
1861,zulu-empire,Zulu Empire,100800
1866,ashanti-empire,Ashanti Empire,109756
1866,bornu-empire,Bornu Empire,123307
1866,british-empire,British Empire,29811573
1866,danish-empire,Danish Empire,1031621
1866,dutch-empire,Dutch Empire,1618471
1866,empire-of-brazil,Empire of Brazil,5475045
1866,ottoman-empire,Ottoman Empire,1218410
1866,oyo-empire,Oyo Empire,26000
1866,qajar-empire,Qajar Empire,1182500
1866,qing-dynasty,Qing dynasty,5542623
1866,rozvi-empire,Rozvi Empire,0
1866,russian-empire,Russian Empire,19000000
1866,sokoto-caliphate,Sokoto Caliphate,149495
1866,spanish-empire,Spanish Empire,5079775
1866,zulu-empire,Zulu Empire,86800
1870,second-french-colonial-empire,Second French colonial empire,1000000
1871,ashanti-empire,Ashanti Empire,94512
1871,austro-hungarian-empire,Austro-Hungarian Empire,65263
1871,bornu-empire,Bornu Empire,124594
1871,british-empire,British Empire,30338279
1871,danish-empire,Danish Empire,972332
1871,dutch-empire,Dutch Empire,1651911
1871,empire-of-brazil,Empire of Brazil,6097209
1871,ottoman-empire,Ottoman Empire,1109623
1871,oyo-empire,Oyo Empire,22667
1871,qajar-empire,Qajar Empire,1259286
1871,qing-dynasty,Qing dynasty,4940164
1871,russian-empire,Russian Empire,19655172
1871,sokoto-caliphate,Sokoto Caliphate,129293
1871,spanish-empire,Spanish Empire,4310112
1871,zulu-empire,Zulu Empire,72800
1873,ashanti-empire,Ashanti Empire,88415
1873,austro-hungarian-empire,Austro-Hungarian Empire,97895
1873,bornu-empire,Bornu Empire,125109
1873,british-empire,British Empire,30548961
1873,danish-empire,Danish Empire,948617
1873,dutch-empire,Dutch Empire,1665287
1873,empire-of-brazil,Empire of Brazil,6346075
1873,ottoman-empire,Ottoman Empire,1066109
1873,oyo-empire,Oyo Empire,21333
1873,qajar-empire,Qajar Empire,1290000
1873,qing-dynasty,Qing dynasty,4699180
1873,russian-empire,Russian Empire,19917241
1873,sokoto-caliphate,Sokoto Caliphate,121212
1873,spanish-empire,Spanish Empire,4002247
1873,zulu-empire,Zulu Empire,67200
1876,ashanti-empire,Ashanti Empire,79268
1876,austro-hungarian-empire,Austro-Hungarian Empire,146842
1876,bornu-empire,Bornu Empire,125881
1876,british-empire,British Empire,30864985
1876,danish-empire,Danish Empire,913043
1876,dutch-empire,Dutch Empire,1685350
1876,empire-of-brazil,Empire of Brazil,6719373
1876,ottoman-empire,Ottoman Empire,1000837
1876,oyo-empire,Oyo Empire,19333
1876,qajar-empire,Qajar Empire,1215577
1876,qing-dynasty,Qing dynasty,4337705
1876,russian-empire,Russian Empire,20310345
1876,sokoto-caliphate,Sokoto Caliphate,109091
1876,spanish-empire,Spanish Empire,3540449
1876,zulu-empire,Zulu Empire,58800
1880,second-french-colonial-empire,Second French colonial empire,2500000
1881,ashanti-empire,Ashanti Empire,64024
1881,austro-hungarian-empire,Austro-Hungarian Empire,228421
1881,bornu-empire,Bornu Empire,127168
1881,british-empire,British Empire,31391691
1881,danish-empire,Danish Empire,853755
1881,dutch-empire,Dutch Empire,1718790
1881,empire-of-brazil,Empire of Brazil,7341537
1881,ottoman-empire,Ottoman Empire,892050
1881,oyo-empire,Oyo Empire,16000
1881,qajar-empire,Qajar Empire,1091538
1881,qing-dynasty,Qing dynasty,3735246
1881,russian-empire,Russian Empire,20965517
1881,sokoto-caliphate,Sokoto Caliphate,88889
1881,spanish-empire,Spanish Empire,2770787
1881,zulu-empire,Zulu Empire,44800
1885,second-french-colonial-empire,Second French colonial empire,4500000
1885,third-portuguese-empire,Third Portuguese Empire,2000000
1886,ashanti-empire,Ashanti Empire,48780
1886,austro-hungarian-empire,Austro-Hungarian Empire,310000
1886,belgian-colonial-empire,Belgian colonial empire,45741
1886,bornu-empire,Bornu Empire,128455
1886,british-empire,British Empire,31918398
1886,danish-empire,Danish Empire,794466
1886,dutch-empire,Dutch Empire,1752229
1886,empire-of-brazil,Empire of Brazil,7963701
1886,german-colonial-empire,German colonial empire,233111
1886,italian-empire,Italian Empire,271286
1886,ottoman-empire,Ottoman Empire,783264
1886,oyo-empire,Oyo Empire,12667
1886,qajar-empire,Qajar Empire,967500
1886,qing-dynasty,Qing dynasty,3132787
1886,russian-empire,Russian Empire,21620690
1886,sokoto-caliphate,Sokoto Caliphate,68687
1886,spanish-empire,Spanish Empire,2001124
1886,zulu-empire,Zulu Empire,30800
1889,ashanti-empire,Ashanti Empire,39634
1889,austro-hungarian-empire,Austro-Hungarian Empire,358947
1889,belgian-colonial-empire,Belgian colonial empire,182963
1889,bornu-empire,Bornu Empire,129228
1889,british-empire,British Empire,32234421
1889,danish-empire,Danish Empire,758893
1889,dutch-empire,Dutch Empire,1772293
1889,empire-of-brazil,Empire of Brazil,8337000
1889,german-colonial-empire,German colonial empire,582778
1889,italian-empire,Italian Empire,474750
1889,ottoman-empire,Ottoman Empire,717992
1889,oyo-empire,Oyo Empire,10667
1889,qajar-empire,Qajar Empire,893077
1889,qing-dynasty,Qing dynasty,2771311
1889,russian-empire,Russian Empire,22013793
1889,sokoto-caliphate,Sokoto Caliphate,56566
1889,spanish-empire,Spanish Empire,1539326
1889,zulu-empire,Zulu Empire,22400
1890,empire-of-brazil,Empire of Brazil,0
1890,second-french-colonial-empire,Second French colonial empire,6500000
1891,ashanti-empire,Ashanti Empire,33537
1891,austro-hungarian-empire,Austro-Hungarian Empire,391579
1891,belgian-colonial-empire,Belgian colonial empire,274444
1891,bornu-empire,Bornu Empire,129743
1891,british-empire,British Empire,32445104
1891,danish-empire,Danish Empire,735178
1891,dutch-empire,Dutch Empire,1785669
1891,german-colonial-empire,German colonial empire,815889
1891,italian-empire,Italian Empire,610393
1891,ottoman-empire,Ottoman Empire,674477
1891,oyo-empire,Oyo Empire,9333
1891,qajar-empire,Qajar Empire,843462
1891,qing-dynasty,Qing dynasty,2530328
1891,russian-empire,Russian Empire,22275862
1891,sokoto-caliphate,Sokoto Caliphate,48485
1891,spanish-empire,Spanish Empire,1231461
1891,zulu-empire,Zulu Empire,16800
1892,ashanti-empire,Ashanti Empire,30488
1892,austro-hungarian-empire,Austro-Hungarian Empire,407895
1892,belgian-colonial-empire,Belgian colonial empire,320185
1892,bornu-empire,Bornu Empire,130000
1892,british-empire,British Empire,32550445
1892,danish-empire,Danish Empire,723320
1892,dutch-empire,Dutch Empire,1792357
1892,german-colonial-empire,German colonial empire,932444
1892,italian-empire,Italian Empire,678214
1892,ottoman-empire,Ottoman Empire,652720
1892,oyo-empire,Oyo Empire,8667
1892,qajar-empire,Qajar Empire,818654
1892,qing-dynasty,Qing dynasty,2409836
1892,russian-empire,Russian Empire,22406897
1892,sokoto-caliphate,Sokoto Caliphate,44444
1892,spanish-empire,Spanish Empire,1077528
1892,zulu-empire,Zulu Empire,14000
1893,bornu-empire,Bornu Empire,0
1895,ashanti-empire,Ashanti Empire,21341
1895,austro-hungarian-empire,Austro-Hungarian Empire,456842
1895,belgian-colonial-empire,Belgian colonial empire,457407
1895,british-empire,British Empire,32866469
1895,danish-empire,Danish Empire,687747
1895,dutch-empire,Dutch Empire,1812420
1895,german-colonial-empire,German colonial empire,1282111
1895,italian-empire,Italian Empire,881679
1895,ottoman-empire,Ottoman Empire,587448
1895,oyo-empire,Oyo Empire,6667
1895,qajar-empire,Qajar Empire,744231
1895,qing-dynasty,Qing dynasty,2048361
1895,russian-empire,Russian Empire,22800000
1895,second-french-colonial-empire,Second French colonial empire,8500000
1895,sokoto-caliphate,Sokoto Caliphate,32323
1895,spanish-empire,Spanish Empire,615730
1895,zulu-empire,Zulu Empire,5600
1896,ashanti-empire,Ashanti Empire,18293
1896,austro-hungarian-empire,Austro-Hungarian Empire,473158
1896,belgian-colonial-empire,Belgian colonial empire,503148
1896,british-empire,British Empire,32971810
1896,danish-empire,Danish Empire,675889
1896,dutch-empire,Dutch Empire,1819108
1896,german-colonial-empire,German colonial empire,1398667
1896,italian-empire,Italian Empire,949500
1896,ottoman-empire,Ottoman Empire,565690
1896,oyo-empire,Oyo Empire,6000
1896,qajar-empire,Qajar Empire,719423
1896,qing-dynasty,Qing dynasty,1927869
1896,russian-empire,Russian Empire,21763636
1896,sokoto-caliphate,Sokoto Caliphate,28283
1896,spanish-empire,Spanish Empire,461798
1896,zulu-empire,Zulu Empire,2800
1897,zulu-empire,Zulu Empire,0
1899,spanish-empire,Spanish Empire,0
1900,ashanti-empire,Ashanti Empire,6098
1900,austro-hungarian-empire,Austro-Hungarian Empire,538421
1900,belgian-colonial-empire,Belgian colonial empire,686111
1900,british-empire,British Empire,33393175
1900,danish-empire,Danish Empire,628458
1900,dutch-empire,Dutch Empire,1845860
1900,german-colonial-empire,German colonial empire,1864889
1900,italian-empire,Italian Empire,1220786
1900,ottoman-empire,Ottoman Empire,478661
1900,oyo-empire,Oyo Empire,3333
1900,qajar-empire,Qajar Empire,620192
1900,qing-dynasty,Qing dynasty,1445902
1900,russian-empire,Russian Empire,17618182
1900,second-french-colonial-empire,Second French colonial empire,9500000
1900,sokoto-caliphate,Sokoto Caliphate,12121
1900,third-portuguese-empire,Third Portuguese Empire,2100000
1901,ashanti-empire,Ashanti Empire,3049
1901,austro-hungarian-empire,Austro-Hungarian Empire,554737
1901,belgian-colonial-empire,Belgian colonial empire,731852
1901,british-empire,British Empire,33498516
1901,danish-empire,Danish Empire,616601
1901,dutch-empire,Dutch Empire,1852548
1901,german-colonial-empire,German colonial empire,1981444
1901,italian-empire,Italian Empire,1288607
1901,ottoman-empire,Ottoman Empire,456904
1901,oyo-empire,Oyo Empire,2667
1901,qajar-empire,Qajar Empire,595385
1901,qing-dynasty,Qing dynasty,1325410
1901,russian-empire,Russian Empire,16581818
1901,sokoto-caliphate,Sokoto Caliphate,8081
1902,ashanti-empire,Ashanti Empire,0
1903,sokoto-caliphate,Sokoto Caliphate,0
1905,austro-hungarian-empire,Austro-Hungarian Empire,620000
1905,belgian-colonial-empire,Belgian colonial empire,914815
1905,british-empire,British Empire,33919881
1905,danish-empire,Danish Empire,569170
1905,dutch-empire,Dutch Empire,1879299
1905,german-colonial-empire,German colonial empire,2447667
1905,italian-empire,Italian Empire,1559893
1905,ottoman-empire,Ottoman Empire,369874
1905,oyo-empire,Oyo Empire,0
1905,qajar-empire,Qajar Empire,496154
1905,qing-dynasty,Qing dynasty,843443
1905,russian-empire,Russian Empire,12436364
1906,austro-hungarian-empire,Austro-Hungarian Empire,572308
1906,belgian-colonial-empire,Belgian colonial empire,960556
1906,british-empire,British Empire,34025223
1906,danish-empire,Danish Empire,557312
1906,dutch-empire,Dutch Empire,1885987
1906,german-colonial-empire,German colonial empire,2564222
1906,italian-empire,Italian Empire,1627714
1906,ottoman-empire,Ottoman Empire,348117
1906,qajar-empire,Qajar Empire,471346
1906,qing-dynasty,Qing dynasty,722951
1906,russian-empire,Russian Empire,11400000
191,eastern-han-dynasty,Eastern Han dynasty,1570833
191,indo-scythian-kingdom,Indo-Scythian Kingdom,1430000
191,kingdom-of-aksum,Kingdom of Aksum,985000
191,kingdom-of-armenia,Kingdom of Armenia,428313
191,northern-xiongnu,Northern Xiongnu,1053409
191,parthian-empire,Parthian Empire,414350
191,roman-empire,Roman Empire,3969359
191,satavahana-dynasty,Satavahana dynasty,207143
191,western-satraps,Western Satraps,350820
191,western-xiongnu,Western Xiongnu,2253125
191,xianbei-state,Xianbei state,4121495
191,xiongnu-empire,Xiongnu Empire,4113905
1910,second-french-colonial-empire,Second French colonial empire,10500000
1911,austro-hungarian-empire,Austro-Hungarian Empire,333846
1911,belgian-colonial-empire,Belgian colonial empire,1189259
1911,british-empire,British Empire,34551929
1911,danish-empire,Danish Empire,498024
1911,dutch-empire,Dutch Empire,1919427
1911,german-colonial-empire,German colonial empire,3147000
1911,italian-empire,Italian Empire,1966821
1911,ottoman-empire,Ottoman Empire,239331
1911,qajar-empire,Qajar Empire,347308
1911,qing-dynasty,Qing dynasty,120492
1911,russian-empire,Russian Empire,6218182
1912,qing-dynasty,Qing dynasty,0
1912,second-french-colonial-empire,Second French colonial empire,11000000
1916,austro-hungarian-empire,Austro-Hungarian Empire,95385
1916,belgian-colonial-empire,Belgian colonial empire,1417963
1916,british-empire,British Empire,35078635
1916,danish-empire,Danish Empire,438735
1916,dutch-empire,Dutch Empire,1952866
1916,german-colonial-empire,German colonial empire,1398667
1916,italian-empire,Italian Empire,2305929
1916,ottoman-empire,Ottoman Empire,130544
1916,qajar-empire,Qajar Empire,223269
1916,russian-empire,Russian Empire,1036364
1917,russian-empire,Russian Empire,0
1918,austro-hungarian-empire,Austro-Hungarian Empire,0
1920,belgian-colonial-empire,Belgian colonial empire,1600926
1920,british-empire,British Empire,35500000
1920,danish-empire,Danish Empire,391304
1920,dutch-empire,Dutch Empire,1979618
1920,german-colonial-empire,German colonial empire,0
1920,italian-empire,Italian Empire,2577214
1920,ottoman-empire,Ottoman Empire,43515
1920,qajar-empire,Qajar Empire,124038
1920,second-french-colonial-empire,Second French colonial empire,11500000
1920,third-portuguese-empire,Third Portuguese Empire,2100000
1921,belgian-colonial-empire,Belgian colonial empire,1646667
1921,british-empire,British Empire,35038961
1921,danish-empire,Danish Empire,379447
1921,dutch-empire,Dutch Empire,1986306
1921,italian-empire,Italian Empire,2645036
1921,ottoman-empire,Ottoman Empire,21757
1921,qajar-empire,Qajar Empire,99231
1922,ottoman-empire,Ottoman Empire,0
1925,qajar-empire,Qajar Empire,0
1926,belgian-colonial-empire,Belgian colonial empire,1875370
1926,british-empire,British Empire,32733766
1926,danish-empire,Danish Empire,320158
1926,dutch-empire,Dutch Empire,2019745
1926,italian-empire,Italian Empire,2984143
1930,second-french-colonial-empire,Second French colonial empire,11500000
1931,belgian-colonial-empire,Belgian colonial empire,2104074
1931,british-empire,British Empire,30428571
1931,danish-empire,Danish Empire,260870
1931,dutch-empire,Dutch Empire,2053185
1931,italian-empire,Italian Empire,3323250
1936,belgian-colonial-empire,Belgian colonial empire,2332778
1936,british-empire,British Empire,28123377
1936,danish-empire,Danish Empire,201581
1936,dutch-empire,Dutch Empire,2086624
1936,italian-empire,Italian Empire,3662357
1938,belgian-colonial-empire,Belgian colonial empire,2424259
1938,british-empire,British Empire,27201299
1938,danish-empire,Danish Empire,177866
1938,dutch-empire,Dutch Empire,2100000
1938,italian-empire,Italian Empire,3798000
1938,second-french-colonial-empire,Second French colonial empire,11500000
1939,belgian-colonial-empire,Belgian colonial empire,2470000
1939,british-empire,British Empire,26740260
1939,danish-empire,Danish Empire,166008
1939,dutch-empire,Dutch Empire,2043243
1939,italian-empire,Italian Empire,3625364
1940,third-portuguese-empire,Third Portuguese Empire,2100000
1941,belgian-colonial-empire,Belgian colonial empire,2255217
1941,british-empire,British Empire,25818182
1941,danish-empire,Danish Empire,142292
1941,dutch-empire,Dutch Empire,1929730
1941,italian-empire,Italian Empire,3280091
1945,second-french-colonial-empire,Second French colonial empire,12000000
1946,belgian-colonial-empire,Belgian colonial empire,1718261
1946,british-empire,British Empire,23512987
1946,danish-empire,Danish Empire,83004
1946,dutch-empire,Dutch Empire,1645946
1946,italian-empire,Italian Empire,2416909
1951,belgian-colonial-empire,Belgian colonial empire,1181304
1951,british-empire,British Empire,21207792
1951,danish-empire,Danish Empire,23715
1951,dutch-empire,Dutch Empire,1362162
1951,italian-empire,Italian Empire,1553727
1954,second-french-colonial-empire,Second French colonial empire,11000000
1956,belgian-colonial-empire,Belgian colonial empire,644348
1956,british-empire,British Empire,18902597
1956,dutch-empire,Dutch Empire,1078378
1956,italian-empire,Italian Empire,690545
196,eastern-han-dynasty,Eastern Han dynasty,1300000
196,indo-scythian-kingdom,Indo-Scythian Kingdom,1395789
196,kingdom-of-aksum,Kingdom of Aksum,993333
196,kingdom-of-armenia,Kingdom of Armenia,419277
196,northern-xiongnu,Northern Xiongnu,1036364
196,parthian-empire,Parthian Empire,351570
196,roman-empire,Roman Empire,3899721
196,satavahana-dynasty,Satavahana dynasty,171429
196,western-satraps,Western Satraps,342623
196,western-xiongnu,Western Xiongnu,2216667
196,xianbei-state,Xianbei state,4331776
196,xiongnu-empire,Xiongnu Empire,4047337
1960,italian-empire,Italian Empire,0
1960,second-french-colonial-empire,Second French colonial empire,3000000
1961,belgian-colonial-empire,Belgian colonial empire,107391
1961,british-empire,British Empire,16597403
1961,dutch-empire,Dutch Empire,794595
1961,third-portuguese-empire,Third Portuguese Empire,2000000
1962,second-french-colonial-empire,Second French colonial empire,200000
1966,british-empire,British Empire,14292208
1966,dutch-empire,Dutch Empire,510811
1971,british-empire,British Empire,11987013
1971,dutch-empire,Dutch Empire,227027
1974,third-portuguese-empire,Third Portuguese Empire,30000
1975,dutch-empire,Dutch Empire,0
20,indo-scythian-kingdom,Indo-Scythian Kingdom,2600000
20,kingdom-of-aksum,Kingdom of Aksum,700000
20,kingdom-of-armenia,Kingdom of Armenia,737349
20,northern-xiongnu,Northern Xiongnu,1333333
20,parthian-empire,Parthian Empire,2561435
20,roman-empire,Roman Empire,1631944
20,satavahana-dynasty,Satavahana dynasty,328947
20,western-xiongnu,Western Xiongnu,3500000
20,xin-dynasty,Xin dynasty,1084615
20,xiongnu-empire,Xiongnu Empire,6390533
200,eastern-han-dynasty,Eastern Han dynasty,1083333
200,indo-scythian-kingdom,Indo-Scythian Kingdom,1368421
200,kingdom-of-aksum,Kingdom of Aksum,1000000
200,kingdom-of-armenia,Kingdom of Armenia,412048
200,northern-xiongnu,Northern Xiongnu,1022727
200,parthian-empire,Parthian Empire,301345
200,roman-empire,Roman Empire,3844011
200,satavahana-dynasty,Satavahana dynasty,142857
200,western-satraps,Western Satraps,336066
200,western-xiongnu,Western Xiongnu,2187500
200,xianbei-state,Xianbei state,4500000
200,xiongnu-empire,Xiongnu Empire,3994083
201,eastern-han-dynasty,Eastern Han dynasty,1029167
201,indo-scythian-kingdom,Indo-Scythian Kingdom,1361579
201,kingdom-of-aksum,Kingdom of Aksum,1001667
201,kingdom-of-armenia,Kingdom of Armenia,410241
201,northern-xiongnu,Northern Xiongnu,1019318
201,parthian-empire,Parthian Empire,288789
201,roman-empire,Roman Empire,3830084
201,satavahana-dynasty,Satavahana dynasty,135714
201,western-satraps,Western Satraps,334426
201,western-xiongnu,Western Xiongnu,2180208
201,xianbei-state,Xianbei state,4375000
201,xiongnu-empire,Xiongnu Empire,3980769
206,eastern-han-dynasty,Eastern Han dynasty,758333
206,indo-scythian-kingdom,Indo-Scythian Kingdom,1327368
206,kingdom-of-aksum,Kingdom of Aksum,1010000
206,kingdom-of-armenia,Kingdom of Armenia,401205
206,northern-xiongnu,Northern Xiongnu,1002273
206,parthian-empire,Parthian Empire,226009
206,roman-empire,Roman Empire,3760446
206,satavahana-dynasty,Satavahana dynasty,100000
206,western-satraps,Western Satraps,326230
206,western-xiongnu,Western Xiongnu,2143750
206,xianbei-state,Xianbei state,3750000
206,xiongnu-empire,Xiongnu Empire,3914201
21,indo-scythian-kingdom,Indo-Scythian Kingdom,2593158
21,kingdom-of-aksum,Kingdom of Aksum,701667
21,kingdom-of-armenia,Kingdom of Armenia,735542
21,northern-xiongnu,Northern Xiongnu,1337500
21,parthian-empire,Parthian Empire,2548879
21,roman-empire,Roman Empire,1666667
21,satavahana-dynasty,Satavahana dynasty,330263
21,western-xiongnu,Western Xiongnu,3492708
21,xin-dynasty,Xin dynasty,723077
21,xiongnu-empire,Xiongnu Empire,6377219
211,eastern-han-dynasty,Eastern Han dynasty,487500
211,indo-scythian-kingdom,Indo-Scythian Kingdom,1293158
211,kingdom-of-aksum,Kingdom of Aksum,1018333
211,kingdom-of-armenia,Kingdom of Armenia,392169
211,northern-xiongnu,Northern Xiongnu,985227
211,parthian-empire,Parthian Empire,163229
211,roman-empire,Roman Empire,3690808
211,satavahana-dynasty,Satavahana dynasty,64286
211,western-satraps,Western Satraps,318033
211,western-xiongnu,Western Xiongnu,2107292
211,xianbei-state,Xianbei state,3125000
211,xiongnu-empire,Xiongnu Empire,3847633
216,eastern-han-dynasty,Eastern Han dynasty,216667
216,indo-scythian-kingdom,Indo-Scythian Kingdom,1258947
216,kingdom-of-aksum,Kingdom of Aksum,1026667
216,kingdom-of-armenia,Kingdom of Armenia,383133
216,northern-xiongnu,Northern Xiongnu,968182
216,parthian-empire,Parthian Empire,100448
216,roman-empire,Roman Empire,3621170
216,satavahana-dynasty,Satavahana dynasty,28571
216,western-satraps,Western Satraps,309836
216,western-xiongnu,Western Xiongnu,2070833
216,xianbei-state,Xianbei state,2500000
216,xiongnu-empire,Xiongnu Empire,3781065
220,eastern-han-dynasty,Eastern Han dynasty,0
220,satavahana-dynasty,Satavahana dynasty,0
221,cao-wei,Cao Wei,46512
221,indo-scythian-kingdom,Indo-Scythian Kingdom,1224737
221,kingdom-of-aksum,Kingdom of Aksum,1035000
221,kingdom-of-armenia,Kingdom of Armenia,374096
221,northern-xiongnu,Northern Xiongnu,951136
221,parthian-empire,Parthian Empire,37668
221,roman-empire,Roman Empire,3551532
221,shu-han,Shu Han,1000000
221,western-satraps,Western Satraps,301639
221,western-xiongnu,Western Xiongnu,2034375
221,xianbei-state,Xianbei state,1875000
221,xiongnu-empire,Xiongnu Empire,3714497
224,parthian-empire,Parthian Empire,0
226,cao-wei,Cao Wei,279070
226,indo-scythian-kingdom,Indo-Scythian Kingdom,1190526
226,kingdom-of-aksum,Kingdom of Aksum,1043333
226,kingdom-of-armenia,Kingdom of Armenia,365060
226,northern-xiongnu,Northern Xiongnu,934091
226,roman-empire,Roman Empire,3481894
226,sasanian-empire,Sasanian Empire,21472
226,shu-han,Shu Han,880952
226,western-satraps,Western Satraps,293443
226,western-xiongnu,Western Xiongnu,1997917
226,xianbei-state,Xianbei state,1250000
226,xiongnu-empire,Xiongnu Empire,3647929
23,xin-dynasty,Xin dynasty,0
231,cao-wei,Cao Wei,511628
231,eastern-wu,Eastern Wu,1245763
231,indo-scythian-kingdom,Indo-Scythian Kingdom,1156316
231,kingdom-of-aksum,Kingdom of Aksum,1051667
231,kingdom-of-armenia,Kingdom of Armenia,356024
231,northern-xiongnu,Northern Xiongnu,917045
231,roman-empire,Roman Empire,3412256
231,sasanian-empire,Sasanian Empire,75153
231,shu-han,Shu Han,761905
231,western-satraps,Western Satraps,285246
231,western-xiongnu,Western Xiongnu,1961458
231,xianbei-state,Xianbei state,625000
231,xiongnu-empire,Xiongnu Empire,3581361
236,cao-wei,Cao Wei,744186
236,eastern-wu,Eastern Wu,1118644
236,indo-scythian-kingdom,Indo-Scythian Kingdom,1122105
236,kingdom-of-aksum,Kingdom of Aksum,1060000
236,kingdom-of-armenia,Kingdom of Armenia,346988
236,northern-xiongnu,Northern Xiongnu,900000
236,roman-empire,Roman Empire,3342618
236,sasanian-empire,Sasanian Empire,128834
236,shu-han,Shu Han,642857
236,western-satraps,Western Satraps,277049
236,western-xiongnu,Western Xiongnu,1925000
236,xianbei-state,Xianbei state,0
236,xiongnu-empire,Xiongnu Empire,3514793
241,cao-wei,Cao Wei,976744
241,eastern-wu,Eastern Wu,991525
241,indo-scythian-kingdom,Indo-Scythian Kingdom,1087895
241,kingdom-of-aksum,Kingdom of Aksum,1068333
241,kingdom-of-armenia,Kingdom of Armenia,337952
241,northern-xiongnu,Northern Xiongnu,882955
241,roman-empire,Roman Empire,3272981
241,sasanian-empire,Sasanian Empire,182515
241,shu-han,Shu Han,523810
241,western-satraps,Western Satraps,268852
241,western-xiongnu,Western Xiongnu,1888542
241,xiongnu-empire,Xiongnu Empire,3448225
246,cao-wei,Cao Wei,1209302
246,eastern-wu,Eastern Wu,864407
246,indo-scythian-kingdom,Indo-Scythian Kingdom,1053684
246,kingdom-of-aksum,Kingdom of Aksum,1076667
246,kingdom-of-armenia,Kingdom of Armenia,328916
246,northern-xiongnu,Northern Xiongnu,865909
246,roman-empire,Roman Empire,3203343
246,sasanian-empire,Sasanian Empire,236196
246,shu-han,Shu Han,404762
246,western-satraps,Western Satraps,260656
246,western-xiongnu,Western Xiongnu,1852083
246,xiongnu-empire,Xiongnu Empire,3381657
251,cao-wei,Cao Wei,1441860
251,eastern-wu,Eastern Wu,737288
251,indo-scythian-kingdom,Indo-Scythian Kingdom,1019474
251,kingdom-of-aksum,Kingdom of Aksum,1085000
251,kingdom-of-armenia,Kingdom of Armenia,319880
251,northern-xiongnu,Northern Xiongnu,848864
251,roman-empire,Roman Empire,3133705
251,sasanian-empire,Sasanian Empire,289877
251,shu-han,Shu Han,285714
251,western-satraps,Western Satraps,252459
251,western-xiongnu,Western Xiongnu,1815625
251,xiongnu-empire,Xiongnu Empire,3315089
256,cao-wei,Cao Wei,1674419
256,eastern-wu,Eastern Wu,610169
256,indo-scythian-kingdom,Indo-Scythian Kingdom,985263
256,kingdom-of-aksum,Kingdom of Aksum,1093333
256,kingdom-of-armenia,Kingdom of Armenia,310843
256,northern-xiongnu,Northern Xiongnu,831818
256,roman-empire,Roman Empire,3064067
256,sasanian-empire,Sasanian Empire,343558
256,shu-han,Shu Han,166667
256,western-satraps,Western Satraps,244262
256,western-xiongnu,Western Xiongnu,1779167
256,xiongnu-empire,Xiongnu Empire,3248521
26,eastern-han-dynasty,Eastern Han dynasty,86667
26,indo-scythian-kingdom,Indo-Scythian Kingdom,2558947
26,kingdom-of-aksum,Kingdom of Aksum,710000
26,kingdom-of-armenia,Kingdom of Armenia,726506
26,northern-xiongnu,Northern Xiongnu,1358333
26,parthian-empire,Parthian Empire,2486099
26,roman-empire,Roman Empire,1840278
26,satavahana-dynasty,Satavahana dynasty,336842
26,western-xiongnu,Western Xiongnu,3456250
26,xiongnu-empire,Xiongnu Empire,6310651
261,cao-wei,Cao Wei,1906977
261,eastern-wu,Eastern Wu,483051
261,indo-scythian-kingdom,Indo-Scythian Kingdom,951053
261,kingdom-of-aksum,Kingdom of Aksum,1101667
261,kingdom-of-armenia,Kingdom of Armenia,301807
261,northern-xiongnu,Northern Xiongnu,814773
261,roman-empire,Roman Empire,2994429
261,sasanian-empire,Sasanian Empire,397239
261,shu-han,Shu Han,47619
261,western-satraps,Western Satraps,236066
261,western-xiongnu,Western Xiongnu,1742708
261,xiongnu-empire,Xiongnu Empire,3181953
263,cao-wei,Cao Wei,2000000
263,eastern-wu,Eastern Wu,432203
263,indo-scythian-kingdom,Indo-Scythian Kingdom,937368
263,kingdom-of-aksum,Kingdom of Aksum,1105000
263,kingdom-of-armenia,Kingdom of Armenia,298193
263,northern-xiongnu,Northern Xiongnu,807955
263,roman-empire,Roman Empire,2966574
263,sasanian-empire,Sasanian Empire,418712
263,western-satraps,Western Satraps,232787
263,western-xiongnu,Western Xiongnu,1728125
263,xiongnu-empire,Xiongnu Empire,3155325
265,cao-wei,Cao Wei,0
266,eastern-wu,Eastern Wu,355932
266,indo-scythian-kingdom,Indo-Scythian Kingdom,916842
266,kingdom-of-aksum,Kingdom of Aksum,1110000
266,kingdom-of-armenia,Kingdom of Armenia,292771
266,northern-xiongnu,Northern Xiongnu,797727
266,roman-empire,Roman Empire,2924791
266,sasanian-empire,Sasanian Empire,450920
266,western-jin-dynasty,Western Jin dynasty,206667
266,western-satraps,Western Satraps,227869
266,western-xiongnu,Western Xiongnu,1706250
266,xiongnu-empire,Xiongnu Empire,3115385
271,eastern-wu,Eastern Wu,228814
271,indo-scythian-kingdom,Indo-Scythian Kingdom,882632
271,kingdom-of-aksum,Kingdom of Aksum,1118333
271,kingdom-of-armenia,Kingdom of Armenia,283735
271,northern-xiongnu,Northern Xiongnu,780682
271,roman-empire,Roman Empire,2855153
271,sasanian-empire,Sasanian Empire,504601
271,western-jin-dynasty,Western Jin dynasty,1240000
271,western-satraps,Western Satraps,219672
271,western-xiongnu,Western Xiongnu,1669792
271,xiongnu-empire,Xiongnu Empire,3048817
276,eastern-wu,Eastern Wu,101695
276,indo-scythian-kingdom,Indo-Scythian Kingdom,848421
276,kingdom-of-aksum,Kingdom of Aksum,1126667
276,kingdom-of-armenia,Kingdom of Armenia,274699
276,northern-xiongnu,Northern Xiongnu,763636
276,roman-empire,Roman Empire,2785515
276,sasanian-empire,Sasanian Empire,558282
276,western-jin-dynasty,Western Jin dynasty,2273333
276,western-satraps,Western Satraps,211475
276,western-xiongnu,Western Xiongnu,1633333
276,xiongnu-empire,Xiongnu Empire,2982249
280,eastern-wu,Eastern Wu,0
280,indo-scythian-kingdom,Indo-Scythian Kingdom,821053
280,kingdom-of-aksum,Kingdom of Aksum,1133333
280,kingdom-of-armenia,Kingdom of Armenia,267470
280,northern-xiongnu,Northern Xiongnu,750000
280,roman-empire,Roman Empire,2729805
280,sasanian-empire,Sasanian Empire,601227
280,western-jin-dynasty,Western Jin dynasty,3100000
280,western-satraps,Western Satraps,204918
280,western-xiongnu,Western Xiongnu,1604167
280,xiongnu-empire,Xiongnu Empire,2928994
281,indo-scythian-kingdom,Indo-Scythian Kingdom,814211
281,kingdom-of-aksum,Kingdom of Aksum,1135000
281,kingdom-of-armenia,Kingdom of Armenia,265663
281,northern-xiongnu,Northern Xiongnu,746591
281,roman-empire,Roman Empire,2715877
281,sasanian-empire,Sasanian Empire,611963
281,western-jin-dynasty,Western Jin dynasty,3013889
281,western-satraps,Western Satraps,203279
281,western-xiongnu,Western Xiongnu,1596875
281,xiongnu-empire,Xiongnu Empire,2915680
286,indo-scythian-kingdom,Indo-Scythian Kingdom,780000
286,kingdom-of-aksum,Kingdom of Aksum,1143333
286,kingdom-of-armenia,Kingdom of Armenia,256627
286,northern-xiongnu,Northern Xiongnu,729545
286,roman-empire,Roman Empire,2646240
286,sasanian-empire,Sasanian Empire,665644
286,western-jin-dynasty,Western Jin dynasty,2583333
286,western-satraps,Western Satraps,195082
286,western-xiongnu,Western Xiongnu,1560417
286,xiongnu-empire,Xiongnu Empire,2849112
287,indo-scythian-kingdom,Indo-Scythian Kingdom,773158
287,kingdom-of-aksum,Kingdom of Aksum,1145000
287,kingdom-of-armenia,Kingdom of Armenia,254819
287,northern-xiongnu,Northern Xiongnu,726136
287,roman-empire,Roman Empire,2632312
287,sasanian-empire,Sasanian Empire,676380
287,western-jin-dynasty,Western Jin dynasty,2497222
287,western-satraps,Western Satraps,193443
287,western-xiongnu,Western Xiongnu,1553125
287,xiongnu-empire,Xiongnu Empire,2835799
291,indo-scythian-kingdom,Indo-Scythian Kingdom,745789
291,kingdom-of-aksum,Kingdom of Aksum,1151667
291,kingdom-of-armenia,Kingdom of Armenia,247590
291,northern-xiongnu,Northern Xiongnu,712500
291,roman-empire,Roman Empire,2576602
291,sasanian-empire,Sasanian Empire,719325
291,western-jin-dynasty,Western Jin dynasty,2152778
291,western-satraps,Western Satraps,186885
291,western-xiongnu,Western Xiongnu,1523958
291,xiongnu-empire,Xiongnu Empire,2782544
296,indo-scythian-kingdom,Indo-Scythian Kingdom,711579
296,kingdom-of-aksum,Kingdom of Aksum,1160000
296,kingdom-of-armenia,Kingdom of Armenia,238554
296,northern-xiongnu,Northern Xiongnu,695455
296,roman-empire,Roman Empire,2506964
296,sasanian-empire,Sasanian Empire,773006
296,western-jin-dynasty,Western Jin dynasty,1722222
296,western-satraps,Western Satraps,178689
296,western-xiongnu,Western Xiongnu,1487500
296,xiongnu-empire,Xiongnu Empire,2715976
301,indo-scythian-kingdom,Indo-Scythian Kingdom,677368
301,kingdom-of-aksum,Kingdom of Aksum,1168333
301,kingdom-of-armenia,Kingdom of Armenia,229518
301,northern-xiongnu,Northern Xiongnu,678409
301,roman-empire,Roman Empire,2437326
301,sasanian-empire,Sasanian Empire,826687
301,western-jin-dynasty,Western Jin dynasty,1291667
301,western-satraps,Western Satraps,170492
301,western-xiongnu,Western Xiongnu,1451042
301,xiongnu-empire,Xiongnu Empire,2649408
306,former-zhao,Former Zhao,333333
306,indo-scythian-kingdom,Indo-Scythian Kingdom,643158
306,kingdom-of-aksum,Kingdom of Aksum,1176667
306,kingdom-of-armenia,Kingdom of Armenia,220482
306,northern-xiongnu,Northern Xiongnu,661364
306,roman-empire,Roman Empire,2367688
306,sasanian-empire,Sasanian Empire,880368
306,western-jin-dynasty,Western Jin dynasty,861111
306,western-satraps,Western Satraps,162295
306,western-xiongnu,Western Xiongnu,1414583
306,xiongnu-empire,Xiongnu Empire,2582840
31,eastern-han-dynasty,Eastern Han dynasty,520000
31,indo-scythian-kingdom,Indo-Scythian Kingdom,2524737
31,kingdom-of-aksum,Kingdom of Aksum,718333
31,kingdom-of-armenia,Kingdom of Armenia,717470
31,northern-xiongnu,Northern Xiongnu,1379167
31,parthian-empire,Parthian Empire,2423318
31,roman-empire,Roman Empire,2013889
31,satavahana-dynasty,Satavahana dynasty,343421
31,western-xiongnu,Western Xiongnu,3419792
31,xiongnu-empire,Xiongnu Empire,6244083
311,former-zhao,Former Zhao,1166667
311,indo-scythian-kingdom,Indo-Scythian Kingdom,608947
311,kingdom-of-aksum,Kingdom of Aksum,1185000
311,kingdom-of-armenia,Kingdom of Armenia,211446
311,northern-xiongnu,Northern Xiongnu,644318
311,roman-empire,Roman Empire,2298050
311,sasanian-empire,Sasanian Empire,934049
311,western-jin-dynasty,Western Jin dynasty,430556
311,western-satraps,Western Satraps,154098
311,western-xiongnu,Western Xiongnu,1378125
311,xiongnu-empire,Xiongnu Empire,2516272
316,former-zhao,Former Zhao,2000000
316,huns,Huns,682234
316,indo-scythian-kingdom,Indo-Scythian Kingdom,574737
316,kingdom-of-aksum,Kingdom of Aksum,1193333
316,kingdom-of-armenia,Kingdom of Armenia,202410
316,northern-xiongnu,Northern Xiongnu,627273
316,roman-empire,Roman Empire,2228412
316,sasanian-empire,Sasanian Empire,987730
316,western-jin-dynasty,Western Jin dynasty,0
316,western-satraps,Western Satraps,145902
316,western-xiongnu,Western Xiongnu,1341667
316,xiongnu-empire,Xiongnu Empire,2449704
321,eastern-jin-dynasty,Eastern Jin dynasty,373333
321,former-zhao,Former Zhao,1230769
321,hunnic-empire,Hunnic Empire,160000
321,huns,Huns,661929
321,indo-scythian-kingdom,Indo-Scythian Kingdom,540526
321,kingdom-of-aksum,Kingdom of Aksum,1201667
321,kingdom-of-armenia,Kingdom of Armenia,193373
321,later-zhao,Later Zhao,500000
321,northern-xiongnu,Northern Xiongnu,610227
321,roman-empire,Roman Empire,2158774
321,sasanian-empire,Sasanian Empire,1041411
321,western-satraps,Western Satraps,137705
321,western-xiongnu,Western Xiongnu,1305208
321,xiongnu-empire,Xiongnu Empire,2383136
326,eastern-jin-dynasty,Eastern Jin dynasty,840000
326,former-zhao,Former Zhao,461538
326,hunnic-empire,Hunnic Empire,320000
326,huns,Huns,641624
326,indo-scythian-kingdom,Indo-Scythian Kingdom,506316
326,kingdom-of-aksum,Kingdom of Aksum,1210000
326,kingdom-of-armenia,Kingdom of Armenia,184337
326,later-zhao,Later Zhao,1750000
326,northern-xiongnu,Northern Xiongnu,593182
326,roman-empire,Roman Empire,2089136
326,sasanian-empire,Sasanian Empire,1095092
326,western-satraps,Western Satraps,129508
326,western-xiongnu,Western Xiongnu,1268750
326,xiongnu-empire,Xiongnu Empire,2316568
329,eastern-jin-dynasty,Eastern Jin dynasty,1120000
329,hunnic-empire,Hunnic Empire,416000
329,huns,Huns,629442
329,indo-scythian-kingdom,Indo-Scythian Kingdom,485789
329,kingdom-of-aksum,Kingdom of Aksum,1215000
329,kingdom-of-armenia,Kingdom of Armenia,178916
329,later-zhao,Later Zhao,2500000
329,northern-xiongnu,Northern Xiongnu,582955
329,roman-empire,Roman Empire,2047354
329,sasanian-empire,Sasanian Empire,1127301
329,western-satraps,Western Satraps,124590
329,western-xiongnu,Western Xiongnu,1246875
329,xiongnu-empire,Xiongnu Empire,2276627
331,eastern-jin-dynasty,Eastern Jin dynasty,1306667
331,hunnic-empire,Hunnic Empire,480000
331,huns,Huns,621320
331,indo-scythian-kingdom,Indo-Scythian Kingdom,472105
331,kingdom-of-aksum,Kingdom of Aksum,1218333
331,kingdom-of-armenia,Kingdom of Armenia,175301
331,later-zhao,Later Zhao,2272727
331,northern-xiongnu,Northern Xiongnu,576136
331,roman-empire,Roman Empire,2019499
331,rouran-khaganate,Rouran Khaganate,37333
331,sasanian-empire,Sasanian Empire,1148773
331,western-satraps,Western Satraps,121311
331,western-xiongnu,Western Xiongnu,1232292
331,xiongnu-empire,Xiongnu Empire,2250000
336,eastern-jin-dynasty,Eastern Jin dynasty,1773333
336,hunnic-empire,Hunnic Empire,640000
336,huns,Huns,601015
336,indo-scythian-kingdom,Indo-Scythian Kingdom,437895
336,kingdom-of-aksum,Kingdom of Aksum,1226667
336,kingdom-of-armenia,Kingdom of Armenia,166265
336,later-zhao,Later Zhao,1704545
336,northern-xiongnu,Northern Xiongnu,559091
336,roman-empire,Roman Empire,1949861
336,rouran-khaganate,Rouran Khaganate,224000
336,sasanian-empire,Sasanian Empire,1202454
336,western-satraps,Western Satraps,113115
336,western-xiongnu,Western Xiongnu,1195833
336,xiongnu-empire,Xiongnu Empire,2183432
341,eastern-jin-dynasty,Eastern Jin dynasty,2240000
341,hunnic-empire,Hunnic Empire,800000
341,huns,Huns,580711
341,indo-scythian-kingdom,Indo-Scythian Kingdom,403684
341,kingdom-of-aksum,Kingdom of Aksum,1235000
341,kingdom-of-armenia,Kingdom of Armenia,157229
341,later-zhao,Later Zhao,1136364
341,northern-xiongnu,Northern Xiongnu,542045
341,roman-empire,Roman Empire,1880223
341,rouran-khaganate,Rouran Khaganate,410667
341,sasanian-empire,Sasanian Empire,1256135
341,western-satraps,Western Satraps,104918
341,western-xiongnu,Western Xiongnu,1159375
341,xiongnu-empire,Xiongnu Empire,2116864
346,eastern-jin-dynasty,Eastern Jin dynasty,2706667
346,hunnic-empire,Hunnic Empire,960000
346,huns,Huns,560406
346,indo-scythian-kingdom,Indo-Scythian Kingdom,369474
346,kingdom-of-aksum,Kingdom of Aksum,1243333
346,kingdom-of-armenia,Kingdom of Armenia,148193
346,later-zhao,Later Zhao,568182
346,northern-xiongnu,Northern Xiongnu,525000
346,roman-empire,Roman Empire,1810585
346,rouran-khaganate,Rouran Khaganate,597333
346,sasanian-empire,Sasanian Empire,1309816
346,western-satraps,Western Satraps,96721
346,western-xiongnu,Western Xiongnu,1122917
346,xiongnu-empire,Xiongnu Empire,2050296
347,eastern-jin-dynasty,Eastern Jin dynasty,2800000
347,hunnic-empire,Hunnic Empire,992000
347,huns,Huns,556345
347,indo-scythian-kingdom,Indo-Scythian Kingdom,362632
347,kingdom-of-aksum,Kingdom of Aksum,1245000
347,kingdom-of-armenia,Kingdom of Armenia,146386
347,later-zhao,Later Zhao,454545
347,northern-xiongnu,Northern Xiongnu,521591
347,roman-empire,Roman Empire,1796657
347,rouran-khaganate,Rouran Khaganate,634667
347,sasanian-empire,Sasanian Empire,1320552
347,western-satraps,Western Satraps,95082
347,western-xiongnu,Western Xiongnu,1115625
347,xiongnu-empire,Xiongnu Empire,2036982
350,eastern-jin-dynasty,Eastern Jin dynasty,2684932
350,hunnic-empire,Hunnic Empire,1088000
350,huns,Huns,544162
350,indo-scythian-kingdom,Indo-Scythian Kingdom,342105
350,kingdom-of-aksum,Kingdom of Aksum,1250000
350,kingdom-of-armenia,Kingdom of Armenia,140964
350,later-zhao,Later Zhao,113636
350,northern-xiongnu,Northern Xiongnu,511364
350,roman-empire,Roman Empire,1754875
350,rouran-khaganate,Rouran Khaganate,746667
350,sasanian-empire,Sasanian Empire,1352761
350,western-satraps,Western Satraps,90164
350,western-xiongnu,Western Xiongnu,1093750
350,xiongnu-empire,Xiongnu Empire,1997041
351,eastern-jin-dynasty,Eastern Jin dynasty,2646575
351,former-qin,Former Qin,76923
351,hunnic-empire,Hunnic Empire,1120000
351,huns,Huns,540102
351,indo-scythian-kingdom,Indo-Scythian Kingdom,335263
351,kingdom-of-aksum,Kingdom of Aksum,1247951
351,kingdom-of-armenia,Kingdom of Armenia,139157
351,later-zhao,Later Zhao,0
351,northern-xiongnu,Northern Xiongnu,507955
351,roman-empire,Roman Empire,1740947
351,rouran-khaganate,Rouran Khaganate,784000
351,sasanian-empire,Sasanian Empire,1363497
351,western-satraps,Western Satraps,88525
351,western-xiongnu,Western Xiongnu,1086458
351,xiongnu-empire,Xiongnu Empire,1983728
356,eastern-jin-dynasty,Eastern Jin dynasty,2454795
356,former-qin,Former Qin,461538
356,hunnic-empire,Hunnic Empire,1280000
356,huns,Huns,519797
356,indo-scythian-kingdom,Indo-Scythian Kingdom,301053
356,kingdom-of-aksum,Kingdom of Aksum,1237705
356,kingdom-of-armenia,Kingdom of Armenia,130120
356,northern-xiongnu,Northern Xiongnu,490909
356,roman-empire,Roman Empire,1671309
356,rouran-khaganate,Rouran Khaganate,970667
356,sasanian-empire,Sasanian Empire,1417178
356,western-satraps,Western Satraps,80328
356,western-xiongnu,Western Xiongnu,1050000
356,xiongnu-empire,Xiongnu Empire,1917160
36,eastern-han-dynasty,Eastern Han dynasty,953333
36,indo-scythian-kingdom,Indo-Scythian Kingdom,2490526
36,kingdom-of-aksum,Kingdom of Aksum,726667
36,kingdom-of-armenia,Kingdom of Armenia,708434
36,northern-xiongnu,Northern Xiongnu,1400000
36,parthian-empire,Parthian Empire,2360538
36,roman-empire,Roman Empire,2187500
36,satavahana-dynasty,Satavahana dynasty,350000
36,western-satraps,Western Satraps,7692
36,western-xiongnu,Western Xiongnu,3383333
36,xiongnu-empire,Xiongnu Empire,6177515
361,eastern-jin-dynasty,Eastern Jin dynasty,2263014
361,former-qin,Former Qin,846154
361,hunnic-empire,Hunnic Empire,1440000
361,huns,Huns,499492
361,indo-scythian-kingdom,Indo-Scythian Kingdom,266842
361,kingdom-of-aksum,Kingdom of Aksum,1227459
361,kingdom-of-armenia,Kingdom of Armenia,121084
361,northern-xiongnu,Northern Xiongnu,473864
361,roman-empire,Roman Empire,1601671
361,rouran-khaganate,Rouran Khaganate,1157333
361,sasanian-empire,Sasanian Empire,1470859
361,western-satraps,Western Satraps,72131
361,western-xiongnu,Western Xiongnu,1013542
361,xiongnu-empire,Xiongnu Empire,1850592
366,eastern-jin-dynasty,Eastern Jin dynasty,2071233
366,former-qin,Former Qin,1230769
366,hunnic-empire,Hunnic Empire,1600000
366,huns,Huns,479188
366,indo-scythian-kingdom,Indo-Scythian Kingdom,232632
366,kingdom-of-aksum,Kingdom of Aksum,1217213
366,kingdom-of-armenia,Kingdom of Armenia,112048
366,northern-xiongnu,Northern Xiongnu,456818
366,roman-empire,Roman Empire,1532033
366,rouran-khaganate,Rouran Khaganate,1344000
366,sasanian-empire,Sasanian Empire,1524540
366,western-satraps,Western Satraps,63934
366,western-xiongnu,Western Xiongnu,977083
366,xiongnu-empire,Xiongnu Empire,1784024
371,eastern-jin-dynasty,Eastern Jin dynasty,1879452
371,former-qin,Former Qin,1615385
371,hunnic-empire,Hunnic Empire,1760000
371,huns,Huns,458883
371,indo-scythian-kingdom,Indo-Scythian Kingdom,198421
371,kingdom-of-aksum,Kingdom of Aksum,1206967
371,kingdom-of-armenia,Kingdom of Armenia,103012
371,northern-xiongnu,Northern Xiongnu,439773
371,roman-empire,Roman Empire,1462396
371,rouran-khaganate,Rouran Khaganate,1530667
371,sasanian-empire,Sasanian Empire,1578221
371,western-satraps,Western Satraps,55738
371,western-xiongnu,Western Xiongnu,940625
371,xiongnu-empire,Xiongnu Empire,1717456
376,eastern-jin-dynasty,Eastern Jin dynasty,1687671
376,former-qin,Former Qin,2000000
376,hunnic-empire,Hunnic Empire,1920000
376,huns,Huns,438579
376,indo-scythian-kingdom,Indo-Scythian Kingdom,164211
376,kingdom-of-aksum,Kingdom of Aksum,1196721
376,kingdom-of-armenia,Kingdom of Armenia,93976
376,northern-xiongnu,Northern Xiongnu,422727
376,roman-empire,Roman Empire,1392758
376,rouran-khaganate,Rouran Khaganate,1717333
376,sasanian-empire,Sasanian Empire,1631902
376,western-satraps,Western Satraps,47541
376,western-xiongnu,Western Xiongnu,904167
376,xiongnu-empire,Xiongnu Empire,1650888
381,eastern-jin-dynasty,Eastern Jin dynasty,1495890
381,former-qin,Former Qin,1444444
381,hunnic-empire,Hunnic Empire,2080000
381,huns,Huns,418274
381,indo-scythian-kingdom,Indo-Scythian Kingdom,130000
381,kingdom-of-aksum,Kingdom of Aksum,1186475
381,kingdom-of-armenia,Kingdom of Armenia,84940
381,northern-xiongnu,Northern Xiongnu,405682
381,roman-empire,Roman Empire,1323120
381,rouran-khaganate,Rouran Khaganate,1904000
381,sasanian-empire,Sasanian Empire,1685583
381,western-satraps,Western Satraps,39344
381,western-xiongnu,Western Xiongnu,867708
381,xiongnu-empire,Xiongnu Empire,1584320
386,eastern-jin-dynasty,Eastern Jin dynasty,1304110
386,former-qin,Former Qin,888889
386,hunnic-empire,Hunnic Empire,2240000
386,huns,Huns,397970
386,indo-scythian-kingdom,Indo-Scythian Kingdom,95789
386,kingdom-of-aksum,Kingdom of Aksum,1176230
386,kingdom-of-armenia,Kingdom of Armenia,75904
386,northern-xiongnu,Northern Xiongnu,388636
386,roman-empire,Roman Empire,1253482
386,rouran-khaganate,Rouran Khaganate,2090667
386,sasanian-empire,Sasanian Empire,1739264
386,western-satraps,Western Satraps,31148
386,western-xiongnu,Western Xiongnu,831250
386,xiongnu-empire,Xiongnu Empire,1517751
391,eastern-jin-dynasty,Eastern Jin dynasty,1112329
391,former-qin,Former Qin,333333
391,hunnic-empire,Hunnic Empire,2400000
391,huns,Huns,377665
391,indo-scythian-kingdom,Indo-Scythian Kingdom,61579
391,kingdom-of-aksum,Kingdom of Aksum,1165984
391,kingdom-of-armenia,Kingdom of Armenia,66867
391,northern-wei,Northern Wei,156250
391,northern-xiongnu,Northern Xiongnu,371591
391,roman-empire,Roman Empire,1183844
391,rouran-khaganate,Rouran Khaganate,2277333
391,sasanian-empire,Sasanian Empire,1792945
391,western-satraps,Western Satraps,22951
391,western-xiongnu,Western Xiongnu,794792
391,xiongnu-empire,Xiongnu Empire,1451183
394,former-qin,Former Qin,0
395,eastern-jin-dynasty,Eastern Jin dynasty,958904
395,hunnic-empire,Hunnic Empire,2528000
395,huns,Huns,361421
395,indo-scythian-kingdom,Indo-Scythian Kingdom,34211
395,kingdom-of-aksum,Kingdom of Aksum,1157787
395,kingdom-of-armenia,Kingdom of Armenia,59639
395,northern-wei,Northern Wei,281250
395,northern-xiongnu,Northern Xiongnu,357955
395,roman-empire,Roman Empire,1128134
395,rouran-khaganate,Rouran Khaganate,2426667
395,sasanian-empire,Sasanian Empire,1835890
395,western-roman-empire,Western Roman Empire,2000000
395,western-satraps,Western Satraps,16393
395,western-xiongnu,Western Xiongnu,765625
395,xiongnu-empire,Xiongnu Empire,1397929
396,eastern-jin-dynasty,Eastern Jin dynasty,920548
396,hunnic-empire,Hunnic Empire,2560000
396,huns,Huns,357360
396,indo-scythian-kingdom,Indo-Scythian Kingdom,27368
396,kingdom-of-aksum,Kingdom of Aksum,1155738
396,kingdom-of-armenia,Kingdom of Armenia,57831
396,northern-wei,Northern Wei,312500
396,northern-xiongnu,Northern Xiongnu,354545
396,roman-empire,Roman Empire,1114206
396,rouran-khaganate,Rouran Khaganate,2464000
396,sasanian-empire,Sasanian Empire,1846626
396,western-roman-empire,Western Roman Empire,1975309
396,western-satraps,Western Satraps,14754
396,western-xiongnu,Western Xiongnu,758333
396,xiongnu-empire,Xiongnu Empire,1384615
400,indo-scythian-kingdom,Indo-Scythian Kingdom,0
401,eastern-jin-dynasty,Eastern Jin dynasty,728767
401,hunnic-empire,Hunnic Empire,2720000
401,huns,Huns,337056
401,kingdom-of-aksum,Kingdom of Aksum,1145492
401,kingdom-of-armenia,Kingdom of Armenia,48795
401,northern-wei,Northern Wei,468750
401,northern-xiongnu,Northern Xiongnu,337500
401,roman-empire,Roman Empire,1044568
401,rouran-khaganate,Rouran Khaganate,2650667
401,sasanian-empire,Sasanian Empire,1900307
401,western-roman-empire,Western Roman Empire,1851852
401,western-satraps,Western Satraps,6557
401,western-xiongnu,Western Xiongnu,721875
401,xiongnu-empire,Xiongnu Empire,1318047
405,eastern-jin-dynasty,Eastern Jin dynasty,575342
405,hunnic-empire,Hunnic Empire,2848000
405,huns,Huns,320812
405,kingdom-of-aksum,Kingdom of Aksum,1137295
405,kingdom-of-armenia,Kingdom of Armenia,41566
405,northern-wei,Northern Wei,593750
405,northern-xiongnu,Northern Xiongnu,323864
405,roman-empire,Roman Empire,988858
405,rouran-khaganate,Rouran Khaganate,2800000
405,sasanian-empire,Sasanian Empire,1943252
405,western-roman-empire,Western Roman Empire,1753086
405,western-satraps,Western Satraps,0
405,western-xiongnu,Western Xiongnu,692708
405,xiongnu-empire,Xiongnu Empire,1264793
406,eastern-jin-dynasty,Eastern Jin dynasty,536986
406,hunnic-empire,Hunnic Empire,2880000
406,huns,Huns,316751
406,kingdom-of-aksum,Kingdom of Aksum,1135246
406,kingdom-of-armenia,Kingdom of Armenia,39759
406,northern-wei,Northern Wei,625000
406,northern-xiongnu,Northern Xiongnu,320455
406,roman-empire,Roman Empire,974930
406,rouran-khaganate,Rouran Khaganate,2781333
406,sasanian-empire,Sasanian Empire,1953988
406,western-roman-empire,Western Roman Empire,1728395
406,western-xiongnu,Western Xiongnu,685417
406,xiongnu-empire,Xiongnu Empire,1251479
41,eastern-han-dynasty,Eastern Han dynasty,1386667
41,indo-scythian-kingdom,Indo-Scythian Kingdom,2456316
41,kingdom-of-aksum,Kingdom of Aksum,735000
41,kingdom-of-armenia,Kingdom of Armenia,699398
41,northern-xiongnu,Northern Xiongnu,1420833
41,parthian-empire,Parthian Empire,2297758
41,roman-empire,Roman Empire,2361111
41,satavahana-dynasty,Satavahana dynasty,356579
41,western-satraps,Western Satraps,46154
41,western-xiongnu,Western Xiongnu,3346875
41,xiongnu-empire,Xiongnu Empire,6110947
411,eastern-jin-dynasty,Eastern Jin dynasty,345205
411,hunnic-empire,Hunnic Empire,3040000
411,huns,Huns,296447
411,kingdom-of-aksum,Kingdom of Aksum,1125000
411,kingdom-of-armenia,Kingdom of Armenia,30723
411,northern-wei,Northern Wei,781250
411,northern-xiongnu,Northern Xiongnu,303409
411,roman-empire,Roman Empire,905292
411,rouran-khaganate,Rouran Khaganate,2688000
411,sasanian-empire,Sasanian Empire,2007669
411,western-roman-empire,Western Roman Empire,1604938
411,western-xiongnu,Western Xiongnu,648958
411,xiongnu-empire,Xiongnu Empire,1184911
416,eastern-jin-dynasty,Eastern Jin dynasty,153425
416,hunnic-empire,Hunnic Empire,3200000
416,huns,Huns,276142
416,kingdom-of-aksum,Kingdom of Aksum,1114754
416,kingdom-of-armenia,Kingdom of Armenia,21687
416,northern-wei,Northern Wei,937500
416,northern-xiongnu,Northern Xiongnu,286364
416,roman-empire,Roman Empire,835655
416,rouran-khaganate,Rouran Khaganate,2594667
416,sasanian-empire,Sasanian Empire,2061350
416,western-roman-empire,Western Roman Empire,1481481
416,western-xiongnu,Western Xiongnu,612500
416,xiongnu-empire,Xiongnu Empire,1118343
420,eastern-jin-dynasty,Eastern Jin dynasty,0
421,hunnic-empire,Hunnic Empire,3360000
421,huns,Huns,255838
421,kingdom-of-aksum,Kingdom of Aksum,1104508
421,kingdom-of-armenia,Kingdom of Armenia,12651
421,liu-song-dynasty,Liu Song dynasty,66667
421,northern-wei,Northern Wei,1093750
421,northern-xiongnu,Northern Xiongnu,269318
421,roman-empire,Roman Empire,766017
421,rouran-khaganate,Rouran Khaganate,2501333
421,sasanian-empire,Sasanian Empire,2115031
421,western-roman-empire,Western Roman Empire,1358025
421,western-xiongnu,Western Xiongnu,576042
421,xiongnu-empire,Xiongnu Empire,1051775
426,hunnic-empire,Hunnic Empire,3520000
426,huns,Huns,235533
426,kingdom-of-aksum,Kingdom of Aksum,1094262
426,kingdom-of-armenia,Kingdom of Armenia,3614
426,liu-song-dynasty,Liu Song dynasty,400000
426,northern-wei,Northern Wei,1250000
426,northern-xiongnu,Northern Xiongnu,252273
426,roman-empire,Roman Empire,696379
426,rouran-khaganate,Rouran Khaganate,2408000
426,sasanian-empire,Sasanian Empire,2168712
426,western-roman-empire,Western Roman Empire,1234568
426,western-xiongnu,Western Xiongnu,539583
426,xiongnu-empire,Xiongnu Empire,985207
428,kingdom-of-armenia,Kingdom of Armenia,0
431,hunnic-empire,Hunnic Empire,3680000
431,huns,Huns,215228
431,kingdom-of-aksum,Kingdom of Aksum,1084016
431,liu-song-dynasty,Liu Song dynasty,733333
431,northern-wei,Northern Wei,1406250
431,northern-xiongnu,Northern Xiongnu,235227
431,roman-empire,Roman Empire,626741
431,rouran-khaganate,Rouran Khaganate,2314667
431,sasanian-empire,Sasanian Empire,2222393
431,western-roman-empire,Western Roman Empire,1111111
431,western-xiongnu,Western Xiongnu,503125
431,xiongnu-empire,Xiongnu Empire,918639
436,hunnic-empire,Hunnic Empire,3840000
436,huns,Huns,194924
436,kingdom-of-aksum,Kingdom of Aksum,1073770
436,liu-song-dynasty,Liu Song dynasty,1066667
436,northern-wei,Northern Wei,1562500
436,northern-xiongnu,Northern Xiongnu,218182
436,roman-empire,Roman Empire,557103
436,rouran-khaganate,Rouran Khaganate,2221333
436,sasanian-empire,Sasanian Empire,2276074
436,western-roman-empire,Western Roman Empire,987654
436,western-xiongnu,Western Xiongnu,466667
436,xiongnu-empire,Xiongnu Empire,852071
441,hunnic-empire,Hunnic Empire,4000000
441,huns,Huns,174619
441,kingdom-of-aksum,Kingdom of Aksum,1063525
441,liu-song-dynasty,Liu Song dynasty,1400000
441,northern-wei,Northern Wei,1718750
441,northern-xiongnu,Northern Xiongnu,201136
441,roman-empire,Roman Empire,487465
441,rouran-khaganate,Rouran Khaganate,2128000
441,sasanian-empire,Sasanian Empire,2329755
441,western-roman-empire,Western Roman Empire,864198
441,western-xiongnu,Western Xiongnu,430208
441,xiongnu-empire,Xiongnu Empire,785503
446,hunnic-empire,Hunnic Empire,3534884
446,huns,Huns,154315
446,kingdom-of-aksum,Kingdom of Aksum,1053279
446,liu-song-dynasty,Liu Song dynasty,1733333
446,northern-wei,Northern Wei,1875000
446,northern-xiongnu,Northern Xiongnu,184091
446,roman-empire,Roman Empire,417827
446,rouran-khaganate,Rouran Khaganate,2034667
446,sasanian-empire,Sasanian Empire,2383436
446,western-roman-empire,Western Roman Empire,740741
446,western-xiongnu,Western Xiongnu,393750
446,xiongnu-empire,Xiongnu Empire,718935
450,hunnic-empire,Hunnic Empire,3162791
450,huns,Huns,138071
450,kingdom-of-aksum,Kingdom of Aksum,1045082
450,liu-song-dynasty,Liu Song dynasty,2000000
450,northern-wei,Northern Wei,2000000
450,northern-xiongnu,Northern Xiongnu,170455
450,roman-empire,Roman Empire,362117
450,rouran-khaganate,Rouran Khaganate,1960000
450,sasanian-empire,Sasanian Empire,2426380
450,western-roman-empire,Western Roman Empire,641975
450,western-xiongnu,Western Xiongnu,364583
450,xiongnu-empire,Xiongnu Empire,665680
451,hunnic-empire,Hunnic Empire,3069767
451,huns,Huns,134010
451,kingdom-of-aksum,Kingdom of Aksum,1043033
451,liu-song-dynasty,Liu Song dynasty,1931034
451,northern-wei,Northern Wei,1976471
451,northern-xiongnu,Northern Xiongnu,167045
451,roman-empire,Roman Empire,348189
451,rouran-khaganate,Rouran Khaganate,1941333
451,sasanian-empire,Sasanian Empire,2437117
451,western-roman-empire,Western Roman Empire,617284
451,western-xiongnu,Western Xiongnu,357292
451,xiongnu-empire,Xiongnu Empire,652367
456,hunnic-empire,Hunnic Empire,2604651
456,huns,Huns,113706
456,kingdom-of-aksum,Kingdom of Aksum,1032787
456,liu-song-dynasty,Liu Song dynasty,1586207
456,northern-wei,Northern Wei,1858824
456,northern-xiongnu,Northern Xiongnu,150000
456,roman-empire,Roman Empire,278552
456,rouran-khaganate,Rouran Khaganate,1848000
456,sasanian-empire,Sasanian Empire,2490798
456,western-roman-empire,Western Roman Empire,493827
456,western-xiongnu,Western Xiongnu,320833
456,xiongnu-empire,Xiongnu Empire,585799
46,eastern-han-dynasty,Eastern Han dynasty,1820000
46,indo-scythian-kingdom,Indo-Scythian Kingdom,2422105
46,kingdom-of-aksum,Kingdom of Aksum,743333
46,kingdom-of-armenia,Kingdom of Armenia,690361
46,northern-xiongnu,Northern Xiongnu,1441667
46,parthian-empire,Parthian Empire,2234978
46,roman-empire,Roman Empire,2534722
46,satavahana-dynasty,Satavahana dynasty,363158
46,western-satraps,Western Satraps,84615
46,western-xiongnu,Western Xiongnu,3310417
46,xiongnu-empire,Xiongnu Empire,6044379
461,hunnic-empire,Hunnic Empire,2139535
461,huns,Huns,93401
461,kingdom-of-aksum,Kingdom of Aksum,1022541
461,liu-song-dynasty,Liu Song dynasty,1241379
461,northern-wei,Northern Wei,1741176
461,northern-xiongnu,Northern Xiongnu,132955
461,roman-empire,Roman Empire,208914
461,rouran-khaganate,Rouran Khaganate,1754667
461,sasanian-empire,Sasanian Empire,2544479
461,western-roman-empire,Western Roman Empire,370370
461,western-xiongnu,Western Xiongnu,284375
461,xiongnu-empire,Xiongnu Empire,519231
466,hunnic-empire,Hunnic Empire,1674419
466,huns,Huns,73096
466,kingdom-of-aksum,Kingdom of Aksum,1012295
466,liu-song-dynasty,Liu Song dynasty,896552
466,northern-wei,Northern Wei,1623529
466,northern-xiongnu,Northern Xiongnu,115909
466,roman-empire,Roman Empire,139276
466,rouran-khaganate,Rouran Khaganate,1661333
466,sasanian-empire,Sasanian Empire,2598160
466,western-roman-empire,Western Roman Empire,246914
466,western-xiongnu,Western Xiongnu,247917
466,xiongnu-empire,Xiongnu Empire,452663
471,hunnic-empire,Hunnic Empire,1209302
471,huns,Huns,52792
471,kingdom-of-aksum,Kingdom of Aksum,1002049
471,liu-song-dynasty,Liu Song dynasty,551724
471,northern-wei,Northern Wei,1505882
471,northern-xiongnu,Northern Xiongnu,98864
471,roman-empire,Roman Empire,69638
471,rouran-khaganate,Rouran Khaganate,1568000
471,sasanian-empire,Sasanian Empire,2651840
471,western-roman-empire,Western Roman Empire,123457
471,western-xiongnu,Western Xiongnu,211458
471,xiongnu-empire,Xiongnu Empire,386095
476,hunnic-empire,Hunnic Empire,744186
476,huns,Huns,32487
476,kingdom-of-aksum,Kingdom of Aksum,991803
476,liu-song-dynasty,Liu Song dynasty,206897
476,northern-wei,Northern Wei,1388235
476,northern-xiongnu,Northern Xiongnu,81818
476,roman-empire,Roman Empire,0
476,rouran-khaganate,Rouran Khaganate,1474667
476,sasanian-empire,Sasanian Empire,2705521
476,western-roman-empire,Western Roman Empire,0
476,western-xiongnu,Western Xiongnu,175000
476,xiongnu-empire,Xiongnu Empire,319527
479,liu-song-dynasty,Liu Song dynasty,0
481,hunnic-empire,Hunnic Empire,279070
481,huns,Huns,12183
481,kingdom-of-aksum,Kingdom of Aksum,981557
481,northern-wei,Northern Wei,1270588
481,northern-xiongnu,Northern Xiongnu,64773
481,rouran-khaganate,Rouran Khaganate,1381333
481,sasanian-empire,Sasanian Empire,2759202
481,visigothic-kingdom,Visigothic Kingdom,28846
481,western-xiongnu,Western Xiongnu,138542
481,xiongnu-empire,Xiongnu Empire,252959
484,hunnic-empire,Hunnic Empire,0
486,francia,Francia,18018
486,kingdom-of-aksum,Kingdom of Aksum,971311
486,northern-wei,Northern Wei,1152941
486,northern-xiongnu,Northern Xiongnu,47727
486,rouran-khaganate,Rouran Khaganate,1288000
486,sasanian-empire,Sasanian Empire,2812883
486,visigothic-kingdom,Visigothic Kingdom,57692
486,western-xiongnu,Western Xiongnu,102083
486,xiongnu-empire,Xiongnu Empire,186391
491,francia,Francia,36036
491,kingdom-of-aksum,Kingdom of Aksum,961066
491,northern-wei,Northern Wei,1035294
491,northern-xiongnu,Northern Xiongnu,30682
491,rouran-khaganate,Rouran Khaganate,1194667
491,sasanian-empire,Sasanian Empire,2866564
491,visigothic-kingdom,Visigothic Kingdom,86538
491,western-xiongnu,Western Xiongnu,65625
491,xiongnu-empire,Xiongnu Empire,119822
496,francia,Francia,54054
496,kingdom-of-aksum,Kingdom of Aksum,950820
496,northern-wei,Northern Wei,917647
496,northern-xiongnu,Northern Xiongnu,13636
496,rouran-khaganate,Rouran Khaganate,1101333
496,sasanian-empire,Sasanian Empire,2920245
496,visigothic-kingdom,Visigothic Kingdom,115385
496,western-xiongnu,Western Xiongnu,29167
496,xiongnu-empire,Xiongnu Empire,53254
500,xiongnu-empire,Xiongnu Empire,0
501,francia,Francia,72072
501,kingdom-of-aksum,Kingdom of Aksum,940574
501,northern-wei,Northern Wei,800000
501,pushyabhuti-dynasty,Pushyabhuti dynasty,8000
501,rouran-khaganate,Rouran Khaganate,1008000
501,sasanian-empire,Sasanian Empire,2973926
501,visigothic-kingdom,Visigothic Kingdom,144231
502,francia,Francia,75676
502,kingdom-of-aksum,Kingdom of Aksum,938525
502,liang-dynasty,Liang dynasty,1300000
502,northern-wei,Northern Wei,776471
502,pushyabhuti-dynasty,Pushyabhuti dynasty,16000
502,rouran-khaganate,Rouran Khaganate,989333
502,sasanian-empire,Sasanian Empire,2984663
502,visigothic-kingdom,Visigothic Kingdom,150000
506,francia,Francia,90090
506,kingdom-of-aksum,Kingdom of Aksum,930328
506,liang-dynasty,Liang dynasty,1238824
506,northern-wei,Northern Wei,682353
506,pushyabhuti-dynasty,Pushyabhuti dynasty,48000
506,rouran-khaganate,Rouran Khaganate,914667
506,sasanian-empire,Sasanian Empire,3027607
506,visigothic-kingdom,Visigothic Kingdom,173077
51,eastern-han-dynasty,Eastern Han dynasty,2253333
51,indo-scythian-kingdom,Indo-Scythian Kingdom,2387895
51,kingdom-of-aksum,Kingdom of Aksum,751667
51,kingdom-of-armenia,Kingdom of Armenia,681325
51,northern-xiongnu,Northern Xiongnu,1462500
51,parthian-empire,Parthian Empire,2172197
51,roman-empire,Roman Empire,2708333
51,satavahana-dynasty,Satavahana dynasty,369737
51,western-satraps,Western Satraps,123077
51,western-xiongnu,Western Xiongnu,3273958
51,xiongnu-empire,Xiongnu Empire,5977811
511,francia,Francia,108108
511,kingdom-of-aksum,Kingdom of Aksum,920082
511,liang-dynasty,Liang dynasty,1162353
511,northern-wei,Northern Wei,564706
511,pushyabhuti-dynasty,Pushyabhuti dynasty,88000
511,rouran-khaganate,Rouran Khaganate,821333
511,sasanian-empire,Sasanian Empire,3081288
511,visigothic-kingdom,Visigothic Kingdom,201923
516,francia,Francia,126126
516,kingdom-of-aksum,Kingdom of Aksum,909836
516,liang-dynasty,Liang dynasty,1085882
516,northern-wei,Northern Wei,447059
516,pushyabhuti-dynasty,Pushyabhuti dynasty,128000
516,rouran-khaganate,Rouran Khaganate,728000
516,sasanian-empire,Sasanian Empire,3134969
516,visigothic-kingdom,Visigothic Kingdom,230769
521,francia,Francia,144144
521,kingdom-of-aksum,Kingdom of Aksum,899590
521,liang-dynasty,Liang dynasty,1009412
521,northern-wei,Northern Wei,329412
521,pushyabhuti-dynasty,Pushyabhuti dynasty,168000
521,rouran-khaganate,Rouran Khaganate,634667
521,sasanian-empire,Sasanian Empire,3188650
521,visigothic-kingdom,Visigothic Kingdom,259615
526,francia,Francia,162162
526,kingdom-of-aksum,Kingdom of Aksum,889344
526,liang-dynasty,Liang dynasty,932941
526,northern-wei,Northern Wei,211765
526,pushyabhuti-dynasty,Pushyabhuti dynasty,208000
526,rouran-khaganate,Rouran Khaganate,541333
526,sasanian-empire,Sasanian Empire,3242331
526,visigothic-kingdom,Visigothic Kingdom,288462
531,francia,Francia,180180
531,kingdom-of-aksum,Kingdom of Aksum,879098
531,liang-dynasty,Liang dynasty,856471
531,northern-wei,Northern Wei,94118
531,pushyabhuti-dynasty,Pushyabhuti dynasty,248000
531,rouran-khaganate,Rouran Khaganate,448000
531,sasanian-empire,Sasanian Empire,3296012
531,visigothic-kingdom,Visigothic Kingdom,317308
535,northern-wei,Northern Wei,0
536,francia,Francia,198198
536,kingdom-of-aksum,Kingdom of Aksum,868852
536,liang-dynasty,Liang dynasty,780000
536,pushyabhuti-dynasty,Pushyabhuti dynasty,288000
536,rouran-khaganate,Rouran Khaganate,354667
536,sasanian-empire,Sasanian Empire,3349693
536,visigothic-kingdom,Visigothic Kingdom,346154
541,francia,Francia,216216
541,kingdom-of-aksum,Kingdom of Aksum,858607
541,liang-dynasty,Liang dynasty,703529
541,pushyabhuti-dynasty,Pushyabhuti dynasty,328000
541,rouran-khaganate,Rouran Khaganate,261333
541,sasanian-empire,Sasanian Empire,3403374
541,visigothic-kingdom,Visigothic Kingdom,375000
546,francia,Francia,234234
546,kingdom-of-aksum,Kingdom of Aksum,848361
546,liang-dynasty,Liang dynasty,627059
546,pushyabhuti-dynasty,Pushyabhuti dynasty,368000
546,rouran-khaganate,Rouran Khaganate,168000
546,sasanian-empire,Sasanian Empire,3457055
546,visigothic-kingdom,Visigothic Kingdom,403846
550,francia,Francia,248649
550,kingdom-of-aksum,Kingdom of Aksum,840164
550,liang-dynasty,Liang dynasty,565882
550,pushyabhuti-dynasty,Pushyabhuti dynasty,400000
550,rouran-khaganate,Rouran Khaganate,93333
550,sasanian-empire,Sasanian Empire,3500000
550,visigothic-kingdom,Visigothic Kingdom,426923
551,francia,Francia,252252
551,kingdom-of-aksum,Kingdom of Aksum,838115
551,liang-dynasty,Liang dynasty,550588
551,northern-qi,Northern Qi,214286
551,pushyabhuti-dynasty,Pushyabhuti dynasty,408000
551,rouran-khaganate,Rouran Khaganate,74667
551,sasanian-empire,Sasanian Empire,3465347
551,visigothic-kingdom,Visigothic Kingdom,432692
555,rouran-khaganate,Rouran Khaganate,0
556,first-turkic-khaganate,First Turkic Khaganate,5000000
556,francia,Francia,270270
556,kingdom-of-aksum,Kingdom of Aksum,827869
556,liang-dynasty,Liang dynasty,474118
556,northern-qi,Northern Qi,1285714
556,pushyabhuti-dynasty,Pushyabhuti dynasty,448000
556,sasanian-empire,Sasanian Empire,3292079
556,visigothic-kingdom,Visigothic Kingdom,461538
557,first-turkic-khaganate,First Turkic Khaganate,6000000
557,francia,Francia,273874
557,kingdom-of-aksum,Kingdom of Aksum,825820
557,liang-dynasty,Liang dynasty,458824
557,northern-qi,Northern Qi,1500000
557,pushyabhuti-dynasty,Pushyabhuti dynasty,456000
557,sasanian-empire,Sasanian Empire,3257426
557,visigothic-kingdom,Visigothic Kingdom,467308
56,eastern-han-dynasty,Eastern Han dynasty,2686667
56,indo-scythian-kingdom,Indo-Scythian Kingdom,2353684
56,kingdom-of-aksum,Kingdom of Aksum,760000
56,kingdom-of-armenia,Kingdom of Armenia,672289
56,northern-xiongnu,Northern Xiongnu,1483333
56,parthian-empire,Parthian Empire,2109417
56,roman-empire,Roman Empire,2881944
56,satavahana-dynasty,Satavahana dynasty,376316
56,western-satraps,Western Satraps,161538
56,western-xiongnu,Western Xiongnu,3237500
56,xiongnu-empire,Xiongnu Empire,5911243
561,first-turkic-khaganate,First Turkic Khaganate,5478261
561,francia,Francia,288288
561,kingdom-of-aksum,Kingdom of Aksum,817623
561,liang-dynasty,Liang dynasty,397647
561,northern-qi,Northern Qi,1200000
561,northern-zhou,Northern Zhou,300000
561,pushyabhuti-dynasty,Pushyabhuti dynasty,488000
561,sasanian-empire,Sasanian Empire,3118812
561,visigothic-kingdom,Visigothic Kingdom,490385
566,avar-khaganate,Avar Khaganate,84211
566,first-turkic-khaganate,First Turkic Khaganate,4826087
566,francia,Francia,306306
566,kingdom-of-aksum,Kingdom of Aksum,807377
566,liang-dynasty,Liang dynasty,321176
566,northern-qi,Northern Qi,825000
566,northern-zhou,Northern Zhou,675000
566,pushyabhuti-dynasty,Pushyabhuti dynasty,528000
566,sasanian-empire,Sasanian Empire,2945545
566,visigothic-kingdom,Visigothic Kingdom,519231
571,avar-khaganate,Avar Khaganate,189474
571,first-turkic-khaganate,First Turkic Khaganate,4173913
571,francia,Francia,324324
571,kingdom-of-aksum,Kingdom of Aksum,797131
571,liang-dynasty,Liang dynasty,244706
571,northern-qi,Northern Qi,450000
571,northern-zhou,Northern Zhou,1050000
571,pushyabhuti-dynasty,Pushyabhuti dynasty,568000
571,sasanian-empire,Sasanian Empire,2772277
571,visigothic-kingdom,Visigothic Kingdom,548077
576,avar-khaganate,Avar Khaganate,294737
576,first-turkic-khaganate,First Turkic Khaganate,3521739
576,francia,Francia,342342
576,kingdom-of-aksum,Kingdom of Aksum,786885
576,liang-dynasty,Liang dynasty,168235
576,northern-qi,Northern Qi,75000
576,northern-zhou,Northern Zhou,1425000
576,pushyabhuti-dynasty,Pushyabhuti dynasty,608000
576,sasanian-empire,Sasanian Empire,2599010
576,visigothic-kingdom,Visigothic Kingdom,576923
577,avar-khaganate,Avar Khaganate,315789
577,first-turkic-khaganate,First Turkic Khaganate,3391304
577,francia,Francia,345946
577,kingdom-of-aksum,Kingdom of Aksum,784836
577,liang-dynasty,Liang dynasty,152941
577,northern-qi,Northern Qi,0
577,northern-zhou,Northern Zhou,1500000
577,pushyabhuti-dynasty,Pushyabhuti dynasty,616000
577,sasanian-empire,Sasanian Empire,2564356
577,visigothic-kingdom,Visigothic Kingdom,582692
580,avar-khaganate,Avar Khaganate,378947
580,first-turkic-khaganate,First Turkic Khaganate,3000000
580,francia,Francia,356757
580,kingdom-of-aksum,Kingdom of Aksum,778689
580,liang-dynasty,Liang dynasty,107059
580,northern-zhou,Northern Zhou,375000
580,pushyabhuti-dynasty,Pushyabhuti dynasty,640000
580,sasanian-empire,Sasanian Empire,2460396
580,visigothic-kingdom,Visigothic Kingdom,600000
581,avar-khaganate,Avar Khaganate,400000
581,first-turkic-khaganate,First Turkic Khaganate,2869565
581,francia,Francia,360360
581,kingdom-of-aksum,Kingdom of Aksum,776639
581,liang-dynasty,Liang dynasty,91765
581,northern-zhou,Northern Zhou,0
581,pushyabhuti-dynasty,Pushyabhuti dynasty,648000
581,sasanian-empire,Sasanian Empire,2425743
581,visigothic-kingdom,Visigothic Kingdom,595652
586,avar-khaganate,Avar Khaganate,505263
586,first-turkic-khaganate,First Turkic Khaganate,2217391
586,francia,Francia,378378
586,kingdom-of-aksum,Kingdom of Aksum,766393
586,liang-dynasty,Liang dynasty,15294
586,pushyabhuti-dynasty,Pushyabhuti dynasty,688000
586,sasanian-empire,Sasanian Empire,2252475
586,sui-dynasty,Sui dynasty,1875000
586,visigothic-kingdom,Visigothic Kingdom,573913
586,western-turkic-khaganate,Western Turkic Khaganate,357143
587,liang-dynasty,Liang dynasty,0
589,avar-khaganate,Avar Khaganate,568421
589,first-turkic-khaganate,First Turkic Khaganate,1826087
589,francia,Francia,389189
589,kingdom-of-aksum,Kingdom of Aksum,760246
589,pushyabhuti-dynasty,Pushyabhuti dynasty,712000
589,sasanian-empire,Sasanian Empire,2148515
589,sui-dynasty,Sui dynasty,3000000
589,visigothic-kingdom,Visigothic Kingdom,560870
589,western-turkic-khaganate,Western Turkic Khaganate,571429
591,avar-khaganate,Avar Khaganate,610526
591,first-turkic-khaganate,First Turkic Khaganate,1565217
591,francia,Francia,396396
591,kingdom-of-aksum,Kingdom of Aksum,756148
591,pushyabhuti-dynasty,Pushyabhuti dynasty,728000
591,sasanian-empire,Sasanian Empire,2079208
591,sui-dynasty,Sui dynasty,2793103
591,visigothic-kingdom,Visigothic Kingdom,552174
591,western-turkic-khaganate,Western Turkic Khaganate,714286
596,avar-khaganate,Avar Khaganate,715789
596,first-turkic-khaganate,First Turkic Khaganate,913043
596,francia,Francia,414414
596,kingdom-of-aksum,Kingdom of Aksum,745902
596,pushyabhuti-dynasty,Pushyabhuti dynasty,768000
596,sasanian-empire,Sasanian Empire,1905941
596,sui-dynasty,Sui dynasty,2275862
596,visigothic-kingdom,Visigothic Kingdom,530435
596,western-turkic-khaganate,Western Turkic Khaganate,1071429
6,indo-greek-kingdom,Indo-Greek Kingdom,27500
6,indo-scythian-kingdom,Indo-Scythian Kingdom,2434545
6,kingdom-of-aksum,Kingdom of Aksum,676667
6,kingdom-of-armenia,Kingdom of Armenia,762651
6,northern-xiongnu,Northern Xiongnu,1275000
6,parthian-empire,Parthian Empire,2737220
6,roman-empire,Roman Empire,1145833
6,satavahana-dynasty,Satavahana dynasty,310526
6,western-han-dynasty,Western Han dynasty,305085
6,western-xiongnu,Western Xiongnu,3346875
6,xiongnu-empire,Xiongnu Empire,6576923
60,eastern-han-dynasty,Eastern Han dynasty,3033333
60,indo-scythian-kingdom,Indo-Scythian Kingdom,2326316
60,kingdom-of-aksum,Kingdom of Aksum,766667
60,kingdom-of-armenia,Kingdom of Armenia,665060
60,northern-xiongnu,Northern Xiongnu,1500000
60,parthian-empire,Parthian Empire,2059193
60,roman-empire,Roman Empire,3020833
60,satavahana-dynasty,Satavahana dynasty,381579
60,western-satraps,Western Satraps,192308
60,western-xiongnu,Western Xiongnu,3208333
60,xiongnu-empire,Xiongnu Empire,5857988
600,avar-khaganate,Avar Khaganate,800000
600,first-turkic-khaganate,First Turkic Khaganate,391304
600,francia,Francia,428829
600,kingdom-of-aksum,Kingdom of Aksum,737705
600,pushyabhuti-dynasty,Pushyabhuti dynasty,800000
600,sasanian-empire,Sasanian Empire,1767327
600,sui-dynasty,Sui dynasty,1862069
600,visigothic-kingdom,Visigothic Kingdom,513043
600,western-turkic-khaganate,Western Turkic Khaganate,1357143
601,avar-khaganate,Avar Khaganate,796413
601,first-turkic-khaganate,First Turkic Khaganate,260870
601,francia,Francia,432432
601,kingdom-of-aksum,Kingdom of Aksum,735656
601,pushyabhuti-dynasty,Pushyabhuti dynasty,808000
601,sasanian-empire,Sasanian Empire,1732673
601,sui-dynasty,Sui dynasty,1758621
601,visigothic-kingdom,Visigothic Kingdom,508696
601,western-turkic-khaganate,Western Turkic Khaganate,1428571
603,first-turkic-khaganate,First Turkic Khaganate,0
606,avar-khaganate,Avar Khaganate,778475
606,eastern-turkic-khaganate,Eastern Turkic Khaganate,571429
606,francia,Francia,450450
606,kingdom-of-aksum,Kingdom of Aksum,725410
606,pushyabhuti-dynasty,Pushyabhuti dynasty,848000
606,sasanian-empire,Sasanian Empire,1559406
606,sui-dynasty,Sui dynasty,1241379
606,visigothic-kingdom,Visigothic Kingdom,486957
606,western-turkic-khaganate,Western Turkic Khaganate,1785714
61,eastern-han-dynasty,Eastern Han dynasty,3120000
61,indo-scythian-kingdom,Indo-Scythian Kingdom,2319474
61,kingdom-of-aksum,Kingdom of Aksum,768333
61,kingdom-of-armenia,Kingdom of Armenia,663253
61,northern-xiongnu,Northern Xiongnu,1496591
61,parthian-empire,Parthian Empire,2046637
61,roman-empire,Roman Empire,3055556
61,satavahana-dynasty,Satavahana dynasty,382895
61,western-satraps,Western Satraps,200000
61,western-xiongnu,Western Xiongnu,3201042
61,xiongnu-empire,Xiongnu Empire,5844675
611,avar-khaganate,Avar Khaganate,760538
611,eastern-turkic-khaganate,Eastern Turkic Khaganate,1523810
611,francia,Francia,468468
611,kingdom-of-aksum,Kingdom of Aksum,715164
611,pushyabhuti-dynasty,Pushyabhuti dynasty,888000
611,sasanian-empire,Sasanian Empire,1386139
611,sui-dynasty,Sui dynasty,724138
611,visigothic-kingdom,Visigothic Kingdom,465217
611,western-turkic-khaganate,Western Turkic Khaganate,2142857
616,avar-khaganate,Avar Khaganate,742601
616,eastern-turkic-khaganate,Eastern Turkic Khaganate,2476190
616,francia,Francia,486486
616,kingdom-of-aksum,Kingdom of Aksum,704918
616,pushyabhuti-dynasty,Pushyabhuti dynasty,928000
616,sasanian-empire,Sasanian Empire,1212871
616,sui-dynasty,Sui dynasty,206897
616,visigothic-kingdom,Visigothic Kingdom,443478
616,western-turkic-khaganate,Western Turkic Khaganate,2500000
618,sui-dynasty,Sui dynasty,0
621,avar-khaganate,Avar Khaganate,724664
621,eastern-turkic-khaganate,Eastern Turkic Khaganate,3428571
621,francia,Francia,504505
621,kingdom-of-aksum,Kingdom of Aksum,694672
621,pushyabhuti-dynasty,Pushyabhuti dynasty,968000
621,sasanian-empire,Sasanian Empire,1039604
621,tang-dynasty,Tang dynasty,167010
621,tibetan-empire,Tibetan Empire,75824
621,visigothic-kingdom,Visigothic Kingdom,421739
621,western-turkic-khaganate,Western Turkic Khaganate,2857143
624,avar-khaganate,Avar Khaganate,713901
624,eastern-turkic-khaganate,Eastern Turkic Khaganate,4000000
624,francia,Francia,515315
624,kingdom-of-aksum,Kingdom of Aksum,688525
624,pushyabhuti-dynasty,Pushyabhuti dynasty,992000
624,sasanian-empire,Sasanian Empire,935644
624,tang-dynasty,Tang dynasty,334021
624,tibetan-empire,Tibetan Empire,151648
624,visigothic-kingdom,Visigothic Kingdom,408696
624,western-turkic-khaganate,Western Turkic Khaganate,3071429
625,avar-khaganate,Avar Khaganate,710314
625,eastern-turkic-khaganate,Eastern Turkic Khaganate,3966942
625,francia,Francia,518919
625,kingdom-of-aksum,Kingdom of Aksum,686475
625,pushyabhuti-dynasty,Pushyabhuti dynasty,1000000
625,sasanian-empire,Sasanian Empire,900990
625,tang-dynasty,Tang dynasty,389691
625,tibetan-empire,Tibetan Empire,176923
625,visigothic-kingdom,Visigothic Kingdom,404348
625,western-turkic-khaganate,Western Turkic Khaganate,3142857
626,avar-khaganate,Avar Khaganate,706726
626,eastern-turkic-khaganate,Eastern Turkic Khaganate,3933884
626,francia,Francia,522523
626,kingdom-of-aksum,Kingdom of Aksum,684426
626,pushyabhuti-dynasty,Pushyabhuti dynasty,954545
626,sasanian-empire,Sasanian Empire,866337
626,tang-dynasty,Tang dynasty,445361
626,tibetan-empire,Tibetan Empire,202198
626,visigothic-kingdom,Visigothic Kingdom,400000
626,western-turkic-khaganate,Western Turkic Khaganate,3214286
630,avar-khaganate,Avar Khaganate,692377
630,eastern-turkic-khaganate,Eastern Turkic Khaganate,3801653
630,francia,Francia,536937
630,kingdom-of-aksum,Kingdom of Aksum,676230
630,pushyabhuti-dynasty,Pushyabhuti dynasty,772727
630,sasanian-empire,Sasanian Empire,727723
630,tang-dynasty,Tang dynasty,668041
630,tibetan-empire,Tibetan Empire,303297
630,visigothic-kingdom,Visigothic Kingdom,382609
630,western-turkic-khaganate,Western Turkic Khaganate,3500000
631,avar-khaganate,Avar Khaganate,688789
631,eastern-turkic-khaganate,Eastern Turkic Khaganate,3768595
631,francia,Francia,540541
631,kingdom-of-aksum,Kingdom of Aksum,674180
631,pushyabhuti-dynasty,Pushyabhuti dynasty,727273
631,sasanian-empire,Sasanian Empire,693069
631,tang-dynasty,Tang dynasty,723711
631,tibetan-empire,Tibetan Empire,328571
631,visigothic-kingdom,Visigothic Kingdom,378261
631,western-turkic-khaganate,Western Turkic Khaganate,3379310
636,avar-khaganate,Avar Khaganate,670852
636,eastern-turkic-khaganate,Eastern Turkic Khaganate,3603306
636,francia,Francia,558559
636,kingdom-of-aksum,Kingdom of Aksum,663934
636,pushyabhuti-dynasty,Pushyabhuti dynasty,500000
636,rashidun-caliphate,Rashidun Caliphate,1113043
636,sasanian-empire,Sasanian Empire,519802
636,tang-dynasty,Tang dynasty,1002062
636,tibetan-empire,Tibetan Empire,454945
636,visigothic-kingdom,Visigothic Kingdom,356522
636,western-turkic-khaganate,Western Turkic Khaganate,2775862
641,avar-khaganate,Avar Khaganate,652915
641,eastern-turkic-khaganate,Eastern Turkic Khaganate,3438017
641,francia,Francia,576577
641,kingdom-of-aksum,Kingdom of Aksum,653689
641,pushyabhuti-dynasty,Pushyabhuti dynasty,272727
641,rashidun-caliphate,Rashidun Caliphate,2504348
641,sasanian-empire,Sasanian Empire,346535
641,tang-dynasty,Tang dynasty,1280412
641,tibetan-empire,Tibetan Empire,581319
641,visigothic-kingdom,Visigothic Kingdom,334783
641,western-turkic-khaganate,Western Turkic Khaganate,2172414
646,avar-khaganate,Avar Khaganate,634978
646,eastern-turkic-khaganate,Eastern Turkic Khaganate,3272727
646,francia,Francia,594595
646,kingdom-of-aksum,Kingdom of Aksum,643443
646,pushyabhuti-dynasty,Pushyabhuti dynasty,45455
646,rashidun-caliphate,Rashidun Caliphate,3895652
646,sasanian-empire,Sasanian Empire,173267
646,tang-dynasty,Tang dynasty,1558763
646,tibetan-empire,Tibetan Empire,707692
646,visigothic-kingdom,Visigothic Kingdom,313043
646,western-turkic-khaganate,Western Turkic Khaganate,1568966
647,pushyabhuti-dynasty,Pushyabhuti dynasty,0
651,avar-khaganate,Avar Khaganate,617040
651,eastern-turkic-khaganate,Eastern Turkic Khaganate,3107438
651,francia,Francia,612613
651,kingdom-of-aksum,Kingdom of Aksum,633197
651,rashidun-caliphate,Rashidun Caliphate,5286957
651,sasanian-empire,Sasanian Empire,0
651,srivijaya,Srivijaya,2182
651,tang-dynasty,Tang dynasty,1837113
651,tibetan-empire,Tibetan Empire,834066
651,visigothic-kingdom,Visigothic Kingdom,291304
651,western-turkic-khaganate,Western Turkic Khaganate,965517
655,avar-khaganate,Avar Khaganate,602691
655,eastern-turkic-khaganate,Eastern Turkic Khaganate,2975207
655,francia,Francia,627027
655,kingdom-of-aksum,Kingdom of Aksum,625000
655,rashidun-caliphate,Rashidun Caliphate,6400000
655,srivijaya,Srivijaya,10909
655,tang-dynasty,Tang dynasty,2059794
655,tibetan-empire,Tibetan Empire,935165
655,visigothic-kingdom,Visigothic Kingdom,273913
655,western-turkic-khaganate,Western Turkic Khaganate,482759
656,avar-khaganate,Avar Khaganate,599103
656,eastern-turkic-khaganate,Eastern Turkic Khaganate,2942149
656,francia,Francia,630631
656,kingdom-of-aksum,Kingdom of Aksum,622951
656,rashidun-caliphate,Rashidun Caliphate,5333333
656,srivijaya,Srivijaya,13091
656,tang-dynasty,Tang dynasty,2115464
656,tibetan-empire,Tibetan Empire,960440
656,visigothic-kingdom,Visigothic Kingdom,269565
656,western-turkic-khaganate,Western Turkic Khaganate,362069
659,western-turkic-khaganate,Western Turkic Khaganate,0
66,eastern-han-dynasty,Eastern Han dynasty,3553333
66,indo-scythian-kingdom,Indo-Scythian Kingdom,2285263
66,kingdom-of-aksum,Kingdom of Aksum,776667
66,kingdom-of-armenia,Kingdom of Armenia,654217
66,northern-xiongnu,Northern Xiongnu,1479545
66,parthian-empire,Parthian Empire,1983857
66,roman-empire,Roman Empire,3229167
66,satavahana-dynasty,Satavahana dynasty,389474
66,western-satraps,Western Satraps,238462
66,western-xiongnu,Western Xiongnu,3164583
66,xiongnu-empire,Xiongnu Empire,5778107
661,avar-khaganate,Avar Khaganate,581166
661,eastern-turkic-khaganate,Eastern Turkic Khaganate,2776860
661,francia,Francia,648649
661,kingdom-of-aksum,Kingdom of Aksum,612705
661,rashidun-caliphate,Rashidun Caliphate,0
661,srivijaya,Srivijaya,24000
661,tang-dynasty,Tang dynasty,2393814
661,tibetan-empire,Tibetan Empire,1086813
661,visigothic-kingdom,Visigothic Kingdom,247826
666,avar-khaganate,Avar Khaganate,563229
666,eastern-turkic-khaganate,Eastern Turkic Khaganate,2611570
666,francia,Francia,666667
666,kingdom-of-aksum,Kingdom of Aksum,602459
666,srivijaya,Srivijaya,34909
666,tang-dynasty,Tang dynasty,2672165
666,tibetan-empire,Tibetan Empire,1213187
666,umayyad-caliphate,Umayyad Caliphate,940678
666,visigothic-kingdom,Visigothic Kingdom,226087
671,avar-khaganate,Avar Khaganate,545291
671,eastern-turkic-khaganate,Eastern Turkic Khaganate,2446281
671,francia,Francia,684685
671,kingdom-of-aksum,Kingdom of Aksum,592213
671,srivijaya,Srivijaya,45818
671,tang-dynasty,Tang dynasty,2950515
671,tibetan-empire,Tibetan Empire,1339560
671,umayyad-caliphate,Umayyad Caliphate,1881356
671,visigothic-kingdom,Visigothic Kingdom,204348
676,avar-khaganate,Avar Khaganate,527354
676,eastern-turkic-khaganate,Eastern Turkic Khaganate,2280992
676,francia,Francia,702703
676,kingdom-of-aksum,Kingdom of Aksum,581967
676,srivijaya,Srivijaya,56727
676,tang-dynasty,Tang dynasty,3228866
676,tibetan-empire,Tibetan Empire,1465934
676,umayyad-caliphate,Umayyad Caliphate,2822034
676,visigothic-kingdom,Visigothic Kingdom,182609
681,avar-khaganate,Avar Khaganate,509417
681,eastern-turkic-khaganate,Eastern Turkic Khaganate,2115702
681,francia,Francia,720721
681,kingdom-of-aksum,Kingdom of Aksum,571721
681,srivijaya,Srivijaya,67636
681,tang-dynasty,Tang dynasty,3507216
681,tibetan-empire,Tibetan Empire,1592308
681,umayyad-caliphate,Umayyad Caliphate,3762712
681,visigothic-kingdom,Visigothic Kingdom,160870
686,avar-khaganate,Avar Khaganate,491480
686,bulgarian-empire,Bulgarian Empire,11834
686,eastern-turkic-khaganate,Eastern Turkic Khaganate,1950413
686,francia,Francia,738739
686,kingdom-of-aksum,Kingdom of Aksum,561475
686,srivijaya,Srivijaya,78545
686,tang-dynasty,Tang dynasty,3785567
686,tibetan-empire,Tibetan Empire,1718681
686,umayyad-caliphate,Umayyad Caliphate,4703390
686,visigothic-kingdom,Visigothic Kingdom,139130
691,avar-khaganate,Avar Khaganate,473543
691,bulgarian-empire,Bulgarian Empire,23669
691,eastern-turkic-khaganate,Eastern Turkic Khaganate,1785124
691,francia,Francia,756757
691,kingdom-of-aksum,Kingdom of Aksum,551230
691,srivijaya,Srivijaya,89455
691,tang-dynasty,Tang dynasty,4063918
691,tibetan-empire,Tibetan Empire,1845055
691,umayyad-caliphate,Umayyad Caliphate,5644068
691,visigothic-kingdom,Visigothic Kingdom,117391
696,avar-khaganate,Avar Khaganate,455605
696,bulgarian-empire,Bulgarian Empire,35503
696,eastern-turkic-khaganate,Eastern Turkic Khaganate,1619835
696,francia,Francia,774775
696,kingdom-of-aksum,Kingdom of Aksum,540984
696,srivijaya,Srivijaya,100364
696,tang-dynasty,Tang dynasty,4342268
696,tibetan-empire,Tibetan Empire,1971429
696,umayyad-caliphate,Umayyad Caliphate,6584746
696,visigothic-kingdom,Visigothic Kingdom,95652
701,avar-khaganate,Avar Khaganate,437668
701,bulgarian-empire,Bulgarian Empire,47337
701,eastern-turkic-khaganate,Eastern Turkic Khaganate,1454545
701,francia,Francia,792793
701,kingdom-of-aksum,Kingdom of Aksum,530738
701,srivijaya,Srivijaya,111273
701,tang-dynasty,Tang dynasty,4620619
701,tibetan-empire,Tibetan Empire,2097802
701,umayyad-caliphate,Umayyad Caliphate,7525424
701,visigothic-kingdom,Visigothic Kingdom,73913
706,avar-khaganate,Avar Khaganate,419731
706,bulgarian-empire,Bulgarian Empire,59172
706,eastern-turkic-khaganate,Eastern Turkic Khaganate,1289256
706,francia,Francia,810811
706,kingdom-of-aksum,Kingdom of Aksum,520492
706,srivijaya,Srivijaya,122182
706,tang-dynasty,Tang dynasty,4898969
706,tibetan-empire,Tibetan Empire,2224176
706,umayyad-caliphate,Umayyad Caliphate,8466102
706,visigothic-kingdom,Visigothic Kingdom,52174
71,eastern-han-dynasty,Eastern Han dynasty,3986667
71,indo-scythian-kingdom,Indo-Scythian Kingdom,2251053
71,kingdom-of-aksum,Kingdom of Aksum,785000
71,kingdom-of-armenia,Kingdom of Armenia,645181
71,northern-xiongnu,Northern Xiongnu,1462500
71,parthian-empire,Parthian Empire,1921076
71,roman-empire,Roman Empire,3402778
71,satavahana-dynasty,Satavahana dynasty,396053
71,western-satraps,Western Satraps,276923
71,western-xiongnu,Western Xiongnu,3128125
71,xiongnu-empire,Xiongnu Empire,5711538
711,avar-khaganate,Avar Khaganate,401794
711,bulgarian-empire,Bulgarian Empire,71006
711,eastern-turkic-khaganate,Eastern Turkic Khaganate,1123967
711,francia,Francia,828829
711,kingdom-of-aksum,Kingdom of Aksum,510246
711,srivijaya,Srivijaya,133091
711,tang-dynasty,Tang dynasty,5177320
711,tibetan-empire,Tibetan Empire,2350549
711,umayyad-caliphate,Umayyad Caliphate,9406780
711,visigothic-kingdom,Visigothic Kingdom,30435
715,avar-khaganate,Avar Khaganate,387444
715,bulgarian-empire,Bulgarian Empire,80473
715,eastern-turkic-khaganate,Eastern Turkic Khaganate,991736
715,francia,Francia,843243
715,kingdom-of-aksum,Kingdom of Aksum,502049
715,srivijaya,Srivijaya,141818
715,tang-dynasty,Tang dynasty,5400000
715,tibetan-empire,Tibetan Empire,2451648
715,umayyad-caliphate,Umayyad Caliphate,10159322
715,visigothic-kingdom,Visigothic Kingdom,13043
716,avar-khaganate,Avar Khaganate,383857
716,bulgarian-empire,Bulgarian Empire,82840
716,eastern-turkic-khaganate,Eastern Turkic Khaganate,958678
716,francia,Francia,846847
716,kingdom-of-aksum,Kingdom of Aksum,500000
716,srivijaya,Srivijaya,144000
716,tang-dynasty,Tang dynasty,5371875
716,tibetan-empire,Tibetan Empire,2476923
716,umayyad-caliphate,Umayyad Caliphate,10347458
716,visigothic-kingdom,Visigothic Kingdom,8696
718,visigothic-kingdom,Visigothic Kingdom,0
720,avar-khaganate,Avar Khaganate,369507
720,bulgarian-empire,Bulgarian Empire,92308
720,eastern-turkic-khaganate,Eastern Turkic Khaganate,826446
720,francia,Francia,861261
720,kingdom-of-aksum,Kingdom of Aksum,491803
720,srivijaya,Srivijaya,152727
720,tang-dynasty,Tang dynasty,5259375
720,tibetan-empire,Tibetan Empire,2578022
720,umayyad-caliphate,Umayyad Caliphate,11100000
721,avar-khaganate,Avar Khaganate,365919
721,bulgarian-empire,Bulgarian Empire,94675
721,eastern-turkic-khaganate,Eastern Turkic Khaganate,793388
721,francia,Francia,864865
721,kingdom-of-aksum,Kingdom of Aksum,489754
721,srivijaya,Srivijaya,154909
721,tang-dynasty,Tang dynasty,5231250
721,tibetan-empire,Tibetan Empire,2603297
721,umayyad-caliphate,Umayyad Caliphate,10730000
726,avar-khaganate,Avar Khaganate,347982
726,bulgarian-empire,Bulgarian Empire,106509
726,eastern-turkic-khaganate,Eastern Turkic Khaganate,628099
726,francia,Francia,882883
726,kingdom-of-aksum,Kingdom of Aksum,479508
726,srivijaya,Srivijaya,165818
726,tang-dynasty,Tang dynasty,5090625
726,tibetan-empire,Tibetan Empire,2729670
726,umayyad-caliphate,Umayyad Caliphate,8880000
731,avar-khaganate,Avar Khaganate,330045
731,bulgarian-empire,Bulgarian Empire,118343
731,eastern-turkic-khaganate,Eastern Turkic Khaganate,462810
731,francia,Francia,900901
731,kingdom-of-aksum,Kingdom of Aksum,469262
731,srivijaya,Srivijaya,176727
731,tang-dynasty,Tang dynasty,4950000
731,tibetan-empire,Tibetan Empire,2856044
731,umayyad-caliphate,Umayyad Caliphate,7030000
736,avar-khaganate,Avar Khaganate,312108
736,bulgarian-empire,Bulgarian Empire,130178
736,eastern-turkic-khaganate,Eastern Turkic Khaganate,297521
736,francia,Francia,918919
736,kingdom-of-aksum,Kingdom of Aksum,459016
736,srivijaya,Srivijaya,187636
736,tang-dynasty,Tang dynasty,4809375
736,tibetan-empire,Tibetan Empire,2982418
736,umayyad-caliphate,Umayyad Caliphate,5180000
741,avar-khaganate,Avar Khaganate,294170
741,bulgarian-empire,Bulgarian Empire,142012
741,eastern-turkic-khaganate,Eastern Turkic Khaganate,132231
741,francia,Francia,936937
741,kingdom-of-aksum,Kingdom of Aksum,448770
741,srivijaya,Srivijaya,198545
741,tang-dynasty,Tang dynasty,4668750
741,tibetan-empire,Tibetan Empire,3108791
741,umayyad-caliphate,Umayyad Caliphate,3330000
745,eastern-turkic-khaganate,Eastern Turkic Khaganate,0
746,avar-khaganate,Avar Khaganate,276233
746,bulgarian-empire,Bulgarian Empire,153846
746,francia,Francia,954955
746,kingdom-of-aksum,Kingdom of Aksum,438525
746,srivijaya,Srivijaya,209455
746,tang-dynasty,Tang dynasty,4528125
746,tibetan-empire,Tibetan Empire,3235165
746,umayyad-caliphate,Umayyad Caliphate,1480000
746,uyghur-khaganate,Uyghur Khaganate,110714
750,abbasid-caliphate,Abbasid Caliphate,11100000
750,avar-khaganate,Avar Khaganate,261883
750,bulgarian-empire,Bulgarian Empire,163314
750,francia,Francia,969369
750,kingdom-of-aksum,Kingdom of Aksum,430328
750,srivijaya,Srivijaya,218182
750,tang-dynasty,Tang dynasty,4415625
750,tibetan-empire,Tibetan Empire,3336264
750,umayyad-caliphate,Umayyad Caliphate,0
750,uyghur-khaganate,Uyghur Khaganate,332143
751,abbasid-caliphate,Abbasid Caliphate,11078150
751,avar-khaganate,Avar Khaganate,258296
751,bulgarian-empire,Bulgarian Empire,165680
751,francia,Francia,972973
751,kingdom-of-aksum,Kingdom of Aksum,428279
751,srivijaya,Srivijaya,220364
751,tang-dynasty,Tang dynasty,4387500
751,tibetan-empire,Tibetan Empire,3361538
751,uyghur-khaganate,Uyghur Khaganate,387500
756,abbasid-caliphate,Abbasid Caliphate,10968898
756,avar-khaganate,Avar Khaganate,240359
756,bulgarian-empire,Bulgarian Empire,177515
756,emirate-of-c-rdoba,Emirate of Córdoba,500000
756,francia,Francia,990991
756,kingdom-of-aksum,Kingdom of Aksum,418033
756,srivijaya,Srivijaya,231273
756,tang-dynasty,Tang dynasty,4246875
756,tibetan-empire,Tibetan Empire,3487912
756,uyghur-khaganate,Uyghur Khaganate,664286
76,eastern-han-dynasty,Eastern Han dynasty,4420000
76,indo-scythian-kingdom,Indo-Scythian Kingdom,2216842
76,kingdom-of-aksum,Kingdom of Aksum,793333
76,kingdom-of-armenia,Kingdom of Armenia,636145
76,northern-xiongnu,Northern Xiongnu,1445455
76,parthian-empire,Parthian Empire,1858296
76,roman-empire,Roman Empire,3576389
76,satavahana-dynasty,Satavahana dynasty,402632
76,western-satraps,Western Satraps,315385
76,western-xiongnu,Western Xiongnu,3091667
76,xiongnu-empire,Xiongnu Empire,5644970
761,abbasid-caliphate,Abbasid Caliphate,10859646
761,avar-khaganate,Avar Khaganate,222422
761,bulgarian-empire,Bulgarian Empire,189349
761,emirate-of-c-rdoba,Emirate of Córdoba,485549
761,francia,Francia,1009009
761,kingdom-of-aksum,Kingdom of Aksum,407787
761,srivijaya,Srivijaya,242182
761,tang-dynasty,Tang dynasty,4106250
761,tibetan-empire,Tibetan Empire,3614286
761,uyghur-khaganate,Uyghur Khaganate,941071
766,abbasid-caliphate,Abbasid Caliphate,10750394
766,avar-khaganate,Avar Khaganate,204484
766,bulgarian-empire,Bulgarian Empire,201183
766,emirate-of-c-rdoba,Emirate of Córdoba,471098
766,francia,Francia,1027027
766,kingdom-of-aksum,Kingdom of Aksum,397541
766,srivijaya,Srivijaya,253091
766,tang-dynasty,Tang dynasty,3965625
766,tibetan-empire,Tibetan Empire,3740659
766,uyghur-khaganate,Uyghur Khaganate,1217857
771,abbasid-caliphate,Abbasid Caliphate,10641142
771,avar-khaganate,Avar Khaganate,186547
771,bulgarian-empire,Bulgarian Empire,213018
771,emirate-of-c-rdoba,Emirate of Córdoba,456647
771,francia,Francia,1045045
771,kingdom-of-aksum,Kingdom of Aksum,387295
771,srivijaya,Srivijaya,264000
771,tang-dynasty,Tang dynasty,3825000
771,tibetan-empire,Tibetan Empire,3867033
771,uyghur-khaganate,Uyghur Khaganate,1494643
776,abbasid-caliphate,Abbasid Caliphate,10531890
776,avar-khaganate,Avar Khaganate,168610
776,bulgarian-empire,Bulgarian Empire,224852
776,emirate-of-c-rdoba,Emirate of Córdoba,442197
776,francia,Francia,1063063
776,kingdom-of-aksum,Kingdom of Aksum,377049
776,srivijaya,Srivijaya,274909
776,tang-dynasty,Tang dynasty,3684375
776,tibetan-empire,Tibetan Empire,3993407
776,uyghur-khaganate,Uyghur Khaganate,1771429
781,abbasid-caliphate,Abbasid Caliphate,10422638
781,avar-khaganate,Avar Khaganate,150673
781,bulgarian-empire,Bulgarian Empire,236686
781,emirate-of-c-rdoba,Emirate of Córdoba,427746
781,francia,Francia,1081081
781,kingdom-of-aksum,Kingdom of Aksum,366803
781,srivijaya,Srivijaya,285818
781,tang-dynasty,Tang dynasty,3543750
781,tibetan-empire,Tibetan Empire,4119780
781,uyghur-khaganate,Uyghur Khaganate,2048214
786,abbasid-caliphate,Abbasid Caliphate,10313386
786,avar-khaganate,Avar Khaganate,132735
786,bulgarian-empire,Bulgarian Empire,248521
786,emirate-of-c-rdoba,Emirate of Córdoba,413295
786,francia,Francia,1099099
786,kingdom-of-aksum,Kingdom of Aksum,356557
786,srivijaya,Srivijaya,296727
786,tang-dynasty,Tang dynasty,3403125
786,tibetan-empire,Tibetan Empire,4246154
786,uyghur-khaganate,Uyghur Khaganate,2325000
791,abbasid-caliphate,Abbasid Caliphate,10204134
791,avar-khaganate,Avar Khaganate,114798
791,bulgarian-empire,Bulgarian Empire,260355
791,emirate-of-c-rdoba,Emirate of Córdoba,398844
791,francia,Francia,1117117
791,kingdom-of-aksum,Kingdom of Aksum,346311
791,srivijaya,Srivijaya,307636
791,tang-dynasty,Tang dynasty,3262500
791,tibetan-empire,Tibetan Empire,4372527
791,uyghur-khaganate,Uyghur Khaganate,2601786
796,abbasid-caliphate,Abbasid Caliphate,10094882
796,avar-khaganate,Avar Khaganate,96861
796,bulgarian-empire,Bulgarian Empire,272189
796,emirate-of-c-rdoba,Emirate of Córdoba,384393
796,francia,Francia,1135135
796,kingdom-of-aksum,Kingdom of Aksum,336066
796,srivijaya,Srivijaya,318545
796,tang-dynasty,Tang dynasty,3121875
796,tibetan-empire,Tibetan Empire,4498901
796,uyghur-khaganate,Uyghur Khaganate,2878571
800,abbasid-caliphate,Abbasid Caliphate,10007480
800,avar-khaganate,Avar Khaganate,82511
800,bulgarian-empire,Bulgarian Empire,281657
800,emirate-of-c-rdoba,Emirate of Córdoba,372832
800,francia,Francia,1149550
800,kingdom-of-aksum,Kingdom of Aksum,327869
800,srivijaya,Srivijaya,327273
800,tang-dynasty,Tang dynasty,3009375
800,tibetan-empire,Tibetan Empire,4600000
800,uyghur-khaganate,Uyghur Khaganate,3100000
801,abbasid-caliphate,Abbasid Caliphate,9985630
801,avar-khaganate,Avar Khaganate,78924
801,bulgarian-empire,Bulgarian Empire,284024
801,emirate-of-c-rdoba,Emirate of Córdoba,369942
801,francia,Francia,1153153
801,gurjara-pratihara-dynasty,Gurjara-Pratihara dynasty,16667
801,kingdom-of-aksum,Kingdom of Aksum,325820
801,srivijaya,Srivijaya,329455
801,tang-dynasty,Tang dynasty,2981250
801,tibetan-empire,Tibetan Empire,4490476
801,uyghur-khaganate,Uyghur Khaganate,3022500
806,abbasid-caliphate,Abbasid Caliphate,9876378
806,avar-khaganate,Avar Khaganate,60987
806,bulgarian-empire,Bulgarian Empire,295858
806,emirate-of-c-rdoba,Emirate of Córdoba,355491
806,francia,Francia,1171171
806,gurjara-pratihara-dynasty,Gurjara-Pratihara dynasty,100000
806,khmer-empire,Khmer Empire,8197
806,kingdom-of-aksum,Kingdom of Aksum,315574
806,srivijaya,Srivijaya,340364
806,tang-dynasty,Tang dynasty,2840625
806,tibetan-empire,Tibetan Empire,3942857
806,uyghur-khaganate,Uyghur Khaganate,2635000
81,eastern-han-dynasty,Eastern Han dynasty,4853333
81,indo-scythian-kingdom,Indo-Scythian Kingdom,2182632
81,kingdom-of-aksum,Kingdom of Aksum,801667
81,kingdom-of-armenia,Kingdom of Armenia,627108
81,northern-xiongnu,Northern Xiongnu,1428409
81,parthian-empire,Parthian Empire,1795516
81,roman-empire,Roman Empire,3750000
81,satavahana-dynasty,Satavahana dynasty,409211
81,western-satraps,Western Satraps,353846
81,western-xiongnu,Western Xiongnu,3055208
81,xiongnu-empire,Xiongnu Empire,5578402
811,abbasid-caliphate,Abbasid Caliphate,9767126
811,avar-khaganate,Avar Khaganate,43049
811,bulgarian-empire,Bulgarian Empire,307692
811,emirate-of-c-rdoba,Emirate of Córdoba,341040
811,francia,Francia,1189189
811,gurjara-pratihara-dynasty,Gurjara-Pratihara dynasty,183333
811,khmer-empire,Khmer Empire,18443
811,kingdom-of-aksum,Kingdom of Aksum,305328
811,srivijaya,Srivijaya,351273
811,tang-dynasty,Tang dynasty,2700000
811,tibetan-empire,Tibetan Empire,3395238
811,uyghur-khaganate,Uyghur Khaganate,2247500
814,abbasid-caliphate,Abbasid Caliphate,9701575
814,avar-khaganate,Avar Khaganate,32287
814,bulgarian-empire,Bulgarian Empire,314793
814,emirate-of-c-rdoba,Emirate of Córdoba,332370
814,francia,Francia,1200000
814,gurjara-pratihara-dynasty,Gurjara-Pratihara dynasty,233333
814,khmer-empire,Khmer Empire,24590
814,kingdom-of-aksum,Kingdom of Aksum,299180
814,srivijaya,Srivijaya,357818
814,tang-dynasty,Tang dynasty,2615625
814,tibetan-empire,Tibetan Empire,3066667
814,uyghur-khaganate,Uyghur Khaganate,2015000
816,abbasid-caliphate,Abbasid Caliphate,9657874
816,avar-khaganate,Avar Khaganate,25112
816,bulgarian-empire,Bulgarian Empire,319527
816,emirate-of-c-rdoba,Emirate of Córdoba,326590
816,francia,Francia,1117241
816,gurjara-pratihara-dynasty,Gurjara-Pratihara dynasty,266667
816,khmer-empire,Khmer Empire,28689
816,kingdom-of-aksum,Kingdom of Aksum,295082
816,srivijaya,Srivijaya,362182
816,tang-dynasty,Tang dynasty,2559375
816,tibetan-empire,Tibetan Empire,2847619
816,uyghur-khaganate,Uyghur Khaganate,1860000
821,abbasid-caliphate,Abbasid Caliphate,9548622
821,avar-khaganate,Avar Khaganate,7175
821,bulgarian-empire,Bulgarian Empire,331361
821,emirate-of-c-rdoba,Emirate of Córdoba,312139
821,francia,Francia,910345
821,gurjara-pratihara-dynasty,Gurjara-Pratihara dynasty,350000
821,khmer-empire,Khmer Empire,38934
821,kingdom-of-aksum,Kingdom of Aksum,284836
821,samanid-empire,Samanid Empire,52294
821,srivijaya,Srivijaya,373091
821,tahirid-dynasty,Tahirid dynasty,712329
821,tang-dynasty,Tang dynasty,2418750
821,tibetan-empire,Tibetan Empire,2300000
821,uyghur-khaganate,Uyghur Khaganate,1472500
823,avar-khaganate,Avar Khaganate,0
826,abbasid-caliphate,Abbasid Caliphate,9439370
826,bulgarian-empire,Bulgarian Empire,343195
826,emirate-of-c-rdoba,Emirate of Córdoba,297688
826,francia,Francia,703448
826,gurjara-pratihara-dynasty,Gurjara-Pratihara dynasty,433333
826,khmer-empire,Khmer Empire,49180
826,kingdom-of-aksum,Kingdom of Aksum,274590
826,samanid-empire,Samanid Empire,183028
826,srivijaya,Srivijaya,384000
826,tahirid-dynasty,Tahirid dynasty,643836
826,tang-dynasty,Tang dynasty,2278125
826,tibetan-empire,Tibetan Empire,1752381
826,uyghur-khaganate,Uyghur Khaganate,1085000
831,abbasid-caliphate,Abbasid Caliphate,9330118
831,bulgarian-empire,Bulgarian Empire,355030
831,emirate-of-c-rdoba,Emirate of Córdoba,283237
831,francia,Francia,496552
831,gurjara-pratihara-dynasty,Gurjara-Pratihara dynasty,516667
831,khmer-empire,Khmer Empire,59426
831,kingdom-of-aksum,Kingdom of Aksum,264344
831,samanid-empire,Samanid Empire,313761
831,srivijaya,Srivijaya,394909
831,tahirid-dynasty,Tahirid dynasty,575342
831,tang-dynasty,Tang dynasty,2137500
831,tibetan-empire,Tibetan Empire,1204762
831,uyghur-khaganate,Uyghur Khaganate,697500
836,abbasid-caliphate,Abbasid Caliphate,9220866
836,bulgarian-empire,Bulgarian Empire,366864
836,emirate-of-c-rdoba,Emirate of Córdoba,268786
836,francia,Francia,289655
836,gurjara-pratihara-dynasty,Gurjara-Pratihara dynasty,600000
836,khmer-empire,Khmer Empire,69672
836,kingdom-of-aksum,Kingdom of Aksum,254098
836,samanid-empire,Samanid Empire,444495
836,srivijaya,Srivijaya,405818
836,tahirid-dynasty,Tahirid dynasty,506849
836,tang-dynasty,Tang dynasty,1996875
836,tibetan-empire,Tibetan Empire,657143
836,uyghur-khaganate,Uyghur Khaganate,310000
840,uyghur-khaganate,Uyghur Khaganate,0
841,abbasid-caliphate,Abbasid Caliphate,9111614
841,bulgarian-empire,Bulgarian Empire,378698
841,emirate-of-c-rdoba,Emirate of Córdoba,254335
841,francia,Francia,82759
841,gurjara-pratihara-dynasty,Gurjara-Pratihara dynasty,683333
841,khmer-empire,Khmer Empire,79918
841,kingdom-of-aksum,Kingdom of Aksum,243852
841,samanid-empire,Samanid Empire,575229
841,srivijaya,Srivijaya,416727
841,tahirid-dynasty,Tahirid dynasty,438356
841,tang-dynasty,Tang dynasty,1856250
841,tibetan-empire,Tibetan Empire,109524
842,tibetan-empire,Tibetan Empire,0
846,abbasid-caliphate,Abbasid Caliphate,9002362
846,bulgarian-empire,Bulgarian Empire,390533
846,emirate-of-c-rdoba,Emirate of Córdoba,239884
846,gurjara-pratihara-dynasty,Gurjara-Pratihara dynasty,766667
846,khmer-empire,Khmer Empire,90164
846,kingdom-of-aksum,Kingdom of Aksum,233607
846,samanid-empire,Samanid Empire,705963
846,srivijaya,Srivijaya,427636
846,tahirid-dynasty,Tahirid dynasty,369863
846,tang-dynasty,Tang dynasty,1715625
850,abbasid-caliphate,Abbasid Caliphate,8914961
850,bulgarian-empire,Bulgarian Empire,400000
850,emirate-of-c-rdoba,Emirate of Córdoba,228324
850,gurjara-pratihara-dynasty,Gurjara-Pratihara dynasty,833333
850,khmer-empire,Khmer Empire,98361
850,kingdom-of-aksum,Kingdom of Aksum,225410
850,samanid-empire,Samanid Empire,810550
850,srivijaya,Srivijaya,436364
850,tahirid-dynasty,Tahirid dynasty,315068
850,tang-dynasty,Tang dynasty,1603125
851,abbasid-caliphate,Abbasid Caliphate,8893110
851,bulgarian-empire,Bulgarian Empire,397619
851,emirate-of-c-rdoba,Emirate of Córdoba,225434
851,gurjara-pratihara-dynasty,Gurjara-Pratihara dynasty,850000
851,khmer-empire,Khmer Empire,100410
851,kingdom-of-aksum,Kingdom of Aksum,223361
851,samanid-empire,Samanid Empire,836697
851,srivijaya,Srivijaya,438545
851,tahirid-dynasty,Tahirid dynasty,301370
851,tang-dynasty,Tang dynasty,1575000
856,abbasid-caliphate,Abbasid Caliphate,8783858
856,bulgarian-empire,Bulgarian Empire,385714
856,emirate-of-c-rdoba,Emirate of Córdoba,210983
856,gurjara-pratihara-dynasty,Gurjara-Pratihara dynasty,933333
856,khmer-empire,Khmer Empire,110656
856,kingdom-of-aksum,Kingdom of Aksum,213115
856,samanid-empire,Samanid Empire,967431
856,srivijaya,Srivijaya,449455
856,tahirid-dynasty,Tahirid dynasty,232877
856,tang-dynasty,Tang dynasty,1434375
86,eastern-han-dynasty,Eastern Han dynasty,5286667
86,indo-scythian-kingdom,Indo-Scythian Kingdom,2148421
86,kingdom-of-aksum,Kingdom of Aksum,810000
86,kingdom-of-armenia,Kingdom of Armenia,618072
86,northern-xiongnu,Northern Xiongnu,1411364
86,parthian-empire,Parthian Empire,1732735
86,roman-empire,Roman Empire,3923611
86,satavahana-dynasty,Satavahana dynasty,415789
86,western-satraps,Western Satraps,392308
86,western-xiongnu,Western Xiongnu,3018750
86,xiongnu-empire,Xiongnu Empire,5511834
860,abbasid-caliphate,Abbasid Caliphate,8696457
860,bulgarian-empire,Bulgarian Empire,376190
860,emirate-of-c-rdoba,Emirate of Córdoba,199422
860,gurjara-pratihara-dynasty,Gurjara-Pratihara dynasty,1000000
860,khmer-empire,Khmer Empire,118852
860,kingdom-of-aksum,Kingdom of Aksum,204918
860,samanid-empire,Samanid Empire,1072018
860,srivijaya,Srivijaya,458182
860,tahirid-dynasty,Tahirid dynasty,178082
860,tang-dynasty,Tang dynasty,1321875
861,abbasid-caliphate,Abbasid Caliphate,8674606
861,bulgarian-empire,Bulgarian Empire,373810
861,emirate-of-c-rdoba,Emirate of Córdoba,196532
861,gurjara-pratihara-dynasty,Gurjara-Pratihara dynasty,994318
861,khmer-empire,Khmer Empire,120902
861,kingdom-of-aksum,Kingdom of Aksum,202869
861,samanid-empire,Samanid Empire,1098165
861,srivijaya,Srivijaya,460364
861,tahirid-dynasty,Tahirid dynasty,164384
861,tang-dynasty,Tang dynasty,1293750
866,abbasid-caliphate,Abbasid Caliphate,8565354
866,bulgarian-empire,Bulgarian Empire,361905
866,emirate-of-c-rdoba,Emirate of Córdoba,182081
866,gurjara-pratihara-dynasty,Gurjara-Pratihara dynasty,965909
866,khmer-empire,Khmer Empire,131148
866,kingdom-of-aksum,Kingdom of Aksum,192623
866,samanid-empire,Samanid Empire,1228899
866,srivijaya,Srivijaya,471273
866,tahirid-dynasty,Tahirid dynasty,95890
866,tang-dynasty,Tang dynasty,1153125
871,abbasid-caliphate,Abbasid Caliphate,8456102
871,bulgarian-empire,Bulgarian Empire,350000
871,emirate-of-c-rdoba,Emirate of Córdoba,167630
871,gurjara-pratihara-dynasty,Gurjara-Pratihara dynasty,937500
871,khmer-empire,Khmer Empire,141393
871,kingdom-of-aksum,Kingdom of Aksum,182377
871,samanid-empire,Samanid Empire,1359633
871,srivijaya,Srivijaya,482182
871,tahirid-dynasty,Tahirid dynasty,27397
871,tang-dynasty,Tang dynasty,1012500
873,tahirid-dynasty,Tahirid dynasty,0
876,abbasid-caliphate,Abbasid Caliphate,8346850
876,bulgarian-empire,Bulgarian Empire,338095
876,emirate-of-c-rdoba,Emirate of Córdoba,153179
876,gurjara-pratihara-dynasty,Gurjara-Pratihara dynasty,909091
876,khmer-empire,Khmer Empire,151639
876,kingdom-of-aksum,Kingdom of Aksum,172131
876,samanid-empire,Samanid Empire,1490367
876,srivijaya,Srivijaya,493091
876,tang-dynasty,Tang dynasty,871875
881,abbasid-caliphate,Abbasid Caliphate,8237598
881,bulgarian-empire,Bulgarian Empire,326190
881,emirate-of-c-rdoba,Emirate of Córdoba,138728
881,gurjara-pratihara-dynasty,Gurjara-Pratihara dynasty,880682
881,khmer-empire,Khmer Empire,161885
881,kingdom-of-aksum,Kingdom of Aksum,161885
881,samanid-empire,Samanid Empire,1621101
881,srivijaya,Srivijaya,504000
881,tang-dynasty,Tang dynasty,731250
886,abbasid-caliphate,Abbasid Caliphate,8128346
886,bulgarian-empire,Bulgarian Empire,314286
886,emirate-of-c-rdoba,Emirate of Córdoba,124277
886,gurjara-pratihara-dynasty,Gurjara-Pratihara dynasty,852273
886,khmer-empire,Khmer Empire,172131
886,kievan-rus,Kievan Rus',71186
886,kingdom-of-aksum,Kingdom of Aksum,151639
886,samanid-empire,Samanid Empire,1751835
886,srivijaya,Srivijaya,514909
886,tang-dynasty,Tang dynasty,590625
891,abbasid-caliphate,Abbasid Caliphate,8019094
891,bulgarian-empire,Bulgarian Empire,302381
891,emirate-of-c-rdoba,Emirate of Córdoba,109827
891,gurjara-pratihara-dynasty,Gurjara-Pratihara dynasty,823864
891,khmer-empire,Khmer Empire,182377
891,kievan-rus,Kievan Rus',160169
891,kingdom-of-aksum,Kingdom of Aksum,141393
891,samanid-empire,Samanid Empire,1882569
891,srivijaya,Srivijaya,525818
891,tang-dynasty,Tang dynasty,450000
896,abbasid-caliphate,Abbasid Caliphate,7909843
896,bulgarian-empire,Bulgarian Empire,290476
896,emirate-of-c-rdoba,Emirate of Córdoba,95376
896,gurjara-pratihara-dynasty,Gurjara-Pratihara dynasty,795455
896,khmer-empire,Khmer Empire,192623
896,kievan-rus,Kievan Rus',249153
896,kingdom-of-aksum,Kingdom of Aksum,131148
896,samanid-empire,Samanid Empire,2013303
896,srivijaya,Srivijaya,536727
896,tang-dynasty,Tang dynasty,309375
9,western-han-dynasty,Western Han dynasty,0
901,abbasid-caliphate,Abbasid Caliphate,7800591
901,bulgarian-empire,Bulgarian Empire,278571
901,emirate-of-c-rdoba,Emirate of Córdoba,80925
901,gurjara-pratihara-dynasty,Gurjara-Pratihara dynasty,767045
901,khmer-empire,Khmer Empire,202869
901,kievan-rus,Kievan Rus',338136
901,kingdom-of-aksum,Kingdom of Aksum,120902
901,samanid-empire,Samanid Empire,2144037
901,srivijaya,Srivijaya,547636
901,tang-dynasty,Tang dynasty,168750
906,abbasid-caliphate,Abbasid Caliphate,7691339
906,bulgarian-empire,Bulgarian Empire,266667
906,emirate-of-c-rdoba,Emirate of Córdoba,66474
906,gurjara-pratihara-dynasty,Gurjara-Pratihara dynasty,738636
906,khmer-empire,Khmer Empire,213115
906,kievan-rus,Kievan Rus',427119
906,kingdom-of-aksum,Kingdom of Aksum,110656
906,samanid-empire,Samanid Empire,2274771
906,srivijaya,Srivijaya,558545
906,tang-dynasty,Tang dynasty,28125
907,tang-dynasty,Tang dynasty,0
91,eastern-han-dynasty,Eastern Han dynasty,5720000
91,indo-scythian-kingdom,Indo-Scythian Kingdom,2114211
91,kingdom-of-aksum,Kingdom of Aksum,818333
91,kingdom-of-armenia,Kingdom of Armenia,609036
91,northern-xiongnu,Northern Xiongnu,1394318
91,parthian-empire,Parthian Empire,1669955
91,roman-empire,Roman Empire,4097222
91,satavahana-dynasty,Satavahana dynasty,422368
91,western-satraps,Western Satraps,430769
91,western-xiongnu,Western Xiongnu,2982292
91,xiongnu-empire,Xiongnu Empire,5445266
911,abbasid-caliphate,Abbasid Caliphate,7582087
911,bulgarian-empire,Bulgarian Empire,254762
911,emirate-of-c-rdoba,Emirate of Córdoba,52023
911,fatimid-caliphate,Fatimid Caliphate,136667
911,gurjara-pratihara-dynasty,Gurjara-Pratihara dynasty,710227
911,khmer-empire,Khmer Empire,223361
911,kievan-rus,Kievan Rus',516102
911,kingdom-of-aksum,Kingdom of Aksum,100410
911,samanid-empire,Samanid Empire,2405505
911,srivijaya,Srivijaya,569455
916,abbasid-caliphate,Abbasid Caliphate,7472835
916,bulgarian-empire,Bulgarian Empire,242857
916,emirate-of-c-rdoba,Emirate of Córdoba,37572
916,fatimid-caliphate,Fatimid Caliphate,478333
916,gurjara-pratihara-dynasty,Gurjara-Pratihara dynasty,681818
916,khmer-empire,Khmer Empire,233607
916,kievan-rus,Kievan Rus',605085
916,kingdom-of-aksum,Kingdom of Aksum,90164
916,samanid-empire,Samanid Empire,2536239
916,srivijaya,Srivijaya,580364
921,abbasid-caliphate,Abbasid Caliphate,7363583
921,bulgarian-empire,Bulgarian Empire,230952
921,emirate-of-c-rdoba,Emirate of Córdoba,23121
921,fatimid-caliphate,Fatimid Caliphate,820000
921,gurjara-pratihara-dynasty,Gurjara-Pratihara dynasty,653409
921,khmer-empire,Khmer Empire,243852
921,kievan-rus,Kievan Rus',694068
921,kingdom-of-aksum,Kingdom of Aksum,79918
921,liao-dynasty,Liao dynasty,419355
921,samanid-empire,Samanid Empire,2666972
921,srivijaya,Srivijaya,591273
926,abbasid-caliphate,Abbasid Caliphate,7254331
926,bulgarian-empire,Bulgarian Empire,219048
926,emirate-of-c-rdoba,Emirate of Córdoba,8671
926,fatimid-caliphate,Fatimid Caliphate,1161667
926,gurjara-pratihara-dynasty,Gurjara-Pratihara dynasty,625000
926,khmer-empire,Khmer Empire,254098
926,kievan-rus,Kievan Rus',783051
926,kingdom-of-aksum,Kingdom of Aksum,69672
926,liao-dynasty,Liao dynasty,838710
926,samanid-empire,Samanid Empire,2797706
926,srivijaya,Srivijaya,602182
928,abbasid-caliphate,Abbasid Caliphate,7210630
928,bulgarian-empire,Bulgarian Empire,214286
928,emirate-of-c-rdoba,Emirate of Córdoba,2890
928,fatimid-caliphate,Fatimid Caliphate,1298333
928,gurjara-pratihara-dynasty,Gurjara-Pratihara dynasty,613636
928,khmer-empire,Khmer Empire,258197
928,kievan-rus,Kievan Rus',818644
928,kingdom-of-aksum,Kingdom of Aksum,65574
928,liao-dynasty,Liao dynasty,1006452
928,samanid-empire,Samanid Empire,2850000
928,srivijaya,Srivijaya,606545
929,emirate-of-c-rdoba,Emirate of Córdoba,0
931,abbasid-caliphate,Abbasid Caliphate,7145079
931,bulgarian-empire,Bulgarian Empire,207143
931,caliphate-of-c-rdoba,Caliphate of Córdoba,16901
931,fatimid-caliphate,Fatimid Caliphate,1503333
931,gurjara-pratihara-dynasty,Gurjara-Pratihara dynasty,596591
931,khmer-empire,Khmer Empire,264344
931,kievan-rus,Kievan Rus',872034
931,kingdom-of-aksum,Kingdom of Aksum,59426
931,liao-dynasty,Liao dynasty,1258065
931,samanid-empire,Samanid Empire,2729577
931,srivijaya,Srivijaya,613091
936,abbasid-caliphate,Abbasid Caliphate,7035827
936,bulgarian-empire,Bulgarian Empire,195238
936,buyid-dynasty,Buyid dynasty,69565
936,caliphate-of-c-rdoba,Caliphate of Córdoba,59155
936,fatimid-caliphate,Fatimid Caliphate,1845000
936,gurjara-pratihara-dynasty,Gurjara-Pratihara dynasty,568182
936,khmer-empire,Khmer Empire,274590
936,kievan-rus,Kievan Rus',961017
936,kingdom-of-aksum,Kingdom of Aksum,49180
936,liao-dynasty,Liao dynasty,1677419
936,samanid-empire,Samanid Empire,2528873
936,srivijaya,Srivijaya,624000
941,abbasid-caliphate,Abbasid Caliphate,6926575
941,bulgarian-empire,Bulgarian Empire,183333
941,buyid-dynasty,Buyid dynasty,243478
941,caliphate-of-c-rdoba,Caliphate of Córdoba,101408
941,fatimid-caliphate,Fatimid Caliphate,2186667
941,gurjara-pratihara-dynasty,Gurjara-Pratihara dynasty,539773
941,khmer-empire,Khmer Empire,284836
941,kievan-rus,Kievan Rus',1050000
941,kingdom-of-aksum,Kingdom of Aksum,38934
941,liao-dynasty,Liao dynasty,2096774
941,samanid-empire,Samanid Empire,2328169
941,srivijaya,Srivijaya,634909
946,abbasid-caliphate,Abbasid Caliphate,6817323
946,bulgarian-empire,Bulgarian Empire,171429
946,buyid-dynasty,Buyid dynasty,417391
946,caliphate-of-c-rdoba,Caliphate of Córdoba,143662
946,fatimid-caliphate,Fatimid Caliphate,2528333
946,gurjara-pratihara-dynasty,Gurjara-Pratihara dynasty,511364
946,khmer-empire,Khmer Empire,295082
946,kievan-rus,Kievan Rus',1138983
946,kingdom-of-aksum,Kingdom of Aksum,28689
946,liao-dynasty,Liao dynasty,2516129
946,samanid-empire,Samanid Empire,2127465
946,srivijaya,Srivijaya,645818
947,abbasid-caliphate,Abbasid Caliphate,6795472
947,bulgarian-empire,Bulgarian Empire,169048
947,buyid-dynasty,Buyid dynasty,452174
947,caliphate-of-c-rdoba,Caliphate of Córdoba,152113
947,fatimid-caliphate,Fatimid Caliphate,2596667
947,gurjara-pratihara-dynasty,Gurjara-Pratihara dynasty,505682
947,khmer-empire,Khmer Empire,297131
947,kievan-rus,Kievan Rus',1156780
947,kingdom-of-aksum,Kingdom of Aksum,26639
947,liao-dynasty,Liao dynasty,2600000
947,samanid-empire,Samanid Empire,2087324
947,srivijaya,Srivijaya,648000
951,abbasid-caliphate,Abbasid Caliphate,6708071
951,bulgarian-empire,Bulgarian Empire,159524
951,buyid-dynasty,Buyid dynasty,591304
951,caliphate-of-c-rdoba,Caliphate of Córdoba,185915
951,fatimid-caliphate,Fatimid Caliphate,2870000
951,gurjara-pratihara-dynasty,Gurjara-Pratihara dynasty,482955
951,khmer-empire,Khmer Empire,305328
951,kievan-rus,Kievan Rus',1227966
951,kingdom-of-aksum,Kingdom of Aksum,18443
951,liao-dynasty,Liao dynasty,2541573
951,samanid-empire,Samanid Empire,1926761
951,srivijaya,Srivijaya,656727
956,abbasid-caliphate,Abbasid Caliphate,6598819
956,bulgarian-empire,Bulgarian Empire,147619
956,buyid-dynasty,Buyid dynasty,765217
956,caliphate-of-c-rdoba,Caliphate of Córdoba,228169
956,fatimid-caliphate,Fatimid Caliphate,3211667
956,gurjara-pratihara-dynasty,Gurjara-Pratihara dynasty,454545
956,khmer-empire,Khmer Empire,315574
956,kievan-rus,Kievan Rus',1316949
956,kingdom-of-aksum,Kingdom of Aksum,8197
956,liao-dynasty,Liao dynasty,2468539
956,samanid-empire,Samanid Empire,1726056
956,srivijaya,Srivijaya,667636
96,eastern-han-dynasty,Eastern Han dynasty,6153333
96,indo-scythian-kingdom,Indo-Scythian Kingdom,2080000
96,kingdom-of-aksum,Kingdom of Aksum,826667
96,kingdom-of-armenia,Kingdom of Armenia,600000
96,northern-xiongnu,Northern Xiongnu,1377273
96,parthian-empire,Parthian Empire,1607175
96,roman-empire,Roman Empire,4270833
96,satavahana-dynasty,Satavahana dynasty,428947
96,western-satraps,Western Satraps,469231
96,western-xiongnu,Western Xiongnu,2945833
96,xianbei-state,Xianbei state,126168
96,xiongnu-empire,Xiongnu Empire,5378698
960,kingdom-of-aksum,Kingdom of Aksum,0
961,abbasid-caliphate,Abbasid Caliphate,6489567
961,bulgarian-empire,Bulgarian Empire,135714
961,buyid-dynasty,Buyid dynasty,939130
961,caliphate-of-c-rdoba,Caliphate of Córdoba,270423
961,fatimid-caliphate,Fatimid Caliphate,3553333
961,gurjara-pratihara-dynasty,Gurjara-Pratihara dynasty,426136
961,khmer-empire,Khmer Empire,325820
961,kievan-rus,Kievan Rus',1405932
961,liao-dynasty,Liao dynasty,2395506
961,northern-song-dynasty,Northern Song dynasty,155000
961,samanid-empire,Samanid Empire,1525352
961,srivijaya,Srivijaya,678545
966,abbasid-caliphate,Abbasid Caliphate,6380315
966,bulgarian-empire,Bulgarian Empire,123810
966,buyid-dynasty,Buyid dynasty,1113043
966,caliphate-of-c-rdoba,Caliphate of Córdoba,312676
966,fatimid-caliphate,Fatimid Caliphate,3895000
966,ghaznavid-empire,Ghaznavid Empire,202985
966,gurjara-pratihara-dynasty,Gurjara-Pratihara dynasty,397727
966,holy-roman-empire,Holy Roman Empire,45455
966,khmer-empire,Khmer Empire,336066
966,kievan-rus,Kievan Rus',1494915
966,liao-dynasty,Liao dynasty,2322472
966,northern-song-dynasty,Northern Song dynasty,930000
966,samanid-empire,Samanid Empire,1324648
966,srivijaya,Srivijaya,689455
969,abbasid-caliphate,Abbasid Caliphate,6314764
969,bulgarian-empire,Bulgarian Empire,116667
969,buyid-dynasty,Buyid dynasty,1217391
969,caliphate-of-c-rdoba,Caliphate of Córdoba,338028
969,fatimid-caliphate,Fatimid Caliphate,4100000
969,ghaznavid-empire,Ghaznavid Empire,355224
969,gurjara-pratihara-dynasty,Gurjara-Pratihara dynasty,380682
969,holy-roman-empire,Holy Roman Empire,79545
969,khmer-empire,Khmer Empire,342213
969,kievan-rus,Kievan Rus',1548305
969,liao-dynasty,Liao dynasty,2278652
969,northern-song-dynasty,Northern Song dynasty,1395000
969,samanid-empire,Samanid Empire,1204225
969,srivijaya,Srivijaya,696000
971,abbasid-caliphate,Abbasid Caliphate,6271063
971,bulgarian-empire,Bulgarian Empire,111905
971,buyid-dynasty,Buyid dynasty,1286957
971,caliphate-of-c-rdoba,Caliphate of Córdoba,354930
971,fatimid-caliphate,Fatimid Caliphate,4059406
971,ghaznavid-empire,Ghaznavid Empire,456716
971,gurjara-pratihara-dynasty,Gurjara-Pratihara dynasty,369318
971,holy-roman-empire,Holy Roman Empire,102273
971,khmer-empire,Khmer Empire,346311
971,kievan-rus,Kievan Rus',1583898
971,liao-dynasty,Liao dynasty,2249438
971,northern-song-dynasty,Northern Song dynasty,1705000
971,samanid-empire,Samanid Empire,1123944
971,srivijaya,Srivijaya,700364
976,abbasid-caliphate,Abbasid Caliphate,6161811
976,bulgarian-empire,Bulgarian Empire,100000
976,buyid-dynasty,Buyid dynasty,1460870
976,caliphate-of-c-rdoba,Caliphate of Córdoba,397183
976,fatimid-caliphate,Fatimid Caliphate,3957921
976,ghaznavid-empire,Ghaznavid Empire,710448
976,gurjara-pratihara-dynasty,Gurjara-Pratihara dynasty,340909
976,holy-roman-empire,Holy Roman Empire,159091
976,khmer-empire,Khmer Empire,356557
976,kievan-rus,Kievan Rus',1672881
976,liao-dynasty,Liao dynasty,2176404
976,northern-song-dynasty,Northern Song dynasty,2480000
976,samanid-empire,Samanid Empire,923239
976,srivijaya,Srivijaya,711273
980,abbasid-caliphate,Abbasid Caliphate,6074409
980,bulgarian-empire,Bulgarian Empire,90476
980,buyid-dynasty,Buyid dynasty,1600000
980,caliphate-of-c-rdoba,Caliphate of Córdoba,430986
980,fatimid-caliphate,Fatimid Caliphate,3876733
980,ghaznavid-empire,Ghaznavid Empire,913433
980,gurjara-pratihara-dynasty,Gurjara-Pratihara dynasty,318182
980,holy-roman-empire,Holy Roman Empire,204545
980,khmer-empire,Khmer Empire,364754
980,kievan-rus,Kievan Rus',1744068
980,liao-dynasty,Liao dynasty,2117978
980,northern-song-dynasty,Northern Song dynasty,3100000
980,samanid-empire,Samanid Empire,762676
980,srivijaya,Srivijaya,720000
981,abbasid-caliphate,Abbasid Caliphate,6052559
981,bulgarian-empire,Bulgarian Empire,88095
981,buyid-dynasty,Buyid dynasty,1580488
981,caliphate-of-c-rdoba,Caliphate of Córdoba,439437
981,fatimid-caliphate,Fatimid Caliphate,3856436
981,ghaznavid-empire,Ghaznavid Empire,964179
981,gurjara-pratihara-dynasty,Gurjara-Pratihara dynasty,312500
981,holy-roman-empire,Holy Roman Empire,215909
981,khmer-empire,Khmer Empire,366803
981,kievan-rus,Kievan Rus',1761864
981,liao-dynasty,Liao dynasty,2103371
981,northern-song-dynasty,Northern Song dynasty,3078912
981,samanid-empire,Samanid Empire,722535
981,srivijaya,Srivijaya,722182
986,abbasid-caliphate,Abbasid Caliphate,5943307
986,bulgarian-empire,Bulgarian Empire,76190
986,buyid-dynasty,Buyid dynasty,1482927
986,caliphate-of-c-rdoba,Caliphate of Córdoba,481690
986,fatimid-caliphate,Fatimid Caliphate,3754950
986,ghaznavid-empire,Ghaznavid Empire,1217910
986,gurjara-pratihara-dynasty,Gurjara-Pratihara dynasty,284091
986,holy-roman-empire,Holy Roman Empire,272727
986,khmer-empire,Khmer Empire,377049
986,kievan-rus,Kievan Rus',1850847
986,liao-dynasty,Liao dynasty,2030337
986,northern-song-dynasty,Northern Song dynasty,2973469
986,samanid-empire,Samanid Empire,521831
986,srivijaya,Srivijaya,733091
991,abbasid-caliphate,Abbasid Caliphate,5834055
991,bulgarian-empire,Bulgarian Empire,64286
991,buyid-dynasty,Buyid dynasty,1385366
991,caliphate-of-c-rdoba,Caliphate of Córdoba,523944
991,fatimid-caliphate,Fatimid Caliphate,3653465
991,ghaznavid-empire,Ghaznavid Empire,1471642
991,gurjara-pratihara-dynasty,Gurjara-Pratihara dynasty,255682
991,holy-roman-empire,Holy Roman Empire,329545
991,khmer-empire,Khmer Empire,387295
991,kievan-rus,Kievan Rus',1939831
991,kingdom-of-france-middle-ages,Kingdom of France (Middle Ages),6084
991,liao-dynasty,Liao dynasty,1957303
991,northern-song-dynasty,Northern Song dynasty,2868027
991,samanid-empire,Samanid Empire,321127
991,srivijaya,Srivijaya,744000
996,abbasid-caliphate,Abbasid Caliphate,5724803
996,bulgarian-empire,Bulgarian Empire,52381
996,buyid-dynasty,Buyid dynasty,1287805
996,caliphate-of-c-rdoba,Caliphate of Córdoba,566197
996,fatimid-caliphate,Fatimid Caliphate,3551980
996,ghaznavid-empire,Ghaznavid Empire,1725373
996,gurjara-pratihara-dynasty,Gurjara-Pratihara dynasty,227273
996,holy-roman-empire,Holy Roman Empire,386364
996,khmer-empire,Khmer Empire,397541
996,kievan-rus,Kievan Rus',2028814
996,kingdom-of-france-middle-ages,Kingdom of France (Middle Ages),13688
996,liao-dynasty,Liao dynasty,1884270
996,northern-song-dynasty,Northern Song dynasty,2762585
996,samanid-empire,Samanid Empire,120423
996,srivijaya,Srivijaya,754909
999,samanid-empire,Samanid Empire,0
