date,entity_id,entity_name,value
2000,action-adventure-comedy-crime-thriller,"Action, Adventure, Comedy, Crime, Thriller",4148
2000,action-adventure-crime-thriller,"Action, Adventure, Crime, Thriller",1271
2000,action-adventure-drama-thriller,"Action, Adventure, Drama, Thriller",2312
2000,action-adventure-fantasy,"Action, Adventure, Fantasy",405
2000,action-adventure-science-fiction,"Action, Adventure, Science Fiction",270
2000,action-adventure-thriller,"Action, Adventure, Thriller",1357
2000,action-comedy,"Action, Comedy",1724
2000,action-comedy-crime,"Action, Comedy, Crime",36
2000,action-comedy-romance,"Action, Comedy, Romance",50
2000,action-comedy-romance-thriller,"Action, Comedy, Romance, Thriller",136
2000,action-crime-drama-thriller,"Action, Crime, Drama, Thriller",431
2000,action-crime-thriller,"Action, Crime, Thriller",4438
2000,action-drama-adventure,"Action, Drama, Adventure",19032
2000,action-drama-thriller-crime,"Action, Drama, Thriller, Crime",573
2000,action-science-fiction-thriller,"Action, Science Fiction, Thriller",2521
2000,action-thriller-crime,"Action, Thriller, Crime",191
2000,adventure-action-comedy-western,"Adventure, Action, Comedy, Western",2520
2000,adventure-action-science-fiction,"Adventure, Action, Science Fiction",11355
2000,adventure-action-thriller,"Adventure, Action, Thriller",6741
2000,adventure-animation-comedy-family-fantasy,"Adventure, Animation, Comedy, Family, Fantasy",6749
2000,adventure-comedy-crime,"Adventure, Comedy, Crime",4149
2000,adventure-drama,"Adventure, Drama",11403
2000,adventure-drama-action-romance,"Adventure, Drama, Action, Romance",3213
2000,adventure-fantasy-animation-science-fiction-family,"Adventure, Fantasy, Animation, Science Fiction, Family",847
2000,animation-action-science-fiction-family-adventure,"Animation, Action, Science Fiction, Family, Adventure",1085
2000,animation-comedy-family,"Animation, Comedy, Family",5040
2000,animation-comedy-family-fantasy-science-fiction,"Animation, Comedy, Family, Fantasy, Science Fiction",5
2000,animation-drama-family,"Animation, Drama, Family",81
2000,animation-family-adventure,"Animation, Family, Adventure",2530
2000,animation-family-comedy,"Animation, Family, Comedy",564
2000,animation-family-music,"Animation, Family, Music",1270
2000,comedy,Comedy,6984
2000,comedy-adventure,"Comedy, Adventure",1939
2000,comedy-crime,"Comedy, Crime",1878
2000,comedy-crime-action,"Comedy, Crime, Action",3900
2000,comedy-crime-drama,"Comedy, Crime, Drama",73
2000,comedy-crime-mystery,"Comedy, Crime, Mystery",163
2000,comedy-crime-thriller,"Comedy, Crime, Thriller",392
2000,comedy-documentary,"Comedy, Documentary",55
2000,comedy-drama,"Comedy, Drama",2109
2000,comedy-drama-family,"Comedy, Drama, Family",272
2000,comedy-drama-music,"Comedy, Drama, Music",143
2000,comedy-drama-music-romance,"Comedy, Drama, Music, Romance",2081
2000,comedy-drama-romance,"Comedy, Drama, Romance",3279
2000,comedy-drama-romance-fantasy,"Comedy, Drama, Romance, Fantasy",1974
2000,comedy-drama-romance-science-fiction,"Comedy, Drama, Romance, Science Fiction",150
2000,comedy-family-adventure,"Comedy, Family, Adventure",207
2000,comedy-family-romance,"Comedy, Family, Romance",750
2000,comedy-fantasy,"Comedy, Fantasy",1812
2000,comedy-romance,"Comedy, Romance",3944
2000,comedy-romance-crime,"Comedy, Romance, Crime",732
2000,crime-action-adventure,"Crime, Action, Adventure",485
2000,crime-comedy,"Crime, Comedy",2294
2000,crime-comedy-action,"Crime, Comedy, Action",256
2000,crime-drama,"Crime, Drama",1215
2000,crime-drama-thriller,"Crime, Drama, Thriller",545
2000,documentary,Documentary,31
2000,drama,Drama,3198
2000,drama-adventure-fantasy,"Drama, Adventure, Fantasy",620
2000,drama-adventure-romance-thriller,"Drama, Adventure, Romance, Thriller",4351
2000,drama-comedy,"Drama, Comedy",170
2000,drama-comedy-music,"Drama, Comedy, Music",3826
2000,drama-comedy-romance,"Drama, Comedy, Romance",277
2000,drama-comedy-romance-music,"Drama, Comedy, Romance, Music",1976
2000,drama-crime,"Drama, Crime",1792
2000,drama-crime-music-science-fiction,"Drama, Crime, Music, Science Fiction",85
2000,drama-family-music-fantasy,"Drama, Family, Music, Fantasy",27
2000,drama-fantasy,"Drama, Fantasy",897
2000,drama-history,"Drama, History",1087
2000,drama-history-war-action,"Drama, History, War, Action",3926
2000,drama-horror,"Drama, Horror",578
2000,drama-horror-mystery-thriller,"Drama, Horror, Mystery, Thriller",1818
2000,drama-horror-thriller-crime,"Drama, Horror, Thriller, Crime",277
2000,drama-music,"Drama, Music",2747
2000,drama-mystery-thriller,"Drama, Mystery, Thriller",54
2000,drama-romance,"Drama, Romance",709
2000,drama-romance-western,"Drama, Romance, Western",221
2000,drama-thriller,"Drama, Thriller",237
2000,family-adventure-animation-comedy-fantasy,"Family, Adventure, Animation, Comedy, Fantasy",3740
2000,family-adventure-comedy-fantasy,"Family, Adventure, Comedy, Fantasy",427
2000,family-animation-adventure-comedy,"Family, Animation, Adventure, Comedy",454
2000,family-comedy,"Family, Comedy",1356
2000,family-comedy-fantasy,"Family, Comedy, Fantasy",7591
2000,family-drama,"Family, Drama",170
2000,fantasy-animation-science-fiction-family,"Fantasy, Animation, Science Fiction, Family",274
2000,fantasy-comedy-romance,"Fantasy, Comedy, Romance",1895
2000,fantasy-comedy-romance-science-fiction,"Fantasy, Comedy, Romance, Science Fiction",1306
2000,history-thriller,"History, Thriller",745
2000,horror,Horror,5632
2000,horror-drama-thriller-mystery,"Horror, Drama, Thriller, Mystery",1217
2000,horror-mystery,"Horror, Mystery",3610
2000,horror-mystery-thriller,"Horror, Mystery, Thriller",470
2000,horror-science-fiction-thriller,"Horror, Science Fiction, Thriller",1528
2000,horror-thriller,"Horror, Thriller",286
2000,horror-thriller-drama,"Horror, Thriller, Drama",184
2000,mystery-thriller,"Mystery, Thriller",494
2000,mystery-thriller-horror,"Mystery, Thriller, Horror",828
2000,romance-comedy,"Romance, Comedy",437
2000,romance-drama,"Romance, Drama",172
2000,romance-drama-adventure,"Romance, Drama, Adventure",78
2000,science-fiction-action-adventure,"Science Fiction, Action, Adventure",850
2000,science-fiction-action-mystery-drama,"Science Fiction, Action, Mystery, Drama",2019
2000,science-fiction-adventure-thriller,"Science Fiction, Adventure, Thriller",1422
2000,science-fiction-horror-thriller,"Science Fiction, Horror, Thriller",384
2000,science-fiction-thriller,"Science Fiction, Thriller",1784
2000,thriller-action-crime,"Thriller, Action, Crime",653
2000,thriller-action-drama,"Thriller, Action, Drama",788
2000,thriller-action-science-fiction,"Thriller, Action, Science Fiction",1028
2000,thriller-drama-crime,"Thriller, Drama, Crime",2156
2000,thriller-drama-mystery,"Thriller, Drama, Mystery",9281
2000,thriller-horror-action-fantasy,"Thriller, Horror, Action, Fantasy",672
2000,thriller-science-fiction-action,"Thriller, Science Fiction, Action",4401
2000,war-action-adventure,"War, Action, Adventure",1223
2000,war-drama,"War, Drama",699
2001,action-adventure-comedy-crime-thriller,"Action, Adventure, Comedy, Crime, Thriller",638
2001,action-adventure-horror-fantasy,"Action, Adventure, Horror, Fantasy",245
2001,action-animation-adventure-fantasy,"Action, Animation, Adventure, Fantasy",182
2001,action-comedy,"Action, Comedy",2254
2001,action-comedy-crime,"Action, Comedy, Crime",4115
2001,action-comedy-crime-romance,"Action, Comedy, Crime, Romance",1455
2001,action-comedy-family-adventure,"Action, Comedy, Family, Adventure",3436
2001,action-crime-drama,"Action, Crime, Drama",5920
2001,action-crime-drama-thriller,"Action, Crime, Drama, Thriller",541
2001,action-crime-thriller,"Action, Crime, Thriller",10011
2001,action-crime-thriller-mystery,"Action, Crime, Thriller, Mystery",1637
2001,action-drama,"Action, Drama",721
2001,action-drama-thriller,"Action, Drama, Thriller",1259
2001,action-drama-thriller-war,"Action, Drama, Thriller, War",1492
2001,action-horror-science-fiction,"Action, Horror, Science Fiction",1086
2001,action-science-fiction-thriller,"Action, Science Fiction, Thriller",1570
2001,action-thriller-horror-fantasy,"Action, Thriller, Horror, Fantasy",38
2001,action-war-history,"Action, War, History",5745
2001,adventure-action-fantasy,"Adventure, Action, Fantasy",7039
2001,adventure-action-fantasy-science-fiction-thriller-romance-animation,"Adventure, Action, Fantasy, Science Fiction, Thriller, Romance, Animation",1460
2001,adventure-action-romance,"Adventure, Action, Romance",222
2001,adventure-action-thriller-science-fiction,"Adventure, Action, Thriller, Science Fiction",7133
2001,adventure-animation-action-comedy-family,"Adventure, Animation, Action, Comedy, Family",1014
2001,adventure-animation-comedy-family-drama,"Adventure, Animation, Comedy, Family, Drama",421
2001,adventure-comedy,"Adventure, Comedy",1779
2001,adventure-drama-action-comedy-romance,"Adventure, Drama, Action, Comedy, Romance",101
2001,adventure-drama-family,"Adventure, Drama, Family",5
2001,adventure-drama-romance-action,"Adventure, Drama, Romance, Action",3035
2001,adventure-fantasy,"Adventure, Fantasy",27607
2001,adventure-fantasy-action,"Adventure, Fantasy, Action",25348
2001,adventure-fantasy-action-thriller,"Adventure, Fantasy, Action, Thriller",6061
2001,adventure-fantasy-animation-action-family,"Adventure, Fantasy, Animation, Action, Family",623
2001,adventure-fantasy-animation-comedy-science-fiction,"Adventure, Fantasy, Animation, Comedy, Science Fiction",320
2001,adventure-horror-action-history,"Adventure, Horror, Action, History",1534
2001,animation-comedy-family,"Animation, Comedy, Family",18507
2001,animation-comedy-fantasy-adventure-family,"Animation, Comedy, Fantasy, Adventure, Family",17210
2001,animation-family-adventure-science-fiction,"Animation, Family, Adventure, Science Fiction",4750
2001,animation-family-fantasy,"Animation, Family, Fantasy",16628
2001,comedy,Comedy,4654
2001,comedy-adventure-fantasy,"Comedy, Adventure, Fantasy",316
2001,comedy-crime,"Comedy, Crime",981
2001,comedy-crime-romance,"Comedy, Crime, Romance",535
2001,comedy-drama,"Comedy, Drama",4537
2001,comedy-drama-history,"Comedy, Drama, History",191
2001,comedy-drama-romance,"Comedy, Drama, Romance",444
2001,comedy-family,"Comedy, Family",155
2001,comedy-family-romance,"Comedy, Family, Romance",4932
2001,comedy-family-romance-fantasy,"Comedy, Family, Romance, Fantasy",1667
2001,comedy-fantasy-adventure,"Comedy, Fantasy, Adventure",1099
2001,comedy-fantasy-science-fiction,"Comedy, Fantasy, Science Fiction",661
2001,comedy-music,"Comedy, Music",310
2001,comedy-romance,"Comedy, Romance",4905
2001,comedy-romance-crime,"Comedy, Romance, Crime",895
2001,comedy-romance-drama,"Comedy, Romance, Drama",5034
2001,comedy-romance-family-drama,"Comedy, Romance, Family, Drama",193
2001,comedy-science-fiction-action,"Comedy, Science Fiction, Action",2229
2001,crime-comedy-drama,"Crime, Comedy, Drama",254
2001,crime-drama,"Crime, Drama",4282
2001,crime-drama-horror-thriller,"Crime, Drama, Horror, Thriller",816
2001,crime-drama-mystery,"Crime, Drama, Mystery",200
2001,crime-drama-mystery-thriller,"Crime, Drama, Mystery, Thriller",1032
2001,crime-drama-romance-thriller,"Crime, Drama, Romance, Thriller",299
2001,crime-drama-thriller,"Crime, Drama, Thriller",4745
2001,crime-mystery-thriller,"Crime, Mystery, Thriller",1525
2001,crime-mystery-thriller-action,"Crime, Mystery, Thriller, Action",1847
2001,crime-thriller-comedy,"Crime, Thriller, Comedy",774
2001,documentary,Documentary,183
2001,drama,Drama,2293
2001,drama-action-comedy,"Drama, Action, Comedy",1282
2001,drama-comedy,"Drama, Comedy",76
2001,drama-comedy-romance,"Drama, Comedy, Romance",242
2001,drama-family-romance-music,"Drama, Family, Romance, Music",1266
2001,drama-history-romance,"Drama, History, Romance",64
2001,drama-mystery,"Drama, Mystery",171
2001,drama-mystery-thriller,"Drama, Mystery, Thriller",1088
2001,drama-romance,"Drama, Romance",10217
2001,drama-romance-music,"Drama, Romance, Music",4515
2001,drama-romance-thriller,"Drama, Romance, Thriller",435
2001,drama-romance-war,"Drama, Romance, War",520
2001,drama-science-fiction-adventure,"Drama, Science Fiction, Adventure",6145
2001,drama-thriller,"Drama, Thriller",349
2001,drama-war,"Drama, War",8262
2001,drama-war-history-romance,"Drama, War, History, Romance",3608
2001,family-adventure-animation-comedy-science-fiction,"Family, Adventure, Animation, Comedy, Science Fiction",912
2001,family-adventure-fantasy,"Family, Adventure, Fantasy",64
2001,family-animation,"Family, Animation",343
2001,family-comedy,"Family, Comedy",1624
2001,family-comedy-action-crime,"Family, Comedy, Action, Crime",224
2001,fantasy-action-thriller-crime-science-fiction-mystery,"Fantasy, Action, Thriller, Crime, Science Fiction, Mystery",520
2001,fantasy-comedy-romance,"Fantasy, Comedy, Romance",396
2001,fantasy-drama-horror-thriller,"Fantasy, Drama, Horror, Thriller",1220
2001,horror-mystery-thriller,"Horror, Mystery, Thriller",6534
2001,horror-science-fiction,"Horror, Science Fiction",1368
2001,horror-thriller,"Horror, Thriller",2114
2001,horror-thriller-mystery-drama,"Horror, Thriller, Mystery, Drama",3006
2001,music-drama-comedy,"Music, Drama, Comedy",744
2001,mystery-adventure-comedy-romance-drama,"Mystery, Adventure, Comedy, Romance, Drama",718
2001,mystery-thriller,"Mystery, Thriller",14917
2001,mystery-thriller-crime-drama,"Mystery, Thriller, Crime, Drama",141
2001,mystery-thriller-drama,"Mystery, Thriller, Drama",1187
2001,romance-comedy,"Romance, Comedy",236
2001,romance-comedy-fantasy,"Romance, Comedy, Fantasy",1348
2001,romance-drama,"Romance, Drama",60
2001,science-fiction-drama-mystery,"Science Fiction, Drama, Mystery",2409
2001,science-fiction-romance-drama-fantasy-thriller-mystery,"Science Fiction, Romance, Drama, Fantasy, Thriller, Mystery",4144
2001,thriller-action-comedy-crime,"Thriller, Action, Comedy, Crime",598
2001,thriller-crime,"Thriller, Crime",11613
2001,thriller-crime-mystery,"Thriller, Crime, Mystery",425
2001,thriller-drama-mystery,"Thriller, Drama, Mystery",6227
2001,thriller-drama-mystery-romance,"Thriller, Drama, Mystery, Romance",814
2001,thriller-mystery,"Thriller, Mystery",907
2001,thriller-science-fiction-action-adventure,"Thriller, Science Fiction, Action, Adventure",4067
2001,war-history-romance-drama-action,"War, History, Romance, Drama, Action",6496
2001,western-action,"Western, Action",244
2001,western-comedy-adventure,"Western, Comedy, Adventure",487
2002,action-adventure-comedy,"Action, Adventure, Comedy",163
2002,action-adventure-comedy-thriller,"Action, Adventure, Comedy, Thriller",769
2002,action-adventure-drama-romance-war,"Action, Adventure, Drama, Romance, War",546
2002,action-adventure-family-comedy-science-fiction-drama,"Action, Adventure, Family, Comedy, Science Fiction, Drama",2182
2002,action-adventure-fantasy-drama,"Action, Adventure, Fantasy, Drama",3126
2002,action-adventure-thriller,"Action, Adventure, Thriller",362
2002,action-adventure-thriller-crime,"Action, Adventure, Thriller, Crime",4286
2002,action-comedy,"Action, Comedy",968
2002,action-comedy-drama-crime,"Action, Comedy, Drama, Crime",134
2002,action-comedy-horror-thriller,"Action, Comedy, Horror, Thriller",1231
2002,action-comedy-science-fiction,"Action, Comedy, Science Fiction",9913
2002,action-crime,"Action, Crime",63
2002,action-crime-thriller,"Action, Crime, Thriller",5330
2002,action-crime-thriller-drama,"Action, Crime, Thriller, Drama",563
2002,action-drama-mystery-thriller,"Action, Drama, Mystery, Thriller",9275
2002,action-history-war,"Action, History, War",2047
2002,action-science-fiction,"Action, Science Fiction",19156
2002,action-science-fiction-thriller,"Action, Science Fiction, Thriller",469
2002,action-thriller-drama,"Action, Thriller, Drama",1366
2002,adventure-action-fantasy,"Adventure, Action, Fantasy",2235
2002,adventure-action-science-fiction,"Adventure, Action, Science Fiction",13270
2002,adventure-action-thriller,"Adventure, Action, Thriller",3517
2002,adventure-animation-comedy-family-music,"Adventure, Animation, Comedy, Family, Music",100
2002,adventure-animation-family-fantasy-science-fiction,"Adventure, Animation, Family, Fantasy, Science Fiction",4209
2002,adventure-comedy-family,"Adventure, Comedy, Family",119
2002,adventure-comedy-family-fantasy,"Adventure, Comedy, Family, Fantasy",83
2002,adventure-drama-history,"Adventure, Drama, History",1789
2002,adventure-family-science-fiction-thriller,"Adventure, Family, Science Fiction, Thriller",319
2002,adventure-fantasy,"Adventure, Fantasy",22074
2002,adventure-fantasy-action,"Adventure, Fantasy, Action",22003
2002,adventure-fantasy-animation-drama-family,"Adventure, Fantasy, Animation, Drama, Family",2200
2002,adventure-fantasy-animation-family,"Adventure, Fantasy, Animation, Family",2313
2002,adventure-fantasy-animation-science-fiction-family,"Adventure, Fantasy, Animation, Science Fiction, Family",412
2002,adventure-romance-drama,"Adventure, Romance, Drama",527
2002,animation-action-family,"Animation, Action, Family",300
2002,animation-adventure-action-fantasy-science-fiction,"Animation, Adventure, Action, Fantasy, Science Fiction",346
2002,animation-adventure-comedy-family-drama-western-romance,"Animation, Adventure, Comedy, Family, Drama, Western, Romance",4576
2002,animation-adventure-family,"Animation, Adventure, Family",254
2002,animation-adventure-fantasy-science-fiction-family,"Animation, Adventure, Fantasy, Science Fiction, Family",23
2002,animation-adventure-mystery,"Animation, Adventure, Mystery",198
2002,animation-comedy,"Animation, Comedy",326
2002,animation-comedy-family,"Animation, Comedy, Family",350
2002,animation-comedy-family-adventure,"Animation, Comedy, Family, Adventure",13307
2002,animation-comedy-fantasy-horror,"Animation, Comedy, Fantasy, Horror",0
2002,animation-family-comedy,"Animation, Family, Comedy",6237
2002,comedy,Comedy,411
2002,comedy-action,"Comedy, Action",661
2002,comedy-crime,"Comedy, Crime",1234
2002,comedy-crime-drama,"Comedy, Crime, Drama",2616
2002,comedy-crime-mystery,"Comedy, Crime, Mystery",1099
2002,comedy-crime-science-fiction,"Comedy, Crime, Science Fiction",3118
2002,comedy-crime-thriller,"Comedy, Crime, Thriller",395
2002,comedy-documentary,"Comedy, Documentary",1564
2002,comedy-drama,"Comedy, Drama",473
2002,comedy-drama-history-romance,"Comedy, Drama, History, Romance",472
2002,comedy-drama-romance,"Comedy, Drama, Romance",2118
2002,comedy-family-adventure,"Comedy, Family, Adventure",727
2002,comedy-family-fantasy,"Comedy, Family, Fantasy",300
2002,comedy-fantasy,"Comedy, Fantasy",2005
2002,comedy-romance,"Comedy, Romance",2037
2002,comedy-romance-drama,"Comedy, Romance, Drama",225
2002,comedy-thriller-mystery,"Comedy, Thriller, Mystery",980
2002,crime-action-drama,"Crime, Action, Drama",104
2002,crime-action-thriller,"Crime, Action, Thriller",351
2002,crime-drama,"Crime, Drama",2351
2002,crime-drama-mystery,"Crime, Drama, Mystery",347
2002,crime-drama-mystery-thriller,"Crime, Drama, Mystery, Thriller",514
2002,crime-drama-thriller,"Crime, Drama, Thriller",4940
2002,crime-thriller,"Crime, Thriller",4743
2002,crime-thriller-drama,"Crime, Thriller, Drama",709
2002,crime-thriller-horror,"Crime, Thriller, Horror",4275
2002,documentary,Documentary,45
2002,documentary-drama,"Documentary, Drama",1541
2002,documentary-science-fiction-family,"Documentary, Science Fiction, Family",3
2002,drama,Drama,1725
2002,drama-adventure-action-history,"Drama, Adventure, Action, History",2264
2002,drama-comedy,"Drama, Comedy",1228
2002,drama-comedy-romance,"Drama, Comedy, Romance",2197
2002,drama-crime,"Drama, Crime",15708
2002,drama-family,"Drama, Family",444
2002,drama-family-fantasy-romance,"Drama, Family, Fantasy, Romance",467
2002,drama-history,"Drama, History",404
2002,drama-history-crime,"Drama, History, Crime",6631
2002,drama-history-romance,"Drama, History, Romance",496
2002,drama-history-thriller-mystery-war,"Drama, History, Thriller, Mystery, War",1028
2002,drama-horror-mystery,"Drama, Horror, Mystery",1116
2002,drama-music,"Drama, Music",7271
2002,drama-mystery-romance,"Drama, Mystery, Romance",172
2002,drama-mystery-thriller,"Drama, Mystery, Thriller",163
2002,drama-mystery-thriller-crime,"Drama, Mystery, Thriller, Crime",786
2002,drama-romance,"Drama, Romance",2011
2002,drama-romance-comedy,"Drama, Romance, Comedy",627
2002,drama-romance-comedy-music,"Drama, Romance, Comedy, Music",510
2002,drama-science-fiction-mystery,"Drama, Science Fiction, Mystery",1304
2002,drama-thriller,"Drama, Thriller",1716
2002,drama-thriller-crime,"Drama, Thriller, Crime",2395
2002,drama-thriller-science-fiction-mystery,"Drama, Thriller, Science Fiction, Mystery",5642
2002,drama-war,"Drama, War",9223
2002,family-adventure-comedy,"Family, Adventure, Comedy",2398
2002,family-comedy-adventure,"Family, Comedy, Adventure",805
2002,family-comedy-fantasy,"Family, Comedy, Fantasy",514
2002,family-fantasy-comedy-adventure,"Family, Fantasy, Comedy, Adventure",3512
2002,fantasy-comedy-family,"Fantasy, Comedy, Family",1318
2002,fantasy-horror-action-thriller,"Fantasy, Horror, Action, Thriller",4713
2002,fantasy-horror-romance,"Fantasy, Horror, Romance",1060
2002,horror,Horror,389
2002,horror-action-science-fiction,"Horror, Action, Science Fiction",6360
2002,horror-mystery,"Horror, Mystery",6169
2002,horror-mystery-thriller,"Horror, Mystery, Thriller",2407
2002,horror-thriller,"Horror, Thriller",1266
2002,horror-thriller-crime,"Horror, Thriller, Crime",361
2002,horror-thriller-science-fiction,"Horror, Thriller, Science Fiction",6779
2002,music,Music,3
2002,mystery-adventure-comedy,"Mystery, Adventure, Comedy",4435
2002,mystery-crime-thriller,"Mystery, Crime, Thriller",593
2002,mystery-horror-thriller,"Mystery, Horror, Thriller",116
2002,romance-comedy,"Romance, Comedy",1083
2002,romance-drama-comedy,"Romance, Drama, Comedy",2332
2002,romance-thriller-drama-war,"Romance, Thriller, Drama, War",298
2002,science-fiction-action-adventure,"Science Fiction, Action, Adventure",13
2002,science-fiction-action-adventure-thriller,"Science Fiction, Action, Adventure, Thriller",1424
2002,science-fiction-action-thriller,"Science Fiction, Action, Thriller",8710
2002,science-fiction-adventure-action,"Science Fiction, Adventure, Action",2262
2002,science-fiction-comedy-drama-fantasy-romance,"Science Fiction, Comedy, Drama, Fantasy, Romance",903
2002,thriller-action-comedy-science-fiction,"Thriller, Action, Comedy, Science Fiction",1957
2002,thriller-action-drama,"Thriller, Action, Drama",1724
2002,thriller-crime-action-mystery,"Thriller, Crime, Action, Mystery",803
2002,thriller-drama-romance,"Thriller, Drama, Romance",1539
2002,thriller-fantasy-mystery,"Thriller, Fantasy, Mystery",857
2002,thriller-mystery,"Thriller, Mystery",261
2002,war-drama-action-history,"War, Drama, Action, History",1267
2003,action-adventure-comedy,"Action, Adventure, Comedy",3034
2003,action-adventure-comedy-family,"Action, Adventure, Comedy, Family",1077
2003,action-adventure-comedy-family-crime,"Action, Adventure, Comedy, Family, Crime",921
2003,action-adventure-comedy-family-science-fiction,"Action, Adventure, Comedy, Family, Science Fiction",2207
2003,action-adventure-comedy-thriller,"Action, Adventure, Comedy, Thriller",630
2003,action-adventure-comedy-western,"Action, Adventure, Comedy, Western",2248
2003,action-adventure-fantasy-thriller,"Action, Adventure, Fantasy, Thriller",4198
2003,action-adventure-mystery-science-fiction-thriller,"Action, Adventure, Mystery, Science Fiction, Thriller",1806
2003,action-adventure-science-fiction,"Action, Adventure, Science Fiction",1063
2003,action-animation-adventure,"Action, Animation, Adventure",188
2003,action-comedy,"Action, Comedy",1503
2003,action-comedy-crime,"Action, Comedy, Crime",967
2003,action-comedy-drama-crime,"Action, Comedy, Drama, Crime",16
2003,action-comedy-fantasy,"Action, Comedy, Fantasy",914
2003,action-comedy-thriller-crime-mystery,"Action, Comedy, Thriller, Crime, Mystery",439
2003,action-crime,"Action, Crime",17462
2003,action-crime-comedy,"Action, Crime, Comedy",5479
2003,action-crime-drama,"Action, Crime, Drama",912
2003,action-crime-thriller,"Action, Crime, Thriller",7467
2003,action-drama,"Action, Drama",361
2003,action-drama-crime,"Action, Drama, Crime",874
2003,action-drama-horror,"Action, Drama, Horror",19
2003,action-drama-mystery,"Action, Drama, Mystery",2157
2003,action-drama-mystery-thriller-crime,"Action, Drama, Mystery, Thriller, Crime",1026
2003,action-fantasy-adventure-science-fiction,"Action, Fantasy, Adventure, Science Fiction",177
2003,action-thriller,"Action, Thriller",1718
2003,action-thriller-crime,"Action, Thriller, Crime",2488
2003,action-thriller-crime-adventure,"Action, Thriller, Crime, Adventure",1680
2003,action-thriller-science-fiction,"Action, Thriller, Science Fiction",6646
2003,adventure-action-comedy,"Adventure, Action, Comedy",3453
2003,adventure-action-comedy-thriller,"Adventure, Action, Comedy, Thriller",1978
2003,adventure-action-science-fiction,"Adventure, Action, Science Fiction",10134
2003,adventure-action-thriller-science-fiction,"Adventure, Action, Thriller, Science Fiction",11001
2003,adventure-animation-family,"Adventure, Animation, Family",5410
2003,adventure-drama-action,"Adventure, Drama, Action",857
2003,adventure-drama-family,"Adventure, Drama, Family",96
2003,adventure-drama-war,"Adventure, Drama, War",3160
2003,adventure-family-drama-comedy,"Adventure, Family, Drama, Comedy",1379
2003,adventure-fantasy-action,"Adventure, Fantasy, Action",24384
2003,adventure-fantasy-drama,"Adventure, Fantasy, Drama",7201
2003,adventure-fantasy-family,"Adventure, Fantasy, Family",2613
2003,adventure-science-fiction-action,"Adventure, Science Fiction, Action",6
2003,animation-action-adventure,"Animation, Action, Adventure",144
2003,animation-comedy-drama,"Animation, Comedy, Drama",935
2003,animation-comedy-family,"Animation, Comedy, Family",1499
2003,animation-family,"Animation, Family",19312
2003,animation-family-adventure-comedy,"Animation, Family, Adventure, Comedy",297
2003,animation-fantasy-adventure-family-science-fiction,"Animation, Fantasy, Adventure, Family, Science Fiction",50
2003,animation-mystery-adventure,"Animation, Mystery, Adventure",148
2003,comedy,Comedy,4079
2003,comedy-adventure-family-fantasy,"Comedy, Adventure, Family, Fantasy",1650
2003,comedy-crime,"Comedy, Crime",260
2003,comedy-drama,"Comedy, Drama",696
2003,comedy-drama-crime-thriller,"Comedy, Drama, Crime, Thriller",1737
2003,comedy-drama-family,"Comedy, Drama, Family",35
2003,comedy-drama-family-romance,"Comedy, Drama, Family, Romance",542
2003,comedy-drama-romance,"Comedy, Drama, Romance",388
2003,comedy-family,"Comedy, Family",2104
2003,comedy-family-drama,"Comedy, Family, Drama",2772
2003,comedy-family-fantasy,"Comedy, Family, Fantasy",4095
2003,comedy-family-science-fiction,"Comedy, Family, Science Fiction",137
2003,comedy-music,"Comedy, Music",5642
2003,comedy-music-romance,"Comedy, Music, Romance",122
2003,comedy-romance,"Comedy, Romance",4083
2003,comedy-romance-drama,"Comedy, Romance, Drama",6781
2003,comedy-romance-drama-family,"Comedy, Romance, Drama, Family",1613
2003,crime-drama,"Crime, Drama",2312
2003,crime-drama-thriller,"Crime, Drama, Thriller",2419
2003,crime-drama-thriller-action,"Crime, Drama, Thriller, Action",319
2003,crime-thriller,"Crime, Thriller",700
2003,documentary,Documentary,208
2003,documentary-action-adventure-drama,"Documentary, Action, Adventure, Drama",402
2003,drama,Drama,726
2003,drama-action-thriller-crime,"Drama, Action, Thriller, Crime",808
2003,drama-action-war,"Drama, Action, War",6871
2003,drama-comedy,"Drama, Comedy",378
2003,drama-comedy-crime,"Drama, Comedy, Crime",2136
2003,drama-comedy-romance,"Drama, Comedy, Romance",1577
2003,drama-crime-thriller,"Drama, Crime, Thriller",3112
2003,drama-family,"Drama, Family",401
2003,drama-history,"Drama, History",831
2003,drama-history-romance,"Drama, History, Romance",1731
2003,drama-history-war,"Drama, History, War",177
2003,drama-horror-science-fiction-thriller,"Drama, Horror, Science Fiction, Thriller",1731
2003,drama-mystery-thriller,"Drama, Mystery, Thriller",418
2003,drama-romance,"Drama, Romance",7349
2003,drama-romance-adventure-war,"Drama, Romance, Adventure, War",407
2003,drama-romance-comedy,"Drama, Romance, Comedy",149
2003,drama-thriller,"Drama, Thriller",1269
2003,drama-thriller-crime,"Drama, Thriller, Crime",2020
2003,drama-thriller-mystery-action,"Drama, Thriller, Mystery, Action",8714
2003,family-action-animation-adventure-fantasy-science-fiction,"Family, Action, Animation, Adventure, Fantasy, Science Fiction",260
2003,family-animation-adventure,"Family, Animation, Adventure",1131
2003,family-animation-adventure-comedy-fantasy-action,"Family, Animation, Adventure, Comedy, Fantasy, Action",2043
2003,family-comedy,"Family, Comedy",1256
2003,fantasy-action,"Fantasy, Action",5073
2003,fantasy-action-thriller,"Fantasy, Action, Thriller",6114
2003,fantasy-action-thriller-science-fiction,"Fantasy, Action, Thriller, Science Fiction",4035
2003,fantasy-comedy,"Fantasy, Comedy",10711
2003,fantasy-drama-mystery,"Fantasy, Drama, Mystery",14
2003,horror,Horror,2587
2003,horror-action-thriller,"Horror, Action, Thriller",389
2003,horror-mystery,"Horror, Mystery",4072
2003,horror-science-fiction,"Horror, Science Fiction",23
2003,horror-thriller,"Horror, Thriller",1648
2003,horror-thriller-mystery,"Horror, Thriller, Mystery",2280
2003,music-drama-romance,"Music, Drama, Romance",1167
2003,mystery-thriller,"Mystery, Thriller",3872
2003,romance-comedy,"Romance, Comedy",1350
2003,romance-drama,"Romance, Drama",347
2003,science-fiction-action-adventure,"Science Fiction, Action, Adventure",211
2003,science-fiction-adventure-action,"Science Fiction, Adventure, Action",5787
2003,science-fiction-adventure-thriller,"Science Fiction, Adventure, Thriller",1880
2003,thriller-crime,"Thriller, Crime",3741
2003,thriller-crime-drama,"Thriller, Crime, Drama",1162
2003,thriller-crime-drama-mystery,"Thriller, Crime, Drama, Mystery",6676
2003,thriller-fantasy-action-comedy,"Thriller, Fantasy, Action, Comedy",1085
2003,thriller-fantasy-comedy-family-mystery,"Thriller, Fantasy, Comedy, Family, Mystery",2028
2003,thriller-horror,"Thriller, Horror",592
2003,thriller-western-adventure,"Thriller, Western, Adventure",619
2003,war-action-drama,"War, Action, Drama",2318
2003,war-history-adventure-romance,"War, History, Adventure, Romance",1771
2003,western,Western,1073
2004,action-adventure,"Action, Adventure",31
2004,action-adventure-animation-family,"Action, Adventure, Animation, Family",17694
2004,action-adventure-comedy,"Action, Adventure, Comedy",2506
2004,action-adventure-comedy-family,"Action, Adventure, Comedy, Family",294
2004,action-adventure-crime-drama-thriller,"Action, Adventure, Crime, Drama, Thriller",525
2004,action-adventure-drama,"Action, Adventure, Drama",864
2004,action-adventure-drama-history-war,"Action, Adventure, Drama, History, War",666
2004,action-adventure-science-fiction,"Action, Adventure, Science Fiction",15167
2004,action-adventure-science-fiction-thriller,"Action, Adventure, Science Fiction, Thriller",8125
2004,action-comedy,"Action, Comedy",4
2004,action-comedy-crime-drama,"Action, Comedy, Crime, Drama",755
2004,action-comedy-crime-fantasy,"Action, Comedy, Crime, Fantasy",2803
2004,action-crime-drama,"Action, Crime, Drama",2821
2004,action-crime-thriller,"Action, Crime, Thriller",13911
2004,action-drama,"Action, Drama",7
2004,action-drama-thriller,"Action, Drama, Thriller",7497
2004,action-fantasy-crime,"Action, Fantasy, Crime",3324
2004,action-horror-science-fiction,"Action, Horror, Science Fiction",3893
2004,action-science-fiction,"Action, Science Fiction",11791
2004,action-thriller-crime,"Action, Thriller, Crime",711
2004,action-thriller-drama-crime,"Action, Thriller, Drama, Crime",1903
2004,action-thriller-science-fiction,"Action, Thriller, Science Fiction",1821
2004,adventure-action-comedy,"Adventure, Action, Comedy",1850
2004,adventure-action-horror,"Adventure, Action, Horror",969
2004,adventure-action-thriller-mystery,"Adventure, Action, Thriller, Mystery",6323
2004,adventure-comedy,"Adventure, Comedy",295
2004,adventure-comedy-drama,"Adventure, Comedy, Drama",2871
2004,adventure-comedy-family,"Adventure, Comedy, Family",4992
2004,adventure-drama-action,"Adventure, Drama, Action",1626
2004,adventure-drama-action-thriller,"Adventure, Drama, Action, Thriller",1497
2004,adventure-drama-documentary,"Adventure, Drama, Documentary",83
2004,adventure-drama-family,"Adventure, Drama, Family",822
2004,adventure-fantasy,"Adventure, Fantasy",21662
2004,adventure-history-war,"Adventure, History, War",10184
2004,adventure-science-fiction-action-horror,"Adventure, Science Fiction, Action, Horror",4449
2004,adventure-war-history-action-drama,"Adventure, War, History, Action, Drama",2696
2004,animation-action-comedy-family,"Animation, Action, Comedy, Family",6332
2004,animation-adventure-action,"Animation, Adventure, Action",215
2004,animation-adventure-family,"Animation, Adventure, Family",26
2004,animation-adventure-family-fantasy,"Animation, Adventure, Family, Fantasy",6366
2004,animation-family,"Animation, Family",2034
2004,animation-family-comedy-fantasy-adventure-romance,"Animation, Family, Comedy, Fantasy, Adventure, Romance",12348
2004,animation-fantasy-action-science-fiction,"Animation, Fantasy, Action, Science Fiction",341
2004,animation-mystery,"Animation, Mystery",141
2004,comedy,Comedy,3485
2004,comedy-action-adventure-family-romance,"Comedy, Action, Adventure, Family, Romance",623
2004,comedy-action-adventure-thriller,"Comedy, Action, Adventure, Thriller",641
2004,comedy-action-animation-adventure,"Comedy, Action, Animation, Adventure",548
2004,comedy-adventure,"Comedy, Adventure",2053
2004,comedy-adventure-science-fiction,"Comedy, Adventure, Science Fiction",322
2004,comedy-crime,"Comedy, Crime",2308
2004,comedy-crime-music,"Comedy, Crime, Music",91
2004,comedy-crime-thriller,"Comedy, Crime, Thriller",1588
2004,comedy-drama,"Comedy, Drama",7905
2004,comedy-drama-family-romance,"Comedy, Drama, Family, Romance",3215
2004,comedy-drama-romance,"Comedy, Drama, Romance",1666
2004,comedy-family,"Comedy, Family",4004
2004,comedy-family-fantasy,"Comedy, Family, Fantasy",255
2004,comedy-family-romance,"Comedy, Family, Romance",3207
2004,comedy-fantasy-romance,"Comedy, Fantasy, Romance",5122
2004,comedy-horror,"Comedy, Horror",1613
2004,comedy-music,"Comedy, Music",434
2004,comedy-romance,"Comedy, Romance",4761
2004,comedy-romance-drama,"Comedy, Romance, Drama",1033
2004,comedy-science-fiction-adventure,"Comedy, Science Fiction, Adventure",500
2004,comedy-science-fiction-horror,"Comedy, Science Fiction, Horror",1310
2004,comedy-thriller-crime,"Comedy, Thriller, Crime",950
2004,comedy-western-adventure,"Comedy, Western, Adventure",344
2004,crime-thriller,"Crime, Thriller",314
2004,documentary,Documentary,1399
2004,documentary-comedy-drama,"Documentary, Comedy, Drama",115
2004,drama,Drama,4604
2004,drama-action-thriller,"Drama, Action, Thriller",779
2004,drama-comedy,"Drama, Comedy",8811
2004,drama-comedy-romance,"Drama, Comedy, Romance",654
2004,drama-crime,"Drama, Crime",954
2004,drama-crime-thriller,"Drama, Crime, Thriller",5606
2004,drama-fantasy,"Drama, Fantasy",3539
2004,drama-fantasy-romance,"Drama, Fantasy, Romance",84
2004,drama-history,"Drama, History",594
2004,drama-history-war,"Drama, History, War",3854
2004,drama-horror-science-fiction,"Drama, Horror, Science Fiction",241
2004,drama-horror-science-fiction-thriller,"Drama, Horror, Science Fiction, Thriller",485
2004,drama-music,"Drama, Music",1986
2004,drama-mystery,"Drama, Mystery",657
2004,drama-mystery-crime,"Drama, Mystery, Crime",4
2004,drama-mystery-romance-thriller,"Drama, Mystery, Romance, Thriller",678
2004,drama-mystery-thriller,"Drama, Mystery, Thriller",228
2004,drama-romance,"Drama, Romance",3422
2004,drama-romance-comedy,"Drama, Romance, Comedy",1200
2004,drama-romance-war,"Drama, Romance, War",1201
2004,drama-science-fiction-romance,"Drama, Science Fiction, Romance",902
2004,drama-thriller-crime,"Drama, Thriller, Crime",387
2004,drama-thriller-horror,"Drama, Thriller, Horror",1054
2004,drama-thriller-mystery,"Drama, Thriller, Mystery",1539
2004,family-action-adventure,"Family, Action, Adventure",299
2004,family-adventure-animation-fantasy,"Family, Adventure, Animation, Fantasy",256
2004,family-animation-comedy-fantasy-adventure,"Family, Animation, Comedy, Fantasy, Adventure",2891
2004,family-fantasy-comedy,"Family, Fantasy, Comedy",1838
2004,fantasy-action,"Fantasy, Action",6871
2004,fantasy-animation-adventure,"Fantasy, Animation, Adventure",9978
2004,history-war-drama,"History, War, Drama",329
2004,horror-action-science-fiction,"Horror, Action, Science Fiction",4329
2004,horror-adventure-action,"Horror, Adventure, Action",6011
2004,horror-comedy,"Horror, Comedy",8489
2004,horror-mystery-crime,"Horror, Mystery, Crime",9246
2004,horror-mystery-fantasy,"Horror, Mystery, Fantasy",417
2004,horror-mystery-thriller,"Horror, Mystery, Thriller",2939
2004,music-drama,"Music, Drama",426
2004,music-drama-romance-family,"Music, Drama, Romance, Family",829
2004,mystery-action-thriller-science-fiction-adventure,"Mystery, Action, Thriller, Science Fiction, Adventure",1247
2004,mystery-fantasy-adventure-comedy,"Mystery, Fantasy, Adventure, Comedy",2725
2004,mystery-thriller,"Mystery, Thriller",3606
2004,mystery-thriller-crime,"Mystery, Thriller, Crime",1173
2004,romance-comedy,"Romance, Comedy",429
2004,romance-drama,"Romance, Drama",11560
2004,science-fiction-drama-romance,"Science Fiction, Drama, Romance",15036
2004,science-fiction-thriller,"Science Fiction, Thriller",7536
2004,thriller,Thriller,1605
2004,thriller-crime,"Thriller, Crime",7266
2004,thriller-drama-romance,"Thriller, Drama, Romance",1627
2004,thriller-mystery-science-fiction-drama-action-horror-adventure,"Thriller, Mystery, Science Fiction, Drama, Action, Horror, Adventure",1120
2004,war-history-action-adventure-drama-romance,"War, History, Action, Adventure, Drama, Romance",3259
2004,western-adventure,"Western, Adventure",1214
2005,action-adventure-comedy-drama-mystery,"Action, Adventure, Comedy, Drama, Mystery",1481
2005,action-adventure-crime-thriller,"Action, Adventure, Crime, Thriller",1846
2005,action-adventure-horror-thriller,"Action, Adventure, Horror, Thriller",915
2005,action-adventure-western,"Action, Adventure, Western",2871
2005,action-comedy,"Action, Comedy",1831
2005,action-comedy-crime-drama-thriller,"Action, Comedy, Crime, Drama, Thriller",462
2005,action-comedy-drama-thriller,"Action, Comedy, Drama, Thriller",10390
2005,action-crime,"Action, Crime",2135
2005,action-crime-drama,"Action, Crime, Drama",21048
2005,action-crime-drama-thriller,"Action, Crime, Drama, Thriller",854
2005,action-fantasy-adventure,"Action, Fantasy, Adventure",2431
2005,action-fantasy-science-fiction,"Action, Fantasy, Science Fiction",9308
2005,action-horror-science-fiction,"Action, Horror, Science Fiction",2231
2005,action-science-fiction,"Action, Science Fiction",12
2005,action-thriller,"Action, Thriller",43
2005,action-thriller-adventure-crime,"Action, Thriller, Adventure, Crime",1491
2005,action-thriller-crime,"Action, Thriller, Crime",3600
2005,action-thriller-drama,"Action, Thriller, Drama",4
2005,action-thriller-science-fiction-adventure,"Action, Thriller, Science Fiction, Adventure",5371
2005,adventure-action-science-fiction,"Adventure, Action, Science Fiction",13758
2005,adventure-animation-comedy-family,"Adventure, Animation, Comedy, Family",2753
2005,adventure-comedy-drama-romance,"Adventure, Comedy, Drama, Romance",884
2005,adventure-comedy-family,"Adventure, Comedy, Family",2299
2005,adventure-comedy-family-fantasy,"Adventure, Comedy, Family, Fantasy",15207
2005,adventure-comedy-science-fiction,"Adventure, Comedy, Science Fiction",3864
2005,adventure-drama-action,"Adventure, Drama, Action",7875
2005,adventure-family-fantasy,"Adventure, Family, Fantasy",10662
2005,adventure-family-science-fiction,"Adventure, Family, Science Fiction",1498
2005,adventure-fantasy,"Adventure, Fantasy",20768
2005,adventure-fantasy-action-comedy-thriller,"Adventure, Fantasy, Action, Comedy, Thriller",2736
2005,adventure-horror,"Adventure, Horror",3889
2005,adventure-thriller-science-fiction,"Adventure, Thriller, Science Fiction",8391
2005,animation-comedy-family-crime-music,"Animation, Comedy, Family, Crime, Music",1746
2005,animation-comedy-family-science-fiction,"Animation, Comedy, Family, Science Fiction",4554
2005,animation-comedy-romance-science-fiction,"Animation, Comedy, Romance, Science Fiction",86
2005,animation-drama-adventure,"Animation, Drama, Adventure",47
2005,animation-family-comedy,"Animation, Family, Comedy",3897
2005,animation-mystery,"Animation, Mystery",129
2005,comedy,Comedy,922
2005,comedy-action,"Comedy, Action",464
2005,comedy-adventure-action,"Comedy, Adventure, Action",1170
2005,comedy-crime,"Comedy, Crime",2434
2005,comedy-crime-action-romance,"Comedy, Crime, Action, Romance",15
2005,comedy-crime-drama-thriller,"Comedy, Crime, Drama, Thriller",635
2005,comedy-crime-mystery,"Comedy, Crime, Mystery",2671
2005,comedy-drama,"Comedy, Drama",41
2005,comedy-drama-family,"Comedy, Drama, Family",111
2005,comedy-drama-family-romance,"Comedy, Drama, Family, Romance",776
2005,comedy-drama-mystery-romance,"Comedy, Drama, Mystery, Romance",1333
2005,comedy-drama-romance,"Comedy, Drama, Romance",5773
2005,comedy-drama-war,"Comedy, Drama, War",187
2005,comedy-family,"Comedy, Family",610
2005,comedy-family-action,"Comedy, Family, Action",3039
2005,comedy-family-adventure,"Comedy, Family, Adventure",1979
2005,comedy-family-adventure-fantasy-romance,"Comedy, Family, Adventure, Fantasy, Romance",2280
2005,comedy-family-romance,"Comedy, Family, Romance",822
2005,comedy-fantasy-action,"Comedy, Fantasy, Action",69
2005,comedy-fantasy-romance,"Comedy, Fantasy, Romance",1540
2005,comedy-music,"Comedy, Music",776
2005,comedy-romance,"Comedy, Romance",4344
2005,crime-drama,"Crime, Drama",1455
2005,crime-drama-family,"Crime, Drama, Family",1172
2005,crime-drama-horror-thriller,"Crime, Drama, Horror, Thriller",2776
2005,crime-drama-music,"Crime, Drama, Music",383
2005,crime-drama-mystery,"Crime, Drama, Mystery",2
2005,crime-drama-thriller,"Crime, Drama, Thriller",4789
2005,crime-thriller,"Crime, Thriller",1431
2005,documentary,Documentary,11
2005,documentary-family,"Documentary, Family",1121
2005,drama,Drama,3467
2005,drama-action-adventure-history-war,"Drama, Action, Adventure, History, War",4297
2005,drama-action-history-thriller,"Drama, Action, History, Thriller",2651
2005,drama-adventure-comedy,"Drama, Adventure, Comedy",466
2005,drama-adventure-history,"Drama, Adventure, History",768
2005,drama-comedy,"Drama, Comedy",3369
2005,drama-comedy-romance,"Drama, Comedy, Romance",1286
2005,drama-comedy-romance-fantasy,"Drama, Comedy, Romance, Fantasy",2327
2005,drama-crime-music,"Drama, Crime, Music",918
2005,drama-family,"Drama, Family",53
2005,drama-fantasy-mystery-science-fiction-thriller,"Drama, Fantasy, Mystery, Science Fiction, Thriller",1501
2005,drama-history,"Drama, History",2957
2005,drama-history-music,"Drama, History, Music",396
2005,drama-history-thriller,"Drama, History, Thriller",101
2005,drama-horror-crime,"Drama, Horror, Crime",1416
2005,drama-horror-mystery-thriller,"Drama, Horror, Mystery, Thriller",2068
2005,drama-horror-thriller,"Drama, Horror, Thriller",2267
2005,drama-music,"Drama, Music",13
2005,drama-music-romance,"Drama, Music, Romance",2873
2005,drama-mystery,"Drama, Mystery",668
2005,drama-mystery-thriller,"Drama, Mystery, Thriller",1500
2005,drama-romance,"Drama, Romance",6988
2005,drama-romance-comedy,"Drama, Romance, Comedy",210
2005,drama-romance-history,"Drama, Romance, History",3073
2005,drama-thriller,"Drama, Thriller",1350
2005,drama-thriller-crime,"Drama, Thriller, Crime",3255
2005,drama-thriller-crime-romance,"Drama, Thriller, Crime, Romance",4064
2005,drama-tv-movie,"Drama, TV Movie",17
2005,drama-war,"Drama, War",2877
2005,drama-war-romance-history,"Drama, War, Romance, History",862
2005,drama-war-science-fiction-thriller-action-adventure,"Drama, War, Science Fiction, Thriller, Action, Adventure",19
2005,family-adventure-animation-fantasy-action-science-fiction,"Family, Adventure, Animation, Fantasy, Action, Science Fiction",297
2005,family-adventure-comedy-romance,"Family, Adventure, Comedy, Romance",973
2005,family-animation-adventure-comedy,"Family, Animation, Adventure, Comedy",10877
2005,family-animation-adventure-comedy-war,"Family, Animation, Adventure, Comedy, War",898
2005,family-animation-comedy-fantasy,"Family, Animation, Comedy, Fantasy",449
2005,family-comedy,"Family, Comedy",626
2005,family-comedy-drama,"Family, Comedy, Drama",227
2005,family-drama-comedy,"Family, Drama, Comedy",890
2005,fantasy-action-horror,"Fantasy, Action, Horror",7213
2005,fantasy-comedy-family,"Fantasy, Comedy, Family",3030
2005,fantasy-comedy-family-adventure,"Fantasy, Comedy, Family, Adventure",1834
2005,horror,Horror,5393
2005,horror-comedy,"Horror, Comedy",696
2005,horror-mystery,"Horror, Mystery",1570
2005,horror-science-fiction,"Horror, Science Fiction",1574
2005,horror-thriller,"Horror, Thriller",539
2005,horror-thriller-drama-mystery,"Horror, Thriller, Drama, Mystery",745
2005,mystery-adventure-action-drama-history,"Mystery, Adventure, Action, Drama, History",76
2005,mystery-drama-thriller,"Mystery, Drama, Thriller",1101
2005,mystery-horror-thriller,"Mystery, Horror, Thriller",3017
2005,romance-comedy,"Romance, Comedy",1658
2005,romance-comedy-drama,"Romance, Comedy, Drama",317
2005,romance-drama,"Romance, Drama",30
2005,romance-drama-comedy-music,"Romance, Drama, Comedy, Music",164
2005,romance-drama-history,"Romance, Drama, History",2190
2005,romance-drama-music,"Romance, Drama, Music",93
2005,romance-fantasy-animation,"Romance, Fantasy, Animation",9358
2005,science-fiction,Science Fiction,1047
2005,science-fiction-action-adventure-thriller,"Science Fiction, Action, Adventure, Thriller",3513
2005,science-fiction-action-thriller,"Science Fiction, Action, Thriller",2223
2005,science-fiction-adventure-family,"Science Fiction, Adventure, Family",3286
2005,thriller-action-adventure-crime-drama,"Thriller, Action, Adventure, Crime, Drama",1080
2005,thriller-action-crime,"Thriller, Action, Crime",8134
2005,thriller-drama-mystery,"Thriller, Drama, Mystery",2612
2005,thriller-horror-drama-mystery,"Thriller, Horror, Drama, Mystery",751
2005,thriller-mystery,"Thriller, Mystery",2194
2005,war-action-drama-history,"War, Action, Drama, History",266
2005,war-history,"War, History",35
2006,action,Action,225
2006,action-adventure-comedy-family-fantasy,"Action, Adventure, Comedy, Family, Fantasy",10218
2006,action-adventure-crime-horror-thriller,"Action, Adventure, Crime, Horror, Thriller",1767
2006,action-adventure-crime-thriller,"Action, Adventure, Crime, Thriller",1935
2006,action-adventure-drama,"Action, Adventure, Drama",1517
2006,action-adventure-drama-history-romance-war,"Action, Adventure, Drama, History, Romance, War",793
2006,action-adventure-drama-thriller,"Action, Adventure, Drama, Thriller",254
2006,action-comedy-crime,"Action, Comedy, Crime",20
2006,action-comedy-documentary,"Action, Comedy, Documentary",1135
2006,action-comedy-western-crime,"Action, Comedy, Western, Crime",1085
2006,action-crime-drama-thriller,"Action, Crime, Drama, Thriller",6914
2006,action-crime-thriller,"Action, Crime, Thriller",1775
2006,action-drama,"Action, Drama",6
2006,action-drama-fantasy,"Action, Drama, Fantasy",728
2006,action-drama-history,"Action, Drama, History",5567
2006,action-drama-romance-thriller,"Action, Drama, Romance, Thriller",203
2006,action-drama-war,"Action, Drama, War",2052
2006,action-science-fiction,"Action, Science Fiction",232
2006,action-thriller-crime,"Action, Thriller, Crime",771
2006,action-thriller-science-fiction,"Action, Thriller, Science Fiction",4800
2006,action-war-adventure,"Action, War, Adventure",88
2006,action-war-drama,"Action, War, Drama",76
2006,adventure-action-drama-thriller,"Adventure, Action, Drama, Thriller",2131
2006,adventure-action-family,"Adventure, Action, Family",639
2006,adventure-action-science-fiction-thriller,"Adventure, Action, Science Fiction, Thriller",9662
2006,adventure-action-thriller,"Adventure, Action, Thriller",10720
2006,adventure-animation-comedy-family,"Adventure, Animation, Comedy, Family",3792
2006,adventure-comedy-drama,"Adventure, Comedy, Drama",754
2006,adventure-drama-family,"Adventure, Drama, Family",1696
2006,adventure-fantasy-action,"Adventure, Fantasy, Action",15997
2006,adventure-fantasy-animation-family,"Adventure, Fantasy, Animation, Family",2874
2006,animation-adventure-comedy-family,"Animation, Adventure, Comedy, Family",13983
2006,animation-adventure-family-fantasy-science-fiction,"Animation, Adventure, Family, Fantasy, Science Fiction",88
2006,animation-comedy-family,"Animation, Comedy, Family",5096
2006,animation-comedy-family-fantasy,"Animation, Comedy, Family, Fantasy",3974
2006,animation-drama-family,"Animation, Drama, Family",991
2006,animation-family-adventure-comedy,"Animation, Family, Adventure, Comedy",2737
2006,animation-family-comedy-adventure,"Animation, Family, Comedy, Adventure",9723
2006,animation-fantasy-adventure,"Animation, Fantasy, Adventure",1315
2006,animation-mystery,"Animation, Mystery",138
2006,comedy,Comedy,5394
2006,comedy-crime,"Comedy, Crime",1588
2006,comedy-drama,"Comedy, Drama",7115
2006,comedy-drama-family-fantasy-romance,"Comedy, Drama, Family, Fantasy, Romance",1889
2006,comedy-drama-fantasy,"Comedy, Drama, Fantasy",7026
2006,comedy-drama-fantasy-romance,"Comedy, Drama, Fantasy, Romance",2275
2006,comedy-drama-romance,"Comedy, Drama, Romance",1725
2006,comedy-family,"Comedy, Family",557
2006,comedy-family-adventure,"Comedy, Family, Adventure",2192
2006,comedy-family-drama,"Comedy, Family, Drama",1637
2006,comedy-family-fantasy,"Comedy, Family, Fantasy",1365
2006,comedy-family-romance,"Comedy, Family, Romance",453
2006,comedy-fantasy,"Comedy, Fantasy",167
2006,comedy-mystery,"Comedy, Mystery",1624
2006,comedy-mystery-crime-adventure-family,"Comedy, Mystery, Crime, Adventure, Family",1920
2006,comedy-romance,"Comedy, Romance",5149
2006,comedy-romance-thriller,"Comedy, Romance, Thriller",447
2006,comedy-science-fiction-romance,"Comedy, Science Fiction, Romance",1430
2006,crime-action-adventure-comedy,"Crime, Action, Adventure, Comedy",1722
2006,crime-comedy,"Crime, Comedy",86
2006,crime-drama,"Crime, Drama",988
2006,crime-drama-thriller,"Crime, Drama, Thriller",5777
2006,crime-fantasy-drama,"Crime, Fantasy, Drama",4537
2006,crime-mystery-thriller,"Crime, Mystery, Thriller",763
2006,crime-thriller-drama,"Crime, Thriller, Drama",1101
2006,documentary,Documentary,77
2006,drama,Drama,9883
2006,drama-action,"Drama, Action",1273
2006,drama-action-comedy,"Drama, Action, Comedy",598
2006,drama-action-thriller-crime,"Drama, Action, Thriller, Crime",242
2006,drama-action-thriller-science-fiction,"Drama, Action, Thriller, Science Fiction",7117
2006,drama-comedy,"Drama, Comedy",12062
2006,drama-comedy-music,"Drama, Comedy, Music",694
2006,drama-comedy-mystery,"Drama, Comedy, Mystery",151
2006,drama-comedy-romance,"Drama, Comedy, Romance",197
2006,drama-family-romance,"Drama, Family, Romance",490
2006,drama-fantasy-mystery,"Drama, Fantasy, Mystery",1384
2006,drama-history,"Drama, History",1296
2006,drama-history-crime-thriller-action,"Drama, History, Crime, Thriller, Action",1480
2006,drama-history-thriller,"Drama, History, Thriller",1653
2006,drama-history-war,"Drama, History, War",375
2006,drama-music,"Drama, Music",996
2006,drama-mystery-romance,"Drama, Mystery, Romance",2739
2006,drama-mystery-science-fiction,"Drama, Mystery, Science Fiction",16105
2006,drama-romance,"Drama, Romance",893
2006,drama-thriller,"Drama, Thriller",3682
2006,drama-thriller-action,"Drama, Thriller, Action",7605
2006,drama-thriller-adventure-science-fiction,"Drama, Thriller, Adventure, Science Fiction",30
2006,drama-thriller-crime,"Drama, Thriller, Crime",14946
2006,drama-thriller-crime-mystery,"Drama, Thriller, Crime, Mystery",4064
2006,drama-thriller-history,"Drama, Thriller, History",1146
2006,drama-thriller-war,"Drama, Thriller, War",1145
2006,drama-war,"Drama, War",805
2006,family-animation,"Family, Animation",1049
2006,family-animation-action-adventure-fantasy-science-fiction,"Family, Animation, Action, Adventure, Fantasy, Science Fiction",201
2006,family-animation-comedy-adventure,"Family, Animation, Comedy, Adventure",701
2006,family-comedy-animation,"Family, Comedy, Animation",4459
2006,family-comedy-romance-drama,"Family, Comedy, Romance, Drama",1669
2006,family-drama,"Family, Drama",291
2006,fantasy-action-adventure-family,"Fantasy, Action, Adventure, Family",3248
2006,fantasy-action-adventure-horror-thriller,"Fantasy, Action, Adventure, Horror, Thriller",525
2006,fantasy-action-thriller,"Fantasy, Action, Thriller",4007
2006,fantasy-adventure-action,"Fantasy, Adventure, Action",81
2006,fantasy-adventure-animation-comedy-family,"Fantasy, Adventure, Animation, Comedy, Family",1367
2006,fantasy-drama-action-history,"Fantasy, Drama, Action, History",108
2006,fantasy-drama-thriller-romance,"Fantasy, Drama, Thriller, Romance",4892
2006,fantasy-drama-war,"Fantasy, Drama, War",10551
2006,fantasy-horror-adventure-action,"Fantasy, Horror, Adventure, Action",1007
2006,fantasy-mystery-thriller,"Fantasy, Mystery, Thriller",701
2006,fantasy-romance-family-comedy,"Fantasy, Romance, Family, Comedy",1493
2006,fantasy-thriller-mystery,"Fantasy, Thriller, Mystery",493
2006,horror,Horror,3607
2006,horror-drama-science-fiction,"Horror, Drama, Science Fiction",2778
2006,horror-mystery,"Horror, Mystery",3874
2006,horror-mystery-thriller,"Horror, Mystery, Thriller",1070
2006,horror-science-fiction-mystery-drama,"Horror, Science Fiction, Mystery, Drama",521
2006,horror-thriller,"Horror, Thriller",1020
2006,horror-thriller-crime,"Horror, Thriller, Crime",4540
2006,horror-thriller-mystery,"Horror, Thriller, Mystery",489
2006,music-drama-romance-crime,"Music, Drama, Romance, Crime",3695
2006,mystery-thriller-history,"Mystery, Thriller, History",28
2006,romance-comedy,"Romance, Comedy",2659
2006,romance-drama,"Romance, Drama",1162
2006,science-fiction-action-adventure,"Science Fiction, Action, Adventure",4197
2006,science-fiction-action-thriller,"Science Fiction, Action, Thriller",1580
2006,thriller-mystery,"Thriller, Mystery",9306
2006,war-drama-history,"War, Drama, History",1840
2007,action-adventure-comedy,"Action, Adventure, Comedy",2273
2007,action-adventure-drama-history,"Action, Adventure, Drama, History",753
2007,action-adventure-drama-romance,"Action, Adventure, Drama, Romance",277
2007,action-adventure-fantasy-war,"Action, Adventure, Fantasy, War",794
2007,action-adventure-mystery-thriller,"Action, Adventure, Mystery, Thriller",5131
2007,action-adventure-science-fiction,"Action, Adventure, Science Fiction",14153
2007,action-adventure-war,"Action, Adventure, War",13730
2007,action-comedy,"Action, Comedy",1225
2007,action-comedy-adventure-fantasy,"Action, Comedy, Adventure, Fantasy",13
2007,action-comedy-crime,"Action, Comedy, Crime",3303
2007,action-comedy-crime-thriller,"Action, Comedy, Crime, Thriller",1645
2007,action-comedy-drama,"Action, Comedy, Drama",852
2007,action-drama-history,"Action, Drama, History",324
2007,action-drama-mystery-thriller,"Action, Drama, Mystery, Thriller",7673
2007,action-drama-romance-thriller,"Action, Drama, Romance, Thriller",697
2007,action-fantasy-horror-science-fiction,"Action, Fantasy, Horror, Science Fiction",132
2007,action-history,"Action, History",131
2007,action-science-fiction-thriller,"Action, Science Fiction, Thriller",2955
2007,action-science-fiction-thriller-horror,"Action, Science Fiction, Thriller, Horror",2939
2007,action-thriller,"Action, Thriller",5824
2007,action-thriller-comedy-crime,"Action, Thriller, Comedy, Crime",1859
2007,action-thriller-drama,"Action, Thriller, Drama",3327
2007,action-thriller-mystery,"Action, Thriller, Mystery",8
2007,adventure-action,"Adventure, Action",712
2007,adventure-action-animation,"Adventure, Action, Animation",2823
2007,adventure-animation-comedy-family,"Adventure, Animation, Comedy, Family",1099
2007,adventure-animation-comedy-family-fantasy,"Adventure, Animation, Comedy, Family, Fantasy",423
2007,adventure-drama,"Adventure, Drama",9524
2007,adventure-drama-comedy,"Adventure, Drama, Comedy",3561
2007,adventure-drama-family,"Adventure, Drama, Family",4799
2007,adventure-drama-fantasy-family-thriller,"Adventure, Drama, Fantasy, Family, Thriller",415
2007,adventure-family,"Adventure, Family",343
2007,adventure-fantasy,"Adventure, Fantasy",19522
2007,adventure-fantasy-action,"Adventure, Fantasy, Action",14375
2007,adventure-fantasy-romance-family,"Adventure, Fantasy, Romance, Family",4063
2007,adventure-science-fiction-action,"Adventure, Science Fiction, Action",11307
2007,animation-adventure,"Animation, Adventure",127
2007,animation-comedy,"Animation, Comedy",182
2007,animation-comedy-family,"Animation, Comedy, Family",8001
2007,animation-comedy-family-fantasy,"Animation, Comedy, Family, Fantasy",17117
2007,animation-drama,"Animation, Drama",1951
2007,comedy,Comedy,7325
2007,comedy-adventure-fantasy,"Comedy, Adventure, Fantasy",1533
2007,comedy-crime,"Comedy, Crime",531
2007,comedy-crime-family,"Comedy, Crime, Family",153
2007,comedy-drama,"Comedy, Drama",196
2007,comedy-drama-history,"Comedy, Drama, History",1474
2007,comedy-drama-romance,"Comedy, Drama, Romance",7166
2007,comedy-family,"Comedy, Family",2042
2007,comedy-family-fantasy,"Comedy, Family, Fantasy",4439
2007,comedy-family-fantasy-romance,"Comedy, Family, Fantasy, Romance",5404
2007,comedy-family-science-fiction,"Comedy, Family, Science Fiction",462
2007,comedy-horror-thriller,"Comedy, Horror, Thriller",175
2007,comedy-music,"Comedy, Music",671
2007,comedy-music-family,"Comedy, Music, Family",437
2007,comedy-music-romance,"Comedy, Music, Romance",1668
2007,comedy-romance,"Comedy, Romance",2319
2007,comedy-romance-drama,"Comedy, Romance, Drama",3954
2007,comedy-thriller-drama,"Comedy, Thriller, Drama",355
2007,crime-action-comedy,"Crime, Action, Comedy",7577
2007,crime-drama,"Crime, Drama",2190
2007,crime-drama-mystery,"Crime, Drama, Mystery",3765
2007,crime-drama-mystery-thriller,"Crime, Drama, Mystery, Thriller",10534
2007,crime-drama-thriller,"Crime, Drama, Thriller",12052
2007,crime-thriller,"Crime, Thriller",6336
2007,crime-thriller-horror,"Crime, Thriller, Horror",2217
2007,documentary,Documentary,350
2007,documentary-comedy-drama,"Documentary, Comedy, Drama",703
2007,drama,Drama,6639
2007,drama-action-thriller,"Drama, Action, Thriller",4925
2007,drama-comedy,"Drama, Comedy",3768
2007,drama-comedy-romance,"Drama, Comedy, Romance",373
2007,drama-crime,"Drama, Crime",5454
2007,drama-crime-thriller,"Drama, Crime, Thriller",1367
2007,drama-family,"Drama, Family",167
2007,drama-family-adventure,"Drama, Family, Adventure",10
2007,drama-history,"Drama, History",40
2007,drama-history-romance,"Drama, History, Romance",1217
2007,drama-horror,"Drama, Horror",5881
2007,drama-music,"Drama, Music",456
2007,drama-music-romance,"Drama, Music, Romance",1304
2007,drama-music-romance-family,"Drama, Music, Romance, Family",84
2007,drama-romance,"Drama, Romance",3293
2007,drama-romance-fantasy,"Drama, Romance, Fantasy",1335
2007,drama-science-fiction-adventure,"Drama, Science Fiction, Adventure",453
2007,drama-science-fiction-thriller,"Drama, Science Fiction, Thriller",15741
2007,drama-thriller,"Drama, Thriller",663
2007,drama-thriller-crime,"Drama, Thriller, Crime",1732
2007,drama-thriller-crime-history,"Drama, Thriller, Crime, History",575
2007,drama-war,"Drama, War",613
2007,family-action-adventure-comedy-fantasy-science-fiction,"Family, Action, Adventure, Comedy, Fantasy, Science Fiction",712
2007,family-adventure-animation-fantasy-action-science-fiction,"Family, Adventure, Animation, Fantasy, Action, Science Fiction",276
2007,family-adventure-animation-science-fiction-fantasy,"Family, Adventure, Animation, Science Fiction, Fantasy",78
2007,family-adventure-crime-mystery-comedy,"Family, Adventure, Crime, Mystery, Comedy",510
2007,family-adventure-fantasy,"Family, Adventure, Fantasy",1055
2007,family-animation-adventure-comedy,"Family, Animation, Adventure, Comedy",4855
2007,family-comedy,"Family, Comedy",2847
2007,family-drama-music,"Family, Drama, Music",2674
2007,family-fantasy-comedy,"Family, Fantasy, Comedy",1241
2007,fantasy-action-science-fiction,"Fantasy, Action, Science Fiction",12
2007,fantasy-adventure-animation-comedy-family,"Fantasy, Adventure, Animation, Comedy, Family",9036
2007,fantasy-comedy-family,"Fantasy, Comedy, Family",4275
2007,fantasy-comedy-romance,"Fantasy, Comedy, Romance",1381
2007,fantasy-drama-horror-action-thriller-science-fiction,"Fantasy, Drama, Horror, Action, Thriller, Science Fiction",412
2007,fantasy-thriller-mystery,"Fantasy, Thriller, Mystery",540
2007,history-adventure-war-action,"History, Adventure, War, Action",683
2007,history-drama-thriller-crime-mystery,"History, Drama, Thriller, Crime, Mystery",983
2007,horror,Horror,2356
2007,horror-action-science-fiction,"Horror, Action, Science Fiction",4162
2007,horror-action-thriller,"Horror, Action, Thriller",919
2007,horror-drama-thriller,"Horror, Drama, Thriller",2868
2007,horror-mystery,"Horror, Mystery",4421
2007,horror-mystery-science-fiction-thriller,"Horror, Mystery, Science Fiction, Thriller",1511
2007,horror-science-fiction-thriller,"Horror, Science Fiction, Thriller",5226
2007,horror-thriller,"Horror, Thriller",2771
2007,horror-thriller-crime,"Horror, Thriller, Crime",3787
2007,horror-thriller-science-fiction,"Horror, Thriller, Science Fiction",4321
2007,music-drama,"Music, Drama",1605
2007,mystery,Mystery,25
2007,mystery-thriller-horror,"Mystery, Thriller, Horror",803
2007,romance-comedy,"Romance, Comedy",631
2007,romance-comedy-drama,"Romance, Comedy, Drama",279
2007,romance-drama,"Romance, Drama",1168
2007,science-fiction-adventure-action,"Science Fiction, Adventure, Action",7832
2007,thriller,Thriller,3902
2007,thriller-action-drama,"Thriller, Action, Drama",1635
2007,thriller-action-fantasy,"Thriller, Action, Fantasy",5933
2007,thriller-action-horror,"Thriller, Action, Horror",1695
2007,thriller-crime-mystery,"Thriller, Crime, Mystery",925
2007,thriller-drama,"Thriller, Drama",77
2007,thriller-drama-mystery,"Thriller, Drama, Mystery",3697
2007,thriller-mystery,"Thriller, Mystery",1072
2007,thriller-mystery-crime,"Thriller, Mystery, Crime",3206
2007,western,Western,3594
2008,action-adventure-animation-family-comedy,"Action, Adventure, Animation, Family, Comedy",11637
2008,action-adventure-comedy,"Action, Adventure, Comedy",232
2008,action-adventure-comedy-western,"Action, Adventure, Comedy, Western",724
2008,action-adventure-crime,"Action, Adventure, Crime",41
2008,action-adventure-fantasy,"Action, Adventure, Fantasy",1699
2008,action-adventure-history,"Action, Adventure, History",40
2008,action-adventure-science-fiction,"Action, Adventure, Science Fiction",5772
2008,action-adventure-science-fiction-thriller,"Action, Adventure, Science Fiction, Thriller",2095
2008,action-comedy,"Action, Comedy",96
2008,action-comedy-adventure-war,"Action, Comedy, Adventure, War",6193
2008,action-comedy-crime,"Action, Comedy, Crime",3816
2008,action-comedy-crime-fantasy-drama,"Action, Comedy, Crime, Fantasy, Drama",971
2008,action-comedy-crime-thriller,"Action, Comedy, Crime, Thriller",35
2008,action-comedy-thriller,"Action, Comedy, Thriller",3565
2008,action-crime-drama-history-thriller,"Action, Crime, Drama, History, Thriller",579
2008,action-crime-drama-thriller,"Action, Crime, Drama, Thriller",1233
2008,action-crime-thriller,"Action, Crime, Thriller",1001
2008,action-drama-history-war,"Action, Drama, History, War",1726
2008,action-drama-thriller,"Action, Drama, Thriller",3016
2008,action-history-drama,"Action, History, Drama",120
2008,action-romance-thriller,"Action, Romance, Thriller",396
2008,action-science-fiction-adventure,"Action, Science Fiction, Adventure",26470
2008,action-science-fiction-adventure-comedy-family,"Action, Science Fiction, Adventure, Comedy, Family",4800
2008,action-thriller,"Action, Thriller",11241
2008,action-thriller-crime,"Action, Thriller, Crime",7045
2008,action-thriller-science-fiction,"Action, Thriller, Science Fiction",7078
2008,action-thriller-war,"Action, Thriller, War",3902
2008,adventure-action,"Adventure, Action",8308
2008,adventure-action-drama-fantasy,"Adventure, Action, Drama, Fantasy",2944
2008,adventure-action-fantasy,"Adventure, Action, Fantasy",4438
2008,adventure-action-thriller-crime,"Adventure, Action, Thriller, Crime",7851
2008,adventure-animation-family,"Adventure, Animation, Family",916
2008,adventure-comedy-drama,"Adventure, Comedy, Drama",768
2008,adventure-comedy-family-fantasy,"Adventure, Comedy, Family, Fantasy",1124
2008,adventure-drama-history-action-war,"Adventure, Drama, History, Action, War",809
2008,adventure-family-fantasy,"Adventure, Family, Fantasy",6365
2008,adventure-romance-comedy,"Adventure, Romance, Comedy",1464
2008,adventure-romance-drama,"Adventure, Romance, Drama",2274
2008,animation-action-crime-mystery,"Animation, Action, Crime, Mystery",134
2008,animation-action-science-fiction-adventure,"Animation, Action, Science Fiction, Adventure",2008
2008,animation-comedy-family-adventure-fantasy,"Animation, Comedy, Family, Adventure, Fantasy",3264
2008,animation-comedy-family-fantasy-horror,"Animation, Comedy, Family, Fantasy, Horror",558
2008,animation-family-adventure-comedy,"Animation, Family, Adventure, Comedy",6046
2008,animation-family-adventure-comedy-science-fiction,"Animation, Family, Adventure, Comedy, Science Fiction",454
2008,animation-family-adventure-drama-fantasy,"Animation, Family, Adventure, Drama, Fantasy",146
2008,animation-fantasy-family,"Animation, Fantasy, Family",4310
2008,comedy,Comedy,3101
2008,comedy-action,"Comedy, Action",3771
2008,comedy-action-science-fiction,"Comedy, Action, Science Fiction",1821
2008,comedy-adventure,"Comedy, Adventure",1473
2008,comedy-drama,"Comedy, Drama",4719
2008,comedy-drama-crime,"Comedy, Drama, Crime",5151
2008,comedy-drama-family,"Comedy, Drama, Family",282
2008,comedy-drama-family-fantasy-science-fiction,"Comedy, Drama, Family, Fantasy, Science Fiction",708
2008,comedy-drama-romance,"Comedy, Drama, Romance",2116
2008,comedy-family,"Comedy, Family",4567
2008,comedy-family-action-adventure,"Comedy, Family, Action, Adventure",386
2008,comedy-family-adventure-romance,"Comedy, Family, Adventure, Romance",1055
2008,comedy-fantasy,"Comedy, Fantasy",1666
2008,comedy-music-drama-romance,"Comedy, Music, Drama, Romance",1179
2008,comedy-romance,"Comedy, Romance",6527
2008,comedy-romance-drama,"Comedy, Romance, Drama",1142
2008,comedy-romance-drama-family-music,"Comedy, Romance, Drama, Family, Music",3457
2008,comedy-science-fiction-adventure-family,"Comedy, Science Fiction, Adventure, Family",1420
2008,crime-action-drama-thriller,"Crime, Action, Drama, Thriller",2056
2008,crime-drama-mystery,"Crime, Drama, Mystery",4152
2008,crime-drama-mystery-thriller,"Crime, Drama, Mystery, Thriller",867
2008,crime-thriller-action,"Crime, Thriller, Action",1330
2008,documentary-music,"Documentary, Music",82
2008,drama,Drama,10705
2008,drama-action,"Drama, Action",2302
2008,drama-action-crime-thriller,"Drama, Action, Crime, Thriller",33108
2008,drama-action-history,"Drama, Action, History",3772
2008,drama-action-thriller-crime,"Drama, Action, Thriller, Crime",2006
2008,drama-comedy,"Drama, Comedy",1343
2008,drama-comedy-fantasy,"Drama, Comedy, Fantasy",961
2008,drama-comedy-romance,"Drama, Comedy, Romance",89
2008,drama-crime,"Drama, Crime",4645
2008,drama-crime-thriller,"Drama, Crime, Thriller",1037
2008,drama-fantasy-romance,"Drama, Fantasy, Romance",12805
2008,drama-history,"Drama, History",626
2008,drama-history-romance,"Drama, History, Romance",1678
2008,drama-history-war,"Drama, History, War",739
2008,drama-horror-thriller,"Drama, Horror, Thriller",1031
2008,drama-mystery-science-fiction-thriller,"Drama, Mystery, Science Fiction, Thriller",1261
2008,drama-romance,"Drama, Romance",10573
2008,drama-romance-history,"Drama, Romance, History",2048
2008,drama-science-fiction-thriller,"Drama, Science Fiction, Thriller",3402
2008,drama-thriller,"Drama, Thriller",3326
2008,drama-thriller-war,"Drama, Thriller, War",3692
2008,drama-war-history,"Drama, War, History",18
2008,drama-western-crime,"Drama, Western, Crime",991
2008,family-action-adventure-comedy,"Family, Action, Adventure, Comedy",1555
2008,family-adventure-animation-comedy,"Family, Adventure, Animation, Comedy",6891
2008,family-adventure-animation-fantasy,"Family, Adventure, Animation, Fantasy",241
2008,family-adventure-drama,"Family, Adventure, Drama",508
2008,family-adventure-fantasy-drama,"Family, Adventure, Fantasy, Drama",2616
2008,fantasy-action,"Fantasy, Action",9584
2008,fantasy-action-drama,"Fantasy, Action, Drama",151
2008,fantasy-action-thriller-science-fiction-mystery,"Fantasy, Action, Thriller, Science Fiction, Mystery",276
2008,fantasy-adventure-action,"Fantasy, Adventure, Action",5188
2008,fantasy-adventure-comedy-family,"Fantasy, Adventure, Comedy, Family",1986
2008,fantasy-comedy-family-romance,"Fantasy, Comedy, Family, Romance",2812
2008,fantasy-drama-romance,"Fantasy, Drama, Romance",13554
2008,history-drama,"History, Drama",2191
2008,horror,Horror,1266
2008,horror-drama-mystery,"Horror, Drama, Mystery",725
2008,horror-mystery,"Horror, Mystery",1839
2008,horror-mystery-thriller,"Horror, Mystery, Thriller",2417
2008,horror-science-fiction-thriller,"Horror, Science Fiction, Thriller",1236
2008,horror-thriller-crime,"Horror, Thriller, Crime",3508
2008,music,Music,345
2008,music-documentary,"Music, Documentary",23
2008,music-drama-romance,"Music, Drama, Romance",2290
2008,mystery-science-fiction-thriller,"Mystery, Science Fiction, Thriller",1495
2008,mystery-thriller-action,"Mystery, Thriller, Action",2839
2008,romance-comedy,"Romance, Comedy",1883
2008,romance-comedy-drama,"Romance, Comedy, Drama",83
2008,romance-history-drama,"Romance, History, Drama",244
2008,science-fiction-action-adventure,"Science Fiction, Action, Adventure",11786
2008,science-fiction-adventure-mystery,"Science Fiction, Adventure, Mystery",99
2008,science-fiction-fantasy-comedy,"Science Fiction, Fantasy, Comedy",242
2008,thriller-crime-drama,"Thriller, Crime, Drama",2315
2008,thriller-crime-mystery-drama-horror,"Thriller, Crime, Mystery, Drama, Horror",886
2008,thriller-horror,"Thriller, Horror",5
2008,thriller-science-fiction,"Thriller, Science Fiction",3612
2008,war-drama,"War, Drama",144
2009,action-adventure-animation-science-fiction-thriller,"Action, Adventure, Animation, Science Fiction, Thriller",3544
2009,action-adventure-comedy-family,"Action, Adventure, Comedy, Family",2502
2009,action-adventure-crime-comedy,"Action, Adventure, Crime, Comedy",217
2009,action-adventure-crime-mystery,"Action, Adventure, Crime, Mystery",13933
2009,action-adventure-drama-history-war,"Action, Adventure, Drama, History, War",441
2009,action-adventure-fantasy-science-fiction,"Action, Adventure, Fantasy, Science Fiction",31654
2009,action-adventure-fantasy-science-fiction-thriller,"Action, Adventure, Fantasy, Science Fiction, Thriller",2048
2009,action-adventure-science-fiction,"Action, Adventure, Science Fiction",11943
2009,action-adventure-thriller,"Action, Adventure, Thriller",1558
2009,action-comedy,"Action, Comedy",82
2009,action-comedy-romance,"Action, Comedy, Romance",93
2009,action-crime-drama-thriller,"Action, Crime, Drama, Thriller",7238
2009,action-crime-drama-thriller-mystery,"Action, Crime, Drama, Thriller, Mystery",637
2009,action-crime-romance,"Action, Crime, Romance",696
2009,action-drama-thriller,"Action, Drama, Thriller",454
2009,action-horror-mystery-science-fiction-thriller,"Action, Horror, Mystery, Science Fiction, Thriller",2370
2009,action-science-fiction-thriller,"Action, Science Fiction, Thriller",6475
2009,action-thriller-crime,"Action, Thriller, Crime",2830
2009,action-thriller-crime-mystery,"Action, Thriller, Crime, Mystery",1342
2009,action-thriller-drama,"Action, Thriller, Drama",1240
2009,action-thriller-drama-crime,"Action, Thriller, Drama, Crime",1249
2009,action-thriller-science-fiction,"Action, Thriller, Science Fiction",2374
2009,adventure-action-comedy-fantasy,"Adventure, Action, Comedy, Fantasy",133
2009,adventure-action-science-fiction,"Adventure, Action, Science Fiction",10521
2009,adventure-action-thriller-science-fiction,"Adventure, Action, Thriller, Science Fiction",4603
2009,adventure-animation-comedy-family,"Adventure, Animation, Comedy, Family",5452
2009,adventure-comedy-family-fantasy-science-fiction,"Adventure, Comedy, Family, Fantasy, Science Fiction",986
2009,adventure-comedy-science-fiction,"Adventure, Comedy, Science Fiction",1302
2009,adventure-drama,"Adventure, Drama",3832
2009,adventure-drama-history,"Adventure, Drama, History",1420
2009,adventure-family-fantasy-science-fiction-thriller-action,"Adventure, Family, Fantasy, Science Fiction, Thriller, Action",1700
2009,adventure-fantasy,"Adventure, Fantasy",19506
2009,adventure-fantasy-action,"Adventure, Fantasy, Action",1384
2009,adventure-fantasy-action-comedy-family,"Adventure, Fantasy, Action, Comedy, Family",6846
2009,adventure-fantasy-action-thriller,"Adventure, Fantasy, Action, Thriller",1089
2009,adventure-fantasy-animation-family,"Adventure, Fantasy, Animation, Family",1686
2009,adventure-fantasy-drama-romance,"Adventure, Fantasy, Drama, Romance",9198
2009,adventure-fantasy-mystery,"Adventure, Fantasy, Mystery",2698
2009,adventure-mystery-science-fiction,"Adventure, Mystery, Science Fiction",61
2009,animation-action-family-science-fiction,"Animation, Action, Family, Science Fiction",1522
2009,animation-adventure-family,"Animation, Adventure, Family",42
2009,animation-comedy-family,"Animation, Comedy, Family",5960
2009,animation-comedy-family-adventure,"Animation, Comedy, Family, Adventure",8305
2009,animation-crime-mystery-thriller,"Animation, Crime, Mystery, Thriller",132
2009,animation-family-adventure-science-fiction,"Animation, Family, Adventure, Science Fiction",4631
2009,animation-family-comedy-science-fiction-adventure,"Animation, Family, Comedy, Science Fiction, Adventure",2026
2009,animation-family-fantasy,"Animation, Family, Fantasy",4596
2009,animation-family-fantasy-action-adventure-comedy,"Animation, Family, Fantasy, Action, Adventure, Comedy",1866
2009,animation-fantasy-adventure,"Animation, Fantasy, Adventure",350
2009,animation-romance-fantasy-family,"Animation, Romance, Fantasy, Family",5623
2009,animation-science-fiction-action-drama,"Animation, Science Fiction, Action, Drama",869
2009,comedy,Comedy,16896
2009,comedy-adventure,"Comedy, Adventure",1848
2009,comedy-crime-drama,"Comedy, Crime, Drama",186
2009,comedy-crime-drama-romance,"Comedy, Crime, Drama, Romance",1631
2009,comedy-drama,"Comedy, Drama",1292
2009,comedy-drama-adventure,"Comedy, Drama, Adventure",90
2009,comedy-drama-family-music-romance,"Comedy, Drama, Family, Music, Romance",2005
2009,comedy-drama-romance,"Comedy, Drama, Romance",968
2009,comedy-family,"Comedy, Family",861
2009,comedy-family-action-adventure,"Comedy, Family, Action, Adventure",143
2009,comedy-family-animation-fantasy-music,"Comedy, Family, Animation, Fantasy, Music",2903
2009,comedy-fantasy,"Comedy, Fantasy",233
2009,comedy-fantasy-drama-romance,"Comedy, Fantasy, Drama, Romance",5111
2009,comedy-fantasy-romance,"Comedy, Fantasy, Romance",2108
2009,comedy-horror,"Comedy, Horror",12276
2009,comedy-mystery,"Comedy, Mystery",1124
2009,comedy-romance,"Comedy, Romance",1395
2009,comedy-romance-drama,"Comedy, Romance, Drama",6878
2009,comedy-war,"Comedy, War",2205
2009,crime-action-comedy,"Crime, Action, Comedy",1437
2009,crime-drama-thriller,"Crime, Drama, Thriller",897
2009,crime-history-drama,"Crime, History, Drama",4438
2009,crime-thriller-action,"Crime, Thriller, Action",3104
2009,crime-thriller-horror-drama,"Crime, Thriller, Horror, Drama",1758
2009,documentary,Documentary,58
2009,documentary-music,"Documentary, Music",77
2009,drama,Drama,6366
2009,drama-action-romance,"Drama, Action, Romance",10
2009,drama-action-thriller-crime-mystery,"Drama, Action, Thriller, Crime, Mystery",1632
2009,drama-comedy,"Drama, Comedy",2386
2009,drama-comedy-crime,"Drama, Comedy, Crime",879
2009,drama-crime-mystery,"Drama, Crime, Mystery",7
2009,drama-crime-thriller,"Drama, Crime, Thriller",5147
2009,drama-family,"Drama, Family",6704
2009,drama-history,"Drama, History",4099
2009,drama-history-romance,"Drama, History, Romance",1006
2009,drama-music,"Drama, Music",457
2009,drama-music-romance,"Drama, Music, Romance",590
2009,drama-mystery,"Drama, Mystery",1016
2009,drama-romance,"Drama, Romance",3625
2009,drama-romance-fantasy,"Drama, Romance, Fantasy",2483
2009,drama-romance-thriller,"Drama, Romance, Thriller",656
2009,drama-thriller,"Drama, Thriller",646
2009,drama-thriller-crime-mystery,"Drama, Thriller, Crime, Mystery",2947
2009,drama-thriller-war,"Drama, Thriller, War",22328
2009,family-animation-adventure-fantasy,"Family, Animation, Adventure, Fantasy",277
2009,family-comedy-drama,"Family, Comedy, Drama",558
2009,family-fantasy-comedy,"Family, Fantasy, Comedy",293
2009,family-fantasy-drama-adventure,"Family, Fantasy, Drama, Adventure",1835
2009,fantasy-action-thriller,"Fantasy, Action, Thriller",3634
2009,fantasy-comedy-romance,"Fantasy, Comedy, Romance",2293
2009,fantasy-drama,"Fantasy, Drama",4599
2009,fantasy-drama-thriller,"Fantasy, Drama, Thriller",2117
2009,horror,Horror,1496
2009,horror-comedy,"Horror, Comedy",3822
2009,horror-mystery,"Horror, Mystery",5024
2009,horror-mystery-thriller,"Horror, Mystery, Thriller",1175
2009,horror-thriller,"Horror, Thriller",2610
2009,horror-thriller-mystery,"Horror, Thriller, Mystery",1351
2009,music-comedy-action,"Music, Comedy, Action",252
2009,music-documentary,"Music, Documentary",912
2009,music-drama-history,"Music, Drama, History",714
2009,mystery-action-science-fiction,"Mystery, Action, Science Fiction",9234
2009,mystery-science-fiction-thriller,"Mystery, Science Fiction, Thriller",1708
2009,mystery-thriller-drama,"Mystery, Thriller, Drama",2550
2009,romance-comedy,"Romance, Comedy",894
2009,romance-comedy-crime,"Romance, Comedy, Crime",783
2009,romance-drama,"Romance, Drama",2073
2009,science-fiction,Science Fiction,9501
2009,science-fiction-action-adventure,"Science Fiction, Action, Adventure",8501
2009,science-fiction-action-adventure-thriller,"Science Fiction, Action, Adventure, Thriller",2268
2009,science-fiction-action-thriller,"Science Fiction, Action, Thriller",3154
2009,science-fiction-adventure,"Science Fiction, Adventure",101
2009,science-fiction-adventure-mystery,"Science Fiction, Adventure, Mystery",67
2009,thriller-crime-mystery,"Thriller, Crime, Mystery",1942
2009,thriller-drama-mystery,"Thriller, Drama, Mystery",72
2009,thriller-horror,"Thriller, Horror",1093
2009,thriller-mystery,"Thriller, Mystery",6795
2009,thriller-mystery-adventure,"Thriller, Mystery, Adventure",1256
2009,thriller-science-fiction,"Thriller, Science Fiction",1757
2010,action-adventure-comedy-crime-thriller,"Action, Adventure, Comedy, Crime, Thriller",6691
2010,action-adventure-crime-mystery-thriller,"Action, Adventure, Crime, Mystery, Thriller",1808
2010,action-adventure-drama-family,"Action, Adventure, Drama, Family",5999
2010,action-adventure-drama-mystery,"Action, Adventure, Drama, Mystery",397
2010,action-adventure-fantasy,"Action, Adventure, Fantasy",3975
2010,action-adventure-history,"Action, Adventure, History",4605
2010,action-adventure-horror-science-fiction,"Action, Adventure, Horror, Science Fiction",3852
2010,action-comedy,"Action, Comedy",295
2010,action-comedy-crime,"Action, Comedy, Crime",4173
2010,action-comedy-romance,"Action, Comedy, Romance",2840
2010,action-comedy-thriller,"Action, Comedy, Thriller",3282
2010,action-comedy-thriller-romance,"Action, Comedy, Thriller, Romance",2179
2010,action-crime,"Action, Crime",11637
2010,action-crime-drama-thriller,"Action, Crime, Drama, Thriller",1268
2010,action-crime-thriller,"Action, Crime, Thriller",1989
2010,action-drama,"Action, Drama",7
2010,action-drama-comedy,"Action, Drama, Comedy",9
2010,action-fantasy-science-fiction,"Action, Fantasy, Science Fiction",1948
2010,action-mystery-thriller,"Action, Mystery, Thriller",5461
2010,action-science-fiction-adventure,"Action, Science Fiction, Adventure",36753
2010,action-thriller,"Action, Thriller",3540
2010,action-thriller-crime,"Action, Thriller, Crime",1315
2010,action-thriller-romance,"Action, Thriller, Romance",5400
2010,action-thriller-science-fiction,"Action, Thriller, Science Fiction",6109
2010,adventure-action-science-fiction,"Adventure, Action, Science Fiction",21041
2010,adventure-comedy-music,"Adventure, Comedy, Music",1755
2010,adventure-drama-action,"Adventure, Drama, Action",1112
2010,adventure-drama-thriller,"Adventure, Drama, Thriller",7518
2010,adventure-family-animation-fantasy,"Adventure, Family, Animation, Fantasy",62
2010,adventure-family-fantasy,"Adventure, Family, Fantasy",5572
2010,adventure-fantasy,"Adventure, Fantasy",19120
2010,adventure-fantasy-action,"Adventure, Fantasy, Action",6225
2010,adventure-fantasy-drama-romance,"Adventure, Fantasy, Drama, Romance",8753
2010,adventure-fantasy-family,"Adventure, Fantasy, Family",7458
2010,animation-action-comedy-family-science-fiction,"Animation, Action, Comedy, Family, Science Fiction",6862
2010,animation-adventure-family-fantasy,"Animation, Adventure, Family, Fantasy",2304
2010,animation-adventure-fantasy-family,"Animation, Adventure, Fantasy, Family",1524
2010,animation-crime-mystery-action,"Animation, Crime, Mystery, Action",124
2010,animation-family,"Animation, Family",11513
2010,animation-family-comedy,"Animation, Family, Comedy",14710
2010,animation-family-comedy-adventure,"Animation, Family, Comedy, Adventure",92
2010,animation-family-comedy-adventure-romance,"Animation, Family, Comedy, Adventure, Romance",508
2010,comedy,Comedy,6121
2010,comedy-action-adventure,"Comedy, Action, Adventure",2843
2010,comedy-adventure-fantasy-animation-family,"Comedy, Adventure, Fantasy, Animation, Family",7367
2010,comedy-documentary-action,"Comedy, Documentary, Action",1351
2010,comedy-drama,"Comedy, Drama",5398
2010,comedy-drama-romance,"Comedy, Drama, Romance",1627
2010,comedy-drama-romance-family,"Comedy, Drama, Romance, Family",107
2010,comedy-family,"Comedy, Family",1586
2010,comedy-family-animation-adventure,"Comedy, Family, Animation, Adventure",875
2010,comedy-family-fantasy,"Comedy, Family, Fantasy",1971
2010,comedy-fantasy,"Comedy, Fantasy",1280
2010,comedy-fantasy-family,"Comedy, Fantasy, Family",1829
2010,comedy-fantasy-romance,"Comedy, Fantasy, Romance",1202
2010,comedy-horror,"Comedy, Horror",2204
2010,comedy-romance,"Comedy, Romance",3217
2010,comedy-romance-drama,"Comedy, Romance, Drama",3109
2010,comedy-romance-fantasy,"Comedy, Romance, Fantasy",51
2010,crime-drama,"Crime, Drama",39
2010,crime-drama-action-thriller,"Crime, Drama, Action, Thriller",1916
2010,crime-drama-mystery-thriller,"Crime, Drama, Mystery, Thriller",1527
2010,crime-drama-thriller,"Crime, Drama, Thriller",5045
2010,documentary,Documentary,104
2010,documentary-family,"Documentary, Family",309
2010,drama,Drama,12126
2010,drama-action-crime,"Drama, Action, Crime",1846
2010,drama-action-history-thriller,"Drama, Action, History, Thriller",403
2010,drama-adventure-history,"Drama, Adventure, History",1562
2010,drama-adventure-western,"Drama, Adventure, Western",5251
2010,drama-comedy,"Drama, Comedy",410
2010,drama-comedy-romance,"Drama, Comedy, Romance",5137
2010,drama-crime,"Drama, Crime",1518
2010,drama-crime-thriller,"Drama, Crime, Thriller",1200
2010,drama-family-romance,"Drama, Family, Romance",3302
2010,drama-fantasy,"Drama, Fantasy",1653
2010,drama-history,"Drama, History",8701
2010,drama-history-war,"Drama, History, War",997
2010,drama-horror-mystery,"Drama, Horror, Mystery",1996
2010,drama-music,"Drama, Music",31
2010,drama-romance,"Drama, Romance",2433
2010,drama-romance-music,"Drama, Romance, Music",247
2010,drama-romance-war,"Drama, Romance, War",4140
2010,drama-thriller,"Drama, Thriller",76
2010,drama-thriller-crime-mystery,"Drama, Thriller, Crime, Mystery",85
2010,drama-thriller-horror,"Drama, Thriller, Horror",14486
2010,drama-thriller-mystery,"Drama, Thriller, Mystery",24053
2010,drama-war,"Drama, War",678
2010,family-adventure-comedy-fantasy-action-animation,"Family, Adventure, Comedy, Fantasy, Action, Animation",629
2010,family-animation-adventure-fantasy,"Family, Animation, Adventure, Fantasy",210
2010,family-comedy,"Family, Comedy",747
2010,family-comedy-adventure-fantasy,"Family, Comedy, Adventure, Fantasy",2386
2010,family-fantasy-adventure,"Family, Fantasy, Adventure",13979
2010,fantasy-adventure-action,"Fantasy, Adventure, Action",4930
2010,fantasy-adventure-action-mystery,"Fantasy, Adventure, Action, Mystery",1338
2010,fantasy-adventure-animation-family,"Fantasy, Adventure, Animation, Family",13083
2010,fantasy-animation-family,"Fantasy, Animation, Family",2835
2010,history-drama,"History, Drama",33
2010,horror,Horror,5141
2010,horror-action-fantasy,"Horror, Action, Fantasy",2615
2010,horror-crime,"Horror, Crime",3032
2010,horror-mystery,"Horror, Mystery",2425
2010,horror-mystery-thriller,"Horror, Mystery, Thriller",2856
2010,horror-thriller,"Horror, Thriller",1981
2010,horror-thriller-mystery,"Horror, Thriller, Mystery",1013
2010,mystery-horror-action,"Mystery, Horror, Action",2034
2010,romance-comedy,"Romance, Comedy",2129
2010,romance-drama-history-comedy,"Romance, Drama, History, Comedy",30
2010,romance-drama-thriller-crime,"Romance, Drama, Thriller, Crime",2848
2010,science-fiction,Science Fiction,1
2010,science-fiction-action-adventure-drama,"Science Fiction, Action, Adventure, Drama",223
2010,science-fiction-action-thriller,"Science Fiction, Action, Thriller",4135
2010,science-fiction-comedy-adventure,"Science Fiction, Comedy, Adventure",2470
2010,science-fiction-drama-history,"Science Fiction, Drama, History",15
2010,thriller-action-adventure-comedy-crime,"Thriller, Action, Adventure, Comedy, Crime",4611
2010,thriller-action-drama,"Thriller, Action, Drama",121
2010,thriller-adventure-action,"Thriller, Adventure, Action",7739
2010,thriller-drama-tv-movie-mystery,"Thriller, Drama, TV Movie, Mystery",41
2010,thriller-mystery,"Thriller, Mystery",2215
2010,war,War,187
2011,action-adventure-comedy,"Action, Adventure, Comedy",1696
2011,action-adventure-comedy-family,"Action, Adventure, Comedy, Family",74
2011,action-adventure-history-science-fiction,"Action, Adventure, History, Science Fiction",11
2011,action-adventure-science-fiction,"Action, Adventure, Science Fiction",21456
2011,action-adventure-thriller,"Action, Adventure, Thriller",2121
2011,action-animation,"Action, Animation",272
2011,action-comedy,"Action, Comedy",2934
2011,action-crime-comedy,"Action, Crime, Comedy",3221
2011,action-crime-thriller-comedy,"Action, Crime, Thriller, Comedy",78
2011,action-drama,"Action, Drama",364
2011,action-drama-comedy,"Action, Drama, Comedy",33
2011,action-drama-thriller,"Action, Drama, Thriller",10
2011,action-fantasy,"Action, Fantasy",265
2011,action-fantasy-horror-thriller,"Action, Fantasy, Horror, Thriller",2257
2011,action-fantasy-thriller,"Action, Fantasy, Thriller",4709
2011,action-mystery-science-fiction-horror,"Action, Mystery, Science Fiction, Horror",211
2011,action-mystery-thriller,"Action, Mystery, Thriller",3834
2011,action-science-fiction-adventure,"Action, Science Fiction, Adventure",8315
2011,action-science-fiction-drama,"Action, Science Fiction, Drama",8359
2011,action-science-fiction-thriller-western,"Action, Science Fiction, Thriller, Western",5029
2011,action-thriller-adventure,"Action, Thriller, Adventure",9886
2011,action-thriller-crime,"Action, Thriller, Crime",8196
2011,action-thriller-crime-drama,"Action, Thriller, Crime, Drama",2584
2011,action-thriller-mystery,"Action, Thriller, Mystery",9
2011,action-thriller-science-fiction,"Action, Thriller, Science Fiction",11398
2011,action-thriller-science-fiction-adventure,"Action, Thriller, Science Fiction, Adventure",4655
2011,adventure-action-crime-mystery,"Adventure, Action, Crime, Mystery",10304
2011,adventure-action-fantasy,"Adventure, Action, Fantasy",14030
2011,adventure-action-science-fiction,"Adventure, Action, Science Fiction",333
2011,adventure-action-thriller,"Adventure, Action, Thriller",2618
2011,adventure-action-thriller-science-fiction,"Adventure, Action, Thriller, Science Fiction",7219
2011,adventure-animation-comedy-family-fantasy,"Adventure, Animation, Comedy, Family, Fantasy",1255
2011,adventure-animation-family,"Adventure, Animation, Family",695
2011,adventure-animation-mystery,"Adventure, Animation, Mystery",5377
2011,adventure-comedy-romance,"Adventure, Comedy, Romance",2121
2011,adventure-comedy-science-fiction,"Adventure, Comedy, Science Fiction",5756
2011,adventure-drama,"Adventure, Drama",1293
2011,adventure-drama-family,"Adventure, Drama, Family",7188
2011,adventure-fantasy-action,"Adventure, Fantasy, Action",21173
2011,adventure-fantasy-romance,"Adventure, Fantasy, Romance",8768
2011,animation-action-crime-mystery,"Animation, Action, Crime, Mystery",127
2011,animation-adventure-comedy,"Animation, Adventure, Comedy",6
2011,animation-adventure-comedy-family,"Animation, Adventure, Comedy, Family",6668
2011,animation-adventure-family-science-fiction,"Animation, Adventure, Family, Science Fiction",72
2011,animation-comedy-family,"Animation, Comedy, Family",1265
2011,animation-comedy-family-western-adventure,"Animation, Comedy, Family, Western, Adventure",6470
2011,animation-drama,"Animation, Drama",1762
2011,animation-family,"Animation, Family",1948
2011,animation-family-adventure-comedy,"Animation, Family, Adventure, Comedy",7789
2011,animation-family-adventure-comedy-fantasy,"Animation, Family, Adventure, Comedy, Fantasy",3743
2011,animation-family-adventure-comedy-music,"Animation, Family, Adventure, Comedy, Music",86
2011,animation-family-comedy,"Animation, Family, Comedy",7203
2011,animation-family-comedy-adventure,"Animation, Family, Comedy, Adventure",870
2011,animation-family-fantasy-adventure-comedy,"Animation, Family, Fantasy, Adventure, Comedy",4067
2011,comedy,Comedy,10474
2011,comedy-animation-family,"Comedy, Animation, Family",539
2011,comedy-crime,"Comedy, Crime",6328
2011,comedy-crime-action,"Comedy, Crime, Action",165
2011,comedy-drama,"Comedy, Drama",2783
2011,comedy-drama-romance,"Comedy, Drama, Romance",8526
2011,comedy-family,"Comedy, Family",2948
2011,comedy-family-music,"Comedy, Family, Music",1565
2011,comedy-fantasy,"Comedy, Fantasy",0
2011,comedy-fantasy-adventure-action,"Comedy, Fantasy, Adventure, Action",1316
2011,comedy-fantasy-family-music-animation,"Comedy, Fantasy, Family, Music, Animation",2178
2011,comedy-romance,"Comedy, Romance",4353
2011,comedy-romance-drama,"Comedy, Romance, Drama",1299
2011,comedy-romance-family,"Comedy, Romance, Family",1651
2011,crime-action-comedy,"Crime, Action, Comedy",3284
2011,crime-comedy-action,"Crime, Comedy, Action",1225
2011,crime-drama,"Crime, Drama",2
2011,crime-drama-thriller,"Crime, Drama, Thriller",3258
2011,documentary-adventure,"Documentary, Adventure",66
2011,drama,Drama,8314
2011,drama-action,"Drama, Action",4565
2011,drama-action-history,"Drama, Action, History",261
2011,drama-action-history-war,"Drama, Action, History, War",36
2011,drama-action-romance,"Drama, Action, Romance",141
2011,drama-action-war,"Drama, Action, War",186
2011,drama-animation-family-comedy,"Drama, Animation, Family, Comedy",1486
2011,drama-comedy,"Drama, Comedy",17284
2011,drama-comedy-family,"Drama, Comedy, Family",2691
2011,drama-comedy-romance,"Drama, Comedy, Romance",3260
2011,drama-crime-history,"Drama, Crime, History",2415
2011,drama-crime-mystery,"Drama, Crime, Mystery",3
2011,drama-family,"Drama, Family",638
2011,drama-fantasy,"Drama, Fantasy",3062
2011,drama-fantasy-romance,"Drama, Fantasy, Romance",2754
2011,drama-horror-mystery-thriller,"Drama, Horror, Mystery, Thriller",4209
2011,drama-romance,"Drama, Romance",2513
2011,drama-thriller,"Drama, Thriller",886
2011,drama-thriller-crime,"Drama, Thriller, Crime",12629
2011,drama-thriller-horror,"Drama, Thriller, Horror",2074
2011,drama-thriller-mystery,"Drama, Thriller, Mystery",2620
2011,drama-thriller-science-fiction,"Drama, Thriller, Science Fiction",6064
2011,family-comedy,"Family, Comedy",1120
2011,family-comedy-action,"Family, Comedy, Action",980
2011,family-drama,"Family, Drama",1177
2011,fantasy-action-drama,"Fantasy, Action, Drama",2576
2011,fantasy-adventure,"Fantasy, Adventure",20624
2011,fantasy-comedy-romance,"Fantasy, Comedy, Romance",7274
2011,fantasy-horror-thriller,"Fantasy, Horror, Thriller",1033
2011,fantasy-thriller-action-crime,"Fantasy, Thriller, Action, Crime",1852
2011,history-drama,"History, Drama",1724
2011,horror-action-science-fiction,"Horror, Action, Science Fiction",304
2011,horror-action-thriller-science-fiction,"Horror, Action, Thriller, Science Fiction",1463
2011,horror-comedy,"Horror, Comedy",1928
2011,horror-mystery,"Horror, Mystery",2179
2011,horror-science-fiction-mystery,"Horror, Science Fiction, Mystery",2899
2011,horror-thriller,"Horror, Thriller",6785
2011,horror-thriller-science-fiction,"Horror, Thriller, Science Fiction",989
2011,music-documentary-family,"Music, Documentary, Family",407
2011,mystery-action-history-comedy-crime,"Mystery, Action, History, Comedy, Crime",47
2011,mystery-comedy-drama-fantasy,"Mystery, Comedy, Drama, Fantasy",34
2011,mystery-drama-thriller,"Mystery, Drama, Thriller",1347
2011,romance-comedy,"Romance, Comedy",7932
2011,romance-drama,"Romance, Drama",7
2011,science-fiction-action,"Science Fiction, Action",3435
2011,thriller-action-drama-science-fiction,"Thriller, Action, Drama, Science Fiction",11911
2011,thriller-action-mystery,"Thriller, Action, Mystery",2861
2011,thriller-crime-mystery,"Thriller, Crime, Mystery",6974
2011,thriller-drama-fantasy-mystery-horror,"Thriller, Drama, Fantasy, Mystery, Horror",3140
2011,thriller-drama-horror,"Thriller, Drama, Horror",933
2011,thriller-drama-mystery,"Thriller, Drama, Mystery",38
2011,thriller-horror,"Thriller, Horror",531
2011,thriller-mystery-science-fiction,"Thriller, Mystery, Science Fiction",10625
2011,thriller-science-fiction-mystery,"Thriller, Science Fiction, Mystery",6574
2011,war-history-adventure,"War, History, Adventure",3396
2012,action-adventure,"Action, Adventure",807
2012,action-adventure-comedy-science-fiction,"Action, Adventure, Comedy, Science Fiction",13775
2012,action-adventure-science-fiction,"Action, Adventure, Science Fiction",17406
2012,action-adventure-thriller,"Action, Adventure, Thriller",15200
2012,action-comedy-crime,"Action, Comedy, Crime",10271
2012,action-comedy-romance,"Action, Comedy, Romance",3371
2012,action-crime,"Action, Crime",290
2012,action-crime-drama,"Action, Crime, Drama",142
2012,action-crime-drama-thriller,"Action, Crime, Drama, Thriller",22803
2012,action-crime-thriller,"Action, Crime, Thriller",6650
2012,action-drama,"Action, Drama",24
2012,action-fantasy-horror,"Action, Fantasy, Horror",3322
2012,action-fantasy-thriller,"Action, Fantasy, Thriller",3782
2012,action-horror-science-fiction,"Action, Horror, Science Fiction",3990
2012,action-science-fiction,"Action, Science Fiction",5042
2012,action-science-fiction-thriller,"Action, Science Fiction, Thriller",5466
2012,action-thriller,"Action, Thriller",5668
2012,action-thriller-crime,"Action, Thriller, Crime",2593
2012,action-thriller-crime-mystery,"Action, Thriller, Crime, Mystery",714
2012,action-thriller-science-fiction,"Action, Thriller, Science Fiction",10167
2012,action-thriller-war,"Action, Thriller, War",1138
2012,action-thriller-war-drama-science-fiction,"Action, Thriller, War, Drama, Science Fiction",800
2012,adventure-action-fantasy-war-history,"Adventure, Action, Fantasy, War, History",812
2012,adventure-action-science-fiction,"Adventure, Action, Science Fiction",4236
2012,adventure-animation-family,"Adventure, Animation, Family",207
2012,adventure-comedy-family-fantasy,"Adventure, Comedy, Family, Fantasy",3146
2012,adventure-drama,"Adventure, Drama",13067
2012,adventure-drama-action-war,"Adventure, Drama, Action, War",182
2012,adventure-drama-romance-fantasy,"Adventure, Drama, Romance, Fantasy",489
2012,adventure-fantasy-action,"Adventure, Fantasy, Action",18440
2012,adventure-fantasy-drama,"Adventure, Fantasy, Drama",7858
2012,adventure-fantasy-drama-romance,"Adventure, Fantasy, Drama, Romance",8887
2012,adventure-history,"Adventure, History",752
2012,animation-adventure-comedy-family-action-fantasy,"Animation, Adventure, Comedy, Family, Action, Fantasy",13378
2012,animation-adventure-family-comedy,"Animation, Adventure, Family, Comedy",1093
2012,animation-comedy,"Animation, Comedy",56
2012,animation-comedy-adventure-family,"Animation, Comedy, Adventure, Family",7582
2012,animation-comedy-family,"Animation, Comedy, Family",3356
2012,animation-comedy-family-fantasy,"Animation, Comedy, Family, Fantasy",8638
2012,animation-family,"Animation, Family",3552
2012,animation-family-adventure-comedy,"Animation, Family, Adventure, Comedy",58
2012,animation-family-comedy-adventure,"Animation, Family, Comedy, Adventure",6129
2012,animation-family-drama-fantasy,"Animation, Family, Drama, Fantasy",2290
2012,animation-family-fantasy,"Animation, Family, Fantasy",6713
2012,animation-fantasy-action-adventure,"Animation, Fantasy, Action, Adventure",517
2012,animation-mystery-action,"Animation, Mystery, Action",124
2012,animation-science-fiction-action-drama,"Animation, Science Fiction, Action, Drama",822
2012,comedy,Comedy,4412
2012,comedy-action,"Comedy, Action",26
2012,comedy-action-crime,"Comedy, Action, Crime",665
2012,comedy-action-drama,"Comedy, Action, Drama",1424
2012,comedy-action-science-fiction,"Comedy, Action, Science Fiction",2292
2012,comedy-adventure-drama,"Comedy, Adventure, Drama",115
2012,comedy-animation-adventure-family,"Comedy, Animation, Adventure, Family",300
2012,comedy-crime,"Comedy, Crime",3909
2012,comedy-drama,"Comedy, Drama",1955
2012,comedy-drama-romance,"Comedy, Drama, Romance",5835
2012,comedy-family,"Comedy, Family",950
2012,comedy-fantasy,"Comedy, Fantasy",12328
2012,comedy-music,"Comedy, Music",156
2012,comedy-music-romance,"Comedy, Music, Romance",6513
2012,comedy-romance,"Comedy, Romance",838
2012,comedy-romance-drama,"Comedy, Romance, Drama",1994
2012,crime-action-thriller,"Crime, Action, Thriller",2114
2012,crime-drama-thriller,"Crime, Drama, Thriller",2135
2012,crime-drama-thriller-action,"Crime, Drama, Thriller, Action",7017
2012,crime-drama-western,"Crime, Drama, Western",3059
2012,crime-mystery-fantasy,"Crime, Mystery, Fantasy",24
2012,crime-thriller,"Crime, Thriller",2178
2012,crime-thriller-mystery,"Crime, Thriller, Mystery",1334
2012,documentary,Documentary,121
2012,documentary-music,"Documentary, Music",278
2012,drama,Drama,5984
2012,drama-action-adventure-history-war,"Drama, Action, Adventure, History, War",630
2012,drama-comedy,"Drama, Comedy",2927
2012,drama-comedy-crime,"Drama, Comedy, Crime",176
2012,drama-comedy-romance,"Drama, Comedy, Romance",11971
2012,drama-comedy-science-fiction,"Drama, Comedy, Science Fiction",108
2012,drama-fantasy,"Drama, Fantasy",1053
2012,drama-history,"Drama, History",147
2012,drama-horror,"Drama, Horror",137
2012,drama-horror-thriller,"Drama, Horror, Thriller",3449
2012,drama-romance,"Drama, Romance",4044
2012,drama-romance-comedy,"Drama, Romance, Comedy",874
2012,drama-romance-history,"Drama, Romance, History",2271
2012,drama-science-fiction,"Drama, Science Fiction",7061
2012,drama-thriller,"Drama, Thriller",8269
2012,drama-thriller-action-adventure,"Drama, Thriller, Action, Adventure",3823
2012,drama-thriller-history,"Drama, Thriller, History",6287
2012,drama-tv-movie-mystery,"Drama, TV Movie, Mystery",32
2012,drama-western,"Drama, Western",26324
2012,family-adventure-comedy,"Family, Adventure, Comedy",1302
2012,family-animation-adventure,"Family, Animation, Adventure",67
2012,family-animation-adventure-comedy,"Family, Animation, Adventure, Comedy",2531
2012,family-animation-comedy-adventure,"Family, Animation, Comedy, Adventure",12314
2012,fantasy-action-horror,"Fantasy, Action, Horror",4053
2012,fantasy-adventure-action,"Fantasy, Adventure, Action",4188
2012,fantasy-drama-comedy-family,"Fantasy, Drama, Comedy, Family",1173
2012,fantasy-family-music-drama-romance,"Fantasy, Family, Music, Drama, Romance",167
2012,history-comedy-drama,"History, Comedy, Drama",26
2012,history-drama,"History, Drama",5281
2012,horror,Horror,1875
2012,horror-mystery,"Horror, Mystery",7858
2012,horror-thriller,"Horror, Thriller",787
2012,horror-thriller-drama,"Horror, Thriller, Drama",1584
2012,horror-thriller-mystery,"Horror, Thriller, Mystery",5508
2012,music-drama-romance,"Music, Drama, Romance",2037
2012,romance-comedy,"Romance, Comedy",8
2012,romance-comedy-drama,"Romance, Comedy, Drama",1782
2012,romance-drama-comedy,"Romance, Drama, Comedy",25
2012,romance-fantasy,"Romance, Fantasy",260
2012,romance-science-fiction-drama-fantasy,"Romance, Science Fiction, Drama, Fantasy",2472
2012,science-fiction-action-adventure,"Science Fiction, Action, Adventure",30942
2012,science-fiction-adventure-fantasy,"Science Fiction, Adventure, Fantasy",21991
2012,science-fiction-adventure-mystery,"Science Fiction, Adventure, Mystery",12289
2012,science-fiction-drama-thriller,"Science Fiction, Drama, Thriller",5285
2012,thriller-action-adventure-science-fiction,"Thriller, Action, Adventure, Science Fiction",5512
2012,thriller-action-drama-crime,"Thriller, Action, Drama, Crime",2053
2012,thriller-drama,"Thriller, Drama",4505
2012,thriller-horror,"Thriller, Horror",212
2012,thriller-horror-action,"Thriller, Horror, Action",4
2012,thriller-mystery,"Thriller, Mystery",84
2013,action-adventure-crime,"Action, Adventure, Crime",6170
2013,action-adventure-fantasy,"Action, Adventure, Fantasy",17305
2013,action-adventure-science-fiction,"Action, Adventure, Science Fiction",22218
2013,action-adventure-thriller-crime,"Action, Adventure, Thriller, Crime",37
2013,action-adventure-western,"Action, Adventure, Western",5817
2013,action-comedy,"Action, Comedy",6353
2013,action-comedy-crime,"Action, Comedy, Crime",3919
2013,action-comedy-crime-thriller,"Action, Comedy, Crime, Thriller",4023
2013,action-crime,"Action, Crime",281
2013,action-crime-comedy,"Action, Crime, Comedy",4453
2013,action-crime-comedy-thriller,"Action, Crime, Comedy, Thriller",125
2013,action-crime-drama,"Action, Crime, Drama",366
2013,action-crime-fantasy-adventure,"Action, Crime, Fantasy, Adventure",272
2013,action-crime-thriller,"Action, Crime, Thriller",2775
2013,action-drama,"Action, Drama",48
2013,action-drama-comedy,"Action, Drama, Comedy",186
2013,action-drama-crime,"Action, Drama, Crime",271
2013,action-drama-history,"Action, Drama, History",869
2013,action-drama-thriller,"Action, Drama, Thriller",6920
2013,action-fantasy,"Action, Fantasy",52
2013,action-fantasy-adventure-comedy,"Action, Fantasy, Adventure, Comedy",371
2013,action-horror-science-fiction-thriller,"Action, Horror, Science Fiction, Thriller",15404
2013,action-science-fiction-adventure,"Action, Science Fiction, Adventure",9620
2013,action-science-fiction-adventure-mystery,"Action, Science Fiction, Adventure, Mystery",10675
2013,action-science-fiction-drama,"Action, Science Fiction, Drama",9551
2013,action-thriller,"Action, Thriller",6389
2013,action-thriller-crime,"Action, Thriller, Crime",10591
2013,adventure-action-science-fiction,"Adventure, Action, Science Fiction",17352
2013,adventure-comedy-drama,"Adventure, Comedy, Drama",926
2013,adventure-comedy-drama-fantasy,"Adventure, Comedy, Drama, Fantasy",7601
2013,adventure-drama-history,"Adventure, Drama, History",1065
2013,adventure-family-animation-comedy-fantasy-science-fiction,"Adventure, Family, Animation, Comedy, Fantasy, Science Fiction",37
2013,adventure-family-fantasy,"Adventure, Family, Fantasy",5126
2013,animation-action-drama,"Animation, Action, Drama",108
2013,animation-action-science-fiction,"Animation, Action, Science Fiction",1534
2013,animation-action-thriller,"Animation, Action, Thriller",167
2013,animation-adventure-family,"Animation, Adventure, Family",257
2013,animation-adventure-family-fantasy,"Animation, Adventure, Family, Fantasy",2738
2013,animation-adventure-family-fantasy-comedy-action,"Animation, Adventure, Family, Fantasy, Comedy, Action",7067
2013,animation-comedy-adventure-family-science-fiction,"Animation, Comedy, Adventure, Family, Science Fiction",754
2013,animation-comedy-family,"Animation, Comedy, Family",11268
2013,animation-drama-fantasy,"Animation, Drama, Fantasy",1788
2013,animation-family,"Animation, Family",10640
2013,animation-family-action-adventure-drama-fantasy,"Animation, Family, Action, Adventure, Drama, Fantasy",392
2013,animation-family-adventure-comedy,"Animation, Family, Adventure, Comedy",1689
2013,animation-family-adventure-fantasy,"Animation, Family, Adventure, Fantasy",16567
2013,animation-family-comedy,"Animation, Family, Comedy",3189
2013,comedy,Comedy,8648
2013,comedy-action,"Comedy, Action",41
2013,comedy-action-crime,"Comedy, Action, Crime",135
2013,comedy-action-science-fiction,"Comedy, Action, Science Fiction",5404
2013,comedy-crime,"Comedy, Crime",3315
2013,comedy-documentary,"Comedy, Documentary",203
2013,comedy-drama,"Comedy, Drama",40
2013,comedy-drama-history,"Comedy, Drama, History",3290
2013,comedy-drama-romance,"Comedy, Drama, Romance",838
2013,comedy-horror,"Comedy, Horror",1897
2013,comedy-romance,"Comedy, Romance",106
2013,crime-action-thriller,"Crime, Action, Thriller",346
2013,crime-comedy-action,"Crime, Comedy, Action",2911
2013,crime-drama-action-thriller,"Crime, Drama, Action, Thriller",4014
2013,crime-drama-comedy,"Crime, Drama, Comedy",24067
2013,crime-drama-mystery,"Crime, Drama, Mystery",35
2013,crime-drama-thriller,"Crime, Drama, Thriller",235
2013,crime-drama-thriller-western,"Crime, Drama, Thriller, Western",83
2013,crime-mystery-fantasy,"Crime, Mystery, Fantasy",18
2013,crime-thriller,"Crime, Thriller",2863
2013,crime-thriller-drama,"Crime, Thriller, Drama",1233
2013,documentary-music,"Documentary, Music",1040
2013,drama,Drama,2862
2013,drama-action,"Drama, Action",7143
2013,drama-action-crime,"Drama, Action, Crime",156
2013,drama-action-fantasy,"Drama, Action, Fantasy",3819
2013,drama-action-thriller,"Drama, Action, Thriller",98
2013,drama-adventure,"Drama, Adventure",1760
2013,drama-comedy,"Drama, Comedy",435
2013,drama-comedy-romance,"Drama, Comedy, Romance",41
2013,drama-crime,"Drama, Crime",7254
2013,drama-family,"Drama, Family",24
2013,drama-history,"Drama, History",11266
2013,drama-music,"Drama, Music",2677
2013,drama-mystery,"Drama, Mystery",10
2013,drama-romance,"Drama, Romance",12242
2013,drama-romance-comedy,"Drama, Romance, Comedy",62
2013,drama-romance-fantasy,"Drama, Romance, Fantasy",8529
2013,drama-thriller-crime,"Drama, Thriller, Crime",11822
2013,family-adventure-animation-drama,"Family, Adventure, Animation, Drama",6776
2013,family-fantasy-animation-adventure,"Family, Fantasy, Animation, Adventure",347
2013,fantasy-action-adventure-drama,"Fantasy, Action, Adventure, Drama",4893
2013,fantasy-action-comedy,"Fantasy, Action, Comedy",3991
2013,fantasy-action-mystery,"Fantasy, Action, Mystery",4444
2013,fantasy-adventure-action,"Fantasy, Adventure, Action",13194
2013,fantasy-adventure-family,"Fantasy, Adventure, Family",6497
2013,fantasy-drama-romance,"Fantasy, Drama, Romance",2828
2013,fantasy-family-comedy-animation,"Fantasy, Family, Comedy, Animation",2191
2013,fantasy-horror-action,"Fantasy, Horror, Action",6704
2013,history-drama,"History, Drama",193
2013,horror,Horror,4137
2013,horror-comedy-romance,"Horror, Comedy, Romance",6044
2013,horror-thriller,"Horror, Thriller",11582
2013,horror-thriller-mystery,"Horror, Thriller, Mystery",2470
2013,mystery-thriller-science-fiction,"Mystery, Thriller, Science Fiction",32
2013,romance,Romance,8
2013,romance-comedy-drama,"Romance, Comedy, Drama",4282
2013,romance-drama,"Romance, Drama",103
2013,romance-science-fiction-drama,"Romance, Science Fiction, Drama",14279
2013,romance-thriller,"Romance, Thriller",2310
2013,science-fiction-action-adventure,"Science Fiction, Action, Adventure",6529
2013,science-fiction-action-drama-thriller,"Science Fiction, Action, Drama, Thriller",8839
2013,science-fiction-action-thriller,"Science Fiction, Action, Thriller",4057
2013,science-fiction-horror-thriller,"Science Fiction, Horror, Thriller",8378
2013,science-fiction-thriller-drama,"Science Fiction, Thriller, Drama",15326
2013,science-fiction-thriller-horror,"Science Fiction, Thriller, Horror",1771
2013,thriller,Thriller,34
2013,thriller-crime,"Thriller, Crime",15519
2013,thriller-crime-drama,"Thriller, Crime, Drama",1850
2013,thriller-crime-drama-mystery,"Thriller, Crime, Drama, Mystery",2174
2013,thriller-drama-action,"Thriller, Drama, Action",2338
2013,thriller-mystery,"Thriller, Mystery",97
2013,war-action-drama,"War, Action, Drama",4306
2013,war-drama-action-mystery,"War, Drama, Action, Mystery",65
2014,action,Action,32
2014,action-adventure,"Action, Adventure",4069
2014,action-adventure-comedy-fantasy,"Action, Adventure, Comedy, Fantasy",213
2014,action-adventure-comedy-romance-thriller,"Action, Adventure, Comedy, Romance, Thriller",221
2014,action-adventure-drama-fantasy,"Action, Adventure, Drama, Fantasy",576
2014,action-adventure-fantasy,"Action, Adventure, Fantasy",14311
2014,action-adventure-history-romance-drama,"Action, Adventure, History, Romance, Drama",3222
2014,action-adventure-science-fiction,"Action, Adventure, Science Fiction",15319
2014,action-adventure-science-fiction-comedy-fantasy,"Action, Adventure, Science Fiction, Comedy, Fantasy",201
2014,action-adventure-thriller,"Action, Adventure, Thriller",4973
2014,action-comedy,"Action, Comedy",2243
2014,action-crime,"Action, Crime",95
2014,action-crime-drama,"Action, Crime, Drama",1515
2014,action-crime-drama-thriller,"Action, Crime, Drama, Thriller",4358
2014,action-crime-fantasy,"Action, Crime, Fantasy",57
2014,action-drama,"Action, Drama",119
2014,action-drama-romance,"Action, Drama, Romance",24
2014,action-drama-science-fiction,"Action, Drama, Science Fiction",9122
2014,action-drama-thriller,"Action, Drama, Thriller",2847
2014,action-drama-war,"Action, Drama, War",6511
2014,action-history,"Action, History",56
2014,action-mystery-science-fiction-thriller,"Action, Mystery, Science Fiction, Thriller",17047
2014,action-romance-comedy-crime,"Action, Romance, Comedy, Crime",149
2014,action-science-fiction,"Action, Science Fiction",16026
2014,action-science-fiction-adventure,"Action, Science Fiction, Adventure",28085
2014,action-thriller,"Action, Thriller",2027
2014,action-thriller-crime-adventure,"Action, Thriller, Crime, Adventure",456
2014,action-thriller-mystery,"Action, Thriller, Mystery",5342
2014,action-thriller-science-fiction,"Action, Thriller, Science Fiction",5127
2014,adventure-animation-family,"Adventure, Animation, Family",1099
2014,adventure-comedy-drama-action,"Adventure, Comedy, Drama, Action",60
2014,adventure-comedy-fantasy-family,"Adventure, Comedy, Fantasy, Family",5852
2014,adventure-drama-action,"Adventure, Drama, Action",4545
2014,adventure-drama-science-fiction,"Adventure, Drama, Science Fiction",35934
2014,adventure-family-animation-action-comedy,"Adventure, Family, Animation, Action, Comedy",15640
2014,adventure-fantasy,"Adventure, Fantasy",2488
2014,animation-action-drama-mystery,"Animation, Action, Drama, Mystery",111
2014,animation-adventure-comedy-family,"Animation, Adventure, Comedy, Family",3485
2014,animation-adventure-comedy-family-fantasy,"Animation, Adventure, Comedy, Family, Fantasy",2701
2014,animation-adventure-family,"Animation, Adventure, Family",2360
2014,animation-comedy-adventure-family,"Animation, Comedy, Adventure, Family",856
2014,animation-comedy-family-adventure,"Animation, Comedy, Family, Adventure",958
2014,animation-comedy-family-fantasy,"Animation, Comedy, Family, Fantasy",1673
2014,animation-drama-family-mystery,"Animation, Drama, Family, Mystery",1794
2014,animation-family,"Animation, Family",1003
2014,animation-family-adventure,"Animation, Family, Adventure",11
2014,animation-family-adventure-action-comedy-drama,"Animation, Family, Adventure, Action, Comedy, Drama",179
2014,animation-family-adventure-comedy-fantasy,"Animation, Family, Adventure, Comedy, Fantasy",7854
2014,animation-family-science-fiction-fantasy-adventure,"Animation, Family, Science Fiction, Fantasy, Adventure",530
2014,comedy,Comedy,6912
2014,comedy-action,"Comedy, Action",54
2014,comedy-adventure-crime-family,"Comedy, Adventure, Crime, Family",823
2014,comedy-adventure-family,"Comedy, Adventure, Family",3717
2014,comedy-drama,"Comedy, Drama",14844
2014,comedy-drama-family,"Comedy, Drama, Family",1275
2014,comedy-drama-romance,"Comedy, Drama, Romance",2068
2014,comedy-drama-science-fiction,"Comedy, Drama, Science Fiction",998
2014,comedy-family,"Comedy, Family",5
2014,comedy-fantasy-science-fiction,"Comedy, Fantasy, Science Fiction",32
2014,comedy-horror,"Comedy, Horror",1455
2014,comedy-music-drama,"Comedy, Music, Drama",2361
2014,comedy-music-romance-drama,"Comedy, Music, Romance, Drama",3764
2014,comedy-romance,"Comedy, Romance",3539
2014,comedy-romance-family,"Comedy, Romance, Family",633
2014,comedy-western,"Comedy, Western",4077
2014,crime-action-thriller,"Crime, Action, Thriller",1465
2014,crime-comedy-action,"Crime, Comedy, Action",7933
2014,crime-drama,"Crime, Drama",85
2014,crime-drama-mystery-thriller,"Crime, Drama, Mystery, Thriller",2796
2014,crime-drama-thriller,"Crime, Drama, Thriller",10786
2014,crime-thriller,"Crime, Thriller",623
2014,crime-thriller-action-mystery,"Crime, Thriller, Action, Mystery",53
2014,crime-thriller-mystery,"Crime, Thriller, Mystery",440
2014,documentary-romance-drama,"Documentary, Romance, Drama",22
2014,drama,Drama,796
2014,drama-action,"Drama, Action",183
2014,drama-adventure,"Drama, Adventure",6210
2014,drama-comedy,"Drama, Comedy",12819
2014,drama-comedy-music,"Drama, Comedy, Music",110
2014,drama-fantasy-mystery-romance,"Drama, Fantasy, Mystery, Romance",1333
2014,drama-horror-romance-mystery,"Drama, Horror, Romance, Mystery",11
2014,drama-music,"Drama, Music",15206
2014,drama-romance,"Drama, Romance",10524
2014,drama-science-fiction,"Drama, Science Fiction",4405
2014,drama-thriller-comedy,"Drama, Thriller, Comedy",3387
2014,drama-war,"Drama, War",4107
2014,family-adventure-science-fiction,"Family, Adventure, Science Fiction",581
2014,family-animation,"Family, Animation",174
2014,family-animation-adventure-comedy,"Family, Animation, Adventure, Comedy",4162
2014,family-comedy,"Family, Comedy",1325
2014,family-drama,"Family, Drama",345
2014,fantasy,Fantasy,105
2014,fantasy-action-adventure-animation-comedy-family,"Fantasy, Action, Adventure, Animation, Comedy, Family",9603
2014,fantasy-adventure-action-family-romance,"Fantasy, Adventure, Action, Family, Romance",13106
2014,fantasy-comedy,"Fantasy, Comedy",4235
2014,fantasy-romance,"Fantasy, Romance",2031
2014,history-drama,"History, Drama",2183
2014,history-drama-thriller-war,"History, Drama, Thriller, War",17043
2014,horror,Horror,6123
2014,horror-action-fantasy,"Horror, Action, Fantasy",6078
2014,horror-thriller,"Horror, Thriller",6397
2014,music-drama,"Music, Drama",691
2014,mystery-thriller-drama,"Mystery, Thriller, Drama",18656
2014,romance,Romance,17
2014,romance-comedy,"Romance, Comedy",24
2014,romance-drama,"Romance, Drama",11123
2014,romance-drama-comedy,"Romance, Drama, Comedy",6219
2014,romance-drama-music,"Romance, Drama, Music",1924
2014,science-fiction-action-adventure,"Science Fiction, Action, Adventure",8163
2014,science-fiction-action-adventure-comedy,"Science Fiction, Action, Adventure, Comedy",6780
2014,science-fiction-action-drama-thriller,"Science Fiction, Action, Drama, Thriller",11440
2014,science-fiction-adventure-thriller,"Science Fiction, Adventure, Thriller",15815
2014,thriller,Thriller,1349
2014,thriller-action-crime,"Thriller, Action, Crime",9079
2014,thriller-action-science-fiction,"Thriller, Action, Science Fiction",1300
2014,thriller-crime-drama,"Thriller, Crime, Drama",1406
2014,thriller-crime-horror,"Thriller, Crime, Horror",2041
2014,thriller-drama-mystery,"Thriller, Drama, Mystery",86
2014,thriller-science-fiction-drama-mystery,"Thriller, Science Fiction, Drama, Mystery",5383
2014,thriller-war-adventure,"Thriller, War, Adventure",178
2014,war-action,"War, Action",12850
2014,war-action-drama-history,"War, Action, Drama, History",285
2014,war-drama,"War, Drama",1229
2014,war-drama-action,"War, Drama, Action",11984
2014,war-drama-history-action,"War, Drama, History, Action",3580
2015,action,Action,93
2015,action-adventure,"Action, Adventure",8837
2015,action-adventure-animation-drama-family-fantasy,"Action, Adventure, Animation, Drama, Family, Fantasy",1478
2015,action-adventure-comedy-science-fiction,"Action, Adventure, Comedy, Science Fiction",195
2015,action-adventure-crime-comedy-romance,"Action, Adventure, Crime, Comedy, Romance",61
2015,action-adventure-crime-thriller,"Action, Adventure, Crime, Thriller",2292
2015,action-adventure-fantasy,"Action, Adventure, Fantasy",228
2015,action-adventure-science-fiction,"Action, Adventure, Science Fiction",23046
2015,action-adventure-science-fiction-thriller,"Action, Adventure, Science Fiction, Thriller",20370
2015,action-adventure-thriller,"Action, Adventure, Thriller",10515
2015,action-animation-science-fiction,"Action, Animation, Science Fiction",1911
2015,action-comedy,"Action, Comedy",1594
2015,action-comedy-crime,"Action, Comedy, Crime",5998
2015,action-comedy-drama,"Action, Comedy, Drama",64
2015,action-comedy-family,"Action, Comedy, Family",1547
2015,action-comedy-science-fiction,"Action, Comedy, Science Fiction",7528
2015,action-crime,"Action, Crime",206
2015,action-crime-thriller,"Action, Crime, Thriller",246
2015,action-drama,"Action, Drama",7436
2015,action-drama-history,"Action, Drama, History",1743
2015,action-drama-thriller,"Action, Drama, Thriller",8543
2015,action-fantasy-romance,"Action, Fantasy, Romance",38
2015,action-mystery-adventure-thriller,"Action, Mystery, Adventure, Thriller",53
2015,action-mystery-comedy,"Action, Mystery, Comedy",22
2015,action-science-fiction-thriller,"Action, Science Fiction, Thriller",9981
2015,action-thriller-crime,"Action, Thriller, Crime",10633
2015,action-war-thriller,"Action, War, Thriller",245
2015,adventure-action-animation-comedy-fantasy,"Adventure, Action, Animation, Comedy, Fantasy",1571
2015,adventure-action-science-fiction,"Adventure, Action, Science Fiction",19411
2015,adventure-action-thriller,"Adventure, Action, Thriller",175
2015,adventure-animation-family,"Adventure, Animation, Family",5549
2015,adventure-animation-fantasy-family,"Adventure, Animation, Fantasy, Family",2786
2015,adventure-comedy-drama,"Adventure, Comedy, Drama",696
2015,adventure-drama,"Adventure, Drama",377
2015,adventure-drama-family,"Adventure, Drama, Family",820
2015,adventure-drama-history,"Adventure, Drama, History",4868
2015,adventure-family-drama,"Adventure, Family, Drama",394
2015,adventure-family-mystery-science-fiction,"Adventure, Family, Mystery, Science Fiction",6966
2015,adventure-history-action-fantasy,"Adventure, History, Action, Fantasy",565
2015,adventure-horror-comedy,"Adventure, Horror, Comedy",3759
2015,animation-adventure-comedy-family,"Animation, Adventure, Comedy, Family",208
2015,animation-comedy-family,"Animation, Comedy, Family",12
2015,animation-comedy-family-fantasy,"Animation, Comedy, Family, Fantasy",5761
2015,animation-crime-adventure-mystery,"Animation, Crime, Adventure, Mystery",115
2015,animation-family-adventure-drama-comedy,"Animation, Family, Adventure, Drama, Comedy",22076
2015,animation-family-fantasy-adventure,"Animation, Family, Fantasy, Adventure",40
2015,comedy,Comedy,3196
2015,comedy-action,"Comedy, Action",16
2015,comedy-action-adventure,"Comedy, Action, Adventure",6330
2015,comedy-adventure,"Comedy, Adventure",2628
2015,comedy-adventure-fantasy,"Comedy, Adventure, Fantasy",1684
2015,comedy-animation-family,"Comedy, Animation, Family",1640
2015,comedy-animation-family-adventure-science-fiction-fantasy,"Comedy, Animation, Family, Adventure, Science Fiction, Fantasy",77
2015,comedy-drama,"Comedy, Drama",9009
2015,comedy-drama-action,"Comedy, Drama, Action",475
2015,comedy-drama-music,"Comedy, Drama, Music",703
2015,comedy-drama-romance,"Comedy, Drama, Romance",13
2015,comedy-family-drama,"Comedy, Family, Drama",792
2015,comedy-fantasy,"Comedy, Fantasy",7465
2015,comedy-fantasy-adventure,"Comedy, Fantasy, Adventure",332
2015,comedy-music,"Comedy, Music",5283
2015,comedy-music-fantasy,"Comedy, Music, Fantasy",45
2015,comedy-mystery-action-adventure,"Comedy, Mystery, Action, Adventure",116
2015,comedy-romance,"Comedy, Romance",2566
2015,comedy-romance-family,"Comedy, Romance, Family",407
2015,crime-action-comedy,"Crime, Action, Comedy",307
2015,crime-action-drama,"Crime, Action, Drama",153
2015,crime-action-science-fiction,"Crime, Action, Science Fiction",7907
2015,crime-comedy-action-adventure,"Crime, Comedy, Action, Adventure",16762
2015,crime-drama,"Crime, Drama",119
2015,crime-drama-mystery,"Crime, Drama, Mystery",70
2015,crime-drama-thriller,"Crime, Drama, Thriller",96
2015,crime-music-romance,"Crime, Music, Romance",12
2015,crime-thriller,"Crime, Thriller",3868
2015,documentary,Documentary,96
2015,drama,Drama,523
2015,drama-adventure-science-fiction,"Drama, Adventure, Science Fiction",19792
2015,drama-comedy,"Drama, Comedy",4081
2015,drama-comedy-crime,"Drama, Comedy, Crime",2375
2015,drama-comedy-romance,"Drama, Comedy, Romance",2030
2015,drama-crime-family-mystery,"Drama, Crime, Family, Mystery",1835
2015,drama-crime-history,"Drama, Crime, History",3334
2015,drama-family,"Drama, Family",821
2015,drama-history,"Drama, History",8222
2015,drama-horror-thriller,"Drama, Horror, Thriller",182
2015,drama-music-history,"Drama, Music, History",3886
2015,drama-mystery-western,"Drama, Mystery, Western",14216
2015,drama-romance,"Drama, Romance",31
2015,drama-romance-thriller,"Drama, Romance, Thriller",11788
2015,drama-science-fiction,"Drama, Science Fiction",13291
2015,drama-science-fiction-thriller,"Drama, Science Fiction, Thriller",2121
2015,drama-thriller,"Drama, Thriller",320
2015,family-adventure-comedy-fantasy-animation,"Family, Adventure, Comedy, Fantasy, Animation",2347
2015,family-adventure-comedy-music-animation,"Family, Adventure, Comedy, Music, Animation",1630
2015,family-animation-adventure-comedy,"Family, Animation, Adventure, Comedy",10550
2015,family-animation-comedy-adventure,"Family, Animation, Comedy, Adventure",1384
2015,family-drama,"Family, Drama",5
2015,fantasy-action-adventure-horror,"Fantasy, Action, Adventure, Horror",3590
2015,fantasy-adventure-family-action,"Fantasy, Adventure, Family, Action",2718
2015,fantasy-animation-comedy,"Fantasy, Animation, Comedy",265
2015,fantasy-comedy-animation-science-fiction-family,"Fantasy, Comedy, Animation, Science Fiction, Family",3962
2015,horror,Horror,2266
2015,horror-action-science-fiction,"Horror, Action, Science Fiction",747
2015,horror-comedy-fantasy,"Horror, Comedy, Fantasy",2200
2015,horror-mystery,"Horror, Mystery",4746
2015,horror-mystery-thriller,"Horror, Mystery, Thriller",3322
2015,horror-science-fiction-thriller,"Horror, Science Fiction, Thriller",1408
2015,horror-thriller,"Horror, Thriller",3349
2015,mystery-drama-romance,"Mystery, Drama, Romance",5038
2015,mystery-thriller-drama,"Mystery, Thriller, Drama",102
2015,romance,Romance,7
2015,romance-action-drama,"Romance, Action, Drama",33
2015,romance-comedy,"Romance, Comedy",118
2015,romance-comedy-crime,"Romance, Comedy, Crime",7830
2015,romance-comedy-drama-crime,"Romance, Comedy, Drama, Crime",29
2015,romance-drama,"Romance, Drama",3690
2015,romance-drama-action,"Romance, Drama, Action",110
2015,romance-drama-history,"Romance, Drama, History",3077
2015,romance-fantasy-drama,"Romance, Fantasy, Drama",6638
2015,romance-fantasy-family-drama,"Romance, Fantasy, Family, Drama",7076
2015,science-fiction-action-adventure,"Science Fiction, Action, Adventure",19770
2015,science-fiction-action-thriller-adventure,"Science Fiction, Action, Thriller, Adventure",8411
2015,science-fiction-fantasy-action,"Science Fiction, Fantasy, Action",6741
2015,science-fiction-mystery-thriller-action,"Science Fiction, Mystery, Thriller, Action",3092
2015,science-fiction-thriller,"Science Fiction, Thriller",2608
2015,thriller,Thriller,2025
2015,thriller-action,"Thriller, Action",5759
2015,thriller-action-crime,"Thriller, Action, Crime",32
2015,thriller-drama,"Thriller, Drama",6816
2015,thriller-drama-adventure-action-history,"Thriller, Drama, Adventure, Action, History",4088
2015,thriller-horror-drama,"Thriller, Horror, Drama",1011
2015,thriller-mystery-crime,"Thriller, Mystery, Crime",1334
2015,thriller-mystery-drama,"Thriller, Mystery, Drama",3203
2015,war-history,"War, History",48
2015,war-history-drama-action,"War, History, Drama, Action",7
2015,western-drama-adventure,"Western, Drama, Adventure",18115
2016,action,Action,270
2016,action-adventure-animation-comedy-family,"Action, Adventure, Animation, Comedy, Family",6051
2016,action-adventure-comedy,"Action, Adventure, Comedy",31141
2016,action-adventure-comedy-drama,"Action, Adventure, Comedy, Drama",53
2016,action-adventure-comedy-family-science-fiction,"Action, Adventure, Comedy, Family, Science Fiction",3509
2016,action-adventure-comedy-family-war,"Action, Adventure, Comedy, Family, War",134
2016,action-adventure-crime-war,"Action, Adventure, Crime, War",246
2016,action-adventure-drama,"Action, Adventure, Drama",4793
2016,action-adventure-drama-fantasy,"Action, Adventure, Drama, Fantasy",828
2016,action-adventure-fantasy,"Action, Adventure, Fantasy",17998
2016,action-adventure-science-fiction,"Action, Adventure, Science Fiction",15278
2016,action-adventure-science-fiction-fantasy,"Action, Adventure, Science Fiction, Fantasy",12982
2016,action-adventure-thriller,"Action, Adventure, Thriller",249
2016,action-animation-adventure-comedy,"Action, Animation, Adventure, Comedy",485
2016,action-comedy,"Action, Comedy",41
2016,action-comedy-crime,"Action, Comedy, Crime",129
2016,action-comedy-crime-mystery,"Action, Comedy, Crime, Mystery",5920
2016,action-comedy-science-fiction,"Action, Comedy, Science Fiction",853
2016,action-comedy-thriller-mystery,"Action, Comedy, Thriller, Mystery",693
2016,action-crime,"Action, Crime",74
2016,action-crime-adventure-thriller,"Action, Crime, Adventure, Thriller",2126
2016,action-crime-drama,"Action, Crime, Drama",66
2016,action-crime-drama-history-thriller,"Action, Crime, Drama, History, Thriller",2604
2016,action-crime-thriller,"Action, Crime, Thriller",3360
2016,action-drama-history-thriller,"Action, Drama, History, Thriller",1598
2016,action-drama-history-war,"Action, Drama, History, War",1492
2016,action-drama-war-romance-thriller,"Action, Drama, War, Romance, Thriller",4511
2016,action-fantasy,"Action, Fantasy",152
2016,action-fantasy-comedy,"Action, Fantasy, Comedy",6420
2016,action-history-adventure-drama,"Action, History, Adventure, Drama",1659
2016,action-horror-science-fiction,"Action, Horror, Science Fiction",3185
2016,action-horror-thriller,"Action, Horror, Thriller",5233
2016,action-science-fiction-horror,"Action, Science Fiction, Horror",1308
2016,action-thriller,"Action, Thriller",5705
2016,action-thriller-crime,"Action, Thriller, Crime",100
2016,adventure-action-science-fiction,"Adventure, Action, Science Fiction",22743
2016,adventure-action-western,"Adventure, Action, Western",5905
2016,adventure-animation-comedy-family,"Adventure, Animation, Comedy, Family",12043
2016,adventure-animation-comedy-fantasy,"Adventure, Animation, Comedy, Fantasy",7279
2016,adventure-animation-family-comedy-science-fiction,"Adventure, Animation, Family, Comedy, Science Fiction",4547
2016,adventure-comedy-animation-family,"Adventure, Comedy, Animation, Family",8054
2016,adventure-comedy-family-animation,"Adventure, Comedy, Family, Animation",12650
2016,adventure-comedy-family-fantasy,"Adventure, Comedy, Family, Fantasy",15
2016,adventure-family-fantasy,"Adventure, Family, Fantasy",6414
2016,adventure-science-fiction-action-mystery,"Adventure, Science Fiction, Action, Mystery",6607
2016,animation-adventure-comedy,"Animation, Adventure, Comedy",17
2016,animation-adventure-comedy-family,"Animation, Adventure, Comedy, Family",3664
2016,animation-adventure-comedy-family-music,"Animation, Adventure, Comedy, Family, Music",288
2016,animation-adventure-family,"Animation, Adventure, Family",3566
2016,animation-adventure-family-comedy,"Animation, Adventure, Family, Comedy",16374
2016,animation-adventure-fantasy,"Animation, Adventure, Fantasy",438
2016,animation-adventure-fantasy-science-fiction-family,"Animation, Adventure, Fantasy, Science Fiction, Family",59
2016,animation-comedy-family-music,"Animation, Comedy, Family, Music",7939
2016,animation-drama,"Animation, Drama",3986
2016,animation-fantasy-drama-science-fiction,"Animation, Fantasy, Drama, Science Fiction",132
2016,animation-romance-drama,"Animation, Romance, Drama",11464
2016,comedy,Comedy,4065
2016,comedy-adventure-action,"Comedy, Adventure, Action",2226
2016,comedy-crime-action,"Comedy, Crime, Action",7915
2016,comedy-crime-drama,"Comedy, Crime, Drama",4915
2016,comedy-crime-mystery,"Comedy, Crime, Mystery",3750
2016,comedy-documentary-tv-movie,"Comedy, Documentary, TV Movie",243
2016,comedy-drama,"Comedy, Drama",83
2016,comedy-drama-history-adventure,"Comedy, Drama, History, Adventure",2109
2016,comedy-drama-romance,"Comedy, Drama, Romance",16
2016,comedy-drama-romance-music,"Comedy, Drama, Romance, Music",16907
2016,comedy-drama-war,"Comedy, Drama, War",964
2016,comedy-fantasy-romance,"Comedy, Fantasy, Romance",409
2016,comedy-romance,"Comedy, Romance",3195
2016,comedy-romance-crime,"Comedy, Romance, Crime",3476
2016,crime-action-thriller,"Crime, Action, Thriller",23
2016,crime-thriller,"Crime, Thriller",398
2016,crime-thriller-action-mystery,"Crime, Thriller, Action, Mystery",10724
2016,crime-thriller-drama,"Crime, Thriller, Drama",6162
2016,documentary,Documentary,160
2016,documentary-adventure-family,"Documentary, Adventure, Family",68
2016,drama,Drama,6546
2016,drama-action,"Drama, Action",4519
2016,drama-action-romance,"Drama, Action, Romance",220
2016,drama-comedy,"Drama, Comedy",2965
2016,drama-comedy-romance,"Drama, Comedy, Romance",2887
2016,drama-family-comedy-action,"Drama, Family, Comedy, Action",985
2016,drama-fantasy-adventure-family-animation-horror,"Drama, Fantasy, Adventure, Family, Animation, Horror",3305
2016,drama-history,"Drama, History",7184
2016,drama-history-crime-thriller,"Drama, History, Crime, Thriller",4321
2016,drama-history-war,"Drama, History, War",13783
2016,drama-romance,"Drama, Romance",12423
2016,drama-romance-science-fiction,"Drama, Romance, Science Fiction",13275
2016,drama-science-fiction-mystery,"Drama, Science Fiction, Mystery",17803
2016,drama-thriller,"Drama, Thriller",393
2016,drama-thriller-war,"Drama, Thriller, War",1568
2016,drama-war,"Drama, War",563
2016,family-adventure-drama-fantasy,"Family, Adventure, Drama, Fantasy",8036
2016,family-animation-fantasy-adventure-comedy-music,"Family, Animation, Fantasy, Adventure, Comedy, Music",3588
2016,family-animation-fantasy-comedy,"Family, Animation, Fantasy, Comedy",77
2016,family-comedy,"Family, Comedy",417
2016,family-drama,"Family, Drama",1187
2016,fantasy-action-adventure,"Fantasy, Action, Adventure",6215
2016,fantasy-action-thriller,"Fantasy, Action, Thriller",3659
2016,fantasy-adventure,"Fantasy, Adventure",18778
2016,fantasy-comedy-family,"Fantasy, Comedy, Family",1066
2016,history-action-drama,"History, Action, Drama",159
2016,horror,Horror,8403
2016,horror-drama-mystery,"Horror, Drama, Mystery",6965
2016,horror-drama-thriller,"Horror, Drama, Thriller",5054
2016,horror-mystery,"Horror, Mystery",1731
2016,horror-thriller,"Horror, Thriller",7426
2016,horror-thriller-action,"Horror, Thriller, Action",7470
2016,horror-thriller-mystery,"Horror, Thriller, Mystery",1735
2016,mystery-adventure-crime,"Mystery, Adventure, Crime",6773
2016,mystery-thriller-action,"Mystery, Thriller, Action",6226
2016,romance-comedy,"Romance, Comedy",997
2016,romance-drama,"Romance, Drama",20
2016,science-fiction-comedy-action,"Science Fiction, Comedy, Action",89
2016,thriller-drama,"Thriller, Drama",2934
2016,thriller-drama-romance,"Thriller, Drama, Romance",3767
2016,thriller-horror,"Thriller, Horror",1903
2016,thriller-mystery-drama-crime,"Thriller, Mystery, Drama, Crime",5684
2016,thriller-science-fiction-drama-horror,"Thriller, Science Fiction, Drama, Horror",7927
2016,western-crime-drama,"Western, Crime, Drama",4444
2017,action,Action,62
2017,action-adventure-comedy,"Action, Adventure, Comedy",10385
2017,action-adventure-crime,"Action, Adventure, Crime",8873
2017,action-adventure-crime-thriller,"Action, Adventure, Crime, Thriller",43
2017,action-adventure-drama-fantasy-thriller,"Action, Adventure, Drama, Fantasy, Thriller",1048
2017,action-adventure-fantasy,"Action, Adventure, Fantasy",19957
2017,action-adventure-science-fiction,"Action, Adventure, Science Fiction",20786
2017,action-adventure-science-fiction-drama,"Action, Adventure, Science Fiction, Drama",21845
2017,action-adventure-thriller,"Action, Adventure, Thriller",6197
2017,action-animation-comedy-family,"Action, Animation, Comedy, Family",1211
2017,action-animation-comedy-family-adventure,"Action, Animation, Comedy, Family, Adventure",7166
2017,action-animation-science-fiction,"Action, Animation, Science Fiction",3410
2017,action-comedy,"Action, Comedy",790
2017,action-comedy-crime,"Action, Comedy, Crime",1288
2017,action-comedy-crime-thriller,"Action, Comedy, Crime, Thriller",6181
2017,action-comedy-romance,"Action, Comedy, Romance",104
2017,action-crime,"Action, Crime",15733
2017,action-crime-adventure,"Action, Crime, Adventure",170
2017,action-crime-adventure-thriller,"Action, Crime, Adventure, Thriller",178
2017,action-crime-thriller,"Action, Crime, Thriller",10282
2017,action-drama,"Action, Drama",122
2017,action-drama-fantasy,"Action, Drama, Fantasy",5690
2017,action-drama-history,"Action, Drama, History",984
2017,action-drama-science-fiction,"Action, Drama, Science Fiction",19307
2017,action-history-drama-war,"Action, History, Drama, War",259
2017,action-science-fiction-thriller,"Action, Science Fiction, Thriller",4787
2017,action-thriller,"Action, Thriller",2649
2017,action-thriller-crime,"Action, Thriller, Crime",13084
2017,adventure-action-fantasy,"Adventure, Action, Fantasy",11995
2017,adventure-action-science-fiction,"Adventure, Action, Science Fiction",15319
2017,adventure-animation-family-fantasy,"Adventure, Animation, Family, Fantasy",793
2017,adventure-comedy-family,"Adventure, Comedy, Family",2372
2017,adventure-comedy-fantasy,"Adventure, Comedy, Fantasy",13624
2017,adventure-comedy-fantasy-family-drama,"Adventure, Comedy, Fantasy, Family, Drama",3321
2017,adventure-fantasy,"Adventure, Fantasy",21662
2017,adventure-fantasy-action,"Adventure, Fantasy, Action",101
2017,adventure-science-fiction-action,"Adventure, Science Fiction, Action",7478
2017,animation-action-adventure-fantasy-science-fiction,"Animation, Action, Adventure, Fantasy, Science Fiction",679
2017,animation-action-comedy-family,"Animation, Action, Comedy, Family",4997
2017,animation-adventure-comedy-family,"Animation, Adventure, Comedy, Family",407
2017,animation-adventure-fantasy-family,"Animation, Adventure, Fantasy, Family",91
2017,animation-comedy-family,"Animation, Comedy, Family",7080
2017,animation-crime-mystery-action,"Animation, Crime, Mystery, Action",99
2017,animation-drama-action-science-fiction,"Animation, Drama, Action, Science Fiction",21
2017,animation-drama-mystery-history,"Animation, Drama, Mystery, History",2456
2017,animation-family-adventure-comedy,"Animation, Family, Adventure, Comedy",2846
2017,animation-family-comedy,"Animation, Family, Comedy",3081
2017,animation-family-fantasy-comedy,"Animation, Family, Fantasy, Comedy",345
2017,animation-fantasy-comedy,"Animation, Fantasy, Comedy",15
2017,animation-fantasy-family-action,"Animation, Fantasy, Family, Action",13
2017,comedy,Comedy,2544
2017,comedy-action-adventure,"Comedy, Action, Adventure",13
2017,comedy-action-crime,"Comedy, Action, Crime",8047
2017,comedy-adventure-animation-family-fantasy,"Comedy, Adventure, Animation, Family, Fantasy",548
2017,comedy-crime,"Comedy, Crime",3510
2017,comedy-crime-drama,"Comedy, Crime, Drama",4510
2017,comedy-drama,"Comedy, Drama",48
2017,comedy-drama-history,"Comedy, Drama, History",1872
2017,comedy-drama-romance,"Comedy, Drama, Romance",2413
2017,comedy-family,"Comedy, Family",473
2017,comedy-fantasy,"Comedy, Fantasy",64
2017,comedy-horror-mystery,"Comedy, Horror, Mystery",6122
2017,comedy-music,"Comedy, Music",3291
2017,comedy-mystery-family-action-adventure,"Comedy, Mystery, Family, Action, Adventure",381
2017,comedy-romance,"Comedy, Romance",54
2017,crime-action-adventure-thriller,"Crime, Action, Adventure, Thriller",182
2017,crime-action-thriller,"Crime, Action, Thriller",91
2017,crime-comedy,"Crime, Comedy",2782
2017,crime-drama,"Crime, Drama",10107
2017,crime-drama-thriller-history,"Crime, Drama, Thriller, History",1631
2017,crime-history-thriller,"Crime, History, Thriller",2251
2017,crime-mystery-thriller-western,"Crime, Mystery, Thriller, Western",5212
2017,crime-thriller,"Crime, Thriller",111
2017,crime-thriller-mystery-horror,"Crime, Thriller, Mystery, Horror",2231
2017,documentary,Documentary,28
2017,drama,Drama,9440
2017,drama-action,"Drama, Action",1583
2017,drama-adventure-romance,"Drama, Adventure, Romance",2362
2017,drama-comedy,"Drama, Comedy",8504
2017,drama-crime,"Drama, Crime",3695
2017,drama-crime-thriller-comedy,"Drama, Crime, Thriller, Comedy",784
2017,drama-family,"Drama, Family",7865
2017,drama-fantasy,"Drama, Fantasy",2129
2017,drama-fantasy-romance,"Drama, Fantasy, Romance",12136
2017,drama-history,"Drama, History",4576
2017,drama-history-thriller,"Drama, History, Thriller",149
2017,drama-history-war,"Drama, History, War",1497
2017,drama-horror-thriller,"Drama, Horror, Thriller",2262
2017,drama-music,"Drama, Music",168
2017,drama-mystery-thriller,"Drama, Mystery, Thriller",4558
2017,drama-mystery-thriller-science-fiction,"Drama, Mystery, Thriller, Science Fiction",47
2017,drama-romance,"Drama, Romance",7617
2017,drama-science-fiction,"Drama, Science Fiction",3813
2017,drama-science-fiction-war,"Drama, Science Fiction, War",9040
2017,drama-thriller,"Drama, Thriller",1281
2017,drama-thriller-science-fiction,"Drama, Thriller, Science Fiction",4389
2017,drama-western,"Drama, Western",4372
2017,drama-western-history,"Drama, Western, History",2277
2017,family-animation-action-adventure-comedy,"Family, Animation, Action, Adventure, Comedy",1054
2017,family-animation-adventure-comedy,"Family, Animation, Adventure, Comedy",5836
2017,family-animation-adventure-fantasy,"Family, Animation, Adventure, Fantasy",380
2017,family-animation-comedy,"Family, Animation, Comedy",482
2017,family-animation-music-adventure,"Family, Animation, Music, Adventure",19589
2017,family-fantasy-romance,"Family, Fantasy, Romance",15454
2017,fantasy-action-adventure-family,"Fantasy, Action, Adventure, Family",185
2017,fantasy-action-science-fiction,"Fantasy, Action, Science Fiction",5093
2017,fantasy-adventure-family,"Fantasy, Adventure, Family",88
2017,fantasy-drama-family,"Fantasy, Drama, Family",19
2017,fantasy-family-adventure-action-comedy,"Fantasy, Family, Adventure, Action, Comedy",172
2017,fantasy-thriller-action-adventure-horror,"Fantasy, Thriller, Action, Adventure, Horror",7201
2017,history-documentary,"History, Documentary",19
2017,history-drama-music,"History, Drama, Music",1160
2017,history-war-action,"History, War, Action",18
2017,horror,Horror,5601
2017,horror-mystery-science-fiction,"Horror, Mystery, Science Fiction",3828
2017,horror-mystery-thriller,"Horror, Mystery, Thriller",3676
2017,horror-science-fiction-mystery-thriller,"Horror, Science Fiction, Mystery, Thriller",7350
2017,horror-thriller,"Horror, Thriller",19091
2017,horror-thriller-fantasy,"Horror, Thriller, Fantasy",1367
2017,mystery-crime-drama,"Mystery, Crime, Drama",5
2017,mystery-drama-crime,"Mystery, Drama, Crime",9938
2017,mystery-drama-fantasy,"Mystery, Drama, Fantasy",31
2017,mystery-thriller,"Mystery, Thriller",15
2017,mystery-thriller-horror,"Mystery, Thriller, Horror",17502
2017,romance-action-drama-history,"Romance, Action, Drama, History",100
2017,romance-comedy,"Romance, Comedy",48
2017,romance-drama,"Romance, Drama",12101
2017,science-fiction-action-adventure-thriller,"Science Fiction, Action, Adventure, Thriller",507
2017,science-fiction-adventure-action,"Science Fiction, Adventure, Action",21611
2017,science-fiction-drama,"Science Fiction, Drama",13708
2017,science-fiction-horror-thriller,"Science Fiction, Horror, Thriller",8674
2017,science-fiction-thriller-drama,"Science Fiction, Thriller, Drama",122
2017,science-fiction-thriller-drama-mystery-action,"Science Fiction, Thriller, Drama, Mystery, Action",6041
2017,thriller-crime,"Thriller, Crime",18
2017,thriller-drama-mystery-horror,"Thriller, Drama, Mystery, Horror",3
2017,war-action-drama,"War, Action, Drama",16489
2017,war-action-thriller,"War, Action, Thriller",283
2018,action-adventure,"Action, Adventure",8246
2018,action-adventure-animation-family,"Action, Adventure, Animation, Family",12877
2018,action-adventure-comedy,"Action, Adventure, Comedy",2476
2018,action-adventure-crime,"Action, Adventure, Crime",90
2018,action-adventure-crime-thriller,"Action, Adventure, Crime, Thriller",1011
2018,action-adventure-drama,"Action, Adventure, Drama",10
2018,action-adventure-fantasy,"Action, Adventure, Fantasy",14084
2018,action-adventure-fantasy-thriller,"Action, Adventure, Fantasy, Thriller",668
2018,action-adventure-history,"Action, Adventure, History",4605
2018,action-adventure-science-fiction,"Action, Adventure, Science Fiction",22231
2018,action-adventure-science-fiction-thriller,"Action, Adventure, Science Fiction, Thriller",11805
2018,action-adventure-thriller,"Action, Adventure, Thriller",2168
2018,action-comedy,"Action, Comedy",1010
2018,action-comedy-adventure,"Action, Comedy, Adventure",18026
2018,action-comedy-crime,"Action, Comedy, Crime",988
2018,action-comedy-crime-drama,"Action, Comedy, Crime, Drama",79
2018,action-crime-adventure-mystery-thriller,"Action, Crime, Adventure, Mystery, Thriller",73
2018,action-crime-drama,"Action, Crime, Drama",67
2018,action-crime-mystery,"Action, Crime, Mystery",108
2018,action-crime-thriller,"Action, Crime, Thriller",2861
2018,action-fantasy-adventure,"Action, Fantasy, Adventure",50
2018,action-fantasy-adventure-mystery,"Action, Fantasy, Adventure, Mystery",187
2018,action-fantasy-science-fiction-adventure,"Action, Fantasy, Science Fiction, Adventure",4947
2018,action-mystery-science-fiction,"Action, Mystery, Science Fiction",560
2018,action-science-fiction-animation,"Action, Science Fiction, Animation",2918
2018,action-science-fiction-fantasy,"Action, Science Fiction, Fantasy",153
2018,action-science-fiction-horror,"Action, Science Fiction, Horror",7651
2018,action-thriller,"Action, Thriller",1
2018,action-thriller-adventure,"Action, Thriller, Adventure",4974
2018,action-thriller-crime,"Action, Thriller, Crime",5379
2018,action-thriller-war-adventure,"Action, Thriller, War, Adventure",378
2018,adventure-action,"Adventure, Action",107
2018,adventure-action-science-fiction,"Adventure, Action, Science Fiction",29914
2018,adventure-comedy-animation,"Adventure, Comedy, Animation",4893
2018,adventure-comedy-family-fantasy,"Adventure, Comedy, Family, Fantasy",2716
2018,adventure-comedy-fantasy,"Adventure, Comedy, Fantasy",127
2018,adventure-crime-family-comedy,"Adventure, Crime, Family, Comedy",246
2018,adventure-drama,"Adventure, Drama",2544
2018,adventure-family-drama,"Adventure, Family, Drama",858
2018,adventure-fantasy-action-family,"Adventure, Fantasy, Action, Family",49
2018,adventure-science-fiction,"Adventure, Science Fiction",4672
2018,adventure-science-fiction-family-fantasy,"Adventure, Science Fiction, Family, Fantasy",1789
2018,animation,Animation,1
2018,animation-action-adventure-science-fiction,"Animation, Action, Adventure, Science Fiction",15735
2018,animation-action-comedy-science-fiction,"Animation, Action, Comedy, Science Fiction",1110
2018,animation-adventure-family,"Animation, Adventure, Family",1772
2018,animation-adventure-fantasy-science-fiction-comedy-family,"Animation, Adventure, Fantasy, Science Fiction, Comedy, Family",90
2018,animation-comedy-adventure-science-fiction,"Animation, Comedy, Adventure, Science Fiction",12
2018,animation-comedy-family-fantasy,"Animation, Comedy, Family, Fantasy",4417
2018,animation-crime-mystery-action,"Animation, Crime, Mystery, Action",156
2018,animation-family-adventure-fantasy,"Animation, Family, Adventure, Fantasy",197
2018,animation-family-comedy-fantasy,"Animation, Family, Comedy, Fantasy",4046
2018,animation-family-fantasy-adventure-drama,"Animation, Family, Fantasy, Adventure, Drama",779
2018,animation-family-fantasy-comedy-adventure-mystery,"Animation, Family, Fantasy, Comedy, Adventure, Mystery",712
2018,comedy,Comedy,107
2018,comedy-action,"Comedy, Action",3133
2018,comedy-action-adventure,"Comedy, Action, Adventure",2214
2018,comedy-action-drama,"Comedy, Action, Drama",338
2018,comedy-action-science-fiction-fantasy,"Comedy, Action, Science Fiction, Fantasy",76
2018,comedy-crime,"Comedy, Crime",32
2018,comedy-crime-mystery,"Comedy, Crime, Mystery",463
2018,comedy-drama,"Comedy, Drama",2955
2018,comedy-drama-romance,"Comedy, Drama, Romance",6028
2018,comedy-family-drama,"Comedy, Family, Drama",734
2018,comedy-fantasy-horror,"Comedy, Fantasy, Horror",1521
2018,comedy-horror,"Comedy, Horror",839
2018,comedy-mystery,"Comedy, Mystery",110
2018,comedy-mystery-crime,"Comedy, Mystery, Crime",851
2018,comedy-romance,"Comedy, Romance",3344
2018,comedy-romance-drama,"Comedy, Romance, Drama",142
2018,comedy-romance-drama-mystery-fantasy,"Comedy, Romance, Drama, Mystery, Fantasy",41
2018,comedy-thriller-crime,"Comedy, Thriller, Crime",79
2018,crime-comedy-action,"Crime, Comedy, Action",8292
2018,crime-comedy-drama,"Crime, Comedy, Drama",7516
2018,crime-drama,"Crime, Drama",4947
2018,crime-mystery-thriller-comedy,"Crime, Mystery, Thriller, Comedy",511
2018,crime-thriller,"Crime, Thriller",2292
2018,crime-thriller-comedy,"Crime, Thriller, Comedy",4133
2018,documentary,Documentary,6
2018,documentary-adventure,"Documentary, Adventure",1333
2018,drama,Drama,1712
2018,drama-action,"Drama, Action",5427
2018,drama-action-adventure-thriller,"Drama, Action, Adventure, Thriller",230
2018,drama-comedy,"Drama, Comedy",177
2018,drama-comedy-thriller-history,"Drama, Comedy, Thriller, History",5495
2018,drama-crime-thriller,"Drama, Crime, Thriller",2050
2018,drama-family,"Drama, Family",12
2018,drama-history,"Drama, History",11656
2018,drama-history-romance,"Drama, History, Romance",270
2018,drama-history-thriller,"Drama, History, Thriller",187
2018,drama-mystery,"Drama, Mystery",233
2018,drama-mystery-thriller,"Drama, Mystery, Thriller",3851
2018,drama-romance,"Drama, Romance",8004
2018,drama-thriller,"Drama, Thriller",1589
2018,family-animation-adventure-fantasy-comedy,"Family, Animation, Adventure, Fantasy, Comedy",1512
2018,family-animation-comedy-adventure,"Family, Animation, Comedy, Adventure",7573
2018,family-comedy-animation-adventure,"Family, Comedy, Animation, Adventure",796
2018,fantasy-adventure,"Fantasy, Adventure",10833
2018,fantasy-adventure-family,"Fantasy, Adventure, Family",2142
2018,fantasy-family-comedy,"Fantasy, Family, Comedy",3304
2018,history-drama,"History, Drama",5249
2018,horror,Horror,6675
2018,horror-action-thriller,"Horror, Action, Thriller",3984
2018,horror-comedy,"Horror, Comedy",152
2018,horror-drama,"Horror, Drama",1341
2018,horror-drama-science-fiction,"Horror, Drama, Science Fiction",14224
2018,horror-mystery-thriller,"Horror, Mystery, Thriller",7695
2018,horror-thriller,"Horror, Thriller",4734
2018,horror-war-science-fiction,"Horror, War, Science Fiction",2855
2018,music-drama,"Music, Drama",16885
2018,music-drama-romance,"Music, Drama, Romance",11656
2018,mystery-comedy-crime,"Mystery, Comedy, Crime",5769
2018,mystery-drama-crime-thriller,"Mystery, Drama, Crime, Thriller",20
2018,mystery-thriller-crime,"Mystery, Thriller, Crime",39
2018,romance-comedy,"Romance, Comedy",1368
2018,romance-comedy-drama,"Romance, Comedy, Drama",777
2018,romance-drama,"Romance, Drama",29
2018,romance-drama-adventure,"Romance, Drama, Adventure",9
2018,romance-drama-history,"Romance, Drama, History",1314
2018,science-fiction-action,"Science Fiction, Action",16172
2018,science-fiction-action-adventure,"Science Fiction, Action, Adventure",4666
2018,science-fiction-action-adventure-thriller,"Science Fiction, Action, Adventure, Thriller",7805
2018,science-fiction-adventure-action,"Science Fiction, Adventure, Action",8546
2018,science-fiction-horror,"Science Fiction, Horror",8632
2018,thriller-crime-action,"Thriller, Crime, Action",660
2018,thriller-horror,"Thriller, Horror",4012
2018,thriller-mystery,"Thriller, Mystery",5958
2018,thriller-mystery-crime,"Thriller, Mystery, Crime",3550
2018,thriller-romance-adventure,"Thriller, Romance, Adventure",2574
2018,war-drama-action-history,"War, Drama, Action, History",2951
2018,war-history-action,"War, History, Action",163
2019,action-adventure,"Action, Adventure",275
2019,action-adventure-animation-comedy-family,"Action, Adventure, Animation, Comedy, Family",2209
2019,action-adventure-comedy,"Action, Adventure, Comedy",7207
2019,action-adventure-fantasy,"Action, Adventure, Fantasy",6849
2019,action-adventure-fantasy-family,"Action, Adventure, Fantasy, Family",749
2019,action-adventure-science-fiction,"Action, Adventure, Science Fiction",15754
2019,action-adventure-thriller,"Action, Adventure, Thriller",573
2019,action-animation-comedy-family,"Action, Animation, Comedy, Family",1211
2019,action-comedy,"Action, Comedy",247
2019,action-comedy-crime,"Action, Comedy, Crime",283
2019,action-comedy-fantasy,"Action, Comedy, Fantasy",9539
2019,action-crime,"Action, Crime",61
2019,action-crime-comedy,"Action, Crime, Comedy",5857
2019,action-crime-drama,"Action, Crime, Drama",6
2019,action-crime-drama-thriller,"Action, Crime, Drama, Thriller",860
2019,action-crime-mystery-thriller,"Action, Crime, Mystery, Thriller",82
2019,action-crime-thriller,"Action, Crime, Thriller",27
2019,action-crime-thriller-comedy,"Action, Crime, Thriller, Comedy",2583
2019,action-crime-thriller-drama,"Action, Crime, Thriller, Drama",52
2019,action-drama-history-war,"Action, Drama, History, War",847
2019,action-drama-war,"Action, Drama, War",428
2019,action-fantasy-family-adventure,"Action, Fantasy, Family, Adventure",125
2019,action-history-drama,"Action, History, Drama",1953
2019,action-science-fiction-adventure,"Action, Science Fiction, Adventure",9171
2019,action-thriller,"Action, Thriller",3493
2019,action-thriller-adventure,"Action, Thriller, Adventure",327
2019,action-thriller-crime,"Action, Thriller, Crime",10663
2019,action-thriller-drama,"Action, Thriller, Drama",3894
2019,action-war-history,"Action, War, History",2478
2019,adventure-action-drama-history,"Adventure, Action, Drama, History",49
2019,adventure-action-science-fiction,"Adventure, Action, Science Fiction",9940
2019,adventure-animation-comedy-family,"Adventure, Animation, Comedy, Family",3038
2019,adventure-comedy-drama,"Adventure, Comedy, Drama",1399
2019,adventure-comedy-family-fantasy,"Adventure, Comedy, Family, Fantasy",1713
2019,adventure-comedy-fantasy,"Adventure, Comedy, Fantasy",8670
2019,adventure-drama-family-animation,"Adventure, Drama, Family, Animation",10058
2019,adventure-fantasy-romance-family,"Adventure, Fantasy, Romance, Family",10058
2019,adventure-science-fiction-action,"Adventure, Science Fiction, Action",25780
2019,animation-action-adventure-comedy-family,"Animation, Action, Adventure, Comedy, Family",2798
2019,animation-action-adventure-fantasy,"Animation, Action, Adventure, Fantasy",593
2019,animation-action-fantasy-adventure,"Animation, Action, Fantasy, Adventure",1172
2019,animation-action-fantasy-adventure-comedy,"Animation, Action, Fantasy, Adventure, Comedy",1704
2019,animation-adventure-comedy-science-fiction-fantasy-family,"Animation, Adventure, Comedy, Science Fiction, Fantasy, Family",57
2019,animation-adventure-family,"Animation, Adventure, Family",46
2019,animation-adventure-fantasy-action-family,"Animation, Adventure, Fantasy, Action, Family",527
2019,animation-drama-fantasy-romance,"Animation, Drama, Fantasy, Romance",2303
2019,animation-family-adventure,"Animation, Family, Adventure",6425
2019,animation-family-adventure-fantasy,"Animation, Family, Adventure, Fantasy",23
2019,animation-fantasy-action,"Animation, Fantasy, Action",370
2019,animation-fantasy-adventure,"Animation, Fantasy, Adventure",402
2019,animation-music-family-comedy,"Animation, Music, Family, Comedy",434
2019,animation-mystery-crime-action-adventure,"Animation, Mystery, Crime, Action, Adventure",156
2019,comedy,Comedy,1835
2019,comedy-action,"Comedy, Action",79
2019,comedy-adventure,"Comedy, Adventure",43
2019,comedy-animation-adventure-family-fantasy,"Comedy, Animation, Adventure, Family, Fantasy",694
2019,comedy-crime,"Comedy, Crime",2490
2019,comedy-crime-mystery,"Comedy, Crime, Mystery",12448
2019,comedy-drama,"Comedy, Drama",1275
2019,comedy-drama-family-romance,"Comedy, Drama, Family, Romance",692
2019,comedy-drama-thriller,"Comedy, Drama, Thriller",13492
2019,comedy-fantasy-music-romance,"Comedy, Fantasy, Music, Romance",3920
2019,comedy-fantasy-romance,"Comedy, Fantasy, Romance",711
2019,comedy-horror,"Comedy, Horror",5709
2019,comedy-horror-science-fiction,"Comedy, Horror, Science Fiction",3377
2019,comedy-mystery,"Comedy, Mystery",16
2019,comedy-romance,"Comedy, Romance",2401
2019,comedy-science-fiction,"Comedy, Science Fiction",62
2019,comedy-science-fiction-action,"Comedy, Science Fiction, Action",4909
2019,comedy-thriller-drama,"Comedy, Thriller, Drama",18428
2019,comedy-war-drama,"Comedy, War, Drama",9564
2019,crime,Crime,1133
2019,crime-action-drama,"Crime, Action, Drama",1952
2019,crime-action-thriller,"Crime, Action, Thriller",26
2019,crime-drama,"Crime, Drama",83
2019,crime-drama-history-romance,"Crime, Drama, History, Romance",622
2019,crime-drama-mystery,"Crime, Drama, Mystery",18
2019,crime-drama-romance,"Crime, Drama, Romance",690
2019,crime-drama-thriller,"Crime, Drama, Thriller",337
2019,crime-mystery,"Crime, Mystery",34
2019,crime-thriller-drama,"Crime, Thriller, Drama",25889
2019,crime-thriller-mystery,"Crime, Thriller, Mystery",33
2019,drama,Drama,2974
2019,drama-action,"Drama, Action",77
2019,drama-action-comedy,"Drama, Action, Comedy",66
2019,drama-action-history,"Drama, Action, History",8009
2019,drama-action-thriller,"Drama, Action, Thriller",51
2019,drama-adventure-family,"Drama, Adventure, Family",1105
2019,drama-comedy,"Drama, Comedy",7
2019,drama-comedy-crime,"Drama, Comedy, Crime",2919
2019,drama-crime-history,"Drama, Crime, History",2253
2019,drama-family,"Drama, Family",8
2019,drama-family-fantasy,"Drama, Family, Fantasy",1498
2019,drama-history,"Drama, History",62
2019,drama-history-music,"Drama, History, Music",1170
2019,drama-music,"Drama, Music",182
2019,drama-romance,"Drama, Romance",1484
2019,drama-romance-fantasy,"Drama, Romance, Fantasy",60
2019,drama-romance-history,"Drama, Romance, History",6276
2019,drama-romance-thriller-crime,"Drama, Romance, Thriller, Crime",452
2019,drama-science-fiction,"Drama, Science Fiction",0
2019,drama-thriller,"Drama, Thriller",2189
2019,drama-thriller-crime,"Drama, Thriller, Crime",4747
2019,family-adventure-animation-comedy-fantasy,"Family, Adventure, Animation, Comedy, Fantasy",9802
2019,family-adventure-drama,"Family, Adventure, Drama",1503
2019,family-animation,"Family, Animation",425
2019,family-animation-adventure-comedy,"Family, Animation, Adventure, Comedy",2046
2019,family-animation-adventure-comedy-fantasy,"Family, Animation, Adventure, Comedy, Fantasy",9751
2019,family-animation-comedy-adventure,"Family, Animation, Comedy, Adventure",846
2019,family-animation-comedy-fantasy,"Family, Animation, Comedy, Fantasy",2337
2019,family-comedy,"Family, Comedy",690
2019,family-drama,"Family, Drama",17
2019,family-fantasy-adventure,"Family, Fantasy, Adventure",4315
2019,family-fantasy-adventure-action,"Family, Fantasy, Adventure, Action",6107
2019,fantasy-comedy-drama,"Fantasy, Comedy, Drama",968
2019,fantasy-horror-action-adventure,"Fantasy, Horror, Action, Adventure",3438
2019,history-action-war,"History, Action, War",42
2019,history-drama-thriller,"History, Drama, Thriller",1489
2019,horror,Horror,3518
2019,horror-comedy,"Horror, Comedy",4580
2019,horror-drama-mystery,"Horror, Drama, Mystery",7142
2019,horror-drama-thriller,"Horror, Drama, Thriller",8761
2019,horror-mystery,"Horror, Mystery",1201
2019,horror-science-fiction-thriller-mystery,"Horror, Science Fiction, Thriller, Mystery",3136
2019,horror-thriller,"Horror, Thriller",7344
2019,horror-thriller-fantasy,"Horror, Thriller, Fantasy",4435
2019,horror-thriller-mystery,"Horror, Thriller, Mystery",4668
2019,music-drama,"Music, Drama",4648
2019,mystery-thriller-horror,"Mystery, Thriller, Horror",1329
2019,romance-animation-fantasy,"Romance, Animation, Fantasy",473
2019,romance-comedy,"Romance, Comedy",89
2019,romance-comedy-drama,"Romance, Comedy, Drama",2
2019,romance-drama,"Romance, Drama",5625
2019,romance-drama-comedy,"Romance, Drama, Comedy",7
2019,science-fiction-action,"Science Fiction, Action",6184
2019,science-fiction-action-adventure,"Science Fiction, Action, Adventure",5128
2019,science-fiction-action-adventure-thriller,"Science Fiction, Action, Adventure, Thriller",5117
2019,science-fiction-action-drama,"Science Fiction, Action, Drama",968
2019,science-fiction-drama,"Science Fiction, Drama",6608
2019,thriller,Thriller,571
2019,thriller-drama-science-fiction,"Thriller, Drama, Science Fiction",8487
2019,thriller-history-drama-action,"Thriller, History, Drama, Action",1565
2019,war-history-thriller-drama,"War, History, Thriller, Drama",12433
2020,action,Action,55
2020,action-adventure-fantasy,"Action, Adventure, Fantasy",8454
2020,action-adventure-thriller,"Action, Adventure, Thriller",117
2020,action-comedy,"Action, Comedy",25
2020,action-comedy-drama,"Action, Comedy, Drama",86
2020,action-comedy-thriller,"Action, Comedy, Thriller",58
2020,action-crime,"Action, Crime",10267
2020,action-crime-adventure-thriller,"Action, Crime, Adventure, Thriller",152
2020,action-crime-drama,"Action, Crime, Drama",38
2020,action-drama-fantasy-mystery-science-fiction,"Action, Drama, Fantasy, Mystery, Science Fiction",195
2020,action-drama-history,"Action, Drama, History",73
2020,action-drama-thriller-mystery,"Action, Drama, Thriller, Mystery",29
2020,action-fantasy-adventure,"Action, Fantasy, Adventure",3299
2020,action-fantasy-mystery-adventure-thriller,"Action, Fantasy, Mystery, Adventure, Thriller",57
2020,action-science-fiction-adventure,"Action, Science Fiction, Adventure",4946
2020,action-science-fiction-comedy-family,"Action, Science Fiction, Comedy, Family",9590
2020,action-thriller,"Action, Thriller",595
2020,action-thriller-drama,"Action, Thriller, Drama",4529
2020,action-thriller-horror,"Action, Thriller, Horror",2278
2020,action-thriller-science-fiction,"Action, Thriller, Science Fiction",9921
2020,adventure-family-drama,"Adventure, Family, Drama",3724
2020,adventure-family-fantasy,"Adventure, Family, Fantasy",47
2020,adventure-fantasy-action-family,"Adventure, Fantasy, Action, Family",6682
2020,adventure-fantasy-horror-mystery,"Adventure, Fantasy, Horror, Mystery",2448
2020,animation-action-adventure-fantasy,"Animation, Action, Adventure, Fantasy",241
2020,animation-action-fantasy-adventure,"Animation, Action, Fantasy, Adventure",178
2020,animation-action-fantasy-thriller,"Animation, Action, Fantasy, Thriller",3969
2020,animation-adventure-comedy-family,"Animation, Adventure, Comedy, Family",165
2020,animation-adventure-family,"Animation, Adventure, Family",199
2020,animation-adventure-family-fantasy,"Animation, Adventure, Family, Fantasy",164
2020,animation-adventure-family-fantasy-science-fiction-comedy,"Animation, Adventure, Family, Fantasy, Science Fiction, Comedy",43
2020,animation-adventure-fantasy-mystery-drama-science-fiction,"Animation, Adventure, Fantasy, Mystery, Drama, Science Fiction",228
2020,animation-comedy-action-adventure-family,"Animation, Comedy, Action, Adventure, Family",206
2020,animation-comedy-family-action-adventure-fantasy,"Animation, Comedy, Family, Action, Adventure, Fantasy",15
2020,animation-comedy-family-mystery,"Animation, Comedy, Family, Mystery",1699
2020,animation-drama-fantasy-adventure,"Animation, Drama, Fantasy, Adventure",63
2020,animation-drama-romance-comedy,"Animation, Drama, Romance, Comedy",14
2020,animation-family,"Animation, Family",165
2020,animation-family-adventure-fantasy,"Animation, Family, Adventure, Fantasy",155
2020,animation-family-adventure-fantasy-comedy,"Animation, Family, Adventure, Fantasy, Comedy",3836
2020,animation-family-comedy-fantasy,"Animation, Family, Comedy, Fantasy",10489
2020,animation-family-fantasy-adventure,"Animation, Family, Fantasy, Adventure",304
2020,animation-family-science-fiction-adventure,"Animation, Family, Science Fiction, Adventure",205
2020,animation-fantasy-romance-drama,"Animation, Fantasy, Romance, Drama",410
2020,comedy,Comedy,12
2020,comedy-action,"Comedy, Action",21
2020,comedy-adventure-crime,"Comedy, Adventure, Crime",30
2020,comedy-adventure-romance,"Comedy, Adventure, Romance",341
2020,comedy-drama,"Comedy, Drama",862
2020,comedy-drama-family,"Comedy, Drama, Family",1233
2020,comedy-drama-thriller,"Comedy, Drama, Thriller",11
2020,comedy-family,"Comedy, Family",954
2020,comedy-fantasy,"Comedy, Fantasy",10
2020,comedy-history,"Comedy, History",17
2020,comedy-horror,"Comedy, Horror",1629
2020,comedy-mystery,"Comedy, Mystery",21
2020,comedy-romance,"Comedy, Romance",1737
2020,comedy-romance-music,"Comedy, Romance, Music",53
2020,comedy-science-fiction-adventure,"Comedy, Science Fiction, Adventure",942
2020,comedy-thriller-action-adventure,"Comedy, Thriller, Action, Adventure",544
2020,comedy-thriller-crime,"Comedy, Thriller, Crime",780
2020,crime-action,"Crime, Action",102
2020,crime-action-drama,"Crime, Action, Drama",196
2020,crime-drama-comedy,"Crime, Drama, Comedy",264
2020,crime-drama-thriller,"Crime, Drama, Thriller",6
2020,crime-mystery,"Crime, Mystery",11
2020,crime-thriller,"Crime, Thriller",95
2020,documentary-drama-mystery,"Documentary, Drama, Mystery",0
2020,drama,Drama,0
2020,drama-comedy,"Drama, Comedy",29
2020,drama-family,"Drama, Family",32
2020,drama-history,"Drama, History",95
2020,drama-history-romance,"Drama, History, Romance",16
2020,drama-horror,"Drama, Horror",651
2020,drama-romance,"Drama, Romance",208
2020,drama-thriller,"Drama, Thriller",125
2020,drama-thriller-action,"Drama, Thriller, Action",49
2020,drama-western-adventure,"Drama, Western, Adventure",1742
2020,family-action-comedy,"Family, Action, Comedy",1241
2020,family-animation-adventure-comedy-fantasy,"Family, Animation, Adventure, Comedy, Fantasy",6148
2020,family-animation-comedy-fantasy-adventure-music,"Family, Animation, Comedy, Fantasy, Adventure, Music",2141
2020,family-animation-fantasy-adventure-comedy,"Family, Animation, Fantasy, Adventure, Comedy",2845
2020,family-comedy,"Family, Comedy",297
2020,family-comedy-action,"Family, Comedy, Action",204
2020,family-comedy-fantasy,"Family, Comedy, Fantasy",2806
2020,family-comedy-fantasy-adventure,"Family, Comedy, Fantasy, Adventure",3631
2020,family-fantasy,"Family, Fantasy",467
2020,family-fantasy-drama,"Family, Fantasy, Drama",578
2020,fantasy-adventure-comedy,"Fantasy, Adventure, Comedy",348
2020,fantasy-horror,"Fantasy, Horror",0
2020,fantasy-horror-mystery,"Fantasy, Horror, Mystery",1429
2020,history-drama,"History, Drama",269
2020,history-drama-action,"History, Drama, Action",167
2020,horror,Horror,910
2020,horror-action-thriller,"Horror, Action, Thriller",2366
2020,horror-drama,"Horror, Drama",14
2020,horror-mystery,"Horror, Mystery",89
2020,horror-mystery-thriller,"Horror, Mystery, Thriller",1232
2020,horror-science-fiction-action-adventure,"Horror, Science Fiction, Action, Adventure",3109
2020,horror-thriller,"Horror, Thriller",973
2020,music,Music,0
2020,music-documentary,"Music, Documentary",182
2020,music-drama-documentary,"Music, Drama, Documentary",43
2020,music-drama-romance,"Music, Drama, Romance",1171
2020,mystery-thriller-crime-drama,"Mystery, Thriller, Crime, Drama",247
2020,romance,Romance,21
2020,romance-action-adventure-crime-thriller,"Romance, Action, Adventure, Crime, Thriller",54
2020,romance-action-comedy,"Romance, Action, Comedy",35
2020,romance-drama,"Romance, Drama",5310
2020,romance-drama-comedy,"Romance, Drama, Comedy",412
2020,romance-family-fantasy-drama,"Romance, Family, Fantasy, Drama",4
2020,romance-fantasy,"Romance, Fantasy",4
2020,romance-tv-movie,"Romance, TV Movie",30
2020,science-fiction,Science Fiction,8
2020,science-fiction-horror-action,"Science Fiction, Horror, Action",3422
2020,thriller-action-crime,"Thriller, Action, Crime",8281
2020,thriller-crime-drama,"Thriller, Crime, Drama",3238
2020,thriller-crime-western,"Thriller, Crime, Western",665
2020,thriller-horror-drama,"Thriller, Horror, Drama",2565
2020,thriller-science-fiction-horror,"Thriller, Science Fiction, Horror",5721
2020,war-drama,"War, Drama",399
2020,war-history-drama-action,"War, History, Drama, Action",269
2021,action,Action,36
2021,action-adventure-crime,"Action, Adventure, Crime",7222
2021,action-adventure-drama,"Action, Adventure, Drama",219
2021,action-adventure-drama-romance,"Action, Adventure, Drama, Romance",455
2021,action-adventure-fantasy,"Action, Adventure, Fantasy",9460
2021,action-adventure-history-drama,"Action, Adventure, History, Drama",475
2021,action-adventure-science-fiction,"Action, Adventure, Science Fiction",20275
2021,action-adventure-thriller,"Action, Adventure, Thriller",4545
2021,action-comedy-adventure,"Action, Comedy, Adventure",8658
2021,action-comedy-crime,"Action, Comedy, Crime",81
2021,action-comedy-crime-thriller,"Action, Comedy, Crime, Thriller",2281
2021,action-comedy-mystery,"Action, Comedy, Mystery",81
2021,action-comedy-romance,"Action, Comedy, Romance",11
2021,action-crime-drama,"Action, Crime, Drama",40
2021,action-crime-drama-thriller,"Action, Crime, Drama, Thriller",202
2021,action-crime-thriller,"Action, Crime, Thriller",221
2021,action-drama,"Action, Drama",161
2021,action-drama-crime,"Action, Drama, Crime",228
2021,action-drama-fantasy-mystery-science-fiction,"Action, Drama, Fantasy, Mystery, Science Fiction",195
2021,action-drama-thriller,"Action, Drama, Thriller",1591
2021,action-drama-thriller-crime,"Action, Drama, Thriller, Crime",15
2021,action-fantasy-adventure,"Action, Fantasy, Adventure",5843
2021,action-science-fiction-adventure,"Action, Science Fiction, Adventure",10006
2021,action-thriller,"Action, Thriller",7114
2021,action-thriller-adventure,"Action, Thriller, Adventure",6298
2021,adventure-animation-family-fantasy,"Adventure, Animation, Family, Fantasy",434
2021,adventure-drama-fantasy,"Adventure, Drama, Fantasy",1902
2021,adventure-fantasy,"Adventure, Fantasy",246
2021,adventure-fantasy-comedy,"Adventure, Fantasy, Comedy",683
2021,adventure-mystery-action-comedy,"Adventure, Mystery, Action, Comedy",19
2021,animation,Animation,28
2021,animation-action-adventure-science-fiction-fantasy,"Animation, Action, Adventure, Science Fiction, Fantasy",556
2021,animation-action-comedy,"Animation, Action, Comedy",62
2021,animation-action-crime-mystery-romance-thriller,"Animation, Action, Crime, Mystery, Romance, Thriller",77
2021,animation-action-drama-science-fiction,"Animation, Action, Drama, Science Fiction",120
2021,animation-action-fantasy,"Animation, Action, Fantasy",1420
2021,animation-action-fantasy-family,"Animation, Action, Fantasy, Family",324
2021,animation-action-fantasy-science-fiction,"Animation, Action, Fantasy, Science Fiction",289
2021,animation-adventure-comedy,"Animation, Adventure, Comedy",87
2021,animation-adventure-family,"Animation, Adventure, Family",517
2021,animation-adventure-fantasy-comedy-family,"Animation, Adventure, Fantasy, Comedy, Family",184
2021,animation-adventure-fantasy-mystery-drama-science-fiction,"Animation, Adventure, Fantasy, Mystery, Drama, Science Fiction",228
2021,animation-comedy-adventure-family,"Animation, Comedy, Adventure, Family",2534
2021,animation-comedy-family-fantasy,"Animation, Comedy, Family, Fantasy",9518
2021,animation-comedy-fantasy-adventure-family,"Animation, Comedy, Fantasy, Adventure, Family",8365
2021,animation-comedy-science-fiction-adventure,"Animation, Comedy, Science Fiction, Adventure",5
2021,animation-drama-action-mystery,"Animation, Drama, Action, Mystery",17
2021,animation-family,"Animation, Family",0
2021,animation-family-adventure-comedy,"Animation, Family, Adventure, Comedy",1213
2021,animation-family-comedy-fantasy,"Animation, Family, Comedy, Fantasy",1346
2021,animation-family-comedy-fantasy-adventure,"Animation, Family, Comedy, Fantasy, Adventure",1298
2021,animation-family-fantasy-action-adventure,"Animation, Family, Fantasy, Action, Adventure",6799
2021,animation-family-music-comedy,"Animation, Family, Music, Comedy",4401
2021,animation-family-science-fiction-fantasy-adventure,"Animation, Family, Science Fiction, Fantasy, Adventure",530
2021,animation-fantasy-action-adventure,"Animation, Fantasy, Action, Adventure",306
2021,animation-fantasy-adventure,"Animation, Fantasy, Adventure",16
2021,animation-science-fiction-family-comedy,"Animation, Science Fiction, Family, Comedy",1857
2021,comedy,Comedy,1
2021,comedy-adventure-action,"Comedy, Adventure, Action",781
2021,comedy-adventure-science-fiction,"Comedy, Adventure, Science Fiction",8811
2021,comedy-crime,"Comedy, Crime",73
2021,comedy-crime-family-adventure,"Comedy, Crime, Family, Adventure",9346
2021,comedy-drama,"Comedy, Drama",136
2021,comedy-drama-family,"Comedy, Drama, Family",10
2021,comedy-family,"Comedy, Family",2
2021,comedy-family-animation,"Comedy, Family, Animation",2444
2021,comedy-family-drama,"Comedy, Family, Drama",7
2021,comedy-romance,"Comedy, Romance",2
2021,crime-action-thriller,"Crime, Action, Thriller",5335
2021,crime-drama,"Crime, Drama",666
2021,crime-drama-thriller,"Crime, Drama, Thriller",2918
2021,crime-mystery,"Crime, Mystery",14
2021,crime-thriller,"Crime, Thriller",9
2021,crime-thriller-mystery,"Crime, Thriller, Mystery",678
2021,drama,Drama,19
2021,drama-action-crime,"Drama, Action, Crime",15
2021,drama-comedy,"Drama, Comedy",2587
2021,drama-comedy-crime,"Drama, Comedy, Crime",8
2021,drama-comedy-fantasy,"Drama, Comedy, Fantasy",146
2021,drama-comedy-romance,"Drama, Comedy, Romance",2233
2021,drama-crime-thriller,"Drama, Crime, Thriller",2502
2021,drama-family,"Drama, Family",345
2021,drama-history,"Drama, History",1489
2021,drama-horror-mystery,"Drama, Horror, Mystery",1095
2021,drama-horror-mystery-thriller,"Drama, Horror, Mystery, Thriller",1135
2021,drama-music,"Drama, Music",4
2021,drama-music-history,"Drama, Music, History",412
2021,drama-romance,"Drama, Romance",4
2021,drama-romance-comedy,"Drama, Romance, Comedy",24
2021,drama-romance-crime,"Drama, Romance, Crime",1556
2021,drama-romance-history,"Drama, Romance, History",491
2021,drama-thriller,"Drama, Thriller",1094
2021,drama-war,"Drama, War",102
2021,family-adventure-comedy-fantasy-animation,"Family, Adventure, Comedy, Fantasy, Animation",1729
2021,family-adventure-drama,"Family, Adventure, Drama",398
2021,family-adventure-fantasy,"Family, Adventure, Fantasy",81
2021,family-animation-comedy-science-fiction,"Family, Animation, Comedy, Science Fiction",4018
2021,family-comedy,"Family, Comedy",297
2021,family-comedy-adventure-animation,"Family, Comedy, Adventure, Animation",804
2021,family-comedy-crime,"Family, Comedy, Crime",630
2021,family-drama,"Family, Drama",3
2021,fantasy-action-adventure-drama,"Fantasy, Action, Adventure, Drama",301
2021,fantasy-adventure,"Fantasy, Adventure",5691
2021,fantasy-adventure-comedy,"Fantasy, Adventure, Comedy",174
2021,fantasy-comedy-adventure-science-fiction,"Fantasy, Comedy, Adventure, Science Fiction",4639
2021,fantasy-comedy-animation-family,"Fantasy, Comedy, Animation, Family",1
2021,fantasy-science-fiction-adventure,"Fantasy, Science Fiction, Adventure",2278
2021,history-comedy-drama,"History, Comedy, Drama",262
2021,history-drama-action,"History, Drama, Action",3370
2021,history-drama-crime,"History, Drama, Crime",3111
2021,history-drama-war,"History, Drama, War",10
2021,horror-action-thriller,"Horror, Action, Thriller",2502
2021,horror-mystery,"Horror, Mystery",2329
2021,horror-mystery-thriller,"Horror, Mystery, Thriller",5926
2021,horror-science-fiction-action,"Horror, Science Fiction, Action",2449
2021,horror-science-fiction-thriller,"Horror, Science Fiction, Thriller",532
2021,horror-thriller,"Horror, Thriller",2675
2021,horror-thriller-mystery,"Horror, Thriller, Mystery",2027
2021,music-comedy-drama-family,"Music, Comedy, Drama, Family",355
2021,mystery-comedy-drama,"Mystery, Comedy, Drama",46
2021,mystery-crime,"Mystery, Crime",7
2021,mystery-science-fiction,"Mystery, Science Fiction",1762
2021,mystery-thriller,"Mystery, Thriller",2
2021,romance-comedy-drama,"Romance, Comedy, Drama",10
2021,romance-drama,"Romance, Drama",65
2021,science-fiction-action-adventure,"Science Fiction, Action, Adventure",10343
2021,science-fiction-adventure,"Science Fiction, Adventure",12888
2021,science-fiction-thriller-horror,"Science Fiction, Thriller, Horror",6573
2021,thriller-action,"Thriller, Action",1638
2021,thriller-action-crime,"Thriller, Action, Crime",1285
2021,thriller-crime-history-drama,"Thriller, Crime, History, Drama",88
2021,thriller-crime-mystery,"Thriller, Crime, Mystery",1346
2021,thriller-drama-crime,"Thriller, Drama, Crime",107
2021,thriller-history-drama,"Thriller, History, Drama",1134
2021,thriller-horror,"Thriller, Horror",2558
2021,thriller-mystery-crime,"Thriller, Mystery, Crime",42
2021,thriller-mystery-horror,"Thriller, Mystery, Horror",4446
2021,war-action-thriller-drama-history,"War, Action, Thriller, Drama, History",160
2021,war-drama-history,"War, Drama, History",31
2022,action-adventure,"Action, Adventure",5988
2022,action-adventure-comedy,"Action, Adventure, Comedy",3597
2022,action-adventure-comedy-fantasy,"Action, Adventure, Comedy, Fantasy",197
2022,action-adventure-crime,"Action, Adventure, Crime",7
2022,action-adventure-crime-thriller,"Action, Adventure, Crime, Thriller",153
2022,action-adventure-family-comedy,"Action, Adventure, Family, Comedy",5086
2022,action-adventure-fantasy,"Action, Adventure, Fantasy",4308
2022,action-adventure-science-fiction,"Action, Adventure, Science Fiction",6562
2022,action-adventure-thriller,"Action, Adventure, Thriller",1010
2022,action-adventure-war,"Action, Adventure, War",100
2022,action-comedy,"Action, Comedy",37
2022,action-comedy-crime,"Action, Comedy, Crime",2010
2022,action-comedy-romance,"Action, Comedy, Romance",1168
2022,action-comedy-thriller,"Action, Comedy, Thriller",6282
2022,action-crime-comedy-thriller,"Action, Crime, Comedy, Thriller",312
2022,action-crime-thriller,"Action, Crime, Thriller",119
2022,action-drama,"Action, Drama",9343
2022,action-drama-history,"Action, Drama, History",2078
2022,action-drama-thriller,"Action, Drama, Thriller",354
2022,action-mystery-thriller-science-fiction,"Action, Mystery, Thriller, Science Fiction",290
2022,action-science-fiction,"Action, Science Fiction",173
2022,action-science-fiction-fantasy,"Action, Science Fiction, Fantasy",4327
2022,action-thriller-crime,"Action, Thriller, Crime",1504
2022,action-thriller-drama-adventure,"Action, Thriller, Drama, Adventure",1114
2022,adventure-action-science-fiction,"Adventure, Action, Science Fiction",6132
2022,adventure-comedy-drama,"Adventure, Comedy, Drama",50
2022,animation-action-crime-mystery,"Animation, Action, Crime, Mystery",84
2022,animation-action-family-comedy-science-fiction,"Animation, Action, Family, Comedy, Science Fiction",1557
2022,animation-action-fantasy-science-fiction,"Animation, Action, Fantasy, Science Fiction",182
2022,animation-adventure-action-fantasy-music,"Animation, Adventure, Action, Fantasy, Music",1019
2022,animation-adventure-comedy,"Animation, Adventure, Comedy",304
2022,animation-adventure-comedy-family,"Animation, Adventure, Comedy, Family",297
2022,animation-adventure-comedy-family-fantasy,"Animation, Adventure, Comedy, Family, Fantasy",151
2022,animation-adventure-drama,"Animation, Adventure, Drama",40
2022,animation-adventure-family-comedy-fantasy,"Animation, Adventure, Family, Comedy, Fantasy",309
2022,animation-adventure-fantasy-comedy-family,"Animation, Adventure, Fantasy, Comedy, Family",7868
2022,animation-comedy,"Animation, Comedy",14
2022,animation-comedy-drama,"Animation, Comedy, Drama",406
2022,animation-comedy-family-adventure,"Animation, Comedy, Family, Adventure",3626
2022,animation-drama-adventure-fantasy,"Animation, Drama, Adventure, Fantasy",1342
2022,animation-family-adventure-science-fiction-fantasy,"Animation, Family, Adventure, Science Fiction, Fantasy",1257
2022,animation-family-comedy,"Animation, Family, Comedy",250
2022,animation-family-comedy-fantasy,"Animation, Family, Comedy, Fantasy",5251
2022,animation-fantasy-adventure,"Animation, Fantasy, Adventure",401
2022,animation-music,"Animation, Music",1
2022,animation-science-fiction-action,"Animation, Science Fiction, Action",2839
2022,animation-science-fiction-adventure-family,"Animation, Science Fiction, Adventure, Family",107
2022,animation-science-fiction-family-adventure,"Animation, Science Fiction, Family, Adventure",3449
2022,animation-tv-movie-fantasy-action,"Animation, TV Movie, Fantasy, Action",1092
2022,comedy,Comedy,15
2022,comedy-action,"Comedy, Action",2193
2022,comedy-action-crime,"Comedy, Action, Crime",28
2022,comedy-action-family,"Comedy, Action, Family",495
2022,comedy-adventure,"Comedy, Adventure",10
2022,comedy-adventure-animation-fantasy-family,"Comedy, Adventure, Animation, Fantasy, Family",108
2022,comedy-crime,"Comedy, Crime",52
2022,comedy-crime-mystery,"Comedy, Crime, Mystery",5591
2022,comedy-documentary,"Comedy, Documentary",779
2022,comedy-drama,"Comedy, Drama",2816
2022,comedy-drama-history,"Comedy, Drama, History",312
2022,comedy-family,"Comedy, Family",250
2022,comedy-family-music,"Comedy, Family, Music",574
2022,comedy-family-romance,"Comedy, Family, Romance",37
2022,comedy-horror-thriller,"Comedy, Horror, Thriller",4967
2022,comedy-romance,"Comedy, Romance",495
2022,comedy-romance-family,"Comedy, Romance, Family",14
2022,crime-mystery,"Crime, Mystery",22
2022,crime-mystery-thriller,"Crime, Mystery, Thriller",10441
2022,documentary,Documentary,5
2022,documentary-music,"Documentary, Music",216
2022,drama,Drama,3915
2022,drama-action,"Drama, Action",1320
2022,drama-action-science-fiction,"Drama, Action, Science Fiction",411
2022,drama-comedy,"Drama, Comedy",1551
2022,drama-comedy-crime,"Drama, Comedy, Crime",451
2022,drama-comedy-history,"Drama, Comedy, History",429
2022,drama-comedy-romance,"Drama, Comedy, Romance",1223
2022,drama-comedy-romance-family,"Drama, Comedy, Romance, Family",69
2022,drama-crime,"Drama, Crime",20799
2022,drama-family-comedy,"Drama, Family, Comedy",32
2022,drama-fantasy-action,"Drama, Fantasy, Action",10
2022,drama-fantasy-romance,"Drama, Fantasy, Romance",1347
2022,drama-fantasy-romance-horror,"Drama, Fantasy, Romance, Horror",151
2022,drama-history,"Drama, History",327
2022,drama-horror-romance,"Drama, Horror, Romance",1351
2022,drama-music-history,"Drama, Music, History",3426
2022,drama-mystery-romance,"Drama, Mystery, Romance",1805
2022,drama-romance,"Drama, Romance",90
2022,drama-romance-history-mystery,"Drama, Romance, History, Mystery",483
2022,family-adventure-fantasy,"Family, Adventure, Fantasy",36
2022,family-animation-adventure-comedy-crime,"Family, Animation, Adventure, Comedy, Crime",2071
2022,family-comedy-fantasy,"Family, Comedy, Fantasy",727
2022,fantasy-action-adventure,"Fantasy, Action, Adventure",9231
2022,fantasy-action-comedy,"Fantasy, Action, Comedy",7630
2022,fantasy-adventure,"Fantasy, Adventure",4517
2022,history-drama,"History, Drama",63
2022,history-drama-crime-music,"History, Drama, Crime, Music",73
2022,history-romance-action-adventure,"History, Romance, Action, Adventure",27
2022,horror-comedy,"Horror, Comedy",69
2022,horror-comedy-mystery,"Horror, Comedy, Mystery",1164
2022,horror-mystery,"Horror, Mystery",3343
2022,horror-mystery-science-fiction,"Horror, Mystery, Science Fiction",4145
2022,horror-mystery-thriller,"Horror, Mystery, Thriller",3323
2022,horror-science-fiction-thriller,"Horror, Science Fiction, Thriller",699
2022,horror-thriller,"Horror, Thriller",4951
2022,horror-thriller-fantasy,"Horror, Thriller, Fantasy",1099
2022,music-documentary,"Music, Documentary",118
2022,music-drama,"Music, Drama",1253
2022,music-drama-romance,"Music, Drama, Romance",18
2022,music-history-drama,"Music, History, Drama",447
2022,mystery-comedy-crime,"Mystery, Comedy, Crime",1083
2022,mystery-comedy-drama,"Mystery, Comedy, Drama",1513
2022,mystery-crime-thriller,"Mystery, Crime, Thriller",3680
2022,mystery-drama-crime,"Mystery, Drama, Crime",11
2022,mystery-thriller,"Mystery, Thriller",2496
2022,romance-comedy,"Romance, Comedy",371
2022,romance-comedy-music,"Romance, Comedy, Music",1006
2022,romance-drama,"Romance, Drama",1228
2022,romance-drama-western,"Romance, Drama, Western",549
2022,science-fiction-action-fantasy-adventure,"Science Fiction, Action, Fantasy, Adventure",438
2022,science-fiction-adventure-action,"Science Fiction, Adventure, Action",12052
2022,science-fiction-comedy-drama,"Science Fiction, Comedy, Drama",81
2022,science-fiction-horror,"Science Fiction, Horror",4063
2022,thriller,Thriller,3949
2022,thriller-action-crime,"Thriller, Action, Crime",2135
2022,thriller-action-drama,"Thriller, Action, Drama",89
2022,thriller-action-horror,"Thriller, Action, Horror",1542
2022,thriller-mystery,"Thriller, Mystery",51
2022,thriller-mystery-romance,"Thriller, Mystery, Romance",1196
2022,war-action-drama-history,"War, Action, Drama, History",66
2022,war-drama-action,"War, Drama, Action",693
2022,war-history-action-drama,"War, History, Action, Drama",68
2022,war-history-drama,"War, History, Drama",683
2023,action,Action,47
2023,action-adventure,"Action, Adventure",3880
2023,action-adventure-fantasy,"Action, Adventure, Fantasy",2864
2023,action-adventure-science-fiction,"Action, Adventure, Science Fiction",5038
2023,action-adventure-thriller,"Action, Adventure, Thriller",192
2023,action-adventure-war,"Action, Adventure, War",115
2023,action-comedy,"Action, Comedy",988
2023,action-comedy-drama-family,"Action, Comedy, Drama, Family",338
2023,action-crime-comedy-thriller,"Action, Crime, Comedy, Thriller",434
2023,action-crime-drama,"Action, Crime, Drama",113
2023,action-crime-thriller,"Action, Crime, Thriller",5648
2023,action-drama,"Action, Drama",2431
2023,action-drama-science-fiction-adventure-fantasy,"Action, Drama, Science Fiction, Adventure, Fantasy",270
2023,action-drama-thriller,"Action, Drama, Thriller",6
2023,action-fantasy-war,"Action, Fantasy, War",374
2023,action-history-drama-war,"Action, History, Drama, War",139
2023,action-science-fiction-adventure,"Action, Science Fiction, Adventure",2639
2023,action-science-fiction-horror,"Action, Science Fiction, Horror",3437
2023,action-thriller,"Action, Thriller",757
2023,action-thriller-comedy-adventure,"Action, Thriller, Comedy, Adventure",1534
2023,action-thriller-crime,"Action, Thriller, Crime",6651
2023,action-war-adventure,"Action, War, Adventure",2166
2023,adventure-action,"Adventure, Action",3427
2023,adventure-action-drama,"Adventure, Action, Drama",2740
2023,adventure-action-drama-history,"Adventure, Action, Drama, History",1211
2023,adventure-action-science-fiction,"Adventure, Action, Science Fiction",4309
2023,adventure-comedy-drama,"Adventure, Comedy, Drama",73
2023,adventure-drama-science-fiction,"Adventure, Drama, Science Fiction",714
2023,adventure-family,"Adventure, Family",32
2023,adventure-family-fantasy-romance,"Adventure, Family, Fantasy, Romance",2946
2023,adventure-fantasy-comedy,"Adventure, Fantasy, Comedy",3675
2023,animation-action-adventure-comedy-family,"Animation, Action, Adventure, Comedy, Family",1865
2023,animation-action-adventure-comedy-family-fantasy,"Animation, Action, Adventure, Comedy, Family, Fantasy",5
2023,animation-action-adventure-science-fiction,"Animation, Action, Adventure, Science Fiction",7121
2023,animation-action-crime-mystery,"Animation, Action, Crime, Mystery",101
2023,animation-action-fantasy-thriller,"Animation, Action, Fantasy, Thriller",357
2023,animation-adventure-comedy-family,"Animation, Adventure, Comedy, Family",19
2023,animation-adventure-family-fantasy,"Animation, Adventure, Family, Fantasy",733
2023,animation-adventure-fantasy,"Animation, Adventure, Fantasy",458
2023,animation-adventure-fantasy-family-comedy,"Animation, Adventure, Fantasy, Family, Comedy",91
2023,animation-adventure-fantasy-family-drama,"Animation, Adventure, Fantasy, Family, Drama",1902
2023,animation-adventure-science-fiction-family,"Animation, Adventure, Science Fiction, Family",34
2023,animation-comedy-action-adventure-family-fantasy-science-fiction,"Animation, Comedy, Action, Adventure, Family, Fantasy, Science Fiction",19
2023,animation-comedy-action-science-fiction,"Animation, Comedy, Action, Science Fiction",1309
2023,animation-comedy-adventure-action,"Animation, Comedy, Adventure, Action",471
2023,animation-comedy-family-fantasy,"Animation, Comedy, Family, Fantasy",50
2023,animation-comedy-family-fantasy-romance,"Animation, Comedy, Family, Fantasy, Romance",4564
2023,animation-family-action-science-fiction-comedy-drama-adventure,"Animation, Family, Action, Science Fiction, Comedy, Drama, Adventure",462
2023,animation-family-adventure-fantasy-comedy,"Animation, Family, Adventure, Fantasy, Comedy",9266
2023,animation-family-fantasy-adventure,"Animation, Family, Fantasy, Adventure",1494
2023,animation-family-fantasy-comedy,"Animation, Family, Fantasy, Comedy",976
2023,animation-family-music-fantasy-comedy,"Animation, Family, Music, Fantasy, Comedy",858
2023,animation-fantasy-action-romance-family,"Animation, Fantasy, Action, Romance, Family",870
2023,animation-music,"Animation, Music",2
2023,animation-science-fiction-adventure-family,"Animation, Science Fiction, Adventure, Family",3
2023,comedy,Comedy,52
2023,comedy-action-adventure,"Comedy, Action, Adventure",63
2023,comedy-action-crime,"Comedy, Action, Crime",157
2023,comedy-action-fantasy,"Comedy, Action, Fantasy",3144
2023,comedy-adventure,"Comedy, Adventure",9310
2023,comedy-adventure-fantasy,"Comedy, Adventure, Fantasy",1023
2023,comedy-crime,"Comedy, Crime",36
2023,comedy-drama,"Comedy, Drama",1903
2023,comedy-drama-horror-fantasy,"Comedy, Drama, Horror, Fantasy",1053
2023,comedy-drama-romance,"Comedy, Drama, Romance",499
2023,comedy-family,"Comedy, Family",417
2023,comedy-family-fantasy,"Comedy, Family, Fantasy",3617
2023,comedy-fantasy,"Comedy, Fantasy",904
2023,comedy-horror,"Comedy, Horror",1691
2023,comedy-romance,"Comedy, Romance",3059
2023,crime-action,"Crime, Action",48
2023,crime-comedy-mystery-drama,"Crime, Comedy, Mystery, Drama",392
2023,crime-drama,"Crime, Drama",93
2023,crime-history-drama,"Crime, History, Drama",3342
2023,crime-mystery-comedy,"Crime, Mystery, Comedy",47
2023,documentary,Documentary,11
2023,documentary-drama,"Documentary, Drama",48
2023,drama,Drama,272
2023,drama-action,"Drama, Action",31
2023,drama-comedy,"Drama, Comedy",4
2023,drama-comedy-thriller,"Drama, Comedy, Thriller",2329
2023,drama-comedy-war,"Drama, Comedy, War",1258
2023,drama-crime,"Drama, Crime",51
2023,drama-fantasy,"Drama, Fantasy",73
2023,drama-fantasy-romance,"Drama, Fantasy, Romance",2
2023,drama-history,"Drama, History",9513
2023,drama-history-animation,"Drama, History, Animation",112
2023,drama-history-romance,"Drama, History, Romance",537
2023,drama-history-thriller-crime-war,"Drama, History, Thriller, Crime, War",91
2023,drama-mystery-thriller,"Drama, Mystery, Thriller",1031
2023,drama-romance,"Drama, Romance",1711
2023,drama-romance-fantasy,"Drama, Romance, Fantasy",35
2023,drama-science-fiction-action,"Drama, Science Fiction, Action",2774
2023,drama-thriller,"Drama, Thriller",4
2023,family-comedy-adventure,"Family, Comedy, Adventure",983
2023,fantasy-adventure-family-drama,"Fantasy, Adventure, Family, Drama",23
2023,fantasy-mystery,"Fantasy, Mystery",44
2023,history-comedy-drama,"History, Comedy, Drama",550
2023,history-drama,"History, Drama",686
2023,history-drama-romance,"History, Drama, Romance",21
2023,history-drama-war,"History, Drama, War",88
2023,history-war-romance,"History, War, Romance",2544
2023,horror,Horror,2069
2023,horror-comedy,"Horror, Comedy",289
2023,horror-crime-thriller,"Horror, Crime, Thriller",2646
2023,horror-mystery,"Horror, Mystery",4114
2023,horror-mystery-thriller,"Horror, Mystery, Thriller",1965
2023,horror-thriller,"Horror, Thriller",1695
2023,horror-thriller-fantasy,"Horror, Thriller, Fantasy",1605
2023,horror-thriller-mystery,"Horror, Thriller, Mystery",883
2023,music,Music,418
2023,music-documentary,"Music, Documentary",27
2023,mystery-comedy-thriller-history,"Mystery, Comedy, Thriller, History",140
2023,mystery-crime-thriller,"Mystery, Crime, Thriller",78
2023,mystery-drama,"Mystery, Drama",8
2023,mystery-thriller-crime,"Mystery, Thriller, Crime",2324
2023,mystery-thriller-science-fiction,"Mystery, Thriller, Science Fiction",1212
2023,romance-comedy,"Romance, Comedy",2288
2023,romance-drama,"Romance, Drama",866
2023,romance-drama-comedy,"Romance, Drama, Comedy",387
2023,romance-drama-fantasy,"Romance, Drama, Fantasy",723
2023,science-fiction,Science Fiction,577
2023,science-fiction-adventure-action,"Science Fiction, Adventure, Action",6962
2023,science-fiction-horror-action,"Science Fiction, Horror, Action",2392
2023,science-fiction-romance-comedy,"Science Fiction, Romance, Comedy",4281
2023,thriller-action-adventure,"Thriller, Action, Adventure",1161
2023,thriller-comedy-crime,"Thriller, Comedy, Crime",2059
2023,thriller-mystery-crime,"Thriller, Mystery, Crime",2510
2023,thriller-mystery-horror,"Thriller, Mystery, Horror",2670
2023,thriller-science-fiction-drama,"Thriller, Science Fiction, Drama",219
2023,war-action-thriller,"War, Action, Thriller",2550
2023,war-drama-history,"War, Drama, History",225
2023,war-romance-history,"War, Romance, History",6
2024,action-adventure,"Action, Adventure",30
2024,action-adventure-animation-fantasy,"Action, Adventure, Animation, Fantasy",26
2024,action-adventure-comedy,"Action, Adventure, Comedy",1349
2024,action-adventure-comedy-fantasy,"Action, Adventure, Comedy, Fantasy",0
2024,action-adventure-crime-thriller,"Action, Adventure, Crime, Thriller",277
2024,action-adventure-drama,"Action, Adventure, Drama",1722
2024,action-adventure-drama-crime,"Action, Adventure, Drama, Crime",0
2024,action-adventure-science-fiction,"Action, Adventure, Science Fiction",3920
2024,action-adventure-thriller,"Action, Adventure, Thriller",241
2024,action-animation-fantasy-thriller,"Action, Animation, Fantasy, Thriller",426
2024,action-comedy-adventure,"Action, Comedy, Adventure",186
2024,action-comedy-crime-thriller-adventure,"Action, Comedy, Crime, Thriller, Adventure",2514
2024,action-comedy-romance,"Action, Comedy, Romance",2524
2024,action-comedy-science-fiction,"Action, Comedy, Science Fiction",6120
2024,action-comedy-war,"Action, Comedy, War",1252
2024,action-crime,"Action, Crime",21
2024,action-crime-drama-thriller-comedy,"Action, Crime, Drama, Thriller, Comedy",95
2024,action-drama,"Action, Drama",30
2024,action-drama-thriller,"Action, Drama, Thriller",9
2024,action-fantasy,"Action, Fantasy",1998
2024,action-fantasy-adventure,"Action, Fantasy, Adventure",640
2024,action-fantasy-comedy,"Action, Fantasy, Comedy",1666
2024,action-fantasy-horror,"Action, Fantasy, Horror",841
2024,action-science-fiction-adventure,"Action, Science Fiction, Adventure",3643
2024,action-science-fiction-adventure-thriller,"Action, Science Fiction, Adventure, Thriller",2007
2024,action-science-fiction-comedy,"Action, Science Fiction, Comedy",897
2024,action-science-fiction-comedy-family,"Action, Science Fiction, Comedy, Family",235
2024,action-thriller,"Action, Thriller",966
2024,action-thriller-crime,"Action, Thriller, Crime",80
2024,adventure-comedy,"Adventure, Comedy",87
2024,adventure-drama,"Adventure, Drama",680
2024,adventure-family,"Adventure, Family",101
2024,adventure-family-animation-music,"Adventure, Family, Animation, Music",340
2024,animation-action-adventure-science-fiction,"Animation, Action, Adventure, Science Fiction",75
2024,animation-action-drama,"Animation, Action, Drama",128
2024,animation-action-science-fiction-family,"Animation, Action, Science Fiction, Family",3715
2024,animation-adventure-comedy-family,"Animation, Adventure, Comedy, Family",5141
2024,animation-adventure-family-comedy,"Animation, Adventure, Family, Comedy",685
2024,animation-comedy-family-adventure-action,"Animation, Comedy, Family, Adventure, Action",1130
2024,animation-comedy-family-fantasy,"Animation, Comedy, Family, Fantasy",152
2024,animation-crime-mystery-action,"Animation, Crime, Mystery, Action",33
2024,animation-drama,"Animation, Drama",157
2024,animation-drama-comedy-fantasy,"Animation, Drama, Comedy, Fantasy",3
2024,animation-family-adventure,"Animation, Family, Adventure",4
2024,animation-family-comedy-science-fiction,"Animation, Family, Comedy, Science Fiction",2354
2024,animation-family-fantasy,"Animation, Family, Fantasy",4
2024,animation-family-fantasy-action,"Animation, Family, Fantasy, Action",2798
2024,animation-fantasy-action-adventure,"Animation, Fantasy, Action, Adventure",145
2024,animation-music-documentary,"Animation, Music, Documentary",64
2024,animation-science-fiction-action-drama,"Animation, Science Fiction, Action, Drama",53
2024,animation-science-fiction-adventure-family,"Animation, Science Fiction, Adventure, Family",939
2024,comedy,Comedy,629
2024,comedy-crime,"Comedy, Crime",24
2024,comedy-documentary,"Comedy, Documentary",50
2024,comedy-drama,"Comedy, Drama",114
2024,comedy-drama-family,"Comedy, Drama, Family",49
2024,comedy-drama-music,"Comedy, Drama, Music",106
2024,comedy-drama-mystery,"Comedy, Drama, Mystery",375
2024,comedy-family-adventure,"Comedy, Family, Adventure",34
2024,comedy-fantasy,"Comedy, Fantasy",34
2024,comedy-fantasy-family,"Comedy, Fantasy, Family",1131
2024,comedy-fantasy-horror,"Comedy, Fantasy, Horror",2100
2024,comedy-horror,"Comedy, Horror",15
2024,comedy-horror-romance,"Comedy, Horror, Romance",375
2024,comedy-music-family-fantasy,"Comedy, Music, Family, Fantasy",7
2024,comedy-romance,"Comedy, Romance",4
2024,crime-action-thriller,"Crime, Action, Thriller",3184
2024,crime-drama,"Crime, Drama",716
2024,crime-mystery-drama,"Crime, Mystery, Drama",0
2024,crime-thriller,"Crime, Thriller",1780
2024,documentary-history,"Documentary, History",2
2024,documentary-history-tv-movie,"Documentary, History, TV Movie",5
2024,documentary-music,"Documentary, Music",6
2024,drama,Drama,233
2024,drama-action-fantasy-science-fiction,"Drama, Action, Fantasy, Science Fiction",100
2024,drama-action-thriller,"Drama, Action, Thriller",18
2024,drama-comedy,"Drama, Comedy",8811
2024,drama-comedy-action,"Drama, Comedy, Action",70
2024,drama-comedy-mystery,"Drama, Comedy, Mystery",0
2024,drama-crime-thriller,"Drama, Crime, Thriller",1948
2024,drama-family,"Drama, Family",203
2024,drama-fantasy,"Drama, Fantasy",58
2024,drama-fantasy-adventure-family,"Drama, Fantasy, Adventure, Family",2
2024,drama-history,"Drama, History",307
2024,drama-history-war,"Drama, History, War",15
2024,drama-music-family,"Drama, Music, Family",43
2024,drama-music-history,"Drama, Music, History",21
2024,drama-romance,"Drama, Romance",1184
2024,drama-romance-fantasy,"Drama, Romance, Fantasy",760
2024,drama-thriller,"Drama, Thriller",502
2024,drama-thriller-crime-mystery,"Drama, Thriller, Crime, Mystery",6
2024,drama-war-history,"Drama, War, History",89
2024,family-adventure-fantasy-comedy,"Family, Adventure, Fantasy, Comedy",228
2024,family-animation-music-fantasy-adventure-comedy-drama,"Family, Animation, Music, Fantasy, Adventure, Comedy, Drama",12
2024,family-comedy,"Family, Comedy",72
2024,family-drama,"Family, Drama",2
2024,fantasy-adventure-comedy,"Fantasy, Adventure, Comedy",1622
2024,fantasy-adventure-family,"Fantasy, Adventure, Family",143
2024,history-drama,"History, Drama",44
2024,history-drama-war,"History, Drama, War",248
2024,history-music,"History, Music",172
2024,horror,Horror,624
2024,horror-comedy,"Horror, Comedy",44
2024,horror-drama,"Horror, Drama",283
2024,horror-fantasy,"Horror, Fantasy",135
2024,horror-mystery,"Horror, Mystery",1048
2024,horror-mystery-thriller,"Horror, Mystery, Thriller",1276
2024,horror-science-fiction,"Horror, Science Fiction",2825
2024,horror-science-fiction-thriller,"Horror, Science Fiction, Thriller",2299
2024,horror-thriller,"Horror, Thriller",1324
2024,horror-thriller-crime,"Horror, Thriller, Crime",1549
2024,music,Music,0
2024,music-documentary,"Music, Documentary",0
2024,music-history-drama,"Music, History, Drama",754
2024,mystery-horror-thriller,"Mystery, Horror, Thriller",405
2024,romance-comedy,"Romance, Comedy",696
2024,romance-comedy-drama,"Romance, Comedy, Drama",590
2024,romance-crime,"Romance, Crime",472
2024,romance-crime-thriller,"Romance, Crime, Thriller",625
2024,romance-drama,"Romance, Drama",1758
2024,science-fiction-adventure,"Science Fiction, Adventure",5866
2024,science-fiction-adventure-action,"Science Fiction, Adventure, Action",3371
2024,science-fiction-adventure-family,"Science Fiction, Adventure, Family",36
2024,science-fiction-drama,"Science Fiction, Drama",555
2024,thriller-action,"Thriller, Action",2010
2024,thriller-drama,"Thriller, Drama",591
2024,thriller-mystery,"Thriller, Mystery",7
2024,war-action-drama,"War, Action, Drama",2999
2024,western-drama,"Western, Drama",396
