date,entity_id,entity_name,value
1960,afghanistan,Afghanistan,9035043
1960,albania,Albania,1608800
1960,algeria,Algeria,11424922
1960,angola,Angola,5231654
1960,argentina,Argentina,20386045
1960,armenia,Armenia,1863705
1960,australia,Australia,10276477
1960,austria,Austria,7047539
1960,azerbaijan,Azerbaijan,3894500
1960,bangladesh,Bangladesh,51828660
1960,belarus,Belarus,8198000
1960,belgium,Belgium,9153489
1960,benin,Benin,2517286
1960,bolivia,Bolivia,3702323
1960,brazil,Brazil,72388126
1960,bulgaria,Bulgaria,7867374
1960,burkina-faso,Burkina Faso,4778621
1960,burundi,Burundi,2764258
1960,cambodia,Cambodia,5449966
1960,cameroon,Cameroon,5159057
1960,canada,Canada,17909356
1960,chad,Chad,3049838
1960,chile,Chile,8153350
1960,china,China,667070000
1960,colombia,Colombia,15606209
1960,cote-d-ivoire,Cote d Ivoire,3673666
1960,croatia,Croatia,4140181
1960,cuba,Cuba,7238081
1960,cyprus,Cyprus,586490
1960,czechia,Czechia,9602006
1960,denmark,Denmark,4579603
1960,ecuador,Ecuador,4590891
1960,estonia,Estonia,1211537
1960,ethiopia,Ethiopia,21376693
1960,finland,Finland,4429634
1960,france,France,47412964
1960,georgia,Georgia,3645600
1960,germany,Germany,72814900
1960,ghana,Ghana,6961215
1960,greece,Greece,8331725
1960,guatemala,Guatemala,4063655
1960,guinea,Guinea,3556749
1960,haiti,Haiti,3858443
1960,hungary,Hungary,9983512
1960,iceland,Iceland,175574
1960,india,India,435990338
1960,indonesia,Indonesia,88296070
1960,iraq,Iraq,7022052
1960,ireland,Ireland,2828600
1960,israel,Israel,2114020
1960,italy,Italy,50199700
1960,japan,Japan,93216000
1960,jordan,Jordan,853471
1960,kazakhstan,Kazakhstan,9429981
1960,kenya,Kenya,7695307
1960,kuwait,Kuwait,311060
1960,latvia,Latvia,2120979
1960,lithuania,Lithuania,2778550
1960,luxembourg,Luxembourg,313970
1960,madagascar,Madagascar,5111029
1960,malawi,Malawi,3628134
1960,malaysia,Malaysia,7956197
1960,mali,Mali,5402550
1960,mexico,Mexico,36724615
1960,mongolia,Mongolia,977595
1960,morocco,Morocco,11624933
1960,mozambique,Mozambique,6713695
1960,myanmar,Myanmar,21730250
1960,nepal,Nepal,10123658
1960,netherlands,Netherlands,11486631
1960,new-zealand,New Zealand,2371800
1960,niger,Niger,3505050
1960,nigeria,Nigeria,45053782
1960,norway,Norway,3581239
1960,oman,Oman,530485
1960,pakistan,Pakistan,45709310
1960,panama,Panama,1126005
1960,peru,Peru,10174127
1960,philippines,Philippines,27891897
1960,poland,Poland,29637450
1960,portugal,Portugal,8857716
1960,qatar,Qatar,36010
1960,romania,Romania,18406905
1960,russia,Russia,119897000
1960,rwanda,Rwanda,3022294
1960,saudi-arabia,Saudi Arabia,2435403
1960,senegal,Senegal,3340907
1960,serbia,Serbia,6638992
1960,singapore,Singapore,1646400
1960,slovenia,Slovenia,1584720
1960,south-africa,South Africa,16440172
1960,spain,Spain,30455000
1960,sri-lanka,Sri Lanka,9661389
1960,sudan,Sudan,8364489
1960,sweden,Sweden,7484656
1960,switzerland,Switzerland,5327827
1960,tanzania,Tanzania,9901419
1960,thailand,Thailand,26851747
1960,tunisia,Tunisia,4267288
1960,turkey,Turkey,28329898
1960,ukraine,Ukraine,42824093
1960,united-arab-emirates,United Arab Emirates,131334
1960,united-kingdom,United Kingdom,52400000
1960,united-states,United States,180671000
1960,uruguay,Uruguay,2529957
1960,uzbekistan,Uzbekistan,8209109
1960,vietnam,Vietnam,32531933
1960,zambia,Zambia,3153729
1960,zimbabwe,Zimbabwe,3809389
1961,afghanistan,Afghanistan,9214083
1961,albania,Albania,1659800
1961,algeria,Algeria,11628883
1961,angola,Angola,5301583
1961,argentina,Argentina,20726276
1961,armenia,Armenia,1927484
1961,australia,Australia,10483000
1961,austria,Austria,7086299
1961,azerbaijan,Azerbaijan,4045750
1961,bangladesh,Bangladesh,53310348
1961,belarus,Belarus,8271216
1961,belgium,Belgium,9183948
1961,benin,Benin,2559223
1961,bolivia,Bolivia,3778731
1961,brazil,Brazil,74605447
1961,bulgaria,Bulgaria,7943118
1961,burkina-faso,Burkina Faso,4848224
1961,burundi,Burundi,2835119
1961,cambodia,Cambodia,5571168
1961,cameroon,Cameroon,5239273
1961,canada,Canada,18271000
1961,chad,Chad,3111947
1961,chile,Chile,8324802
1961,china,China,660330000
1961,colombia,Colombia,16095203
1961,cote-d-ivoire,Cote d Ivoire,3810151
1961,croatia,Croatia,4167292
1961,cuba,Cuba,7387117
1961,cyprus,Cyprus,595514
1961,czechia,Czechia,9586651
1961,denmark,Denmark,4611687
1961,ecuador,Ecuador,4722331
1961,estonia,Estonia,1225077
1961,ethiopia,Ethiopia,21906102
1961,finland,Finland,4461005
1961,france,France,47905982
1961,georgia,Georgia,3703600
1961,germany,Germany,73377632
1961,ghana,Ghana,7162667
1961,greece,Greece,8398050
1961,guatemala,Guatemala,4186201
1961,guinea,Guinea,3619551
1961,haiti,Haiti,3929030
1961,hungary,Hungary,10027958
1961,iceland,Iceland,179029
1961,india,India,446564729
1961,indonesia,Indonesia,90791249
1961,iraq,Iraq,7194553
1961,ireland,Ireland,2824400
1961,israel,Israel,2185000
1961,italy,Italy,50536350
1961,japan,Japan,94055000
1961,jordan,Jordan,897591
1961,kazakhstan,Kazakhstan,9742085
1961,kenya,Kenya,7987770
1961,kuwait,Kuwait,345945
1961,latvia,Latvia,2152681
1961,lithuania,Lithuania,2823550
1961,luxembourg,Luxembourg,316845
1961,madagascar,Madagascar,5246158
1961,malawi,Malawi,3715534
1961,malaysia,Malaysia,8164443
1961,mali,Mali,5482283
1961,mexico,Mexico,37890118
1961,mongolia,Mongolia,1009284
1961,morocco,Morocco,11931085
1961,mozambique,Mozambique,6834936
1961,myanmar,Myanmar,22210581
1961,nepal,Nepal,10318396
1961,netherlands,Netherlands,11638712
1961,new-zealand,New Zealand,2419700
1961,niger,Niger,3608162
1961,nigeria,Nigeria,45989310
1961,norway,Norway,3609800
1961,oman,Oman,539854
1961,pakistan,Pakistan,46921277
1961,panama,Panama,1159870
1961,peru,Peru,10475123
1961,philippines,Philippines,28792621
1961,poland,Poland,29964000
1961,portugal,Portugal,8929316
1961,qatar,Qatar,39680
1961,romania,Romania,18555250
1961,russia,Russia,121236000
1961,rwanda,Rwanda,3106779
1961,saudi-arabia,Saudi Arabia,2526347
1961,senegal,Senegal,3436375
1961,serbia,Serbia,6689077
1961,singapore,Singapore,1702400
1961,slovenia,Slovenia,1594131
1961,south-africa,South Africa,16908035
1961,spain,Spain,30739250
1961,sri-lanka,Sri Lanka,9899372
1961,sudan,Sudan,8634941
1961,sweden,Sweden,7519998
1961,switzerland,Switzerland,5434294
1961,tanzania,Tanzania,10187886
1961,thailand,Thailand,27650334
1961,tunisia,Tunisia,4316278
1961,turkey,Turkey,29119238
1961,ukraine,Ukraine,43399766
1961,united-arab-emirates,United Arab Emirates,137989
1961,united-kingdom,United Kingdom,52800000
1961,united-states,United States,183691000
1961,uruguay,Uruguay,2562044
1961,uzbekistan,Uzbekistan,8517711
1961,vietnam,Vietnam,33409059
1961,zambia,Zambia,3254086
1961,zimbabwe,Zimbabwe,3930401
1962,afghanistan,Afghanistan,9404406
1962,albania,Albania,1711319
1962,algeria,Algeria,11800771
1962,angola,Angola,5354310
1962,argentina,Argentina,21072538
1962,armenia,Armenia,1991689
1962,australia,Australia,10742000
1962,austria,Austria,7129864
1962,azerbaijan,Azerbaijan,4168150
1962,bangladesh,Bangladesh,54881146
1962,belarus,Belarus,8351928
1962,belgium,Belgium,9220578
1962,benin,Benin,2604659
1962,bolivia,Bolivia,3857493
1962,brazil,Brazil,76865323
1962,bulgaria,Bulgaria,8012946
1962,burkina-faso,Burkina Faso,4919672
1962,burundi,Burundi,2907943
1962,cambodia,Cambodia,5697558
1962,cameroon,Cameroon,5338620
1962,canada,Canada,18614000
1962,chad,Chad,3175598
1962,chile,Chile,8497059
1962,china,China,665770000
1962,colombia,Colombia,16599029
1962,cote-d-ivoire,Cote d Ivoire,3956939
1962,croatia,Croatia,4196712
1962,cuba,Cuba,7541098
1962,cyprus,Cyprus,601466
1962,czechia,Czechia,9624660
1962,denmark,Denmark,4647727
1962,ecuador,Ecuador,4859269
1962,estonia,Estonia,1241623
1962,ethiopia,Ethiopia,22465126
1962,finland,Finland,4491443
1962,france,France,48389516
1962,georgia,Georgia,3760300
1962,germany,Germany,74025784
1962,ghana,Ghana,7337375
1962,greece,Greece,8448233
1962,guatemala,Guatemala,4312044
1962,guinea,Guinea,3684273
1962,haiti,Haiti,4001575
1962,hungary,Hungary,10060825
1962,iceland,Iceland,182378
1962,india,India,457283090
1962,indonesia,Indonesia,93375850
1962,iraq,Iraq,7413875
1962,ireland,Ireland,2836050
1962,israel,Israel,2293000
1962,italy,Italy,50879450
1962,japan,Japan,94933000
1962,jordan,Jordan,940554
1962,kazakhstan,Kazakhstan,10058928
1962,kenya,Kenya,8299308
1962,kuwait,Kuwait,384995
1962,latvia,Latvia,2181586
1962,lithuania,Lithuania,2863350
1962,luxembourg,Luxembourg,320750
1962,madagascar,Madagascar,5384150
1962,malawi,Malawi,3806307
1962,malaysia,Malaysia,8380172
1962,mali,Mali,5563917
1962,mexico,Mexico,39129200
1962,mongolia,Mongolia,1041444
1962,morocco,Morocco,12253092
1962,mozambique,Mozambique,6969364
1962,myanmar,Myanmar,22704719
1962,nepal,Nepal,10521116
1962,netherlands,Netherlands,11805689
1962,new-zealand,New Zealand,2482000
1962,niger,Niger,3714520
1962,nigeria,Nigeria,46965292
1962,norway,Norway,3638918
1962,oman,Oman,549941
1962,pakistan,Pakistan,48156128
1962,panama,Panama,1195301
1962,peru,Peru,10784612
1962,philippines,Philippines,29723536
1962,poland,Poland,30308500
1962,portugal,Portugal,8993985
1962,qatar,Qatar,44630
1962,romania,Romania,18676550
1962,russia,Russia,122591000
1962,rwanda,Rwanda,3186025
1962,saudi-arabia,Saudi Arabia,2620910
1962,senegal,Senegal,3534686
1962,serbia,Serbia,6740264
1962,singapore,Singapore,1750200
1962,slovenia,Slovenia,1603649
1962,south-africa,South Africa,17418522
1962,spain,Spain,31023366
1962,sri-lanka,Sri Lanka,10143754
1962,sudan,Sudan,8919028
1962,sweden,Sweden,7561588
1962,switzerland,Switzerland,5573815
1962,tanzania,Tanzania,10487756
1962,thailand,Thailand,28481040
1962,tunisia,Tunisia,4369136
1962,turkey,Turkey,29916147
1962,ukraine,Ukraine,43943674
1962,united-arab-emirates,United Arab Emirates,144946
1962,united-kingdom,United Kingdom,53250000
1962,united-states,United States,186538000
1962,uruguay,Uruguay,2593298
1962,uzbekistan,Uzbekistan,8854368
1962,vietnam,Vietnam,34288560
1962,zambia,Zambia,3358099
1962,zimbabwe,Zimbabwe,4055959
1963,afghanistan,Afghanistan,9604487
1963,albania,Albania,1762621
1963,algeria,Algeria,11982118
1963,angola,Angola,5408320
1963,argentina,Argentina,21421705
1963,armenia,Armenia,2056023
1963,australia,Australia,10950000
1963,austria,Austria,7175811
1963,azerbaijan,Azerbaijan,4293550
1963,bangladesh,Bangladesh,56504402
1963,belarus,Belarus,8437232
1963,belgium,Belgium,9289770
1963,benin,Benin,2652908
1963,bolivia,Bolivia,3938913
1963,brazil,Brazil,79164235
1963,bulgaria,Bulgaria,8078145
1963,burkina-faso,Burkina Faso,4993623
1963,burundi,Burundi,2969841
1963,cambodia,Cambodia,5823010
1963,cameroon,Cameroon,5456623
1963,canada,Canada,18964000
1963,chad,Chad,3240905
1963,chile,Chile,8670144
1963,china,China,682335000
1963,colombia,Colombia,17113823
1963,cote-d-ivoire,Cote d Ivoire,4112061
1963,croatia,Croatia,4225675
1963,cuba,Cuba,7701660
1963,cyprus,Cyprus,607252
1963,czechia,Czechia,9670685
1963,denmark,Denmark,4684483
1963,ecuador,Ecuador,5001716
1963,estonia,Estonia,1258857
1963,ethiopia,Ethiopia,23051637
1963,finland,Finland,4523309
1963,france,France,48877567
1963,georgia,Georgia,3816100
1963,germany,Germany,74714353
1963,ghana,Ghana,7514714
1963,greece,Greece,8479625
1963,guatemala,Guatemala,4440264
1963,guinea,Guinea,3750954
1963,haiti,Haiti,4073068
1963,hungary,Hungary,10087947
1963,iceland,Iceland,185653
1963,india,India,468138575
1963,indonesia,Indonesia,96051424
1963,iraq,Iraq,7667928
1963,ireland,Ireland,2852650
1963,israel,Israel,2379000
1963,italy,Italy,51252000
1963,japan,Japan,95900000
1963,jordan,Jordan,984714
1963,kazakhstan,Kazakhstan,10377466
1963,kenya,Kenya,8627971
1963,kuwait,Kuwait,427694
1963,latvia,Latvia,2210919
1963,lithuania,Lithuania,2898950
1963,luxembourg,Luxembourg,324100
1963,madagascar,Madagascar,5525185
1963,malawi,Malawi,3900506
1963,malaysia,Malaysia,8602160
1963,mali,Mali,5646605
1963,mexico,Mexico,40424065
1963,mongolia,Mongolia,1071362
1963,morocco,Morocco,12577502
1963,mozambique,Mozambique,7109828
1963,myanmar,Myanmar,23213408
1963,nepal,Nepal,10729818
1963,netherlands,Netherlands,11965966
1963,new-zealand,New Zealand,2531800
1963,niger,Niger,3823873
1963,nigeria,Nigeria,47973575
1963,norway,Norway,3666537
1963,oman,Oman,560827
1963,pakistan,Pakistan,49447776
1963,panama,Panama,1232124
1963,peru,Peru,11102099
1963,philippines,Philippines,30674731
1963,poland,Poland,30712000
1963,portugal,Portugal,9030355
1963,qatar,Qatar,50380
1963,romania,Romania,18797850
1963,russia,Russia,123960000
1963,rwanda,Rwanda,3258890
1963,saudi-arabia,Saudi Arabia,2719341
1963,senegal,Senegal,3635876
1963,serbia,Serbia,6787950
1963,singapore,Singapore,1795000
1963,slovenia,Slovenia,1616971
1963,south-africa,South Africa,17954564
1963,spain,Spain,31296651
1963,sri-lanka,Sri Lanka,10395040
1963,sudan,Sudan,9218077
1963,sweden,Sweden,7604328
1963,switzerland,Switzerland,5694247
1963,tanzania,Tanzania,10799528
1963,thailand,Thailand,29342322
1963,tunisia,Tunisia,4427131
1963,turkey,Turkey,30726841
1963,ukraine,Ukraine,44462372
1963,united-arab-emirates,United Arab Emirates,152211
1963,united-kingdom,United Kingdom,53650000
1963,united-states,United States,189242000
1963,uruguay,Uruguay,2623766
1963,uzbekistan,Uzbekistan,9202246
1963,vietnam,Vietnam,35249101
1963,zambia,Zambia,3465907
1963,zimbabwe,Zimbabwe,4185877
1964,afghanistan,Afghanistan,9814318
1964,albania,Albania,1814135
1964,algeria,Algeria,12179813
1964,angola,Angola,5464187
1964,argentina,Argentina,21769453
1964,armenia,Armenia,2120135
1964,australia,Australia,11167000
1964,austria,Austria,7223801
1964,azerbaijan,Azerbaijan,4439250
1964,bangladesh,Bangladesh,58178374
1964,belarus,Belarus,8524224
1964,belgium,Belgium,9378113
1964,benin,Benin,2704003
1964,bolivia,Bolivia,4022996
1964,brazil,Brazil,81488595
1964,bulgaria,Bulgaria,8144340
1964,burkina-faso,Burkina Faso,5071034
1964,burundi,Burundi,3055650
1964,cambodia,Cambodia,5946178
1964,cameroon,Cameroon,5578257
1964,canada,Canada,19325000
1964,chad,Chad,3307479
1964,chile,Chile,8842525
1964,china,China,698355000
1964,colombia,Colombia,17637411
1964,cote-d-ivoire,Cote d Ivoire,4273952
1964,croatia,Croatia,4252876
1964,cuba,Cuba,7866020
1964,cyprus,Cyprus,612521
1964,czechia,Czechia,9727804
1964,denmark,Denmark,4722072
1964,ecuador,Ecuador,5149918
1964,estonia,Estonia,1277086
1964,ethiopia,Ethiopia,23666548
1964,finland,Finland,4548543
1964,france,France,49401492
1964,georgia,Georgia,3870300
1964,germany,Germany,75318337
1964,ghana,Ghana,7695739
1964,greece,Greece,8510429
1964,guatemala,Guatemala,4571109
1964,guinea,Guinea,3819722
1964,haiti,Haiti,4146244
1964,hungary,Hungary,10119835
1964,iceland,Iceland,188983
1964,india,India,479229598
1964,indonesia,Indonesia,98833749
1964,iraq,Iraq,7929566
1964,ireland,Ireland,2866550
1964,israel,Israel,2475000
1964,italy,Italy,51675350
1964,japan,Japan,96903000
1964,jordan,Jordan,1035640
1964,kazakhstan,Kazakhstan,10690309
1964,kenya,Kenya,8973535
1964,kuwait,Kuwait,473115
1964,latvia,Latvia,2240623
1964,lithuania,Lithuania,2935200
1964,luxembourg,Luxembourg,327750
1964,madagascar,Madagascar,5669863
1964,malawi,Malawi,3997305
1964,malaysia,Malaysia,8828406
1964,mali,Mali,5730125
1964,mexico,Mexico,41772049
1964,mongolia,Mongolia,1100234
1964,morocco,Morocco,12898886
1964,mozambique,Mozambique,7255061
1964,myanmar,Myanmar,23737315
1964,nepal,Nepal,10946392
1964,netherlands,Netherlands,12127120
1964,new-zealand,New Zealand,2585400
1964,niger,Niger,3935814
1964,nigeria,Nigeria,49012016
1964,norway,Norway,3694339
1964,oman,Oman,572577
1964,pakistan,Pakistan,50799999
1964,panama,Panama,1270065
1964,peru,Peru,11427978
1964,philippines,Philippines,31643032
1964,poland,Poland,31139450
1964,portugal,Portugal,9035365
1964,qatar,Qatar,56867
1964,romania,Romania,18919126
1964,russia,Russia,125345000
1964,rwanda,Rwanda,3334834
1964,saudi-arabia,Saudi Arabia,2821968
1964,senegal,Senegal,3740535
1964,serbia,Serbia,6832855
1964,singapore,Singapore,1841600
1964,slovenia,Slovenia,1632114
1964,south-africa,South Africa,18511361
1964,spain,Spain,31609195
1964,sri-lanka,Sri Lanka,10653397
1964,sudan,Sudan,9531109
1964,sweden,Sweden,7661354
1964,switzerland,Switzerland,5789228
1964,tanzania,Tanzania,11127826
1964,thailand,Thailand,30232141
1964,tunisia,Tunisia,4489869
1964,turkey,Turkey,31543072
1964,ukraine,Ukraine,44951156
1964,united-arab-emirates,United Arab Emirates,159692
1964,united-kingdom,United Kingdom,54000000
1964,united-states,United States,191889000
1964,uruguay,Uruguay,2653180
1964,uzbekistan,Uzbekistan,9557611
1964,vietnam,Vietnam,36201563
1964,zambia,Zambia,3577017
1964,zimbabwe,Zimbabwe,4320006
1965,afghanistan,Afghanistan,10036008
1965,albania,Albania,1864791
1965,algeria,Algeria,12365976
1965,angola,Angola,5521981
1965,argentina,Argentina,22112629
1965,armenia,Armenia,2183635
1965,australia,Australia,11388000
1965,austria,Austria,7270889
1965,azerbaijan,Azerbaijan,4574650
1965,bangladesh,Bangladesh,59902519
1965,belarus,Belarus,8610000
1965,belgium,Belgium,9463667
1965,benin,Benin,2757936
1965,bolivia,Bolivia,4109796
1965,brazil,Brazil,83817583
1965,bulgaria,Bulgaria,8204168
1965,burkina-faso,Burkina Faso,5152833
1965,burundi,Burundi,3141367
1965,cambodia,Cambodia,6072289
1965,cameroon,Cameroon,5704686
1965,canada,Canada,19678000
1965,chad,Chad,3374220
1965,chile,Chile,9012938
1965,china,China,715185000
1965,colombia,Colombia,18169050
1965,cote-d-ivoire,Cote d Ivoire,4442377
1965,croatia,Croatia,4280923
1965,cuba,Cuba,8030797
1965,cyprus,Cyprus,617736
1965,czechia,Czechia,9779358
1965,denmark,Denmark,4759012
1965,ecuador,Ecuador,5303963
1965,estonia,Estonia,1294566
1965,ethiopia,Ethiopia,24310612
1965,finland,Finland,4563732
1965,france,France,49877725
1965,georgia,Georgia,3921600
1965,germany,Germany,75963695
1965,ghana,Ghana,7882606
1965,greece,Greece,8550333
1965,guatemala,Guatemala,4704965
1965,guinea,Guinea,3890716
1965,haiti,Haiti,4223820
1965,hungary,Hungary,10147935
1965,iceland,Iceland,192286
1965,india,India,490140146
1965,indonesia,Indonesia,101365130
1965,iraq,Iraq,8202140
1965,ireland,Ireland,2877300
1965,israel,Israel,2563000
1965,italy,Italy,52112350
1965,japan,Japan,97952000
1965,jordan,Jordan,1099440
1965,kazakhstan,Kazakhstan,10993183
1965,kenya,Kenya,9338078
1965,kuwait,Kuwait,521174
1965,latvia,Latvia,2265919
1965,lithuania,Lithuania,2971450
1965,luxembourg,Luxembourg,331500
1965,madagascar,Madagascar,5819116
1965,malawi,Malawi,4096157
1965,malaysia,Malaysia,9056408
1965,mali,Mali,5815487
1965,mexico,Mexico,43174477
1965,mongolia,Mongolia,1131177
1965,morocco,Morocco,13239171
1965,mozambique,Mozambique,7406421
1965,myanmar,Myanmar,24279431
1965,nepal,Nepal,11173411
1965,netherlands,Netherlands,12294732
1965,new-zealand,New Zealand,2628400
1965,niger,Niger,4049695
1965,nigeria,Nigeria,50086764
1965,norway,Norway,3723168
1965,oman,Oman,585236
1965,pakistan,Pakistan,52209010
1965,panama,Panama,1308835
1965,peru,Peru,11761085
1965,philippines,Philippines,32625316
1965,poland,Poland,31444950
1965,portugal,Portugal,8998595
1965,qatar,Qatar,64065
1965,romania,Romania,19031576
1965,russia,Russia,126745000
1965,rwanda,Rwanda,3423210
1965,saudi-arabia,Saudi Arabia,2928771
1965,senegal,Senegal,3849788
1965,serbia,Serbia,6876624
1965,singapore,Singapore,1886900
1965,slovenia,Slovenia,1649160
1965,south-africa,South Africa,19089380
1965,spain,Spain,31954292
1965,sri-lanka,Sri Lanka,10916965
1965,sudan,Sudan,9858030
1965,sweden,Sweden,7733853
1965,switzerland,Switzerland,5856472
1965,tanzania,Tanzania,11470728
1965,thailand,Thailand,31149337
1965,tunisia,Tunisia,4561385
1965,turkey,Turkey,32345220
1965,ukraine,Ukraine,45386892
1965,united-arab-emirates,United Arab Emirates,167103
1965,united-kingdom,United Kingdom,54348050
1965,united-states,United States,194303000
1965,uruguay,Uruguay,2681169
1965,uzbekistan,Uzbekistan,9921681
1965,vietnam,Vietnam,37129656
1965,zambia,Zambia,3692086
1965,zimbabwe,Zimbabwe,4458462
1966,afghanistan,Afghanistan,10266395
1966,albania,Albania,1914573
1966,algeria,Algeria,12590069
1966,angola,Angola,5581386
1966,argentina,Argentina,22453893
1966,armenia,Armenia,2246159
1966,australia,Australia,11651000
1966,austria,Austria,7322066
1966,azerbaijan,Azerbaijan,4708150
1966,bangladesh,Bangladesh,61669806
1966,belarus,Belarus,8696496
1966,belgium,Belgium,9527807
1966,benin,Benin,2814317
1966,bolivia,Bolivia,4199550
1966,brazil,Brazil,86139359
1966,bulgaria,Bulgaria,8258057
1966,burkina-faso,Burkina Faso,5237933
1966,burundi,Burundi,3217960
1966,cambodia,Cambodia,6201232
1966,cameroon,Cameroon,5837295
1966,canada,Canada,20048000
1966,chad,Chad,3440903
1966,chile,Chile,9181722
1966,china,China,735400000
1966,colombia,Colombia,18702688
1966,cote-d-ivoire,Cote d Ivoire,4617519
1966,croatia,Croatia,4310701
1966,cuba,Cuba,8193450
1966,cyprus,Cyprus,623390
1966,czechia,Czechia,9821040
1966,denmark,Denmark,4797381
1966,ecuador,Ecuador,5463748
1966,estonia,Estonia,1308597
1966,ethiopia,Ethiopia,24952689
1966,finland,Finland,4580869
1966,france,France,50311637
1966,georgia,Georgia,3966700
1966,germany,Germany,76600311
1966,ghana,Ghana,8074521
1966,greece,Greece,8613651
1966,guatemala,Guatemala,4840958
1966,guinea,Guinea,3964155
1966,haiti,Haiti,4302639
1966,hungary,Hungary,10178653
1966,iceland,Iceland,195570
1966,india,India,500740247
1966,indonesia,Indonesia,103792754
1966,iraq,Iraq,8485104
1966,ireland,Ireland,2888800
1966,israel,Israel,2629000
1966,italy,Italy,52519000
1966,japan,Japan,98851000
1966,jordan,Jordan,1178360
1966,kazakhstan,Kazakhstan,11288989
1966,kenya,Kenya,9717816
1966,kuwait,Kuwait,572590
1966,latvia,Latvia,2283217
1966,lithuania,Lithuania,3008050
1966,luxembourg,Luxembourg,333895
1966,madagascar,Madagascar,5974279
1966,malawi,Malawi,4197926
1966,malaysia,Malaysia,9284688
1966,mali,Mali,5902204
1966,mexico,Mexico,44629106
1966,mongolia,Mongolia,1163754
1966,morocco,Morocco,13597065
1966,mozambique,Mozambique,7562990
1966,myanmar,Myanmar,24836496
1966,nepal,Nepal,11408710
1966,netherlands,Netherlands,12456251
1966,new-zealand,New Zealand,2675900
1966,niger,Niger,4165544
1966,nigeria,Nigeria,51188234
1966,norway,Norway,3753012
1966,oman,Oman,598804
1966,pakistan,Pakistan,53678667
1966,panama,Panama,1348388
1966,peru,Peru,12101297
1966,philippines,Philippines,33617170
1966,poland,Poland,31681000
1966,portugal,Portugal,8930990
1966,qatar,Qatar,72192
1966,romania,Romania,19215450
1966,russia,Russia,127468000
1966,rwanda,Rwanda,3521626
1966,saudi-arabia,Saudi Arabia,3039887
1966,senegal,Senegal,3964299
1966,serbia,Serbia,6927969
1966,singapore,Singapore,1934400
1966,slovenia,Slovenia,1669905
1966,south-africa,South Africa,19690087
1966,spain,Spain,32283194
1966,sri-lanka,Sri Lanka,11183928
1966,sudan,Sudan,10197578
1966,sweden,Sweden,7807797
1966,switzerland,Switzerland,5918002
1966,tanzania,Tanzania,11827459
1966,thailand,Thailand,32086071
1966,tunisia,Tunisia,4652287
1966,turkey,Turkey,33177672
1966,ukraine,Ukraine,45802519
1966,united-arab-emirates,United Arab Emirates,173976
1966,united-kingdom,United Kingdom,54648500
1966,united-states,United States,196560000
1966,uruguay,Uruguay,2707646
1966,uzbekistan,Uzbekistan,10289294
1966,vietnam,Vietnam,38024836
1966,zambia,Zambia,3812003
1966,zimbabwe,Zimbabwe,4601217
1967,afghanistan,Afghanistan,10505959
1967,albania,Albania,1965598
1967,algeria,Algeria,12876118
1967,angola,Angola,5641807
1967,argentina,Argentina,22799059
1967,armenia,Armenia,2307492
1967,australia,Australia,11799000
1967,austria,Austria,7376998
1967,azerbaijan,Azerbaijan,4832000
1967,bangladesh,Bangladesh,63510929
1967,belarus,Belarus,8785648
1967,belgium,Belgium,9580991
1967,benin,Benin,2872997
1967,bolivia,Bolivia,4292572
1967,brazil,Brazil,88446124
1967,bulgaria,Bulgaria,8310226
1967,burkina-faso,Burkina Faso,5326348
1967,burundi,Burundi,3300690
1967,cambodia,Cambodia,6332944
1967,cameroon,Cameroon,5977318
1967,canada,Canada,20412000
1967,chad,Chad,3508512
1967,chile,Chile,9348939
1967,china,China,754550000
1967,colombia,Colombia,19235618
1967,cote-d-ivoire,Cote d Ivoire,4799744
1967,croatia,Croatia,4338683
1967,cuba,Cuba,8352625
1967,cyprus,Cyprus,629251
1967,czechia,Czechia,9852899
1967,denmark,Denmark,4835354
1967,ecuador,Ecuador,5629057
1967,estonia,Estonia,1318946
1967,ethiopia,Ethiopia,25620276
1967,finland,Finland,4605744
1967,france,France,50722791
1967,georgia,Georgia,4005800
1967,germany,Germany,76951336
1967,ghana,Ghana,8271913
1967,greece,Greece,8684088
1967,guatemala,Guatemala,4978862
1967,guinea,Guinea,4040153
1967,haiti,Haiti,4382999
1967,hungary,Hungary,10216604
1967,iceland,Iceland,198751
1967,india,India,511606372
1967,indonesia,Indonesia,106526393
1967,iraq,Iraq,8778869
1967,ireland,Ireland,2902450
1967,israel,Israel,2745000
1967,italy,Italy,52900500
1967,japan,Japan,99879000
1967,jordan,Jordan,1271183
1967,kazakhstan,Kazakhstan,11584428
1967,kenya,Kenya,10111057
1967,kuwait,Kuwait,628089
1967,latvia,Latvia,2301220
1967,lithuania,Lithuania,3044400
1967,luxembourg,Luxembourg,334995
1967,madagascar,Madagascar,6136486
1967,malawi,Malawi,4303012
1967,malaysia,Malaysia,9507099
1967,mali,Mali,5990906
1967,mexico,Mexico,46129608
1967,mongolia,Mongolia,1196996
1967,morocco,Morocco,13968175
1967,mozambique,Mozambique,7724550
1967,myanmar,Myanmar,25406429
1967,nepal,Nepal,11652716
1967,netherlands,Netherlands,12598201
1967,new-zealand,New Zealand,2724100
1967,niger,Niger,4283590
1967,nigeria,Nigeria,52293065
1967,norway,Norway,3784539
1967,oman,Oman,613318
1967,pakistan,Pakistan,55214768
1967,panama,Panama,1388628
1967,peru,Peru,12448814
1967,philippines,Philippines,34621320
1967,poland,Poland,31987155
1967,portugal,Portugal,8874520
1967,qatar,Qatar,81439
1967,romania,Romania,19534242
1967,russia,Russia,128196000
1967,rwanda,Rwanda,3629577
1967,saudi-arabia,Saudi Arabia,3157242
1967,senegal,Senegal,4083870
1967,serbia,Serbia,6966522
1967,singapore,Singapore,1977600
1967,slovenia,Slovenia,1689528
1967,south-africa,South Africa,20314066
1967,spain,Spain,32682947
1967,sri-lanka,Sri Lanka,11457328
1967,sudan,Sudan,10550597
1967,sweden,Sweden,7867931
1967,switzerland,Switzerland,5991785
1967,tanzania,Tanzania,12200109
1967,thailand,Thailand,33037801
1967,tunisia,Tunisia,4760970
1967,turkey,Turkey,34050421
1967,ukraine,Ukraine,46215988
1967,united-arab-emirates,United Arab Emirates,179700
1967,united-kingdom,United Kingdom,54943600
1967,united-states,United States,198712000
1967,uruguay,Uruguay,2732277
1967,uzbekistan,Uzbekistan,10659180
1967,vietnam,Vietnam,38895080
1967,zambia,Zambia,3936343
1967,zimbabwe,Zimbabwe,4748307
1968,afghanistan,Afghanistan,10756922
1968,albania,Albania,2022272
1968,algeria,Algeria,13172614
1968,angola,Angola,5702699
1968,argentina,Argentina,23150583
1968,armenia,Armenia,2367319
1968,australia,Australia,12009000
1968,austria,Austria,7415403
1968,azerbaijan,Azerbaijan,4948500
1968,bangladesh,Bangladesh,65408276
1968,belarus,Belarus,8874552
1968,belgium,Belgium,9618756
1968,benin,Benin,2934257
1968,bolivia,Bolivia,4388944
1968,brazil,Brazil,90741240
1968,bulgaria,Bulgaria,8369603
1968,burkina-faso,Burkina Faso,5418644
1968,burundi,Burundi,3380387
1968,cambodia,Cambodia,6467324
1968,cameroon,Cameroon,6125863
1968,canada,Canada,20744000
1968,chad,Chad,3578231
1968,chile,Chile,9514716
1968,china,China,774510000
1968,colombia,Colombia,19766796
1968,cote-d-ivoire,Cote d Ivoire,4990021
1968,croatia,Croatia,4365628
1968,cuba,Cuba,8509522
1968,cyprus,Cyprus,635157
1968,czechia,Czechia,9876346
1968,denmark,Denmark,4864883
1968,ecuador,Ecuador,5799680
1968,estonia,Estonia,1331214
1968,ethiopia,Ethiopia,26337930
1968,finland,Finland,4626469
1968,france,France,51112980
1968,georgia,Georgia,4042300
1968,germany,Germany,77294314
1968,ghana,Ghana,8475729
1968,greece,Greece,8740765
1968,guatemala,Guatemala,5118111
1968,guinea,Guinea,4118550
1968,haiti,Haiti,4465328
1968,hungary,Hungary,10255815
1968,iceland,Iceland,201488
1968,india,India,522716889
1968,indonesia,Indonesia,109450006
1968,iraq,Iraq,9085016
1968,ireland,Ireland,2915550
1968,israel,Israel,2803000
1968,italy,Italy,53235750
1968,japan,Japan,101011000
1968,jordan,Jordan,1372460
1968,kazakhstan,Kazakhstan,11879182
1968,kenya,Kenya,10518823
1968,kuwait,Kuwait,687716
1968,latvia,Latvia,2323619
1968,lithuania,Lithuania,3078850
1968,luxembourg,Luxembourg,335850
1968,madagascar,Madagascar,6306493
1968,malawi,Malawi,4411054
1968,malaysia,Malaysia,9725281
1968,mali,Mali,6082979
1968,mexico,Mexico,47668303
1968,mongolia,Mongolia,1229930
1968,morocco,Morocco,14347899
1968,mozambique,Mozambique,7892613
1968,myanmar,Myanmar,25989662
1968,nepal,Nepal,11906266
1968,netherlands,Netherlands,12729721
1968,new-zealand,New Zealand,2748100
1968,niger,Niger,4403637
1968,nigeria,Nigeria,53432783
1968,norway,Norway,3816486
1968,oman,Oman,628798
1968,pakistan,Pakistan,56810507
1968,panama,Panama,1429447
1968,peru,Peru,12803993
1968,philippines,Philippines,35638342
1968,poland,Poland,32294655
1968,portugal,Portugal,8836650
1968,qatar,Qatar,91749
1968,romania,Romania,19799831
1968,russia,Russia,128928000
1968,rwanda,Rwanda,3744010
1968,saudi-arabia,Saudi Arabia,3282711
1968,senegal,Senegal,4207587
1968,serbia,Serbia,7007586
1968,singapore,Singapore,2012000
1968,slovenia,Slovenia,1704546
1968,south-africa,South Africa,20957287
1968,spain,Spain,33113134
1968,sri-lanka,Sri Lanka,11736088
1968,sudan,Sudan,10917999
1968,sweden,Sweden,7912273
1968,switzerland,Switzerland,6067714
1968,tanzania,Tanzania,12602076
1968,thailand,Thailand,34002560
1968,tunisia,Tunisia,4879899
1968,turkey,Turkey,34921684
1968,ukraine,Ukraine,46614325
1968,united-arab-emirates,United Arab Emirates,199416
1968,united-kingdom,United Kingdom,55211700
1968,united-states,United States,200706000
1968,uruguay,Uruguay,2754606
1968,uzbekistan,Uzbekistan,11032155
1968,vietnam,Vietnam,39734609
1968,zambia,Zambia,4065593
1968,zimbabwe,Zimbabwe,4900440
1969,afghanistan,Afghanistan,11017409
1969,albania,Albania,2081695
1969,algeria,Algeria,13475960
1969,angola,Angola,5763685
1969,argentina,Argentina,23508711
1969,armenia,Armenia,2424030
1969,australia,Australia,12263000
1969,austria,Austria,7441055
1969,azerbaijan,Azerbaijan,5063300
1969,bangladesh,Bangladesh,67294133
1969,belarus,Belarus,8960304
1969,belgium,Belgium,9646032
1969,benin,Benin,2998222
1969,bolivia,Bolivia,4488232
1969,brazil,Brazil,93045777
1969,bulgaria,Bulgaria,8434172
1969,burkina-faso,Burkina Faso,5513177
1969,burundi,Burundi,3454590
1969,cambodia,Cambodia,6604725
1969,cameroon,Cameroon,6283462
1969,canada,Canada,21028000
1969,chad,Chad,3651113
1969,chile,Chile,9680282
1969,china,China,796025000
1969,colombia,Colombia,20291942
1969,cote-d-ivoire,Cote d Ivoire,5192221
1969,croatia,Croatia,4391490
1969,cuba,Cuba,8666640
1969,cyprus,Cyprus,641189
1969,czechia,Czechia,9896580
1969,denmark,Denmark,4891860
1969,ecuador,Ecuador,5975236
1969,estonia,Estonia,1345249
1969,ethiopia,Ethiopia,27072571
1969,finland,Finland,4623785
1969,france,France,51536014
1969,georgia,Georgia,4080300
1969,germany,Germany,77909682
1969,ghana,Ghana,8690383
1969,greece,Greece,8772764
1969,guatemala,Guatemala,5257081
1969,guinea,Guinea,4198300
1969,haiti,Haiti,4549334
1969,hungary,Hungary,10298723
1969,iceland,Iceland,203369
1969,india,India,533880544
1969,indonesia,Indonesia,112517639
1969,iraq,Iraq,9403356
1969,ireland,Ireland,2932650
1969,israel,Israel,2877000
1969,italy,Italy,53537950
1969,japan,Japan,102219000
1969,jordan,Jordan,1473100
1969,kazakhstan,Kazakhstan,12156212
1969,kenya,Kenya,10939695
1969,kuwait,Kuwait,749452
1969,latvia,Latvia,2343173
1969,lithuania,Lithuania,3107321
1969,luxembourg,Luxembourg,337500
1969,madagascar,Madagascar,6484716
1969,malawi,Malawi,4521184
1969,malaysia,Malaysia,9947597
1969,mali,Mali,6177704
1969,mexico,Mexico,49233194
1969,mongolia,Mongolia,1262284
1969,morocco,Morocco,14734255
1969,mozambique,Mozambique,8066951
1969,myanmar,Myanmar,26585112
1969,nepal,Nepal,12167036
1969,netherlands,Netherlands,12877984
1969,new-zealand,New Zealand,2772800
1969,niger,Niger,4525725
1969,nigeria,Nigeria,54631914
1969,norway,Norway,3847707
1969,oman,Oman,645255
1969,pakistan,Pakistan,58460939
1969,panama,Panama,1470886
1969,peru,Peru,13166767
1969,philippines,Philippines,36660799
1969,poland,Poland,32548300
1969,portugal,Portugal,8757705
1969,qatar,Qatar,103025
1969,romania,Romania,20009141
1969,russia,Russia,129664000
1969,rwanda,Rwanda,3861271
1969,saudi-arabia,Saudi Arabia,3417114
1969,senegal,Senegal,4334974
1969,serbia,Serbia,7123249
1969,singapore,Singapore,2042500
1969,slovenia,Slovenia,1713874
1969,south-africa,South Africa,21614676
1969,spain,Spain,33441054
1969,sri-lanka,Sri Lanka,12013858
1969,sudan,Sudan,11298936
1969,sweden,Sweden,7968072
1969,switzerland,Switzerland,6136387
1969,tanzania,Tanzania,13036700
1969,thailand,Thailand,34973782
1969,tunisia,Tunisia,5004697
1969,turkey,Turkey,35787774
1969,ukraine,Ukraine,46976256
1969,united-arab-emirates,United Arab Emirates,239660
1969,united-kingdom,United Kingdom,55441750
1969,united-states,United States,202677000
1969,uruguay,Uruguay,2773974
1969,uzbekistan,Uzbekistan,11403150
1969,vietnam,Vietnam,40582096
1969,zambia,Zambia,4197116
1969,zimbabwe,Zimbabwe,5058181
1970,afghanistan,Afghanistan,11290128
1970,albania,Albania,2135479
1970,algeria,Algeria,13783719
1970,angola,Angola,5852788
1970,argentina,Argentina,23878327
1970,armenia,Armenia,2475633
1970,australia,Australia,12507000
1970,austria,Austria,7467086
1970,azerbaijan,Azerbaijan,5172050
1970,bangladesh,Bangladesh,69058894
1970,belarus,Belarus,9040000
1970,belgium,Belgium,9655549
1970,benin,Benin,3065057
1970,bolivia,Bolivia,4590010
1970,brazil,Brazil,95375651
1970,bulgaria,Bulgaria,8489574
1970,burkina-faso,Burkina Faso,5610304
1970,burundi,Burundi,3530432
1970,cambodia,Cambodia,6639182
1970,cameroon,Cameroon,6449793
1970,canada,Canada,21324000
1970,chad,Chad,3727828
1970,chile,Chile,9845344
1970,china,China,818315000
1970,colombia,Colombia,20811782
1970,cote-d-ivoire,Cote d Ivoire,5411567
1970,croatia,Croatia,4412252
1970,cuba,Cuba,8824382
1970,cyprus,Cyprus,647446
1970,czechia,Czechia,9858071
1970,denmark,Denmark,4928757
1970,ecuador,Ecuador,6155387
1970,estonia,Estonia,1360076
1970,ethiopia,Ethiopia,27829128
1970,finland,Finland,4606307
1970,france,France,52007169
1970,georgia,Georgia,4119900
1970,germany,Germany,78169289
1970,ghana,Ghana,8925813
1970,greece,Greece,8792806
1970,guatemala,Guatemala,5396966
1970,guinea,Guinea,4277535
1970,haiti,Haiti,4635124
1970,hungary,Hungary,10337910
1970,iceland,Iceland,204438
1970,india,India,545864268
1970,indonesia,Indonesia,115657495
1970,iraq,Iraq,9735611
1970,ireland,Ireland,2957250
1970,israel,Israel,2974000
1970,italy,Italy,53821850
1970,japan,Japan,103403000
1970,jordan,Jordan,1565163
1970,kazakhstan,Kazakhstan,12419057
1970,kenya,Kenya,11368791
1970,kuwait,Kuwait,809114
1970,latvia,Latvia,2359164
1970,lithuania,Lithuania,3139689
1970,luxembourg,Luxembourg,339171
1970,madagascar,Madagascar,6672003
1970,malawi,Malawi,4633944
1970,malaysia,Malaysia,10178802
1970,mali,Mali,6276472
1970,mexico,Mexico,50814953
1970,mongolia,Mongolia,1295272
1970,morocco,Morocco,15129449
1970,mozambique,Mozambique,8250506
1970,myanmar,Myanmar,27193016
1970,nepal,Nepal,12436190
1970,netherlands,Netherlands,13038526
1970,new-zealand,New Zealand,2810700
1970,niger,Niger,4650275
1970,nigeria,Nigeria,55893838
1970,norway,Norway,3875763
1970,oman,Oman,662680
1970,pakistan,Pakistan,60166719
1970,panama,Panama,1513070
1970,peru,Peru,13501237
1970,philippines,Philippines,37622204
1970,poland,Poland,32664300
1970,portugal,Portugal,8680431
1970,qatar,Qatar,116350
1970,romania,Romania,20250398
1970,russia,Russia,130404000
1970,rwanda,Rwanda,3980669
1970,saudi-arabia,Saudi Arabia,3562470
1970,senegal,Senegal,4466328
1970,serbia,Serbia,7164993
1970,singapore,Singapore,2074507
1970,slovenia,Slovenia,1724891
1970,south-africa,South Africa,22279984
1970,spain,Spain,33814531
1970,sri-lanka,Sri Lanka,12287110
1970,sudan,Sudan,11695771
1970,sweden,Sweden,8042801
1970,switzerland,Switzerland,6180877
1970,tanzania,Tanzania,13492677
1970,thailand,Thailand,35954408
1970,tunisia,Tunisia,5131396
1970,turkey,Turkey,36638465
1970,ukraine,Ukraine,47261306
1970,united-arab-emirates,United Arab Emirates,286536
1970,united-kingdom,United Kingdom,55663250
1970,united-states,United States,205052000
1970,uruguay,Uruguay,2790807
1970,uzbekistan,Uzbekistan,11762638
1970,vietnam,Vietnam,41475230
1970,zambia,Zambia,4321718
1970,zimbabwe,Zimbabwe,5215918
1971,afghanistan,Afghanistan,11567667
1971,albania,Albania,2187853
1971,algeria,Algeria,14098936
1971,angola,Angola,5991102
1971,argentina,Argentina,24257208
1971,armenia,Armenia,2525345
1971,australia,Australia,12937000
1971,austria,Austria,7500482
1971,azerbaijan,Azerbaijan,5282950
1971,bangladesh,Bangladesh,70276758
1971,belarus,Belarus,9115576
1971,belgium,Belgium,9673162
1971,benin,Benin,3134767
1971,bolivia,Bolivia,4694342
1971,brazil,Brazil,97739273
1971,bulgaria,Bulgaria,8536395
1971,burkina-faso,Burkina Faso,5707999
1971,burundi,Burundi,3617289
1971,cambodia,Cambodia,6620880
1971,cameroon,Cameroon,6624408
1971,canada,Canada,21962032
1971,chad,Chad,3807316
1971,chile,Chile,10009701
1971,china,China,841105000
1971,colombia,Colombia,21319096
1971,cote-d-ivoire,Cote d Ivoire,5650868
1971,croatia,Croatia,4431275
1971,cuba,Cuba,8979085
1971,cyprus,Cyprus,654050
1971,czechia,Czechia,9826815
1971,denmark,Denmark,4963126
1971,ecuador,Ecuador,6340052
1971,estonia,Estonia,1376955
1971,ethiopia,Ethiopia,28600106
1971,finland,Finland,4612124
1971,france,France,52499553
1971,georgia,Georgia,4163000
1971,germany,Germany,78312842
1971,ghana,Ghana,9176264
1971,greece,Greece,8831036
1971,guatemala,Guatemala,5538355
1971,guinea,Guinea,4355200
1971,haiti,Haiti,4723244
1971,hungary,Hungary,10367537
1971,iceland,Iceland,206098
1971,india,India,558096387
1971,indonesia,Indonesia,118833702
1971,iraq,Iraq,10077809
1971,ireland,Ireland,2992050
1971,israel,Israel,3069000
1971,italy,Italy,54073490
1971,japan,Japan,105697000
1971,jordan,Jordan,1645145
1971,kazakhstan,Kazakhstan,12684813
1971,kenya,Kenya,11788904
1971,kuwait,Kuwait,865076
1971,latvia,Latvia,2376389
1971,lithuania,Lithuania,3179041
1971,luxembourg,Luxembourg,342421
1971,madagascar,Madagascar,6868868
1971,malawi,Malawi,4751434
1971,malaysia,Malaysia,10423453
1971,mali,Mali,6377944
1971,mexico,Mexico,52412558
1971,mongolia,Mongolia,1330071
1971,morocco,Morocco,15527225
1971,mozambique,Mozambique,8456317
1971,myanmar,Myanmar,27807219
1971,nepal,Nepal,12710061
1971,netherlands,Netherlands,13194497
1971,new-zealand,New Zealand,2853000
1971,niger,Niger,4776225
1971,nigeria,Nigeria,57214684
1971,norway,Norway,3903039
1971,oman,Oman,681119
1971,pakistan,Pakistan,61847899
1971,panama,Panama,1556081
1971,peru,Peru,13838067
1971,philippines,Philippines,38518659
1971,poland,Poland,32783500
1971,portugal,Portugal,8643756
1971,qatar,Qatar,131346
1971,romania,Romania,20461567
1971,russia,Russia,131155000
1971,rwanda,Rwanda,4100044
1971,saudi-arabia,Saudi Arabia,3724031
1971,senegal,Senegal,4601864
1971,serbia,Serbia,7211716
1971,singapore,Singapore,2112900
1971,slovenia,Slovenia,1738335
1971,south-africa,South Africa,22942143
1971,spain,Spain,34224490
1971,sri-lanka,Sri Lanka,12551910
1971,sudan,Sudan,12105539
1971,sweden,Sweden,8098334
1971,switzerland,Switzerland,6213399
1971,tanzania,Tanzania,13971451
1971,thailand,Thailand,36937387
1971,tunisia,Tunisia,5261658
1971,turkey,Turkey,37518611
1971,ukraine,Ukraine,47573287
1971,united-arab-emirates,United Arab Emirates,335027
1971,united-kingdom,United Kingdom,55896223
1971,united-states,United States,207661000
1971,uruguay,Uruguay,2806462
1971,uzbekistan,Uzbekistan,12111511
1971,vietnam,Vietnam,42449276
1971,zambia,Zambia,4442525
1971,zimbabwe,Zimbabwe,5374712
1972,afghanistan,Afghanistan,11853696
1972,albania,Albania,2243126
1972,algeria,Algeria,14427072
1972,angola,Angola,6174262
1972,argentina,Argentina,24644328
1972,armenia,Armenia,2577079
1972,australia,Australia,13177000
1972,austria,Austria,7544201
1972,azerbaijan,Azerbaijan,5391450
1972,bangladesh,Bangladesh,71641519
1972,belarus,Belarus,9188968
1972,belgium,Belgium,9711115
1972,benin,Benin,3207543
1972,bolivia,Bolivia,4800978
1972,brazil,Brazil,100146797
1972,bulgaria,Bulgaria,8576200
1972,burkina-faso,Burkina Faso,5807234
1972,burundi,Burundi,3617128
1972,cambodia,Cambodia,6673886
1972,cameroon,Cameroon,6806872
1972,canada,Canada,22218463
1972,chad,Chad,3893252
1972,chile,Chile,10174678
1972,china,China,862030000
1972,colombia,Colombia,21819563
1972,cote-d-ivoire,Cote d Ivoire,5909716
1972,croatia,Croatia,4450564
1972,cuba,Cuba,9123891
1972,cyprus,Cyprus,661063
1972,czechia,Czechia,9867632
1972,denmark,Denmark,4991596
1972,ecuador,Ecuador,6529034
1972,estonia,Estonia,1392518
1972,ethiopia,Ethiopia,29374608
1972,finland,Finland,4639657
1972,france,France,52962356
1972,georgia,Georgia,4205300
1972,germany,Germany,78688452
1972,ghana,Ghana,9438187
1972,greece,Greece,8888628
1972,guatemala,Guatemala,5682833
1972,guinea,Guinea,4431292
1972,haiti,Haiti,4813868
1972,hungary,Hungary,10398489
1972,iceland,Iceland,209137
1972,india,India,570482142
1972,indonesia,Indonesia,122039841
1972,iraq,Iraq,10430164
1972,ireland,Ireland,3036850
1972,israel,Israel,3148000
1972,italy,Italy,54381345
1972,japan,Japan,107188000
1972,jordan,Jordan,1714555
1972,kazakhstan,Kazakhstan,12951798
1972,kenya,Kenya,12206060
1972,kuwait,Kuwait,920352
1972,latvia,Latvia,2395674
1972,lithuania,Lithuania,3213622
1972,luxembourg,Luxembourg,346600
1972,madagascar,Madagascar,7074398
1972,malawi,Malawi,4874475
1972,malaysia,Malaysia,10676835
1972,mali,Mali,6483726
1972,mexico,Mexico,54030168
1972,mongolia,Mongolia,1366821
1972,morocco,Morocco,15924692
1972,mozambique,Mozambique,8692935
1972,myanmar,Myanmar,28428324
1972,nepal,Nepal,12989099
1972,netherlands,Netherlands,13328593
1972,new-zealand,New Zealand,2903900
1972,niger,Niger,4904845
1972,nigeria,Nigeria,58601748
1972,norway,Norway,3933004
1972,oman,Oman,700593
1972,pakistan,Pakistan,63583194
1972,panama,Panama,1599723
1972,peru,Peru,14210147
1972,philippines,Philippines,39408560
1972,poland,Poland,33055650
1972,portugal,Portugal,8630430
1972,qatar,Qatar,146506
1972,romania,Romania,20657957
1972,russia,Russia,131909000
1972,rwanda,Rwanda,4220335
1972,saudi-arabia,Saudi Arabia,3905722
1972,senegal,Senegal,4741631
1972,serbia,Serbia,7252012
1972,singapore,Singapore,2152400
1972,slovenia,Slovenia,1752233
1972,south-africa,South Africa,23609456
1972,spain,Spain,34604469
1972,sri-lanka,Sri Lanka,12809205
1972,sudan,Sudan,12527856
1972,sweden,Sweden,8122300
1972,switzerland,Switzerland,6260956
1972,tanzania,Tanzania,14479308
1972,thailand,Thailand,37933929
1972,tunisia,Tunisia,5396557
1972,turkey,Turkey,38430221
1972,ukraine,Ukraine,47946893
1972,united-arab-emirates,United Arab Emirates,385014
1972,united-kingdom,United Kingdom,56086065
1972,united-states,United States,209896000
1972,uruguay,Uruguay,2821644
1972,uzbekistan,Uzbekistan,12465106
1972,vietnam,Vietnam,43429168
1972,zambia,Zambia,4569309
1972,zimbabwe,Zimbabwe,5542445
1973,afghanistan,Afghanistan,12157999
1973,albania,Albania,2296752
1973,algeria,Algeria,14771147
1973,angola,Angola,6388528
1973,argentina,Argentina,25046005
1973,armenia,Armenia,2630860
1973,australia,Australia,13380000
1973,austria,Austria,7586115
1973,azerbaijan,Azerbaijan,5493900
1973,bangladesh,Bangladesh,73722294
1973,belarus,Belarus,9257272
1973,belgium,Belgium,9741720
1973,benin,Benin,3283496
1973,bolivia,Bolivia,4910200
1973,brazil,Brazil,102600976
1973,bulgaria,Bulgaria,8620967
1973,burkina-faso,Burkina Faso,5911927
1973,burundi,Burundi,3611991
1973,cambodia,Cambodia,6739726
1973,cameroon,Cameroon,6996660
1973,canada,Canada,22491777
1973,chad,Chad,3985909
1973,chile,Chile,10340362
1973,china,China,881940000
1973,colombia,Colombia,22325374
1973,cote-d-ivoire,Cote d Ivoire,6184944
1973,croatia,Croatia,4470161
1973,cuba,Cuba,9255328
1973,cyprus,Cyprus,665937
1973,czechia,Czechia,9922266
1973,denmark,Denmark,5021861
1973,ecuador,Ecuador,6722033
1973,estonia,Estonia,1405951
1973,ethiopia,Ethiopia,30166785
1973,finland,Finland,4666081
1973,france,France,53392161
1973,georgia,Georgia,4242500
1973,germany,Germany,78936666
1973,ghana,Ghana,9714617
1973,greece,Greece,8929086
1973,guatemala,Guatemala,5831631
1973,guinea,Guinea,4506324
1973,haiti,Haiti,4906743
1973,hungary,Hungary,10432055
1973,iceland,Iceland,212317
1973,india,India,583465598
1973,indonesia,Indonesia,125288515
1973,iraq,Iraq,10795869
1973,ireland,Ireland,3085950
1973,israel,Israel,3278000
1973,italy,Italy,54751406
1973,japan,Japan,108707000
1973,jordan,Jordan,1778094
1973,kazakhstan,Kazakhstan,13208121
1973,kenya,Kenya,12634835
1973,kuwait,Kuwait,977654
1973,latvia,Latvia,2415819
1973,lithuania,Lithuania,3244438
1973,luxembourg,Luxembourg,350450
1973,madagascar,Madagascar,7288048
1973,malawi,Malawi,5003938
1973,malaysia,Malaysia,10935621
1973,mali,Mali,6597106
1973,mexico,Mexico,55667284
1973,mongolia,Mongolia,1405502
1973,morocco,Morocco,16326269
1973,mozambique,Mozambique,8954242
1973,myanmar,Myanmar,29026388
1973,nepal,Nepal,13275239
1973,netherlands,Netherlands,13439322
1973,new-zealand,New Zealand,2961300
1973,niger,Niger,5037865
1973,nigeria,Nigeria,60082139
1973,norway,Norway,3960612
1973,oman,Oman,721179
1973,pakistan,Pakistan,65461912
1973,panama,Panama,1643690
1973,peru,Peru,14582867
1973,philippines,Philippines,40294130
1973,poland,Poland,33357200
1973,portugal,Portugal,8633100
1973,qatar,Qatar,161841
1973,romania,Romania,20835681
1973,russia,Russia,132669000
1973,rwanda,Rwanda,4345047
1973,saudi-arabia,Saudi Arabia,4106344
1973,senegal,Senegal,4885181
1973,serbia,Serbia,7283902
1973,singapore,Singapore,2193000
1973,slovenia,Slovenia,1766697
1973,south-africa,South Africa,24294263
1973,spain,Spain,34988947
1973,sri-lanka,Sri Lanka,13060916
1973,sudan,Sudan,13049315
1973,sweden,Sweden,8136312
1973,switzerland,Switzerland,6307347
1973,tanzania,Tanzania,15010101
1973,thailand,Thailand,38947787
1973,tunisia,Tunisia,5537242
1973,turkey,Turkey,39329533
1973,ukraine,Ukraine,48277121
1973,united-arab-emirates,United Arab Emirates,436399
1973,united-kingdom,United Kingdom,56194527
1973,united-states,United States,211909000
1973,uruguay,Uruguay,2837133
1973,uzbekistan,Uzbekistan,12831047
1973,vietnam,Vietnam,44409861
1973,zambia,Zambia,4702693
1973,zimbabwe,Zimbabwe,5720404
1974,afghanistan,Afghanistan,12469127
1974,albania,Albania,2350124
1974,algeria,Algeria,15133502
1974,angola,Angola,6613367
1974,argentina,Argentina,25461351
1974,armenia,Armenia,2686445
1974,australia,Australia,13723000
1974,austria,Austria,7599038
1974,azerbaijan,Azerbaijan,5594100
1974,bangladesh,Bangladesh,75839348
1974,belarus,Belarus,9317584
1974,belgium,Belgium,9772419
1974,benin,Benin,3362633
1974,bolivia,Bolivia,5022475
1974,brazil,Brazil,105089675
1974,bulgaria,Bulgaria,8678745
1974,burkina-faso,Burkina Faso,6024904
1974,burundi,Burundi,3703590
1974,cambodia,Cambodia,6783240
1974,cameroon,Cameroon,7193583
1974,canada,Canada,22807969
1974,chad,Chad,4078356
1974,chile,Chile,10505817
1974,china,China,900350000
1974,colombia,Colombia,22833469
1974,cote-d-ivoire,Cote d Ivoire,6474057
1974,croatia,Croatia,4490660
1974,cuba,Cuba,9374183
1974,cyprus,Cyprus,663254
1974,czechia,Czechia,9988459
1974,denmark,Denmark,5045297
1974,ecuador,Ecuador,6918573
1974,estonia,Estonia,1418169
1974,ethiopia,Ethiopia,30957273
1974,finland,Finland,4690574
1974,france,France,53746571
1974,georgia,Georgia,4279500
1974,germany,Germany,78967433
1974,ghana,Ghana,10000523
1974,greece,Greece,8962022
1974,guatemala,Guatemala,5981197
1974,guinea,Guinea,4580510
1974,haiti,Haiti,5001796
1974,hungary,Hungary,10478720
1974,iceland,Iceland,215209
1974,india,India,597041391
1974,indonesia,Indonesia,128555045
1974,iraq,Iraq,11167761
1974,ireland,Ireland,3137500
1974,israel,Israel,3377000
1974,italy,Italy,55110868
1974,japan,Japan,110162000
1974,jordan,Jordan,1839182
1974,kazakhstan,Kazakhstan,13454570
1974,kenya,Kenya,13070078
1974,kuwait,Kuwait,1038346
1974,latvia,Latvia,2437186
1974,lithuania,Lithuania,3273894
1974,luxembourg,Luxembourg,355050
1974,madagascar,Madagascar,7509726
1974,malawi,Malawi,5141337
1974,malaysia,Malaysia,11200906
1974,mali,Mali,6715436
1974,mexico,Mexico,57320149
1974,mongolia,Mongolia,1446050
1974,morocco,Morocco,16733842
1974,mozambique,Mozambique,9236093
1974,myanmar,Myanmar,29598167
1974,nepal,Nepal,13568435
1974,netherlands,Netherlands,13545056
1974,new-zealand,New Zealand,3023700
1974,niger,Niger,5174953
1974,nigeria,Nigeria,61679144
1974,norway,Norway,3985258
1974,oman,Oman,746988
1974,pakistan,Pakistan,67415487
1974,panama,Panama,1687926
1974,peru,Peru,14956552
1974,philippines,Philippines,41174341
1974,poland,Poland,33678899
1974,portugal,Portugal,8754365
1974,qatar,Qatar,177362
1974,romania,Romania,21029429
1974,russia,Russia,133432000
1974,rwanda,Rwanda,4474228
1974,saudi-arabia,Saudi Arabia,4323632
1974,senegal,Senegal,5029437
1974,serbia,Serbia,7326043
1974,singapore,Singapore,2229800
1974,slovenia,Slovenia,1776132
1974,south-africa,South Africa,24989108
1974,spain,Spain,35373335
1974,sri-lanka,Sri Lanka,13305693
1974,sudan,Sudan,13580723
1974,sweden,Sweden,8159955
1974,switzerland,Switzerland,6341405
1974,tanzania,Tanzania,15561630
1974,thailand,Thailand,39952891
1974,tunisia,Tunisia,5684674
1974,turkey,Turkey,40210234
1974,ukraine,Ukraine,48576570
1974,united-arab-emirates,United Arab Emirates,489087
1974,united-kingdom,United Kingdom,56229974
1974,united-states,United States,213854000
1974,uruguay,Uruguay,2853944
1974,uzbekistan,Uzbekistan,13209011
1974,vietnam,Vietnam,45413537
1974,zambia,Zambia,4842746
1974,zimbabwe,Zimbabwe,5908328
1975,afghanistan,Afghanistan,12773954
1975,albania,Albania,2404831
1975,algeria,Algeria,15678596
1975,angola,Angola,6842947
1975,argentina,Argentina,25874107
1975,armenia,Armenia,2743660
1975,australia,Australia,13893000
1975,austria,Austria,7578903
1975,azerbaijan,Azerbaijan,5689050
1975,bangladesh,Bangladesh,77854351
1975,belarus,Belarus,9367000
1975,belgium,Belgium,9800700
1975,benin,Benin,3445407
1975,bolivia,Bolivia,5137539
1975,brazil,Brazil,107619565
1975,bulgaria,Bulgaria,8720742
1975,burkina-faso,Burkina Faso,6147569
1975,burundi,Burundi,3796612
1975,cambodia,Cambodia,6581371
1975,cameroon,Cameroon,7397120
1975,canada,Canada,23143275
1975,chad,Chad,4167234
1975,chile,Chile,10671559
1975,china,China,916395000
1975,colombia,Colombia,23344644
1975,cote-d-ivoire,Cote d Ivoire,6776297
1975,croatia,Croatia,4512082
1975,cuba,Cuba,9479726
1975,cyprus,Cyprus,659405
1975,czechia,Czechia,10058620
1975,denmark,Denmark,5059862
1975,ecuador,Ecuador,7118251
1975,estonia,Estonia,1429352
1975,ethiopia,Ethiopia,31723252
1975,finland,Finland,4711440
1975,france,France,54002853
1975,georgia,Georgia,4311200
1975,germany,Germany,78673554
1975,ghana,Ghana,10294308
1975,greece,Greece,9046541
1975,guatemala,Guatemala,6128731
1975,guinea,Guinea,4653876
1975,haiti,Haiti,5099086
1975,hungary,Hungary,10540525
1975,iceland,Iceland,217979
1975,india,India,611309535
1975,indonesia,Indonesia,131843848
1975,iraq,Iraq,11543639
1975,ireland,Ireland,3189550
1975,israel,Israel,3455000
1975,italy,Italy,55441001
1975,japan,Japan,111573000
1975,jordan,Jordan,1899055
1975,kazakhstan,Kazakhstan,13700843
1975,kenya,Kenya,13511671
1975,kuwait,Kuwait,1104863
1975,latvia,Latvia,2456130
1975,lithuania,Lithuania,3301652
1975,luxembourg,Luxembourg,358950
1975,madagascar,Madagascar,7739336
1975,malawi,Malawi,5287367
1975,malaysia,Malaysia,11471914
1975,mali,Mali,6837261
1975,mexico,Mexico,58982400
1975,mongolia,Mongolia,1488296
1975,morocco,Morocco,17150786
1975,mozambique,Mozambique,9540817
1975,myanmar,Myanmar,30176565
1975,nepal,Nepal,13870695
1975,netherlands,Netherlands,13666335
1975,new-zealand,New Zealand,3083100
1975,niger,Niger,5317019
1975,nigeria,Nigeria,63410815
1975,norway,Norway,4007313
1975,oman,Oman,778864
1975,pakistan,Pakistan,69461175
1975,panama,Panama,1732389
1975,peru,Peru,15333957
1975,philippines,Philippines,42120826
1975,poland,Poland,34015199
1975,portugal,Portugal,9093470
1975,qatar,Qatar,193087
1975,romania,Romania,21293583
1975,russia,Russia,134200000
1975,rwanda,Rwanda,4607728
1975,saudi-arabia,Saudi Arabia,4556287
1975,senegal,Senegal,5170810
1975,serbia,Serbia,7368717
1975,singapore,Singapore,2262600
1975,slovenia,Slovenia,1793581
1975,south-africa,South Africa,25690940
1975,spain,Spain,35757900
1975,sri-lanka,Sri Lanka,13548984
1975,sudan,Sudan,14064798
1975,sweden,Sweden,8192437
1975,switzerland,Switzerland,6338632
1975,tanzania,Tanzania,16138361
1975,thailand,Thailand,40940005
1975,tunisia,Tunisia,5839262
1975,turkey,Turkey,41053126
1975,ukraine,Ukraine,48865229
1975,united-arab-emirates,United Arab Emirates,542856
1975,united-kingdom,United Kingdom,56225800
1975,united-states,United States,215973000
1975,uruguay,Uruguay,2872320
1975,uzbekistan,Uzbekistan,13598521
1975,vietnam,Vietnam,46482903
1975,zambia,Zambia,4990086
1975,zimbabwe,Zimbabwe,6098658
1976,afghanistan,Afghanistan,13059851
1976,albania,Albania,2458526
1976,algeria,Algeria,16409170
1976,angola,Angola,7074664
1976,argentina,Argentina,26282283
1976,armenia,Armenia,2818165
1976,australia,Australia,14033000
1976,austria,Austria,7565525
1976,azerbaijan,Azerbaijan,5781000
1976,bangladesh,Bangladesh,79855318
1976,belarus,Belarus,9411000
1976,belgium,Belgium,9818227
1976,benin,Benin,3532196
1976,bolivia,Bolivia,5256496
1976,brazil,Brazil,110213349
1976,bulgaria,Bulgaria,8758599
1976,burkina-faso,Burkina Faso,6280635
1976,burundi,Burundi,3882626
1976,cambodia,Cambodia,6134991
1976,cameroon,Cameroon,7597962
1976,canada,Canada,23449808
1976,chad,Chad,4251297
1976,chile,Chile,10838251
1976,china,China,930685000
1976,colombia,Colombia,23858810
1976,cote-d-ivoire,Cote d Ivoire,7057958
1976,croatia,Croatia,4535934
1976,cuba,Cuba,9571242
1976,cyprus,Cyprus,662032
1976,czechia,Czechia,10125939
1976,denmark,Denmark,5072596
1976,ecuador,Ecuador,7320912
1976,estonia,Estonia,1439576
1976,ethiopia,Ethiopia,32534418
1976,finland,Finland,4725664
1976,france,France,54232383
1976,georgia,Georgia,4342400
1976,germany,Germany,78336950
1976,ghana,Ghana,10594913
1976,greece,Greece,9188150
1976,guatemala,Guatemala,6262404
1976,guinea,Guinea,4727022
1976,haiti,Haiti,5198357
1976,hungary,Hungary,10598677
1976,iceland,Iceland,220154
1976,india,India,625861883
1976,indonesia,Indonesia,135173655
1976,iraq,Iraq,11927651
1976,ireland,Ireland,3238050
1976,israel,Israel,3533000
1976,italy,Italy,55718260
1976,japan,Japan,112775000
1976,jordan,Jordan,1958177
1976,kazakhstan,Kazakhstan,13998738
1976,kenya,Kenya,13957623
1976,kuwait,Kuwait,1178711
1976,latvia,Latvia,2470989
1976,lithuania,Lithuania,3328664
1976,luxembourg,Luxembourg,360731
1976,madagascar,Madagascar,7976831
1976,malawi,Malawi,5443384
1976,malaysia,Malaysia,11750097
1976,mali,Mali,6960979
1976,mexico,Mexico,60645512
1976,mongolia,Mongolia,1531945
1976,morocco,Morocco,17574182
1976,mozambique,Mozambique,9867209
1976,myanmar,Myanmar,30758811
1976,nepal,Nepal,14177649
1976,netherlands,Netherlands,13774037
1976,new-zealand,New Zealand,3110500
1976,niger,Niger,5464962
1976,nigeria,Nigeria,65258009
1976,norway,Norway,4026152
1976,oman,Oman,814701
1976,pakistan,Pakistan,71620254
1976,panama,Panama,1776935
1976,peru,Peru,15716809
1976,philippines,Philippines,43201488
1976,poland,Poland,34356300
1976,portugal,Portugal,9355810
1976,qatar,Qatar,209052
1976,romania,Romania,21551634
1976,russia,Russia,135147000
1976,rwanda,Rwanda,4745954
1976,saudi-arabia,Saudi Arabia,4807933
1976,senegal,Senegal,5308564
1976,serbia,Serbia,7418973
1976,singapore,Singapore,2293300
1976,slovenia,Slovenia,1820249
1976,south-africa,South Africa,26395450
1976,spain,Spain,36137812
1976,sri-lanka,Sri Lanka,13796770
1976,sudan,Sudan,14569716
1976,sweden,Sweden,8222286
1976,switzerland,Switzerland,6302504
1976,tanzania,Tanzania,16736211
1976,thailand,Thailand,41896504
1976,tunisia,Tunisia,5996994
1976,turkey,Turkey,41899984
1976,ukraine,Ukraine,49120842
1976,united-arab-emirates,United Arab Emirates,615866
1976,united-kingdom,United Kingdom,56211968
1976,united-states,United States,218035000
1976,uruguay,Uruguay,2891392
1976,uzbekistan,Uzbekistan,13998620
1976,vietnam,Vietnam,47684931
1976,zambia,Zambia,5143842
1976,zimbabwe,Zimbabwe,6287105
1977,afghanistan,Afghanistan,13340756
1977,albania,Albania,2513546
1977,algeria,Algeria,17015994
1977,angola,Angola,7317829
1977,argentina,Argentina,26701805
1977,armenia,Armenia,2912827
1977,australia,Australia,14192000
1977,austria,Austria,7568430
1977,azerbaijan,Azerbaijan,5876150
1977,bangladesh,Bangladesh,81867264
1977,belarus,Belarus,9463000
1977,belgium,Belgium,9830358
1977,benin,Benin,3623202
1977,bolivia,Bolivia,5379166
1977,brazil,Brazil,112875292
1977,bulgaria,Bulgaria,8804183
1977,burkina-faso,Burkina Faso,6428734
1977,burundi,Burundi,3983582
1977,cambodia,Cambodia,5668551
1977,cameroon,Cameroon,7796501
1977,canada,Canada,23725843
1977,chad,Chad,4331667
1977,chile,Chile,11005519
1977,china,China,943455000
1977,colombia,Colombia,24393494
1977,cote-d-ivoire,Cote d Ivoire,7321950
1977,croatia,Croatia,4559571
1977,cuba,Cuba,9648440
1977,cyprus,Cyprus,667101
1977,czechia,Czechia,10186755
1977,denmark,Denmark,5088419
1977,ecuador,Ecuador,7526819
1977,estonia,Estonia,1450211
1977,ethiopia,Ethiopia,33167272
1977,finland,Finland,4738902
1977,france,France,54486467
1977,georgia,Georgia,4372100
1977,germany,Germany,78159814
1977,ghana,Ghana,10911871
1977,greece,Greece,9308479
1977,guatemala,Guatemala,6401515
1977,guinea,Guinea,4801128
1977,haiti,Haiti,5299476
1977,hungary,Hungary,10648031
1977,iceland,Iceland,221799
1977,india,India,640801103
1977,indonesia,Indonesia,138533541
1977,iraq,Iraq,12331046
1977,ireland,Ireland,3282200
1977,israel,Israel,3613000
1977,italy,Italy,55955411
1977,japan,Japan,113872000
1977,jordan,Jordan,2019002
1977,kazakhstan,Kazakhstan,14353265
1977,kenya,Kenya,14428819
1977,kuwait,Kuwait,1258023
1977,latvia,Latvia,2485073
1977,lithuania,Lithuania,3355036
1977,luxembourg,Luxembourg,361358
1977,madagascar,Madagascar,8222240
1977,malawi,Malawi,5614983
1977,malaysia,Malaysia,12035713
1977,mali,Mali,7090979
1977,mexico,Mexico,62308493
1977,mongolia,Mongolia,1576245
1977,morocco,Morocco,18014756
1977,mozambique,Mozambique,10224975
1977,myanmar,Myanmar,31355966
1977,nepal,Nepal,14499175
1977,netherlands,Netherlands,13856185
1977,new-zealand,New Zealand,3120200
1977,niger,Niger,5619716
1977,nigeria,Nigeria,67234590
1977,norway,Norway,4043205
1977,oman,Oman,855314
1977,pakistan,Pakistan,73901827
1977,panama,Panama,1821543
1977,peru,Peru,16109806
1977,philippines,Philippines,44367962
1977,poland,Poland,34689050
1977,portugal,Portugal,9455675
1977,qatar,Qatar,225285
1977,romania,Romania,21756096
1977,russia,Russia,136100000
1977,rwanda,Rwanda,4888240
1977,saudi-arabia,Saudi Arabia,5083048
1977,senegal,Senegal,5439549
1977,serbia,Serbia,7462783
1977,singapore,Singapore,2325300
1977,slovenia,Slovenia,1842377
1977,south-africa,South Africa,27118952
1977,spain,Spain,36511638
1977,sri-lanka,Sri Lanka,14049371
1977,sudan,Sudan,15086614
1977,sweden,Sweden,8251540
1977,switzerland,Switzerland,6281174
1977,tanzania,Tanzania,17352929
1977,thailand,Thailand,42843974
1977,tunisia,Tunisia,6155931
1977,turkey,Turkey,42773298
1977,ukraine,Ukraine,49336481
1977,united-arab-emirates,United Arab Emirates,710209
1977,united-kingdom,United Kingdom,56193492
1977,united-states,United States,220239000
1977,uruguay,Uruguay,2909461
1977,uzbekistan,Uzbekistan,14408822
1977,vietnam,Vietnam,48954872
1977,zambia,Zambia,5302480
1977,zimbabwe,Zimbabwe,6449512
1978,afghanistan,Afghanistan,13611441
1978,albania,Albania,2566266
1978,algeria,Algeria,17506974
1978,angola,Angola,7576734
1978,argentina,Argentina,27132158
1978,armenia,Armenia,3012807
1978,australia,Australia,14358000
1978,austria,Austria,7562305
1978,azerbaijan,Azerbaijan,5976150
1978,bangladesh,Bangladesh,83889655
1978,belarus,Belarus,9525000
1978,belgium,Belgium,9839534
1978,benin,Benin,3718305
1978,bolivia,Bolivia,5504123
1978,brazil,Brazil,115600942
1978,bulgaria,Bulgaria,8814032
1978,burkina-faso,Burkina Faso,6590984
1978,burundi,Burundi,4100338
1978,cambodia,Cambodia,5211653
1978,cameroon,Cameroon,8011921
1978,canada,Canada,23963203
1978,chad,Chad,4411366
1978,chile,Chile,11172695
1978,china,China,956165000
1978,colombia,Colombia,24950337
1978,cote-d-ivoire,Cote d Ivoire,7603130
1978,croatia,Croatia,4581085
1978,cuba,Cuba,9711980
1978,cyprus,Cyprus,672249
1978,czechia,Czechia,10242098
1978,denmark,Denmark,5104248
1978,ecuador,Ecuador,7736167
1978,estonia,Estonia,1460188
1978,ethiopia,Ethiopia,33734592
1978,finland,Finland,4752528
1978,france,France,54734030
1978,georgia,Georgia,4397700
1978,germany,Germany,78091820
1978,ghana,Ghana,11248450
1978,greece,Greece,9429959
1978,guatemala,Guatemala,6561534
1978,guinea,Guinea,4877854
1978,haiti,Haiti,5402580
1978,hungary,Hungary,10684822
1978,iceland,Iceland,223537
1978,india,India,655728229
1978,indonesia,Indonesia,141953163
1978,iraq,Iraq,12753355
1978,ireland,Ireland,3329100
1978,israel,Israel,3690000
1978,italy,Italy,56155143
1978,japan,Japan,114913000
1978,jordan,Jordan,2083595
1978,kazakhstan,Kazakhstan,14711497
1978,kenya,Kenya,14934126
1978,kuwait,Kuwait,1340319
1978,latvia,Latvia,2497921
1978,lithuania,Lithuania,3379514
1978,luxembourg,Luxembourg,362007
1978,madagascar,Madagascar,8475864
1978,malawi,Malawi,5810132
1978,malaysia,Malaysia,12328157
1978,mali,Mali,7229651
1978,mexico,Mexico,63979046
1978,mongolia,Mongolia,1619468
1978,morocco,Morocco,18477385
1978,mozambique,Mozambique,10618250
1978,myanmar,Myanmar,31972976
1978,nepal,Nepal,14839695
1978,netherlands,Netherlands,13941700
1978,new-zealand,New Zealand,3121200
1978,niger,Niger,5782932
1978,nigeria,Nigeria,69326532
1978,norway,Norway,4058671
1978,oman,Oman,900304
1978,pakistan,Pakistan,76307379
1978,panama,Panama,1866311
1978,peru,Peru,16516059
1978,philippines,Philippines,45575281
1978,poland,Poland,34965600
1978,portugal,Portugal,9558250
1978,qatar,Qatar,241808
1978,romania,Romania,21951464
1978,russia,Russia,137060000
1978,rwanda,Rwanda,5035171
1978,saudi-arabia,Saudi Arabia,5381902
1978,senegal,Senegal,5568096
1978,serbia,Serbia,7504017
1978,singapore,Singapore,2353600
1978,slovenia,Slovenia,1862548
1978,south-africa,South Africa,27869507
1978,spain,Spain,36864898
1978,sri-lanka,Sri Lanka,14310128
1978,sudan,Sudan,15695003
1978,sweden,Sweden,8275599
1978,switzerland,Switzerland,6281738
1978,tanzania,Tanzania,17976566
1978,thailand,Thailand,43788976
1978,tunisia,Tunisia,6309390
1978,turkey,Turkey,43645306
1978,ukraine,Ukraine,49521243
1978,united-arab-emirates,United Arab Emirates,809274
1978,united-kingdom,United Kingdom,56196504
1978,united-states,United States,222585000
1978,uruguay,Uruguay,2925715
1978,uzbekistan,Uzbekistan,14816349
1978,vietnam,Vietnam,50249552
1978,zambia,Zambia,5465374
1978,zimbabwe,Zimbabwe,6543575
1979,afghanistan,Afghanistan,13655567
1979,albania,Albania,2617832
1979,algeria,Algeria,18036655
1979,angola,Angola,7847207
1979,argentina,Argentina,27568895
1979,armenia,Armenia,3078501
1979,australia,Australia,14514000
1979,austria,Austria,7549425
1979,azerbaijan,Azerbaijan,6071300
1979,bangladesh,Bangladesh,85935072
1979,belarus,Belarus,9584000
1979,belgium,Belgium,9848382
1979,benin,Benin,3818528
1979,bolivia,Bolivia,5630849
1979,brazil,Brazil,118380821
1979,bulgaria,Bulgaria,8825940
1979,burkina-faso,Burkina Faso,6763903
1979,burundi,Burundi,4203530
1979,cambodia,Cambodia,5088808
1979,cameroon,Cameroon,8239641
1979,canada,Canada,24201544
1979,chad,Chad,4505384
1979,chile,Chile,11339779
1979,china,China,969005000
1979,colombia,Colombia,25515626
1979,cote-d-ivoire,Cote d Ivoire,7902267
1979,croatia,Croatia,4594778
1979,cuba,Cuba,9763355
1979,cyprus,Cyprus,677549
1979,czechia,Czechia,10292341
1979,denmark,Denmark,5116801
1979,ecuador,Ecuador,7948869
1979,estonia,Estonia,1468333
1979,ethiopia,Ethiopia,34238652
1979,finland,Finland,4764690
1979,france,France,54979851
1979,georgia,Georgia,4430200
1979,germany,Germany,78126350
1979,ghana,Ghana,11597255
1979,greece,Greece,9548258
1979,guatemala,Guatemala,6727797
1979,guinea,Guinea,4959283
1979,haiti,Haiti,5507590
1979,hungary,Hungary,10704152
1979,iceland,Iceland,225735
1979,india,India,671155747
1979,indonesia,Indonesia,145434834
1979,iraq,Iraq,13170365
1979,ireland,Ireland,3373750
1979,israel,Israel,3786000
1979,italy,Italy,56317749
1979,japan,Japan,115890000
1979,jordan,Jordan,2153882
1979,kazakhstan,Kazakhstan,14978696
1979,kenya,Kenya,15460666
1979,kuwait,Kuwait,1423514
1979,latvia,Latvia,2505953
1979,lithuania,Lithuania,3397842
1979,luxembourg,Luxembourg,362856
1979,madagascar,Madagascar,8737581
1979,malawi,Malawi,6028749
1979,malaysia,Malaysia,12627862
1979,mali,Mali,7375266
1979,mexico,Mexico,65648865
1979,mongolia,Mongolia,1660659
1979,morocco,Morocco,18955589
1979,mozambique,Mozambique,11028809
1979,myanmar,Myanmar,32596550
1979,nepal,Nepal,15190590
1979,netherlands,Netherlands,14038270
1979,new-zealand,New Zealand,3109000
1979,niger,Niger,5955556
1979,nigeria,Nigeria,71498242
1979,norway,Norway,4072517
1979,oman,Oman,949116
1979,pakistan,Pakistan,78997039
1979,panama,Panama,1911552
1979,peru,Peru,16933139
1979,philippines,Philippines,46807103
1979,poland,Poland,35247217
1979,portugal,Portugal,9661265
1979,qatar,Qatar,258670
1979,romania,Romania,22090488
1979,russia,Russia,138027000
1979,rwanda,Rwanda,5189541
1979,saudi-arabia,Saudi Arabia,5703698
1979,senegal,Senegal,5702895
1979,serbia,Serbia,7541997
1979,singapore,Singapore,2383500
1979,slovenia,Slovenia,1882599
1979,south-africa,South Africa,28634162
1979,spain,Spain,37191330
1979,sri-lanka,Sri Lanka,14579614
1979,sudan,Sudan,16355352
1979,sweden,Sweden,8293678
1979,switzerland,Switzerland,6294365
1979,tanzania,Tanzania,18592038
1979,thailand,Thailand,44718434
1979,tunisia,Tunisia,6456419
1979,turkey,Turkey,44510429
1979,ukraine,Ukraine,49721381
1979,united-arab-emirates,United Arab Emirates,912010
1979,united-kingdom,United Kingdom,56246951
1979,united-states,United States,225055000
1979,uruguay,Uruguay,2939903
1979,uzbekistan,Uzbekistan,15215587
1979,vietnam,Vietnam,51378211
1979,zambia,Zambia,5631728
1979,zimbabwe,Zimbabwe,6647556
1980,afghanistan,Afghanistan,13169311
1980,albania,Albania,2671997
1980,algeria,Algeria,18607174
1980,angola,Angola,8133872
1980,argentina,Argentina,28011596
1980,armenia,Armenia,3107415
1980,australia,Australia,14692000
1980,austria,Austria,7549433
1980,azerbaijan,Azerbaijan,6160500
1980,bangladesh,Bangladesh,88016432
1980,belarus,Belarus,9643000
1980,belgium,Belgium,9859242
1980,benin,Benin,3925251
1980,bolivia,Bolivia,5758900
1980,brazil,Brazil,121207461
1980,bulgaria,Bulgaria,8861535
1980,burkina-faso,Burkina Faso,6947900
1980,burundi,Burundi,4383706
1980,cambodia,Cambodia,5199872
1980,cameroon,Cameroon,8512219
1980,canada,Canada,24515667
1980,chad,Chad,4515453
1980,chile,Chile,11508550
1980,china,China,981235000
1980,colombia,Colombia,26104498
1980,cote-d-ivoire,Cote d Ivoire,8220714
1980,croatia,Croatia,4599782
1980,cuba,Cuba,9804796
1980,cyprus,Cyprus,683076
1980,czechia,Czechia,10304193
1980,denmark,Denmark,5123027
1980,ecuador,Ecuador,8165877
1980,estonia,Estonia,1477219
1980,ethiopia,Ethiopia,34428514
1980,finland,Finland,4779535
1980,france,France,55274184
1980,georgia,Georgia,4467700
1980,germany,Germany,78288576
1980,ghana,Ghana,11941448
1980,greece,Greece,9642505
1980,guatemala,Guatemala,6900212
1980,guinea,Guinea,5047419
1980,haiti,Haiti,5614493
1980,hungary,Hungary,10711122
1980,iceland,Iceland,228138
1980,india,India,687354025
1980,indonesia,Indonesia,148950540
1980,iraq,Iraq,13591992
1980,ireland,Ireland,3412800
1980,israel,Israel,3878000
1980,italy,Italy,56433883
1980,japan,Japan,116807000
1980,jordan,Jordan,2234186
1980,kazakhstan,Kazakhstan,15152949
1980,kenya,Kenya,16018459
1980,kuwait,Kuwait,1504782
1980,latvia,Latvia,2511701
1980,lithuania,Lithuania,3413202
1980,luxembourg,Luxembourg,364150
1980,madagascar,Madagascar,9006032
1980,malawi,Malawi,6265529
1980,malaysia,Malaysia,12983363
1980,mali,Mali,7530515
1980,mexico,Mexico,67300334
1980,mongolia,Mongolia,1701335
1980,morocco,Morocco,19459943
1980,mozambique,Mozambique,11336221
1980,myanmar,Myanmar,33227204
1980,nepal,Nepal,15553105
1980,netherlands,Netherlands,14149800
1980,new-zealand,New Zealand,3112900
1980,niger,Niger,6135971
1980,nigeria,Nigeria,73764641
1980,norway,Norway,4085620
1980,oman,Oman,1001248
1980,pakistan,Pakistan,82291010
1980,panama,Panama,1957534
1980,peru,Peru,17360949
1980,philippines,Philippines,48043740
1980,poland,Poland,35574150
1980,portugal,Portugal,9766312
1980,qatar,Qatar,275913
1980,romania,Romania,22207282
1980,russia,Russia,139010000
1980,rwanda,Rwanda,5353259
1980,saudi-arabia,Saudi Arabia,6047997
1980,senegal,Senegal,5845638
1980,serbia,Serbia,7709544
1980,singapore,Singapore,2413945
1980,slovenia,Slovenia,1901315
1980,south-africa,South Africa,29518857
1980,spain,Spain,37491165
1980,sri-lanka,Sri Lanka,14847974
1980,sudan,Sudan,17058905
1980,sweden,Sweden,8310531
1980,switzerland,Switzerland,6319408
1980,tanzania,Tanzania,19189769
1980,thailand,Thailand,45650022
1980,tunisia,Tunisia,6606195
1980,turkey,Turkey,45408815
1980,ukraine,Ukraine,49955152
1980,united-arab-emirates,United Arab Emirates,1015700
1980,united-kingdom,United Kingdom,56314216
1980,united-states,United States,227225000
1980,uruguay,Uruguay,2951953
1980,uzbekistan,Uzbekistan,15619936
1980,vietnam,Vietnam,52490101
1980,zambia,Zambia,5802833
1980,zimbabwe,Zimbabwe,7041303
1981,afghanistan,Afghanistan,11937581
1981,albania,Albania,2726056
1981,algeria,Algeria,19220704
1981,angola,Angola,8435607
1981,argentina,Argentina,28463959
1981,armenia,Armenia,3135349
1981,australia,Australia,14923260
1981,austria,Austria,7568710
1981,azerbaijan,Azerbaijan,6257750
1981,bangladesh,Bangladesh,90303105
1981,belarus,Belarus,9710000
1981,belgium,Belgium,9858982
1981,benin,Benin,4038307
1981,bolivia,Bolivia,5888109
1981,brazil,Brazil,124063109
1981,bulgaria,Bulgaria,8891117
1981,burkina-faso,Burkina Faso,7140271
1981,burundi,Burundi,4566014
1981,cambodia,Cambodia,5284495
1981,cameroon,Cameroon,8816377
1981,canada,Canada,24819915
1981,chad,Chad,4520959
1981,chile,Chile,11678717
1981,china,China,993885000
1981,colombia,Colombia,26713267
1981,cote-d-ivoire,Cote d Ivoire,8556596
1981,croatia,Croatia,4611509
1981,cuba,Cuba,9849320
1981,cyprus,Cyprus,688893
1981,czechia,Czechia,10300591
1981,denmark,Denmark,5121572
1981,ecuador,Ecuador,8386910
1981,estonia,Estonia,1487666
1981,ethiopia,Ethiopia,35304012
1981,finland,Finland,4799964
1981,france,France,55603353
1981,georgia,Georgia,4504500
1981,germany,Germany,78407907
1981,ghana,Ghana,12281712
1981,greece,Greece,9729350
1981,guatemala,Guatemala,7075648
1981,guinea,Guinea,5143288
1981,haiti,Haiti,5723725
1981,hungary,Hungary,10711848
1981,iceland,Iceland,230755
1981,india,India,703696250
1981,indonesia,Indonesia,152485035
1981,iraq,Iraq,14006381
1981,ireland,Ireland,3453000
1981,israel,Israel,3956000
1981,italy,Italy,56501675
1981,japan,Japan,117661000
1981,jordan,Jordan,2325517
1981,kazakhstan,Kazakhstan,15323082
1981,kenya,Kenya,16601507
1981,kuwait,Kuwait,1583426
1981,latvia,Latvia,2519421
1981,lithuania,Lithuania,3432947
1981,luxembourg,Luxembourg,365225
1981,madagascar,Madagascar,9279011
1981,malawi,Malawi,6516454
1981,malaysia,Malaysia,13399203
1981,mali,Mali,7692766
1981,mexico,Mexico,68892108
1981,mongolia,Mongolia,1742857
1981,morocco,Morocco,19985401
1981,mozambique,Mozambique,11568127
1981,myanmar,Myanmar,33858783
1981,nepal,Nepal,15922423
1981,netherlands,Netherlands,14247208
1981,new-zealand,New Zealand,3124900
1981,niger,Niger,6322006
1981,nigeria,Nigeria,76068103
1981,norway,Norway,4099702
1981,oman,Oman,1057320
1981,pakistan,Pakistan,85802049
1981,panama,Panama,2004418
1981,peru,Peru,17798805
1981,philippines,Philippines,49311727
1981,poland,Poland,35898587
1981,portugal,Portugal,9851362
1981,qatar,Qatar,293553
1981,romania,Romania,22353070
1981,russia,Russia,139941000
1981,rwanda,Rwanda,5527230
1981,saudi-arabia,Saudi Arabia,6420551
1981,senegal,Senegal,5997160
1981,serbia,Serbia,7736787
1981,singapore,Singapore,2532835
1981,slovenia,Slovenia,1906531
1981,south-africa,South Africa,30541044
1981,spain,Spain,37758631
1981,sri-lanka,Sri Lanka,15099414
1981,sudan,Sudan,17780572
1981,sweden,Sweden,8320503
1981,switzerland,Switzerland,6354074
1981,tanzania,Tanzania,19784703
1981,thailand,Thailand,46575855
1981,tunisia,Tunisia,6758284
1981,turkey,Turkey,46321190
1981,ukraine,Ukraine,50189281
1981,united-arab-emirates,United Arab Emirates,1099855
1981,united-kingdom,United Kingdom,56333829
1981,united-states,United States,229466000
1981,uruguay,Uruguay,2963246
1981,uzbekistan,Uzbekistan,16035032
1981,vietnam,Vietnam,53738141
1981,zambia,Zambia,5983289
1981,zimbabwe,Zimbabwe,7498635
1982,afghanistan,Afghanistan,10991378
1982,albania,Albania,2784278
1982,algeria,Algeria,19872348
1982,angola,Angola,8751648
1982,argentina,Argentina,28924262
1982,armenia,Armenia,3163144
1982,australia,Australia,15184247
1982,austria,Austria,7574140
1982,azerbaijan,Azerbaijan,6357550
1982,bangladesh,Bangladesh,92814507
1982,belarus,Belarus,9776000
1982,belgium,Belgium,9856303
1982,benin,Benin,4156596
1982,bolivia,Bolivia,6018088
1982,brazil,Brazil,126923155
1982,bulgaria,Bulgaria,8917457
1982,burkina-faso,Burkina Faso,7340197
1982,burundi,Burundi,4681390
1982,cambodia,Cambodia,5436432
1982,cameroon,Cameroon,9028678
1982,canada,Canada,25116942
1982,chad,Chad,4738483
1982,chile,Chile,11850214
1982,china,China,1008630000
1982,colombia,Colombia,27338331
1982,cote-d-ivoire,Cote d Ivoire,8907936
1982,croatia,Croatia,4634234
1982,cuba,Cuba,9912681
1982,cyprus,Cyprus,696497
1982,czechia,Czechia,10314826
1982,denmark,Denmark,5117810
1982,ecuador,Ecuador,8611298
1982,estonia,Estonia,1498414
1982,ethiopia,Ethiopia,36701290
1982,finland,Finland,4826933
1982,france,France,55806789
1982,georgia,Georgia,4542800
1982,germany,Germany,78333366
1982,ghana,Ghana,12643819
1982,greece,Greece,9789513
1982,guatemala,Guatemala,7240241
1982,guinea,Guinea,5247672
1982,haiti,Haiti,5835937
1982,hungary,Hungary,10705535
1982,iceland,Iceland,233860
1982,india,India,720313473
1982,indonesia,Indonesia,156052152
1982,iraq,Iraq,14406083
1982,ireland,Ireland,3485800
1982,israel,Israel,4031000
1982,italy,Italy,56543548
1982,japan,Japan,118480000
1982,jordan,Jordan,2426927
1982,kazakhstan,Kazakhstan,15492595
1982,kenya,Kenya,17206175
1982,kuwait,Kuwait,1662480
1982,latvia,Latvia,2531080
1982,lithuania,Lithuania,3457179
1982,luxembourg,Luxembourg,365525
1982,madagascar,Madagascar,9557671
1982,malawi,Malawi,6778879
1982,malaysia,Malaysia,13832798
1982,mali,Mali,7860194
1982,mexico,Mexico,70433260
1982,mongolia,Mongolia,1785364
1982,morocco,Morocco,20520318
1982,mozambique,Mozambique,11824370
1982,myanmar,Myanmar,34482965
1982,nepal,Nepal,16297987
1982,netherlands,Netherlands,14312690
1982,new-zealand,New Zealand,3156100
1982,niger,Niger,6512732
1982,nigeria,Nigeria,78378701
1982,norway,Norway,4114787
1982,oman,Oman,1117678
1982,pakistan,Pakistan,89089246
1982,panama,Panama,2052271
1982,peru,Peru,18246503
1982,philippines,Philippines,50695707
1982,poland,Poland,36230481
1982,portugal,Portugal,9911771
1982,qatar,Qatar,311537
1982,romania,Romania,22475741
1982,russia,Russia,140823000
1982,rwanda,Rwanda,5711549
1982,saudi-arabia,Saudi Arabia,6824486
1982,senegal,Senegal,6156961
1982,serbia,Serbia,7763335
1982,singapore,Singapore,2646466
1982,slovenia,Slovenia,1910334
1982,south-africa,South Africa,31615339
1982,spain,Spain,37986012
1982,sri-lanka,Sri Lanka,15286567
1982,sudan,Sudan,18486645
1982,sweden,Sweden,8325263
1982,switzerland,Switzerland,6391309
1982,tanzania,Tanzania,20398571
1982,thailand,Thailand,47494577
1982,tunisia,Tunisia,6908642
1982,turkey,Turkey,47322096
1982,ukraine,Ukraine,50402724
1982,united-arab-emirates,United Arab Emirates,1166370
1982,united-kingdom,United Kingdom,56313641
1982,united-states,United States,231664000
1982,uruguay,Uruguay,2975492
1982,uzbekistan,Uzbekistan,16462736
1982,vietnam,Vietnam,55011289
1982,zambia,Zambia,6178637
1982,zimbabwe,Zimbabwe,7796496
1983,afghanistan,Afghanistan,10917982
1983,albania,Albania,2843960
1983,algeria,Algeria,20558115
1983,angola,Angola,9082983
1983,argentina,Argentina,29391332
1983,armenia,Armenia,3191539
1983,australia,Australia,15393472
1983,austria,Austria,7561910
1983,azerbaijan,Azerbaijan,6459800
1983,bangladesh,Bangladesh,95335155
1983,belarus,Belarus,9843000
1983,belgium,Belgium,9855520
1983,benin,Benin,4278978
1983,bolivia,Bolivia,6149060
1983,brazil,Brazil,129790077
1983,bulgaria,Bulgaria,8939738
1983,burkina-faso,Burkina Faso,7551129
1983,burundi,Burundi,4808528
1983,cambodia,Cambodia,5636203
1983,cameroon,Cameroon,9215397
1983,canada,Canada,25366451
1983,chad,Chad,4979130
1983,chile,Chile,12026138
1983,china,China,1023310000
1983,colombia,Colombia,27988173
1983,cote-d-ivoire,Cote d Ivoire,9272744
1983,croatia,Croatia,4658254
1983,cuba,Cuba,9991026
1983,cyprus,Cyprus,707225
1983,czechia,Czechia,10323856
1983,denmark,Denmark,5114297
1983,ecuador,Ecuador,8840417
1983,estonia,Estonia,1508745
1983,ethiopia,Ethiopia,37740817
1983,finland,Finland,4855787
1983,france,France,56108330
1983,georgia,Georgia,4582900
1983,germany,Germany,78128282
1983,ghana,Ghana,13029836
1983,greece,Greece,9846627
1983,guatemala,Guatemala,7419642
1983,guinea,Guinea,5359814
1983,haiti,Haiti,5951096
1983,hungary,Hungary,10689463
1983,iceland,Iceland,236977
1983,india,India,737372681
1983,indonesia,Indonesia,159651381
1983,iraq,Iraq,14840555
1983,ireland,Ireland,3510600
1983,israel,Israel,4105000
1983,italy,Italy,56564074
1983,japan,Japan,119307000
1983,jordan,Jordan,2537307
1983,kazakhstan,Kazakhstan,15665551
1983,kenya,Kenya,17846374
1983,kuwait,Kuwait,1744295
1983,latvia,Latvia,2546011
1983,lithuania,Lithuania,3485192
1983,luxembourg,Luxembourg,365622
1983,madagascar,Madagascar,9843044
1983,malawi,Malawi,7051709
1983,malaysia,Malaysia,14285907
1983,mali,Mali,8034400
1983,mexico,Mexico,71971240
1983,mongolia,Mongolia,1829092
1983,morocco,Morocco,21060696
1983,mozambique,Mozambique,12073822
1983,myanmar,Myanmar,35162715
1983,nepal,Nepal,16689119
1983,netherlands,Netherlands,14367070
1983,new-zealand,New Zealand,3199300
1983,niger,Niger,6708644
1983,nigeria,Nigeria,80438260
1983,norway,Norway,4128432
1983,oman,Oman,1181459
1983,pakistan,Pakistan,92227711
1983,panama,Panama,2101106
1983,peru,Peru,18705957
1983,philippines,Philippines,52194620
1983,poland,Poland,36571808
1983,portugal,Portugal,9957865
1983,qatar,Qatar,329709
1983,romania,Romania,22560478
1983,russia,Russia,141668000
1983,rwanda,Rwanda,5905311
1983,saudi-arabia,Saudi Arabia,7252941
1983,senegal,Senegal,6324504
1983,serbia,Serbia,7788100
1983,singapore,Singapore,2681061
1983,slovenia,Slovenia,1922321
1983,south-africa,South Africa,32739304
1983,spain,Spain,38171525
1983,sri-lanka,Sri Lanka,15388794
1983,sudan,Sudan,19109770
1983,sweden,Sweden,8329033
1983,switzerland,Switzerland,6418773
1983,tanzania,Tanzania,21079874
1983,thailand,Thailand,48423309
1983,tunisia,Tunisia,7053800
1983,turkey,Turkey,48447410
1983,ukraine,Ukraine,50637029
1983,united-arab-emirates,United Arab Emirates,1235305
1983,united-kingdom,United Kingdom,56332848
1983,united-states,United States,233792000
1983,uruguay,Uruguay,2988778
1983,uzbekistan,Uzbekistan,16908400
1983,vietnam,Vietnam,56337921
1983,zambia,Zambia,6381038
1983,zimbabwe,Zimbabwe,8098404
1984,afghanistan,Afghanistan,11190221
1984,albania,Albania,2904429
1984,algeria,Algeria,21271969
1984,angola,Angola,9425917
1984,argentina,Argentina,29863093
1984,armenia,Armenia,3224547
1984,australia,Australia,15579391
1984,austria,Austria,7561434
1984,azerbaijan,Azerbaijan,6567850
1984,bangladesh,Bangladesh,97814966
1984,belarus,Belarus,9910000
1984,belgium,Belgium,9855372
1984,benin,Benin,4405895
1984,bolivia,Bolivia,6281868
1984,brazil,Brazil,132658864
1984,bulgaria,Bulgaria,8960679
1984,burkina-faso,Burkina Faso,7772256
1984,burundi,Burundi,4926465
1984,cambodia,Cambodia,5845117
1984,cameroon,Cameroon,9475078
1984,canada,Canada,25607053
1984,chad,Chad,5045145
1984,chile,Chile,12207733
1984,china,China,1036825000
1984,colombia,Colombia,28642690
1984,cote-d-ivoire,Cote d Ivoire,9650516
1984,croatia,Croatia,4680285
1984,cuba,Cuba,10073299
1984,cyprus,Cyprus,719334
1984,czechia,Czechia,10330213
1984,denmark,Denmark,5111619
1984,ecuador,Ecuador,9074782
1984,estonia,Estonia,1518617
1984,ethiopia,Ethiopia,38735722
1984,finland,Finland,4881803
1984,france,France,56383085
1984,georgia,Georgia,4622200
1984,germany,Germany,77858685
1984,ghana,Ghana,13370590
1984,greece,Greece,9895801
1984,guatemala,Guatemala,7630682
1984,guinea,Guinea,5480096
1984,haiti,Haiti,6069230
1984,hungary,Hungary,10668095
1984,iceland,Iceland,239511
1984,india,India,754875449
1984,indonesia,Indonesia,163251124
1984,iraq,Iraq,15310733
1984,ireland,Ireland,3532423
1984,israel,Israel,4159000
1984,italy,Italy,56576718
1984,japan,Japan,120083000
1984,jordan,Jordan,2654688
1984,kazakhstan,Kazakhstan,15844621
1984,kenya,Kenya,18514906
1984,kuwait,Kuwait,1820688
1984,latvia,Latvia,2562047
1984,lithuania,Lithuania,3514205
1984,luxembourg,Luxembourg,365998
1984,madagascar,Madagascar,10134550
1984,malawi,Malawi,7332810
1984,malaysia,Malaysia,14759009
1984,mali,Mali,8208599
1984,mexico,Mexico,73506846
1984,mongolia,Mongolia,1874349
1984,morocco,Morocco,21593778
1984,mozambique,Mozambique,12315954
1984,myanmar,Myanmar,35899313
1984,nepal,Nepal,17085242
1984,netherlands,Netherlands,14424211
1984,new-zealand,New Zealand,3227100
1984,niger,Niger,6909971
1984,nigeria,Nigeria,82526443
1984,norway,Norway,4140099
1984,oman,Oman,1247716
1984,pakistan,Pakistan,95164936
1984,panama,Panama,2150782
1984,peru,Peru,19174716
1984,philippines,Philippines,53726181
1984,poland,Poland,36904134
1984,portugal,Portugal,9996232
1984,qatar,Qatar,347878
1984,romania,Romania,22640547
1984,russia,Russia,142745000
1984,rwanda,Rwanda,6107627
1984,saudi-arabia,Saudi Arabia,7697307
1984,senegal,Senegal,6499364
1984,serbia,Serbia,7813549
1984,singapore,Singapore,2732221
1984,slovenia,Slovenia,1932154
1984,south-africa,South Africa,33892788
1984,spain,Spain,38330364
1984,sri-lanka,Sri Lanka,15441860
1984,sudan,Sudan,19546528
1984,sweden,Sweden,8336605
1984,switzerland,Switzerland,6441865
1984,tanzania,Tanzania,21779066
1984,thailand,Thailand,49351708
1984,tunisia,Tunisia,7220044
1984,turkey,Turkey,49574069
1984,ukraine,Ukraine,50887599
1984,united-arab-emirates,United Arab Emirates,1305996
1984,united-kingdom,United Kingdom,56422072
1984,united-states,United States,235825000
1984,uruguay,Uruguay,3002488
1984,uzbekistan,Uzbekistan,17378846
1984,vietnam,Vietnam,57706067
1984,zambia,Zambia,6580490
1984,zimbabwe,Zimbabwe,8391488
1985,afghanistan,Afghanistan,11426852
1985,albania,Albania,2964762
1985,algeria,Algeria,22008544
1985,angola,Angola,9779120
1985,argentina,Argentina,30336441
1985,armenia,Armenia,3260432
1985,australia,Australia,15788312
1985,austria,Austria,7564985
1985,azerbaijan,Azerbaijan,6670150
1985,bangladesh,Bangladesh,100253825
1985,belarus,Belarus,9975000
1985,belgium,Belgium,9858308
1985,benin,Benin,4538012
1985,bolivia,Bolivia,6416185
1985,brazil,Brazil,135515595
1985,bulgaria,Bulgaria,8960547
1985,burkina-faso,Burkina Faso,7999935
1985,burundi,Burundi,5034042
1985,cambodia,Cambodia,6043783
1985,cameroon,Cameroon,9761730
1985,canada,Canada,25842116
1985,chad,Chad,5096269
1985,chile,Chile,12395274
1985,china,China,1051040000
1985,colombia,Colombia,29268470
1985,cote-d-ivoire,Cote d Ivoire,10040483
1985,croatia,Croatia,4701417
1985,cuba,Cuba,10157228
1985,cyprus,Cyprus,731277
1985,czechia,Czechia,10337118
1985,denmark,Denmark,5113691
1985,ecuador,Ecuador,9311154
1985,estonia,Estonia,1528781
1985,ethiopia,Ethiopia,39842136
1985,finland,Finland,4902206
1985,france,France,56665619
1985,georgia,Georgia,4662900
1985,germany,Germany,77684873
1985,ghana,Ghana,13661229
1985,greece,Greece,9934300
1985,guatemala,Guatemala,7849693
1985,guinea,Guinea,5610373
1985,haiti,Haiti,6190862
1985,hungary,Hungary,10648713
1985,iceland,Iceland,241405
1985,india,India,772647793
1985,indonesia,Indonesia,166776185
1985,iraq,Iraq,15683430
1985,ireland,Ireland,3538082
1985,israel,Israel,4233000
1985,italy,Italy,56593071
1985,japan,Japan,120837000
1985,jordan,Jordan,2778810
1985,kazakhstan,Kazakhstan,16031090
1985,kenya,Kenya,19201768
1985,kuwait,Kuwait,1894242
1985,latvia,Latvia,2578873
1985,lithuania,Lithuania,3544543
1985,luxembourg,Luxembourg,366706
1985,madagascar,Madagascar,10433142
1985,malawi,Malawi,7620508
1985,malaysia,Malaysia,15252258
1985,mali,Mali,8374663
1985,mexico,Mexico,75043414
1985,mongolia,Mongolia,1921514
1985,morocco,Morocco,22113953
1985,mozambique,Mozambique,12548949
1985,myanmar,Myanmar,36622827
1985,nepal,Nepal,17477692
1985,netherlands,Netherlands,14491632
1985,new-zealand,New Zealand,3247100
1985,niger,Niger,7118457
1985,nigeria,Nigeria,84897973
1985,norway,Norway,4152516
1985,oman,Oman,1325480
1985,pakistan,Pakistan,98229285
1985,panama,Panama,2200915
1985,peru,Peru,19648204
1985,philippines,Philippines,55213006
1985,poland,Poland,37201885
1985,portugal,Portugal,10023613
1985,qatar,Qatar,365940
1985,romania,Romania,22732999
1985,russia,Russia,143858000
1985,rwanda,Rwanda,6317228
1985,saudi-arabia,Saudi Arabia,8151779
1985,senegal,Senegal,6683287
1985,serbia,Serbia,7835902
1985,singapore,Singapore,2735957
1985,slovenia,Slovenia,1941641
1985,south-africa,South Africa,35042093
1985,spain,Spain,38469512
1985,sri-lanka,Sri Lanka,15544154
1985,sudan,Sudan,19905872
1985,sweden,Sweden,8350386
1985,switzerland,Switzerland,6470365
1985,tanzania,Tanzania,22501693
1985,thailand,Thailand,50270753
1985,tunisia,Tunisia,7409903
1985,turkey,Turkey,50687115
1985,ukraine,Ukraine,51108770
1985,united-arab-emirates,United Arab Emirates,1377911
1985,united-kingdom,United Kingdom,56550268
1985,united-states,United States,237924000
1985,uruguay,Uruguay,3017037
1985,uzbekistan,Uzbekistan,17875339
1985,vietnam,Vietnam,59060622
1985,zambia,Zambia,6780953
1985,zimbabwe,Zimbabwe,8686813
1986,afghanistan,Afghanistan,11420074
1986,albania,Albania,3022635
1986,algeria,Algeria,22745499
1986,angola,Angola,10139450
1986,argentina,Argentina,30811980
1986,armenia,Armenia,3294847
1986,australia,Australia,16018350
1986,austria,Austria,7569794
1986,azerbaijan,Azerbaijan,6770300
1986,bangladesh,Bangladesh,102635572
1986,belarus,Belarus,10043000
1986,belgium,Belgium,9861823
1986,benin,Benin,4675420
1986,bolivia,Bolivia,6552479
1986,brazil,Brazil,138336370
1986,bulgaria,Bulgaria,8958171
1986,burkina-faso,Burkina Faso,8228847
1986,burundi,Burundi,5129414
1986,cambodia,Cambodia,6285693
1986,cameroon,Cameroon,10060342
1986,canada,Canada,26100278
1986,chad,Chad,5251069
1986,chile,Chile,12588914
1986,china,China,1066790000
1986,colombia,Colombia,29879112
1986,cote-d-ivoire,Cote d Ivoire,10440917
1986,croatia,Croatia,4721446
1986,cuba,Cuba,10244247
1986,cyprus,Cyprus,743105
1986,czechia,Czechia,10342227
1986,denmark,Denmark,5120534
1986,ecuador,Ecuador,9545998
1986,estonia,Estonia,1540190
1986,ethiopia,Ethiopia,41037656
1986,finland,Finland,4918154
1986,france,France,56956002
1986,georgia,Georgia,4704500
1986,germany,Germany,77720436
1986,ghana,Ghana,13965217
1986,greece,Greece,9967213
1986,guatemala,Guatemala,8070818
1986,guinea,Guinea,5750668
1986,haiti,Haiti,6316122
1986,hungary,Hungary,10630564
1986,iceland,Iceland,243180
1986,india,India,790689978
1986,indonesia,Indonesia,170175065
1986,iraq,Iraq,16074145
1986,ireland,Ireland,3539690
1986,israel,Israel,4299000
1986,italy,Italy,56596155
1986,japan,Japan,121482000
1986,jordan,Jordan,2909887
1986,kazakhstan,Kazakhstan,16262702
1986,kenya,Kenya,19901646
1986,kuwait,Kuwait,1972520
1986,latvia,Latvia,2599892
1986,lithuania,Lithuania,3578914
1986,luxembourg,Luxembourg,368355
1986,madagascar,Madagascar,10736857
1986,malawi,Malawi,7906480
1986,malaysia,Malaysia,15760419
1986,mali,Mali,8531277
1986,mexico,Mexico,76585637
1986,mongolia,Mongolia,1970965
1986,morocco,Morocco,22600803
1986,mozambique,Mozambique,12770578
1986,myanmar,Myanmar,37314878
1986,nepal,Nepal,17868124
1986,netherlands,Netherlands,14572278
1986,new-zealand,New Zealand,3246300
1986,niger,Niger,7335811
1986,nigeria,Nigeria,87235953
1986,norway,Norway,4167354
1986,oman,Oman,1413419
1986,pakistan,Pakistan,101606764
1986,panama,Panama,2251325
1986,peru,Peru,20117122
1986,philippines,Philippines,56645077
1986,poland,Poland,37456119
1986,portugal,Portugal,10032734
1986,qatar,Qatar,382422
1986,romania,Romania,22836841
1986,russia,Russia,144894000
1986,rwanda,Rwanda,6531881
1986,saudi-arabia,Saudi Arabia,8628639
1986,senegal,Senegal,6878192
1986,serbia,Serbia,7853824
1986,singapore,Singapore,2733373
1986,slovenia,Slovenia,1965964
1986,south-africa,South Africa,36180515
1986,spain,Spain,38584624
1986,sri-lanka,Sri Lanka,15731256
1986,sudan,Sudan,20288238
1986,sweden,Sweden,8369829
1986,switzerland,Switzerland,6504124
1986,tanzania,Tanzania,23258959
1986,thailand,Thailand,51177834
1986,tunisia,Tunisia,7600301
1986,turkey,Turkey,51777772
1986,ukraine,Ukraine,51318745
1986,united-arab-emirates,United Arab Emirates,1467383
1986,united-kingdom,United Kingdom,56681396
1986,united-states,United States,240133000
1986,uruguay,Uruguay,3032845
1986,uzbekistan,Uzbekistan,18395621
1986,vietnam,Vietnam,60347048
1986,zambia,Zambia,6986471
1986,zimbabwe,Zimbabwe,8982578
1987,afghanistan,Afghanistan,11387818
1987,albania,Albania,3083605
1987,algeria,Algeria,23443624
1987,angola,Angola,10497858
1987,argentina,Argentina,31291762
1987,armenia,Armenia,3328520
1987,australia,Australia,16263874
1987,austria,Austria,7574586
1987,azerbaijan,Azerbaijan,6875350
1987,bangladesh,Bangladesh,104959291
1987,belarus,Belarus,10111000
1987,belgium,Belgium,9870234
1987,benin,Benin,4818486
1987,bolivia,Bolivia,6692162
1987,brazil,Brazil,141104944
1987,bulgaria,Bulgaria,8971359
1987,burkina-faso,Burkina Faso,8457109
1987,burundi,Burundi,5247787
1987,cambodia,Cambodia,6557970
1987,cameroon,Cameroon,10370749
1987,canada,Canada,26446601
1987,chad,Chad,5438309
1987,chile,Chile,12790150
1987,china,China,1084035000
1987,colombia,Colombia,30499467
1987,cote-d-ivoire,Cote d Ivoire,10851475
1987,croatia,Croatia,4739745
1987,cuba,Cuba,10335342
1987,cyprus,Cyprus,754785
1987,czechia,Czechia,10347318
1987,denmark,Denmark,5127024
1987,ecuador,Ecuador,9779290
1987,estonia,Estonia,1552221
1987,ethiopia,Ethiopia,42460039
1987,finland,Finland,4932123
1987,france,France,57266167
1987,georgia,Georgia,4743500
1987,germany,Germany,77839920
1987,ghana,Ghana,14289108
1987,greece,Greece,10000595
1987,guatemala,Guatemala,8296485
1987,guinea,Guinea,5900198
1987,haiti,Haiti,6445123
1987,hungary,Hungary,10612741
1987,iceland,Iceland,245859
1987,india,India,808931270
1987,indonesia,Indonesia,173511154
1987,iraq,Iraq,16521049
1987,ireland,Ireland,3540057
1987,israel,Israel,4369000
1987,italy,Italy,56601931
1987,japan,Japan,122069000
1987,jordan,Jordan,3047634
1987,kazakhstan,Kazakhstan,16527715
1987,kenya,Kenya,20616096
1987,kuwait,Kuwait,2052994
1987,latvia,Latvia,2626583
1987,lithuania,Lithuania,3616367
1987,luxembourg,Luxembourg,370750
1987,madagascar,Madagascar,11047291
1987,malawi,Malawi,8293174
1987,malaysia,Malaysia,16276737
1987,mali,Mali,8681164
1987,mexico,Mexico,78136651
1987,mongolia,Mongolia,2022800
1987,morocco,Morocco,23054392
1987,mozambique,Mozambique,12822574
1987,myanmar,Myanmar,37971594
1987,nepal,Nepal,18250505
1987,netherlands,Netherlands,14665037
1987,new-zealand,New Zealand,3274400
1987,niger,Niger,7561150
1987,nigeria,Nigeria,89591716
1987,norway,Norway,4186905
1987,oman,Oman,1500996
1987,pakistan,Pakistan,105130717
1987,panama,Panama,2301970
1987,peru,Peru,20582320
1987,philippines,Philippines,58157496
1987,poland,Poland,37668045
1987,portugal,Portugal,10030031
1987,qatar,Qatar,397005
1987,romania,Romania,22949430
1987,russia,Russia,145908000
1987,rwanda,Rwanda,6749493
1987,saudi-arabia,Saudi Arabia,9130194
1987,senegal,Senegal,7081530
1987,serbia,Serbia,7868027
1987,singapore,Singapore,2774789
1987,slovenia,Slovenia,1989776
1987,south-africa,South Africa,37326190
1987,spain,Spain,38684815
1987,sri-lanka,Sri Lanka,15916576
1987,sudan,Sudan,20704904
1987,sweden,Sweden,8397804
1987,switzerland,Switzerland,6545106
1987,tanzania,Tanzania,24030378
1987,thailand,Thailand,52074105
1987,tunisia,Tunisia,7789987
1987,turkey,Turkey,52843670
1987,ukraine,Ukraine,51515732
1987,united-arab-emirates,United Arab Emirates,1574244
1987,united-kingdom,United Kingdom,56802050
1987,united-states,United States,242289000
1987,uruguay,Uruguay,3049896
1987,uzbekistan,Uzbekistan,18930070
1987,vietnam,Vietnam,61584651
1987,zambia,Zambia,7191282
1987,zimbabwe,Zimbabwe,9284644
1988,afghanistan,Afghanistan,11523298
1988,albania,Albania,3142336
1988,algeria,Algeria,24109536
1988,angola,Angola,10861291
1988,argentina,Argentina,31780532
1988,armenia,Armenia,3355125
1988,australia,Australia,16532164
1988,austria,Austria,7585317
1988,azerbaijan,Azerbaijan,6974600
1988,bangladesh,Bangladesh,107216008
1988,belarus,Belarus,10140000
1988,belgium,Belgium,9901664
1988,benin,Benin,4967341
1988,bolivia,Bolivia,6835508
1988,brazil,Brazil,143826357
1988,bulgaria,Bulgaria,8981446
1988,burkina-faso,Burkina Faso,8687435
1988,burundi,Burundi,5365327
1988,cambodia,Cambodia,6812014
1988,cameroon,Cameroon,10684968
1988,canada,Canada,26791747
1988,chad,Chad,5625602
1988,chile,Chile,12999424
1988,china,China,1101630000
1988,colombia,Colombia,31130524
1988,cote-d-ivoire,Cote d Ivoire,11275189
1988,croatia,Croatia,4755207
1988,cuba,Cuba,10432585
1988,cyprus,Cyprus,766235
1988,czechia,Czechia,10355276
1988,denmark,Denmark,5129516
1988,ecuador,Ecuador,10010808
1988,estonia,Estonia,1561900
1988,ethiopia,Ethiopia,44150825
1988,finland,Finland,4946481
1988,france,France,57598186
1988,georgia,Georgia,4790700
1988,germany,Germany,78144619
1988,ghana,Ghana,14636568
1988,greece,Greece,10036983
1988,guatemala,Guatemala,8532099
1988,guinea,Guinea,6056574
1988,haiti,Haiti,6578145
1988,hungary,Hungary,10596487
1988,iceland,Iceland,249740
1988,india,India,827342990
1988,indonesia,Indonesia,176855065
1988,iraq,Iraq,16908819
1988,ireland,Ireland,3524949
1988,israel,Israel,4442000
1988,italy,Italy,56629288
1988,japan,Japan,122578000
1988,jordan,Jordan,3193039
1988,kazakhstan,Kazakhstan,16781168
1988,kenya,Kenya,21356219
1988,kuwait,Kuwait,2134707
1988,latvia,Latvia,2653434
1988,lithuania,Lithuania,3655049
1988,luxembourg,Luxembourg,373450
1988,madagascar,Madagascar,11369462
1988,malawi,Malawi,8753262
1988,malaysia,Malaysia,16796605
1988,mali,Mali,8833996
1988,mexico,Mexico,79695531
1988,mongolia,Mongolia,2076322
1988,morocco,Morocco,23500524
1988,mozambique,Mozambique,12800558
1988,myanmar,Myanmar,38600927
1988,nepal,Nepal,18638661
1988,netherlands,Netherlands,14760094
1988,new-zealand,New Zealand,3283400
1988,niger,Niger,7793748
1988,nigeria,Nigeria,92020090
1988,norway,Norway,4209488
1988,oman,Oman,1588568
1988,pakistan,Pakistan,108724739
1988,panama,Panama,2352848
1988,peru,Peru,21054702
1988,philippines,Philippines,59739052
1988,poland,Poland,37824487
1988,portugal,Portugal,10019610
1988,qatar,Qatar,411264
1988,romania,Romania,23057662
1988,russia,Russia,146857000
1988,rwanda,Rwanda,6968071
1988,saudi-arabia,Saudi Arabia,9629165
1988,senegal,Senegal,7289618
1988,serbia,Serbia,7884218
1988,singapore,Singapore,2846108
1988,slovenia,Slovenia,1995196
1988,south-africa,South Africa,38480649
1988,spain,Spain,38766939
1988,sri-lanka,Sri Lanka,16078621
1988,sudan,Sudan,21138431
1988,sweden,Sweden,8436489
1988,switzerland,Switzerland,6593386
1988,tanzania,Tanzania,24769686
1988,thailand,Thailand,52969595
1988,tunisia,Tunisia,7974440
1988,turkey,Turkey,53909626
1988,ukraine,Ukraine,51724853
1988,united-arab-emirates,United Arab Emirates,1681788
1988,united-kingdom,United Kingdom,56928327
1988,united-states,United States,244499000
1988,uruguay,Uruguay,3067961
1988,uzbekistan,Uzbekistan,19460630
1988,vietnam,Vietnam,62843228
1988,zambia,Zambia,7391440
1988,zimbabwe,Zimbabwe,9583094
1989,afghanistan,Afghanistan,11874088
1989,albania,Albania,3227943
1989,algeria,Algeria,24754485
1989,angola,Angola,11238562
1989,argentina,Argentina,32270948
1989,armenia,Armenia,3443100
1989,australia,Australia,16814416
1989,austria,Austria,7619567
1989,azerbaijan,Azerbaijan,7076550
1989,bangladesh,Bangladesh,109433799
1989,belarus,Belarus,10170000
1989,belgium,Belgium,9937697
1989,benin,Benin,5121657
1989,bolivia,Bolivia,6981766
1989,brazil,Brazil,146502972
1989,bulgaria,Bulgaria,8876972
1989,burkina-faso,Burkina Faso,8921175
1989,burundi,Burundi,5471706
1989,cambodia,Cambodia,7073473
1989,cameroon,Cameroon,11002745
1989,canada,Canada,27276781
1989,chad,Chad,5819586
1989,chile,Chile,13215005
1989,china,China,1118650000
1989,colombia,Colombia,31776279
1989,cote-d-ivoire,Cote d Ivoire,11719771
1989,croatia,Croatia,4767260
1989,cuba,Cuba,10533243
1989,cyprus,Cyprus,777420
1989,czechia,Czechia,10361068
1989,denmark,Denmark,5132594
1989,ecuador,Ecuador,10241852
1989,estonia,Estonia,1568131
1989,ethiopia,Ethiopia,45879690
1989,finland,Finland,4964371
1989,france,France,57943062
1989,georgia,Georgia,4803300
1989,germany,Germany,78751283
1989,ghana,Ghana,15006813
1989,greece,Greece,10089498
1989,guatemala,Guatemala,8775546
1989,guinea,Guinea,6215811
1989,haiti,Haiti,6714730
1989,hungary,Hungary,10481719
1989,iceland,Iceland,252852
1989,india,India,846039529
1989,indonesia,Indonesia,180201630
1989,iraq,Iraq,17364542
1989,ireland,Ireland,3511009
1989,israel,Israel,4518000
1989,italy,Italy,56671781
1989,japan,Japan,123069000
1989,jordan,Jordan,3349627
1989,kazakhstan,Kazakhstan,16997013
1989,kenya,Kenya,22118434
1989,kuwait,Kuwait,2217468
1989,latvia,Latvia,2666955
1989,lithuania,Lithuania,3684255
1989,luxembourg,Luxembourg,377100
1989,madagascar,Madagascar,11704998
1989,malawi,Malawi,9176220
1989,malaysia,Malaysia,17314997
1989,mali,Mali,8999938
1989,mexico,Mexico,81247182
1989,mongolia,Mongolia,2124185
1989,morocco,Morocco,23939414
1989,mozambique,Mozambique,12906842
1989,myanmar,Myanmar,39214618
1989,nepal,Nepal,19057807
1989,netherlands,Netherlands,14848907
1989,new-zealand,New Zealand,3299200
1989,niger,Niger,8034780
1989,nigeria,Nigeria,94531014
1989,norway,Norway,4226901
1989,oman,Oman,1676228
1989,pakistan,Pakistan,112336629
1989,panama,Panama,2403820
1989,peru,Peru,21532589
1989,philippines,Philippines,61265260
1989,poland,Poland,37961529
1989,portugal,Portugal,10005000
1989,qatar,Qatar,425646
1989,romania,Romania,23161458
1989,russia,Russia,147721000
1989,rwanda,Rwanda,7184706
1989,saudi-arabia,Saudi Arabia,10128394
1989,senegal,Senegal,7502207
1989,serbia,Serbia,7893787
1989,singapore,Singapore,2930901
1989,slovenia,Slovenia,1996351
1989,south-africa,South Africa,39628575
1989,spain,Spain,38827764
1989,sri-lanka,Sri Lanka,16248557
1989,sudan,Sudan,21578022
1989,sweden,Sweden,8492964
1989,switzerland,Switzerland,6646912
1989,tanzania,Tanzania,25438759
1989,thailand,Thailand,53848956
1989,tunisia,Tunisia,8151660
1989,turkey,Turkey,54976723
1989,ukraine,Ukraine,51917817
1989,united-arab-emirates,United Arab Emirates,1789851
1989,united-kingdom,United Kingdom,57076711
1989,united-states,United States,246819000
1989,uruguay,Uruguay,3086255
1989,uzbekistan,Uzbekistan,19977183
1989,vietnam,Vietnam,64147348
1989,zambia,Zambia,7589216
1989,zimbabwe,Zimbabwe,9864798
1990,afghanistan,Afghanistan,12045660
1990,albania,Albania,3286542
1990,algeria,Algeria,25375810
1990,angola,Angola,11626360
1990,argentina,Argentina,32755901
1990,armenia,Armenia,3552128
1990,australia,Australia,17065128
1990,austria,Austria,7677850
1990,azerbaijan,Azerbaijan,7175200
1990,bangladesh,Bangladesh,111633717
1990,belarus,Belarus,10189348
1990,belgium,Belgium,9967379
1990,benin,Benin,5281479
1990,bolivia,Bolivia,7130142
1990,brazil,Brazil,149143223
1990,bulgaria,Bulgaria,8718289
1990,burkina-faso,Burkina Faso,9159356
1990,burundi,Burundi,5587052
1990,cambodia,Cambodia,7374752
1990,cameroon,Cameroon,11331821
1990,canada,Canada,27691138
1990,chad,Chad,5982833
1990,chile,Chile,13437176
1990,china,China,1135185000
1990,colombia,Colombia,32440069
1990,cote-d-ivoire,Cote d Ivoire,12189778
1990,croatia,Croatia,4777368
1990,cuba,Cuba,10631799
1990,cyprus,Cyprus,788351
1990,czechia,Czechia,10333355
1990,denmark,Denmark,5140939
1990,ecuador,Ecuador,10473673
1990,estonia,Estonia,1569174
1990,ethiopia,Ethiopia,47609755
1990,finland,Finland,4986431
1990,france,France,58261012
1990,georgia,Georgia,4802000
1990,germany,Germany,79433029
1990,ghana,Ghana,15394648
1990,greece,Greece,10196792
1990,guatemala,Guatemala,9024773
1990,guinea,Guinea,6434374
1990,haiti,Haiti,6854441
1990,hungary,Hungary,10373988
1990,iceland,Iceland,254826
1990,india,India,864972221
1990,indonesia,Indonesia,183501098
1990,iraq,Iraq,17581206
1990,ireland,Ireland,3513974
1990,israel,Israel,4660000
1990,italy,Italy,56719240
1990,japan,Japan,123478000
1990,jordan,Jordan,3621908
1990,kazakhstan,Kazakhstan,17154054
1990,kenya,Kenya,22892651
1990,kuwait,Kuwait,1684819
1990,latvia,Latvia,2663151
1990,lithuania,Lithuania,3697838
1990,luxembourg,Luxembourg,381850
1990,madagascar,Madagascar,12055639
1990,malawi,Malawi,9545852
1990,malaysia,Malaysia,17833171
1990,mali,Mali,9178830
1990,mexico,Mexico,82820170
1990,mongolia,Mongolia,2098710
1990,morocco,Morocco,24375551
1990,mozambique,Mozambique,13094537
1990,myanmar,Myanmar,39817251
1990,nepal,Nepal,19524573
1990,netherlands,Netherlands,14951510
1990,new-zealand,New Zealand,3329800
1990,niger,Niger,8286059
1990,nigeria,Nigeria,97120925
1990,norway,Norway,4241473
1990,oman,Oman,1763954
1990,pakistan,Pakistan,116155576
1990,panama,Panama,2455583
1990,peru,Peru,22014771
1990,philippines,Philippines,62854666
1990,poland,Poland,38110782
1990,portugal,Portugal,9983218
1990,qatar,Qatar,440175
1990,romania,Romania,23201835
1990,russia,Russia,147969406
1990,rwanda,Rwanda,7375307
1990,saudi-arabia,Saudi Arabia,10640691
1990,senegal,Senegal,7720523
1990,serbia,Serbia,7897937
1990,singapore,Singapore,3047132
1990,slovenia,Slovenia,1998161
1990,south-africa,South Africa,40746268
1990,spain,Spain,38867322
1990,sri-lanka,Sri Lanka,16352458
1990,sudan,Sudan,22021481
1990,sweden,Sweden,8558835
1990,switzerland,Switzerland,6715519
1990,tanzania,Tanzania,26110207
1990,thailand,Thailand,54738329
1990,tunisia,Tunisia,8324509
1990,turkey,Turkey,56015628
1990,ukraine,Ukraine,52054092
1990,united-arab-emirates,United Arab Emirates,1898220
1990,united-kingdom,United Kingdom,57247586
1990,united-states,United States,249623000
1990,uruguay,Uruguay,3104403
1990,uzbekistan,Uzbekistan,20464956
1990,vietnam,Vietnam,65504552
1990,zambia,Zambia,7786169
1990,zimbabwe,Zimbabwe,10137281
1991,afghanistan,Afghanistan,12238879
1991,albania,Albania,3266790
1991,algeria,Algeria,25987928
1991,angola,Angola,12023529
1991,argentina,Argentina,33230294
1991,armenia,Armenia,3613977
1991,australia,Australia,17284036
1991,austria,Austria,7754891
1991,azerbaijan,Azerbaijan,7271300
1991,bangladesh,Bangladesh,113787109
1991,belarus,Belarus,10194050
1991,belgium,Belgium,10004486
1991,benin,Benin,5446932
1991,bolivia,Bolivia,7280289
1991,brazil,Brazil,151724256
1991,bulgaria,Bulgaria,8632367
1991,burkina-faso,Burkina Faso,9394632
1991,burundi,Burundi,5703857
1991,cambodia,Cambodia,7686850
1991,cameroon,Cameroon,11667180
1991,canada,Canada,28037420
1991,chad,Chad,6205676
1991,chile,Chile,13662491
1991,china,China,1150780000
1991,colombia,Colombia,33098372
1991,cote-d-ivoire,Cote d Ivoire,12683870
1991,croatia,Croatia,4689022
1991,cuba,Cuba,10717640
1991,cyprus,Cyprus,798944
1991,czechia,Czechia,10308578
1991,denmark,Denmark,5154298
1991,ecuador,Ecuador,10702380
1991,estonia,Estonia,1561314
1991,ethiopia,Ethiopia,49717198
1991,finland,Finland,5013740
1991,france,France,58554242
1991,georgia,Georgia,4835900
1991,germany,Germany,80013896
1991,ghana,Ghana,15787496
1991,greece,Greece,10319927
1991,guatemala,Guatemala,9272584
1991,guinea,Guinea,6697166
1991,haiti,Haiti,6995450
1991,hungary,Hungary,10373400
1991,iceland,Iceland,257797
1991,india,India,883927600
1991,indonesia,Indonesia,186778238
1991,iraq,Iraq,17767253
1991,ireland,Ireland,3534235
1991,israel,Israel,4949000
1991,italy,Italy,56758521
1991,japan,Japan,123964000
1991,jordan,Jordan,3915149
1991,kazakhstan,Kazakhstan,17278600
1991,kenya,Kenya,23646514
1991,kuwait,Kuwait,1351399
1991,latvia,Latvia,2650581
1991,lithuania,Lithuania,3704134
1991,luxembourg,Luxembourg,387000
1991,madagascar,Madagascar,12421412
1991,malawi,Malawi,9844227
1991,malaysia,Malaysia,18342464
1991,mali,Mali,9362888
1991,mexico,Mexico,84430572
1991,mongolia,Mongolia,2165342
1991,morocco,Morocco,24799014
1991,mozambique,Mozambique,13352090
1991,myanmar,Myanmar,40394154
1991,nepal,Nepal,20036500
1991,netherlands,Netherlands,15069798
1991,new-zealand,New Zealand,3495100
1991,niger,Niger,8546900
1991,nigeria,Nigeria,99720162
1991,norway,Norway,4261732
1991,oman,Oman,1851473
1991,pakistan,Pakistan,120060406
1991,panama,Panama,2508265
1991,peru,Peru,22483775
1991,philippines,Philippines,64382249
1991,poland,Poland,38246193
1991,portugal,Portugal,9960235
1991,qatar,Qatar,454853
1991,romania,Romania,23001155
1991,russia,Russia,148394216
1991,rwanda,Rwanda,7526966
1991,saudi-arabia,Saudi Arabia,11160744
1991,senegal,Senegal,7943085
1991,serbia,Serbia,7595636
1991,singapore,Singapore,3135083
1991,slovenia,Slovenia,1999429
1991,south-africa,South Africa,41687898
1991,spain,Spain,38966376
1991,sri-lanka,Sri Lanka,16475354
1991,sudan,Sudan,22470676
1991,sweden,Sweden,8617375
1991,switzerland,Switzerland,6799978
1991,tanzania,Tanzania,26780436
1991,thailand,Thailand,55637434
1991,tunisia,Tunisia,8501827
1991,turkey,Turkey,57009887
1991,ukraine,Ukraine,52170961
1991,united-arab-emirates,United Arab Emirates,2006626
1991,united-kingdom,United Kingdom,57424897
1991,united-states,United States,252981000
1991,uruguay,Uruguay,3122354
1991,uzbekistan,Uzbekistan,20962910
1991,vietnam,Vietnam,66891775
1991,zambia,Zambia,7981650
1991,zimbabwe,Zimbabwe,10404816
1992,afghanistan,Afghanistan,13278974
1992,albania,Albania,3247039
1992,algeria,Algeria,26628568
1992,angola,Angola,12423712
1992,argentina,Argentina,33693527
1992,armenia,Armenia,3571861
1992,australia,Australia,17478635
1992,austria,Austria,7840709
1992,azerbaijan,Azerbaijan,7382050
1992,bangladesh,Bangladesh,115952192
1992,belarus,Belarus,10216470
1992,belgium,Belgium,10045158
1992,benin,Benin,5617844
1992,bolivia,Bolivia,7430336
1992,brazil,Brazil,154275079
1992,bulgaria,Bulgaria,8540164
1992,burkina-faso,Burkina Faso,9629275
1992,burundi,Burundi,5858407
1992,cambodia,Cambodia,8113083
1992,cameroon,Cameroon,12006353
1992,canada,Canada,28371264
1992,chad,Chad,6474656
1992,chile,Chile,13884577
1992,china,China,1164970000
1992,colombia,Colombia,33760571
1992,cote-d-ivoire,Cote d Ivoire,13200310
1992,croatia,Croatia,4575818
1992,cuba,Cuba,10785801
1992,cyprus,Cyprus,810341
1992,czechia,Czechia,10319123
1992,denmark,Denmark,5171370
1992,ecuador,Ecuador,10930128
1992,estonia,Estonia,1533091
1992,ethiopia,Ethiopia,51853747
1992,finland,Finland,5041992
1992,france,France,58846584
1992,georgia,Georgia,4873500
1992,germany,Germany,80624598
1992,ghana,Ghana,16184855
1992,greece,Greece,10399061
1992,guatemala,Guatemala,9522266
1992,guinea,Guinea,6914366
1992,haiti,Haiti,7136571
1992,hungary,Hungary,10369341
1992,iceland,Iceland,261057
1992,india,India,902957070
1992,indonesia,Indonesia,190043744
1992,iraq,Iraq,18300845
1992,ireland,Ireland,3558430
1992,israel,Israel,5123000
1992,italy,Italy,56797087
1992,japan,Japan,124425000
1992,jordan,Jordan,4127693
1992,kazakhstan,Kazakhstan,17332625
1992,kenya,Kenya,24382460
1992,kuwait,Kuwait,1634961
1992,latvia,Latvia,2614338
1992,lithuania,Lithuania,3700114
1992,luxembourg,Luxembourg,392175
1992,madagascar,Madagascar,12800870
1992,malawi,Malawi,10135079
1992,malaysia,Malaysia,18834572
1992,mali,Mali,9553540
1992,mexico,Mexico,86044809
1992,mongolia,Mongolia,2167790
1992,morocco,Morocco,25212468
1992,mozambique,Mozambique,13613316
1992,myanmar,Myanmar,40950342
1992,nepal,Nepal,20609707
1992,netherlands,Netherlands,15184166
1992,new-zealand,New Zealand,3531700
1992,niger,Niger,8817633
1992,nigeria,Nigeria,102372770
1992,norway,Norway,4286401
1992,oman,Oman,1938238
1992,pakistan,Pakistan,123546848
1992,panama,Panama,2561336
1992,peru,Peru,22946340
1992,philippines,Philippines,65926125
1992,poland,Poland,38363667
1992,portugal,Portugal,9952494
1992,qatar,Qatar,469657
1992,romania,Romania,22794284
1992,russia,Russia,148538197
1992,rwanda,Rwanda,7683266
1992,saudi-arabia,Saudi Arabia,11686676
1992,senegal,Senegal,8168395
1992,serbia,Serbia,7604063
1992,singapore,Singapore,3230698
1992,slovenia,Slovenia,1996498
1992,south-africa,South Africa,42443509
1992,spain,Spain,39157685
1992,sri-lanka,Sri Lanka,16739284
1992,sudan,Sudan,22927355
1992,sweden,Sweden,8668067
1992,switzerland,Switzerland,6875364
1992,tanzania,Tanzania,27457588
1992,thailand,Thailand,56528834
1992,tunisia,Tunisia,8682512
1992,turkey,Turkey,57990118
1992,ukraine,Ukraine,52323671
1992,united-arab-emirates,United Arab Emirates,2114730
1992,united-kingdom,United Kingdom,57580402
1992,united-states,United States,256514000
1992,uruguay,Uruguay,3139702
1992,uzbekistan,Uzbekistan,21485090
1992,vietnam,Vietnam,68260337
1992,zambia,Zambia,8176680
1992,zimbabwe,Zimbabwe,10702700
1993,afghanistan,Afghanistan,14943172
1993,albania,Albania,3227287
1993,algeria,Algeria,27277048
1993,angola,Angola,12827135
1993,argentina,Argentina,34152717
1993,armenia,Armenia,3453332
1993,australia,Australia,17634808
1993,austria,Austria,7905633
1993,azerbaijan,Azerbaijan,7494800
1993,bangladesh,Bangladesh,118132360
1993,belarus,Belarus,10239050
1993,belgium,Belgium,10084475
1993,benin,Benin,5872706
1993,bolivia,Bolivia,7579195
1993,brazil,Brazil,156794577
1993,bulgaria,Bulgaria,8472313
1993,burkina-faso,Burkina Faso,9871713
1993,burundi,Burundi,5676843
1993,cambodia,Cambodia,8616381
1993,cameroon,Cameroon,12353131
1993,canada,Canada,28684764
1993,chad,Chad,6629146
1993,chile,Chile,14102276
1993,china,China,1178440000
1993,colombia,Colombia,34441473
1993,cote-d-ivoire,Cote d Ivoire,13735951
1993,croatia,Croatia,4600463
1993,cuba,Cuba,10841031
1993,cyprus,Cyprus,826034
1993,czechia,Czechia,10329855
1993,denmark,Denmark,5188628
1993,ecuador,Ecuador,11154274
1993,estonia,Estonia,1494128
1993,ethiopia,Ethiopia,53708891
1993,finland,Finland,5066447
1993,france,France,59103094
1993,georgia,Georgia,4911100
1993,germany,Germany,81156363
1993,ghana,Ghana,16589519
1993,greece,Greece,10460415
1993,guatemala,Guatemala,9779761
1993,guinea,Guinea,7128177
1993,haiti,Haiti,7278181
1993,hungary,Hungary,10357523
1993,iceland,Iceland,263725
1993,india,India,922118387
1993,indonesia,Indonesia,193305168
1993,iraq,Iraq,19201195
1993,ireland,Ireland,3576261
1993,israel,Israel,5261000
1993,italy,Italy,56831821
1993,japan,Japan,124829000
1993,jordan,Jordan,4348020
1993,kazakhstan,Kazakhstan,17274487
1993,kenya,Kenya,25117188
1993,kuwait,Kuwait,1672151
1993,latvia,Latvia,2563290
1993,lithuania,Lithuania,3682613
1993,luxembourg,Luxembourg,397475
1993,madagascar,Madagascar,13197345
1993,malawi,Malawi,10284024
1993,malaysia,Malaysia,19322664
1993,mali,Mali,9754786
1993,mexico,Mexico,87653807
1993,mongolia,Mongolia,2165130
1993,morocco,Morocco,25614586
1993,mozambique,Mozambique,14051192
1993,myanmar,Myanmar,41502429
1993,nepal,Nepal,21180159
1993,netherlands,Netherlands,15290368
1993,new-zealand,New Zealand,3572200
1993,niger,Niger,9100789
1993,nigeria,Nigeria,105122069
1993,norway,Norway,4311991
1993,oman,Oman,2021675
1993,pakistan,Pakistan,127020117
1993,panama,Panama,2615099
1993,peru,Peru,23413783
1993,philippines,Philippines,67530621
1993,poland,Poland,38461408
1993,portugal,Portugal,9964675
1993,qatar,Qatar,484545
1993,romania,Romania,22763280
1993,russia,Russia,148458777
1993,rwanda,Rwanda,7981132
1993,saudi-arabia,Saudi Arabia,12215862
1993,senegal,Senegal,8396288
1993,serbia,Serbia,7614328
1993,singapore,Singapore,3313471
1993,slovenia,Slovenia,1991746
1993,south-africa,South Africa,43297156
1993,spain,Spain,39361262
1993,sri-lanka,Sri Lanka,17025918
1993,sudan,Sudan,23445592
1993,sweden,Sweden,8718561
1993,switzerland,Switzerland,6938265
1993,tanzania,Tanzania,28332692
1993,thailand,Thailand,57408198
1993,tunisia,Tunisia,8857910
1993,turkey,Turkey,58999167
1993,ukraine,Ukraine,52350126
1993,united-arab-emirates,United Arab Emirates,2222093
1993,united-kingdom,United Kingdom,57718614
1993,united-states,United States,259919000
1993,uruguay,Uruguay,3156345
1993,uzbekistan,Uzbekistan,21987955
1993,vietnam,Vietnam,69586384
1993,zambia,Zambia,8373921
1993,zimbabwe,Zimbabwe,10860288
1994,afghanistan,Afghanistan,16250794
1994,albania,Albania,3207536
1994,algeria,Algeria,27887279
1994,angola,Angola,13249764
1994,argentina,Argentina,34613491
1994,armenia,Armenia,3364610
1994,australia,Australia,17805468
1994,austria,Austria,7936118
1994,azerbaijan,Azerbaijan,7596550
1994,bangladesh,Bangladesh,120343179
1994,belarus,Belarus,10226955
1994,belgium,Belgium,10115603
1994,benin,Benin,6096506
1994,bolivia,Bolivia,7727322
1994,brazil,Brazil,159265006
1994,bulgaria,Bulgaria,8443591
1994,burkina-faso,Burkina Faso,10123798
1994,burundi,Burundi,5713854
1994,cambodia,Cambodia,9239162
1994,cameroon,Cameroon,12704903
1994,canada,Canada,29000663
1994,chad,Chad,6783450
1994,chile,Chile,14316256
1994,china,China,1191835000
1994,colombia,Colombia,35127410
1994,cote-d-ivoire,Cote d Ivoire,14287201
1994,croatia,Croatia,4652024
1994,cuba,Cuba,10886021
1994,cyprus,Cyprus,844667
1994,czechia,Czechia,10333587
1994,denmark,Denmark,5206180
1994,ecuador,Ecuador,11372197
1994,estonia,Estonia,1462514
1994,ethiopia,Ethiopia,55611508
1994,finland,Finland,5088333
1994,france,France,59324863
1994,georgia,Georgia,4836076
1994,germany,Germany,81438348
1994,ghana,Ghana,16993190
1994,greece,Greece,10512922
1994,guatemala,Guatemala,10043718
1994,guinea,Guinea,7345107
1994,haiti,Haiti,7419771
1994,hungary,Hungary,10343355
1994,iceland,Iceland,266021
1994,india,India,941163767
1994,indonesia,Indonesia,196591828
1994,iraq,Iraq,20139807
1994,ireland,Ireland,3590386
1994,israel,Israel,5399000
1994,italy,Italy,56843400
1994,japan,Japan,125178000
1994,jordan,Jordan,4561406
1994,kazakhstan,Kazakhstan,17043771
1994,kenya,Kenya,25857130
1994,kuwait,Kuwait,1664361
1994,latvia,Latvia,2520742
1994,lithuania,Lithuania,3657144
1994,luxembourg,Luxembourg,402925
1994,madagascar,Madagascar,13613850
1994,malawi,Malawi,10164894
1994,malaysia,Malaysia,19820446
1994,mali,Mali,9967031
1994,mexico,Mexico,89259205
1994,mongolia,Mongolia,2189395
1994,morocco,Morocco,26000822
1994,mozambique,Mozambique,15033853
1994,myanmar,Myanmar,42055143
1994,nepal,Nepal,21717479
1994,netherlands,Netherlands,15382838
1994,new-zealand,New Zealand,3620000
1994,niger,Niger,9398258
1994,nigeria,Nigeria,107935714
1994,norway,Norway,4336613
1994,oman,Oman,2081834
1994,pakistan,Pakistan,130748083
1994,panama,Panama,2669546
1994,peru,Peru,23881493
1994,philippines,Philippines,69019291
1994,poland,Poland,38542652
1994,portugal,Portugal,9991525
1994,qatar,Qatar,499459
1994,romania,Romania,22730211
1994,russia,Russia,148407912
1994,rwanda,Rwanda,6792352
1994,saudi-arabia,Saudi Arabia,12750040
1994,senegal,Senegal,8624078
1994,serbia,Serbia,7622711
1994,singapore,Singapore,3419048
1994,slovenia,Slovenia,1989443
1994,south-africa,South Africa,44004139
1994,spain,Spain,39549108
1994,sri-lanka,Sri Lanka,17275773
1994,sudan,Sudan,24043948
1994,sweden,Sweden,8780745
1994,switzerland,Switzerland,6993795
1994,tanzania,Tanzania,29442356
1994,thailand,Thailand,58260854
1994,tunisia,Tunisia,9018448
1994,turkey,Turkey,60033836
1994,ukraine,Ukraine,52075998
1994,united-arab-emirates,United Arab Emirates,2328188
1994,united-kingdom,United Kingdom,57865745
1994,united-states,United States,263126000
1994,uruguay,Uruguay,3172834
1994,uzbekistan,Uzbekistan,22463291
1994,vietnam,Vietnam,70854391
1994,zambia,Zambia,8576269
1994,zimbabwe,Zimbabwe,10873148
1995,afghanistan,Afghanistan,17065836
1995,albania,Albania,3187784
1995,algeria,Algeria,28470191
1995,angola,Angola,13699778
1995,argentina,Argentina,35070020
1995,armenia,Armenia,3307581
1995,australia,Australia,18004882
1995,austria,Austria,7948278
1995,azerbaijan,Azerbaijan,7684850
1995,bangladesh,Bangladesh,122600370
1995,belarus,Belarus,10193831
1995,belgium,Belgium,10136811
1995,benin,Benin,6226773
1995,bolivia,Bolivia,7874676
1995,brazil,Brazil,161735073
1995,bulgaria,Bulgaria,8406067
1995,burkina-faso,Burkina Faso,10386722
1995,burundi,Burundi,6066316
1995,cambodia,Cambodia,10018497
1995,cameroon,Cameroon,13058516
1995,canada,Canada,29302311
1995,chad,Chad,7089064
1995,chile,Chile,14527381
1995,china,China,1204855000
1995,colombia,Colombia,35804662
1995,cote-d-ivoire,Cote d Ivoire,14855565
1995,croatia,Croatia,4620030
1995,cuba,Cuba,10925362
1995,cyprus,Cyprus,862695
1995,czechia,Czechia,10327253
1995,denmark,Denmark,5233373
1995,ecuador,Ecuador,11590514
1995,estonia,Estonia,1436634
1995,ethiopia,Ethiopia,57537335
1995,finland,Finland,5107790
1995,france,France,59541294
1995,georgia,Georgia,4657722
1995,germany,Germany,81678051
1995,ghana,Ghana,17399017
1995,greece,Greece,10562153
1995,guatemala,Guatemala,10312996
1995,guinea,Guinea,7553249
1995,haiti,Haiti,7562546
1995,hungary,Hungary,10328965
1995,iceland,Iceland,267468
1995,india,India,960301044
1995,indonesia,Indonesia,199888057
1995,iraq,Iraq,20825860
1995,ireland,Ireland,3608841
1995,israel,Israel,5545000
1995,italy,Italy,56844303
1995,japan,Japan,125472000
1995,jordan,Jordan,4752096
1995,kazakhstan,Kazakhstan,16730536
1995,kenya,Kenya,26601751
1995,kuwait,Kuwait,1681513
1995,latvia,Latvia,2485056
1995,lithuania,Lithuania,3629102
1995,luxembourg,Luxembourg,408625
1995,madagascar,Madagascar,14051275
1995,malawi,Malawi,10150117
1995,malaysia,Malaysia,20330599
1995,mali,Mali,10185365
1995,mexico,Mexico,90862455
1995,mongolia,Mongolia,2224945
1995,morocco,Morocco,26399429
1995,mozambique,Mozambique,15960530
1995,myanmar,Myanmar,42605338
1995,nepal,Nepal,22245439
1995,netherlands,Netherlands,15459006
1995,new-zealand,New Zealand,3673400
1995,niger,Niger,9714529
1995,nigeria,Nigeria,110819428
1995,norway,Norway,4359184
1995,oman,Oman,2120528
1995,pakistan,Pakistan,134582253
1995,panama,Panama,2724557
1995,peru,Peru,24348919
1995,philippines,Philippines,70546246
1995,poland,Poland,38594998
1995,portugal,Portugal,10026176
1995,qatar,Qatar,514325
1995,romania,Romania,22684270
1995,russia,Russia,148375787
1995,rwanda,Rwanda,5674118
1995,saudi-arabia,Saudi Arabia,13289245
1995,senegal,Senegal,8848101
1995,serbia,Serbia,7628264
1995,singapore,Singapore,3524506
1995,slovenia,Slovenia,1989872
1995,south-africa,South Africa,44541554
1995,spain,Spain,39724050
1995,sri-lanka,Sri Lanka,17564068
1995,sudan,Sudan,24672143
1995,sweden,Sweden,8826939
1995,switzerland,Switzerland,7040687
1995,tanzania,Tanzania,30383497
1995,thailand,Thailand,59098232
1995,tunisia,Tunisia,9161258
1995,turkey,Turkey,61024503
1995,ukraine,Ukraine,51665539
1995,united-arab-emirates,United Arab Emirates,2434662
1995,united-kingdom,United Kingdom,58019030
1995,united-states,United States,266278000
1995,uruguay,Uruguay,3189440
1995,uzbekistan,Uzbekistan,22917589
1995,vietnam,Vietnam,72049940
1995,zambia,Zambia,8785763
1995,zimbabwe,Zimbabwe,10974599
1996,afghanistan,Afghanistan,17763266
1996,albania,Albania,3168033
1996,algeria,Algeria,29033044
1996,angola,Angola,14170973
1996,argentina,Argentina,35513793
1996,armenia,Armenia,3278735
1996,australia,Australia,18224767
1996,austria,Austria,7959017
1996,azerbaijan,Azerbaijan,7763000
1996,bangladesh,Bangladesh,124862179
1996,belarus,Belarus,10159569
1996,belgium,Belgium,10156637
1996,benin,Benin,6391858
1996,bolivia,Bolivia,8021736
1996,brazil,Brazil,164202549
1996,bulgaria,Bulgaria,8362826
1996,burkina-faso,Burkina Faso,10655942
1996,burundi,Burundi,6070506
1996,cambodia,Cambodia,10801270
1996,cameroon,Cameroon,13414757
1996,canada,Canada,29610218
1996,chad,Chad,7410108
1996,chile,Chile,14734046
1996,china,China,1217550000
1996,colombia,Colombia,36462745
1996,cote-d-ivoire,Cote d Ivoire,15442312
1996,croatia,Croatia,4557097
1996,cuba,Cuba,10962010
1996,cyprus,Cyprus,880290
1996,czechia,Czechia,10315241
1996,denmark,Denmark,5263074
1996,ecuador,Ecuador,11810950
1996,estonia,Estonia,1415594
1996,ethiopia,Ethiopia,59467635
1996,finland,Finland,5124573
1996,france,France,59754504
1996,georgia,Georgia,4491699
1996,germany,Germany,81914831
1996,ghana,Ghana,17810181
1996,greece,Greece,10608800
1996,guatemala,Guatemala,10583526
1996,guinea,Guinea,7770035
1996,haiti,Haiti,7707557
1996,hungary,Hungary,10311238
1996,iceland,Iceland,268916
1996,india,India,979678458
1996,indonesia,Indonesia,203204348
1996,iraq,Iraq,21501321
1996,ireland,Ireland,3637510
1996,israel,Israel,5692000
1996,italy,Italy,56860281
1996,japan,Japan,125757000
1996,jordan,Jordan,4912516
1996,kazakhstan,Kazakhstan,16416027
1996,kenya,Kenya,27344211
1996,kuwait,Kuwait,1730246
1996,latvia,Latvia,2457222
1996,lithuania,Lithuania,3601613
1996,luxembourg,Luxembourg,414225
1996,madagascar,Madagascar,14510711
1996,malawi,Malawi,10352228
1996,malaysia,Malaysia,20850087
1996,mali,Mali,10407278
1996,mexico,Mexico,92452702
1996,mongolia,Mongolia,2259507
1996,morocco,Morocco,26808107
1996,mozambique,Mozambique,16492480
1996,myanmar,Myanmar,43154860
1996,nepal,Nepal,22741862
1996,netherlands,Netherlands,15530498
1996,new-zealand,New Zealand,3732000
1996,niger,Niger,10044852
1996,nigeria,Nigeria,113754779
1996,norway,Norway,4381336
1996,oman,Oman,2156926
1996,pakistan,Pakistan,138557092
1996,panama,Panama,2780227
1996,peru,Peru,24811171
1996,philippines,Philippines,72190242
1996,poland,Poland,38624370
1996,portugal,Portugal,10063945
1996,qatar,Qatar,529019
1996,romania,Romania,22619004
1996,russia,Russia,148160129
1996,rwanda,Rwanda,6708764
1996,saudi-arabia,Saudi Arabia,13831009
1996,senegal,Senegal,9067014
1996,serbia,Serbia,7622185
1996,singapore,Singapore,3670704
1996,slovenia,Slovenia,1988628
1996,south-africa,South Africa,45123018
1996,spain,Spain,39889852
1996,sri-lanka,Sri Lanka,17905018
1996,sudan,Sudan,25231528
1996,sweden,Sweden,8840998
1996,switzerland,Switzerland,7071850
1996,tanzania,Tanzania,30945762
1996,thailand,Thailand,59920064
1996,tunisia,Tunisia,9294432
1996,turkey,Turkey,61951134
1996,ukraine,Ukraine,51226109
1996,united-arab-emirates,United Arab Emirates,2597564
1996,united-kingdom,United Kingdom,58166950
1996,united-states,United States,269394000
1996,uruguay,Uruguay,3206324
1996,uzbekistan,Uzbekistan,23351981
1996,vietnam,Vietnam,73156447
1996,zambia,Zambia,9004053
1996,zimbabwe,Zimbabwe,11158360
1997,afghanistan,Afghanistan,18452091
1997,albania,Albania,3148281
1997,algeria,Algeria,29579301
1997,angola,Angola,14660413
1997,argentina,Argentina,35947791
1997,armenia,Armenia,3246289
1997,australia,Australia,18423037
1997,austria,Austria,7968041
1997,azerbaijan,Azerbaijan,7838250
1997,bangladesh,Bangladesh,127198069
1997,belarus,Belarus,10117433
1997,belgium,Belgium,10181245
1997,benin,Benin,6583365
1997,bolivia,Bolivia,8167900
1997,brazil,Brazil,166661659
1997,bulgaria,Bulgaria,8312068
1997,burkina-faso,Burkina Faso,10934223
1997,burundi,Burundi,6070042
1997,cambodia,Cambodia,11570982
1997,cameroon,Cameroon,13775214
1997,canada,Canada,29905948
1997,chad,Chad,7670366
1997,chile,Chile,14932434
1997,china,China,1230075000
1997,colombia,Colombia,37121149
1997,cote-d-ivoire,Cote d Ivoire,16047170
1997,croatia,Croatia,4534920
1997,cuba,Cuba,10997934
1997,cyprus,Cyprus,897568
1997,czechia,Czechia,10304131
1997,denmark,Denmark,5284991
1997,ecuador,Ecuador,12031127
1997,estonia,Estonia,1399535
1997,ethiopia,Ethiopia,61404539
1997,finland,Finland,5139835
1997,france,France,59968066
1997,georgia,Georgia,4349913
1997,germany,Germany,82034771
1997,ghana,Ghana,18238958
1997,greece,Greece,10661259
1997,guatemala,Guatemala,10857754
1997,guinea,Guinea,7931370
1997,haiti,Haiti,7854298
1997,hungary,Hungary,10290486
1997,iceland,Iceland,271128
1997,india,India,999133762
1997,indonesia,Indonesia,206536095
1997,iraq,Iraq,22176593
1997,ireland,Ireland,3674171
1997,israel,Israel,5836000
1997,italy,Italy,56890372
1997,japan,Japan,126057000
1997,jordan,Jordan,5046285
1997,kazakhstan,Kazakhstan,16043251
1997,kenya,Kenya,28101768
1997,kuwait,Kuwait,1787683
1997,latvia,Latvia,2432851
1997,lithuania,Lithuania,3575137
1997,luxembourg,Luxembourg,419450
1997,madagascar,Madagascar,14990814
1997,malawi,Malawi,10562035
1997,malaysia,Malaysia,21375218
1997,mali,Mali,10646495
1997,mexico,Mexico,94021207
1997,mongolia,Mongolia,2291750
1997,morocco,Morocco,27213337
1997,mozambique,Mozambique,16949982
1997,myanmar,Myanmar,43708798
1997,nepal,Nepal,23219463
1997,netherlands,Netherlands,15610650
1997,new-zealand,New Zealand,3781300
1997,niger,Niger,10383969
1997,nigeria,Nigeria,116754792
1997,norway,Norway,4405157
1997,oman,Oman,2190720
1997,pakistan,Pakistan,142531804
1997,panama,Panama,2836695
1997,peru,Peru,25274147
1997,philippines,Philippines,73908810
1997,poland,Poland,38649660
1997,portugal,Portugal,10108977
1997,qatar,Qatar,550500
1997,romania,Romania,22553978
1997,russia,Russia,147915361
1997,rwanda,Rwanda,7755238
1997,saudi-arabia,Saudi Arabia,14374943
1997,senegal,Senegal,9283495
1997,serbia,Serbia,7598538
1997,singapore,Singapore,3796038
1997,slovenia,Slovenia,1985956
1997,south-africa,South Africa,45666838
1997,spain,Spain,40057389
1997,sri-lanka,Sri Lanka,18248200
1997,sudan,Sudan,25799821
1997,sweden,Sweden,8846062
1997,switzerland,Switzerland,7088906
1997,tanzania,Tanzania,31578089
1997,thailand,Thailand,60724584
1997,tunisia,Tunisia,9421270
1997,turkey,Turkey,62852966
1997,ukraine,Ukraine,50786885
1997,united-arab-emirates,United Arab Emirates,2817410
1997,united-kingdom,United Kingdom,58316954
1997,united-states,United States,272657000
1997,uruguay,Uruguay,3223345
1997,uzbekistan,Uzbekistan,23758960
1997,vietnam,Vietnam,74226889
1997,zambia,Zambia,9237063
1997,zimbabwe,Zimbabwe,11369827
1998,afghanistan,Afghanistan,19159996
1998,albania,Albania,3128530
1998,algeria,Algeria,30054133
1998,angola,Angola,15159370
1998,argentina,Argentina,36372860
1998,armenia,Armenia,3208401
1998,australia,Australia,18607584
1998,austria,Austria,7976789
1998,azerbaijan,Azerbaijan,7913000
1998,bangladesh,Bangladesh,129622332
1998,belarus,Belarus,10071963
1998,belgium,Belgium,10203008
1998,benin,Benin,6789489
1998,bolivia,Bolivia,8313394
1998,brazil,Brazil,169159655
1998,bulgaria,Bulgaria,8256786
1998,burkina-faso,Burkina Faso,11240664
1998,burundi,Burundi,6187108
1998,cambodia,Cambodia,12058173
1998,cameroon,Cameroon,14144860
1998,canada,Canada,30155173
1998,chad,Chad,7938840
1998,chile,Chile,15127799
1998,china,China,1241935000
1998,colombia,Colombia,37792165
1998,cote-d-ivoire,Cote d Ivoire,16663948
1998,croatia,Croatia,4532135
1998,cuba,Cuba,11034712
1998,cyprus,Cyprus,914548
1998,czechia,Czechia,10294373
1998,denmark,Denmark,5304219
1998,ecuador,Ecuador,12251184
1998,estonia,Estonia,1386156
1998,ethiopia,Ethiopia,63363524
1998,finland,Finland,5153498
1998,france,France,60190684
1998,georgia,Georgia,4243607
1998,germany,Germany,82047195
1998,ghana,Ghana,18688036
1998,greece,Greece,10720509
1998,guatemala,Guatemala,11139145
1998,guinea,Guinea,8081990
1998,haiti,Haiti,8002143
1998,hungary,Hungary,10266570
1998,iceland,Iceland,274047
1998,india,India,1018665080
1998,indonesia,Indonesia,209826788
1998,iraq,Iraq,22884399
1998,ireland,Ireland,3712696
1998,israel,Israel,5971000
1998,italy,Italy,56906744
1998,japan,Japan,126400000
1998,jordan,Jordan,5164284
1998,kazakhstan,Kazakhstan,15647785
1998,kenya,Kenya,28888057
1998,kuwait,Kuwait,1844302
1998,latvia,Latvia,2410019
1998,lithuania,Lithuania,3549331
1998,luxembourg,Luxembourg,424700
1998,madagascar,Madagascar,15489364
1998,malawi,Malawi,10792876
1998,malaysia,Malaysia,21906713
1998,mali,Mali,10919573
1998,mexico,Mexico,95575245
1998,mongolia,Mongolia,2323809
1998,morocco,Morocco,27621648
1998,mozambique,Mozambique,17340464
1998,myanmar,Myanmar,44257793
1998,nepal,Nepal,23680357
1998,netherlands,Netherlands,15707209
1998,new-zealand,New Zealand,3815000
1998,niger,Niger,10741413
1998,nigeria,Nigeria,119846254
1998,norway,Norway,4431464
1998,oman,Oman,2222489
1998,pakistan,Pakistan,146522356
1998,panama,Panama,2893914
1998,peru,Peru,25738095
1998,philippines,Philippines,75791024
1998,poland,Poland,38663481
1998,portugal,Portugal,10160196
1998,qatar,Qatar,580540
1998,romania,Romania,22507344
1998,russia,Russia,147670784
1998,rwanda,Rwanda,8081681
1998,saudi-arabia,Saudi Arabia,14922185
1998,senegal,Senegal,9502952
1998,serbia,Serbia,7567745
1998,singapore,Singapore,3927213
1998,slovenia,Slovenia,1981629
1998,south-africa,South Africa,46223880
1998,spain,Spain,40223509
1998,sri-lanka,Sri Lanka,18596003
1998,sudan,Sudan,26458999
1998,sweden,Sweden,8850974
1998,switzerland,Switzerland,7110001
1998,tanzania,Tanzania,32420458
1998,thailand,Thailand,61522630
1998,tunisia,Tunisia,9541667
1998,turkey,Turkey,63734383
1998,ukraine,Ukraine,50379731
1998,united-arab-emirates,United Arab Emirates,3040421
1998,united-kingdom,United Kingdom,58487141
1998,united-states,United States,275854000
1998,uruguay,Uruguay,3239280
1998,uzbekistan,Uzbekistan,24134929
1998,vietnam,Vietnam,75299660
1998,zambia,Zambia,9482408
1998,zimbabwe,Zimbabwe,11594297
1999,afghanistan,Afghanistan,19887785
1999,albania,Albania,3108778
1999,algeria,Algeria,30474354
1999,angola,Angola,15667235
1999,argentina,Argentina,36794682
1999,armenia,Armenia,3167286
1999,australia,Australia,18812264
1999,austria,Austria,7992324
1999,azerbaijan,Azerbaijan,7982750
1999,bangladesh,Bangladesh,132108065
1999,belarus,Belarus,10026738
1999,belgium,Belgium,10226419
1999,benin,Benin,7002818
1999,bolivia,Bolivia,8459806
1999,brazil,Brazil,171641543
1999,bulgaria,Bulgaria,8210624
1999,burkina-faso,Burkina Faso,11574928
1999,burundi,Burundi,6337155
1999,cambodia,Cambodia,12265731
1999,cameroon,Cameroon,14525140
1999,canada,Canada,30401286
1999,chad,Chad,8222705
1999,chile,Chile,15319313
1999,china,China,1252735000
1999,colombia,Colombia,38454863
1999,cote-d-ivoire,Cote d Ivoire,17215935
1999,croatia,Croatia,4512597
1999,cuba,Cuba,11072230
1999,cyprus,Cyprus,931234
1999,czechia,Czechia,10283860
1999,denmark,Denmark,5321799
1999,ecuador,Ecuador,12470795
1999,estonia,Estonia,1390244
1999,ethiopia,Ethiopia,65374561
1999,finland,Finland,5165474
1999,france,France,60501986
1999,georgia,Georgia,4157192
1999,germany,Germany,82100243
1999,ghana,Ghana,19149864
1999,greece,Greece,10761698
1999,guatemala,Guatemala,11422965
1999,guinea,Guinea,8265123
1999,haiti,Haiti,8151296
1999,hungary,Hungary,10237530
1999,iceland,Iceland,277381
1999,india,India,1038225823
1999,indonesia,Indonesia,213004668
1999,iraq,Iraq,23636527
1999,ireland,Ireland,3754786
1999,israel,Israel,6125000
1999,italy,Italy,56916317
1999,japan,Japan,126631000
1999,jordan,Jordan,5276444
1999,kazakhstan,Kazakhstan,15455874
1999,kenya,Kenya,29733408
1999,kuwait,Kuwait,1900030
1999,latvia,Latvia,2390482
1999,lithuania,Lithuania,3524238
1999,luxembourg,Luxembourg,430475
1999,madagascar,Madagascar,16000506
1999,malawi,Malawi,11047804
1999,malaysia,Malaysia,22435531
1999,mali,Mali,11227415
1999,mexico,Mexico,97115707
1999,mongolia,Mongolia,2356813
1999,morocco,Morocco,28027179
1999,mozambique,Mozambique,17734506
1999,myanmar,Myanmar,44787724
1999,nepal,Nepal,24125199
1999,netherlands,Netherlands,15812088
1999,new-zealand,New Zealand,3835100
1999,niger,Niger,11117411
1999,nigeria,Nigeria,123047320
1999,norway,Norway,4461913
1999,oman,Oman,2252909
1999,pakistan,Pakistan,150565377
1999,panama,Panama,2951822
1999,peru,Peru,26186504
1999,philippines,Philippines,77753257
1999,poland,Poland,38660271
1999,portugal,Portugal,10217828
1999,qatar,Qatar,612500
1999,romania,Romania,22472040
1999,russia,Russia,147214776
1999,rwanda,Rwanda,8147912
1999,saudi-arabia,Saudi Arabia,15472075
1999,senegal,Senegal,9730887
1999,serbia,Serbia,7540401
1999,singapore,Singapore,3958723
1999,slovenia,Slovenia,1983045
1999,south-africa,South Africa,46730335
1999,spain,Spain,40386875
1999,sri-lanka,Sri Lanka,18944731
1999,sudan,Sudan,27130613
1999,sweden,Sweden,8857874
1999,switzerland,Switzerland,7143991
1999,tanzania,Tanzania,33300330
1999,thailand,Thailand,62299043
1999,tunisia,Tunisia,9655963
1999,turkey,Turkey,64591923
1999,ukraine,Ukraine,49976446
1999,united-arab-emirates,United Arab Emirates,3266009
1999,united-kingdom,United Kingdom,58682466
1999,united-states,United States,279040000
1999,uruguay,Uruguay,3254015
1999,uzbekistan,Uzbekistan,24476008
1999,vietnam,Vietnam,76287452
1999,zambia,Zambia,9740005
1999,zimbabwe,Zimbabwe,11783458
2000,afghanistan,Afghanistan,20130327
2000,albania,Albania,3089027
2000,algeria,Algeria,30903893
2000,angola,Angola,16194869
2000,argentina,Argentina,37213984
2000,armenia,Armenia,3221100
2000,australia,Australia,19028802
2000,austria,Austria,8011566
2000,azerbaijan,Azerbaijan,8048600
2000,bangladesh,Bangladesh,134544304
2000,belarus,Belarus,9979610
2000,belgium,Belgium,10251250
2000,benin,Benin,7221619
2000,bolivia,Bolivia,8606326
2000,brazil,Brazil,174018282
2000,bulgaria,Bulgaria,8170172
2000,burkina-faso,Burkina Faso,11925546
2000,burundi,Burundi,6470194
2000,cambodia,Cambodia,12462336
2000,cameroon,Cameroon,14912631
2000,canada,Canada,30685730
2000,chad,Chad,8512093
2000,chile,Chile,15503635
2000,china,China,1262645000
2000,colombia,Colombia,39089934
2000,cote-d-ivoire,Cote d Ivoire,17699004
2000,croatia,Croatia,4468302
2000,cuba,Cuba,11109109
2000,cyprus,Cyprus,947667
2000,czechia,Czechia,10255063
2000,denmark,Denmark,5339616
2000,ecuador,Ecuador,12689206
2000,estonia,Estonia,1396985
2000,ethiopia,Ethiopia,67411494
2000,finland,Finland,5176209
2000,france,France,60918661
2000,georgia,Georgia,4077131
2000,germany,Germany,82211508
2000,ghana,Ghana,19637087
2000,greece,Greece,10805808
2000,guatemala,Guatemala,11697592
2000,guinea,Guinea,8428832
2000,haiti,Haiti,8303151
2000,hungary,Hungary,10210971
2000,iceland,Iceland,281205
2000,india,India,1057922733
2000,indonesia,Indonesia,216077790
2000,iraq,Iraq,24424056
2000,ireland,Ireland,3805174
2000,israel,Israel,6289000
2000,italy,Italy,56942108
2000,japan,Japan,126843000
2000,jordan,Jordan,5386945
2000,kazakhstan,Kazakhstan,15501103
2000,kenya,Kenya,30642890
2000,kuwait,Kuwait,1954709
2000,latvia,Latvia,2367550
2000,lithuania,Lithuania,3499536
2000,luxembourg,Luxembourg,436300
2000,madagascar,Madagascar,16516338
2000,malawi,Malawi,11315942
2000,malaysia,Malaysia,22967816
2000,mali,Mali,11559290
2000,mexico,Mexico,98625552
2000,mongolia,Mongolia,2388299
2000,morocco,Morocco,28423435
2000,mozambique,Mozambique,18129653
2000,myanmar,Myanmar,45290841
2000,nepal,Nepal,24546509
2000,netherlands,Netherlands,15925513
2000,new-zealand,New Zealand,3857700
2000,niger,Niger,11509630
2000,nigeria,Nigeria,126382494
2000,norway,Norway,4490967
2000,oman,Oman,2282131
2000,pakistan,Pakistan,154879127
2000,panama,Panama,3010369
2000,peru,Peru,26598331
2000,philippines,Philippines,79625397
2000,poland,Poland,38258629
2000,portugal,Portugal,10289898
2000,qatar,Qatar,644989
2000,romania,Romania,22442971
2000,russia,Russia,146596869
2000,rwanda,Rwanda,8213931
2000,saudi-arabia,Saudi Arabia,16177722
2000,senegal,Senegal,9968260
2000,serbia,Serbia,7516346
2000,singapore,Singapore,4027887
2000,slovenia,Slovenia,1988925
2000,south-africa,South Africa,47159719
2000,spain,Spain,40567864
2000,sri-lanka,Sri Lanka,19293054
2000,sudan,Sudan,27816745
2000,sweden,Sweden,8872109
2000,switzerland,Switzerland,7184250
2000,tanzania,Tanzania,34260139
2000,thailand,Thailand,63007815
2000,tunisia,Tunisia,9764935
2000,turkey,Turkey,65425961
2000,ukraine,Ukraine,49556660
2000,united-arab-emirates,United Arab Emirates,3493575
2000,united-kingdom,United Kingdom,58892514
2000,united-states,United States,282162411
2000,uruguay,Uruguay,3266206
2000,uzbekistan,Uzbekistan,24787054
2000,vietnam,Vietnam,77154011
2000,zambia,Zambia,10017631
2000,zimbabwe,Zimbabwe,11892055
2001,afghanistan,Afghanistan,20284307
2001,albania,Albania,3060173
2001,algeria,Algeria,31331221
2001,angola,Angola,16747208
2001,argentina,Argentina,37624825
2001,armenia,Armenia,3211800
2001,australia,Australia,19274701
2001,austria,Austria,8042293
2001,azerbaijan,Azerbaijan,8111200
2001,bangladesh,Bangladesh,136805810
2001,belarus,Belarus,9928549
2001,belgium,Belgium,10286570
2001,benin,Benin,7445596
2001,bolivia,Bolivia,8752736
2001,brazil,Brazil,176301203
2001,bulgaria,Bulgaria,8009142
2001,burkina-faso,Burkina Faso,12295001
2001,burundi,Burundi,6634365
2001,cambodia,Cambodia,12658484
2001,cameroon,Cameroon,15309490
2001,canada,Canada,31020855
2001,chad,Chad,8804124
2001,chile,Chile,15683849
2001,china,China,1271850000
2001,colombia,Colombia,39709262
2001,cote-d-ivoire,Cote d Ivoire,18178913
2001,croatia,Croatia,4299642
2001,cuba,Cuba,11144132
2001,cyprus,Cyprus,964127
2001,czechia,Czechia,10216605
2001,denmark,Denmark,5358783
2001,ecuador,Ecuador,12910740
2001,estonia,Estonia,1388115
2001,ethiopia,Ethiopia,69487762
2001,finland,Finland,5188008
2001,france,France,61364377
2001,georgia,Georgia,4014373
2001,germany,Germany,82349925
2001,ghana,Ghana,20167069
2001,greece,Greece,10862132
2001,guatemala,Guatemala,11969422
2001,guinea,Guinea,8539960
2001,haiti,Haiti,8455918
2001,hungary,Hungary,10187576
2001,iceland,Iceland,284968
2001,india,India,1077898575
2001,indonesia,Indonesia,219097902
2001,iraq,Iraq,25197840
2001,ireland,Ireland,3866243
2001,israel,Israel,6439000
2001,italy,Italy,56976981
2001,japan,Japan,127149000
2001,jordan,Jordan,5498894
2001,kazakhstan,Kazakhstan,15575550
2001,kenya,Kenya,31619170
2001,kuwait,Kuwait,2008121
2001,latvia,Latvia,2337170
2001,lithuania,Lithuania,3470818
2001,luxembourg,Luxembourg,441525
2001,madagascar,Madagascar,17032939
2001,malawi,Malawi,11593058
2001,malaysia,Malaysia,23526538
2001,mali,Mali,11912158
2001,mexico,Mexico,100099099
2001,mongolia,Mongolia,2417751
2001,morocco,Morocco,28814643
2001,mozambique,Mozambique,18537729
2001,myanmar,Myanmar,45771139
2001,nepal,Nepal,24946748
2001,netherlands,Netherlands,16046180
2001,new-zealand,New Zealand,3880500
2001,niger,Niger,11920647
2001,nigeria,Nigeria,129862595
2001,norway,Norway,4513751
2001,oman,Oman,2310217
2001,pakistan,Pakistan,159270907
2001,panama,Panama,3069537
2001,peru,Peru,26964601
2001,philippines,Philippines,81401488
2001,poland,Poland,38248076
2001,portugal,Portugal,10362722
2001,qatar,Qatar,677925
2001,romania,Romania,22131970
2001,russia,Russia,145976482
2001,rwanda,Rwanda,8287094
2001,saudi-arabia,Saudi Arabia,17041397
2001,senegal,Senegal,10212942
2001,serbia,Serbia,7503433
2001,singapore,Singapore,4138012
2001,slovenia,Slovenia,1992060
2001,south-africa,South Africa,47566800
2001,spain,Spain,40850412
2001,sri-lanka,Sri Lanka,19600362
2001,sudan,Sudan,28516770
2001,sweden,Sweden,8895960
2001,switzerland,Switzerland,7229854
2001,tanzania,Tanzania,35198299
2001,thailand,Thailand,63651141
2001,tunisia,Tunisia,9869677
2001,turkey,Turkey,66245128
2001,ukraine,Ukraine,49106855
2001,united-arab-emirates,United Arab Emirates,3723590
2001,united-kingdom,United Kingdom,59119673
2001,united-states,United States,284968955
2001,uruguay,Uruguay,3274251
2001,uzbekistan,Uzbekistan,25090283
2001,vietnam,Vietnam,77969361
2001,zambia,Zambia,10325185
2001,zimbabwe,Zimbabwe,11971901
2002,afghanistan,Afghanistan,21378117
2002,albania,Albania,3051010
2002,algeria,Algeria,31750835
2002,angola,Angola,17327699
2002,argentina,Argentina,38029349
2002,armenia,Armenia,3199800
2002,australia,Australia,19495210
2002,austria,Austria,8081957
2002,azerbaijan,Azerbaijan,8171950
2002,bangladesh,Bangladesh,138933658
2002,belarus,Belarus,9865548
2002,belgium,Belgium,10332785
2002,benin,Benin,7675426
2002,bolivia,Bolivia,8900355
2002,brazil,Brazil,178503484
2002,bulgaria,Bulgaria,7837161
2002,burkina-faso,Burkina Faso,12680897
2002,burundi,Burundi,6824132
2002,cambodia,Cambodia,12855241
2002,cameroon,Cameroon,15725528
2002,canada,Canada,31359199
2002,chad,Chad,9116192
2002,chile,Chile,15857925
2002,china,China,1280400000
2002,colombia,Colombia,40324680
2002,cote-d-ivoire,Cote d Ivoire,18654771
2002,croatia,Croatia,4302174
2002,cuba,Cuba,11177418
2002,cyprus,Cyprus,981440
2002,czechia,Czechia,10196916
2002,denmark,Denmark,5375931
2002,ecuador,Ecuador,13138472
2002,estonia,Estonia,1379350
2002,ethiopia,Ethiopia,71635517
2002,finland,Finland,5200598
2002,france,France,61812142
2002,georgia,Georgia,3978515
2002,germany,Germany,82488495
2002,ghana,Ghana,20729388
2002,greece,Greece,10902022
2002,guatemala,Guatemala,12246915
2002,guinea,Guinea,8674066
2002,haiti,Haiti,8607641
2002,hungary,Hungary,10158608
2002,iceland,Iceland,287523
2002,india,India,1097600380
2002,indonesia,Indonesia,222088495
2002,iraq,Iraq,26006559
2002,ireland,Ireland,3931947
2002,israel,Israel,6570000
2002,italy,Italy,57089824
2002,japan,Japan,127445000
2002,jordan,Jordan,5616066
2002,kazakhstan,Kazakhstan,15656677
2002,kenya,Kenya,32629808
2002,kuwait,Kuwait,2059974
2002,latvia,Latvia,2310173
2002,lithuania,Lithuania,3443067
2002,luxembourg,Luxembourg,446175
2002,madagascar,Madagascar,17549913
2002,malawi,Malawi,11880440
2002,malaysia,Malaysia,24102477
2002,mali,Mali,12288050
2002,mexico,Mexico,101548624
2002,mongolia,Mongolia,2449027
2002,morocco,Morocco,29198142
2002,mozambique,Mozambique,18958338
2002,myanmar,Myanmar,46232653
2002,nepal,Nepal,25328981
2002,netherlands,Netherlands,16148929
2002,new-zealand,New Zealand,3948500
2002,niger,Niger,12349144
2002,nigeria,Nigeria,133471989
2002,norway,Norway,4538159
2002,oman,Oman,2337140
2002,pakistan,Pakistan,163222549
2002,panama,Panama,3129344
2002,peru,Peru,27288217
2002,philippines,Philippines,83068889
2002,poland,Poland,38230364
2002,portugal,Portugal,10419631
2002,qatar,Qatar,711205
2002,romania,Romania,21730496
2002,russia,Russia,145306497
2002,rwanda,Rwanda,8400180
2002,saudi-arabia,Saudi Arabia,17910910
2002,senegal,Senegal,10466214
2002,serbia,Serbia,7500031
2002,singapore,Singapore,4175950
2002,slovenia,Slovenia,1994530
2002,south-africa,South Africa,48019415
2002,spain,Spain,41431558
2002,sri-lanka,Sri Lanka,19805752
2002,sudan,Sudan,29228727
2002,sweden,Sweden,8924958
2002,switzerland,Switzerland,7284753
2002,tanzania,Tanzania,36121304
2002,thailand,Thailand,64266437
2002,tunisia,Tunisia,9971515
2002,turkey,Turkey,67048795
2002,ukraine,Ukraine,48677281
2002,united-arab-emirates,United Arab Emirates,3956826
2002,united-kingdom,United Kingdom,59370479
2002,united-states,United States,287625193
2002,uruguay,Uruguay,3278867
2002,uzbekistan,Uzbekistan,25399980
2002,vietnam,Vietnam,78772224
2002,zambia,Zambia,10647949
2002,zimbabwe,Zimbabwe,12087653
2003,afghanistan,Afghanistan,22733049
2003,albania,Albania,3039616
2003,algeria,Algeria,32175818
2003,angola,Angola,17943712
2003,argentina,Argentina,38424282
2003,armenia,Armenia,3182500
2003,australia,Australia,19720737
2003,austria,Austria,8121423
2003,azerbaijan,Azerbaijan,8234100
2003,bangladesh,Bangladesh,140970351
2003,belarus,Belarus,9796749
2003,belgium,Belgium,10376133
2003,benin,Benin,7913070
2003,bolivia,Bolivia,9050700
2003,brazil,Brazil,180622688
2003,bulgaria,Bulgaria,7775327
2003,burkina-faso,Burkina Faso,13082532
2003,burundi,Burundi,7043154
2003,cambodia,Cambodia,13050968
2003,cameroon,Cameroon,16160340
2003,canada,Canada,31642461
2003,chad,Chad,9487833
2003,chile,Chile,16024752
2003,china,China,1288400000
2003,colombia,Colombia,40937429
2003,cote-d-ivoire,Cote d Ivoire,19125542
2003,croatia,Croatia,4303399
2003,cuba,Cuba,11209383
2003,cyprus,Cyprus,999590
2003,czechia,Czechia,10193998
2003,denmark,Denmark,5390574
2003,ecuador,Ecuador,13372306
2003,estonia,Estonia,1370720
2003,ethiopia,Ethiopia,73832663
2003,finland,Finland,5213014
2003,france,France,62249855
2003,georgia,Georgia,3951736
2003,germany,Germany,82534176
2003,ghana,Ghana,21296705
2003,greece,Greece,10928070
2003,guatemala,Guatemala,12525842
2003,guinea,Guinea,8870781
2003,haiti,Haiti,8759912
2003,hungary,Hungary,10129552
2003,iceland,Iceland,289521
2003,india,India,1116803006
2003,indonesia,Indonesia,225048008
2003,iraq,Iraq,26802659
2003,ireland,Ireland,3996521
2003,israel,Israel,6689700
2003,italy,Italy,57399184
2003,japan,Japan,127718000
2003,jordan,Jordan,5741828
2003,kazakhstan,Kazakhstan,15747380
2003,kenya,Kenya,33652223
2003,kuwait,Kuwait,2109881
2003,latvia,Latvia,2287955
2003,lithuania,Lithuania,3415213
2003,luxembourg,Luxembourg,451630
2003,madagascar,Madagascar,18071854
2003,malawi,Malawi,12181574
2003,malaysia,Malaysia,24679602
2003,mali,Mali,12684955
2003,mexico,Mexico,102978515
2003,mongolia,Mongolia,2480374
2003,morocco,Morocco,29571415
2003,mozambique,Mozambique,19392475
2003,myanmar,Myanmar,46667192
2003,nepal,Nepal,25688758
2003,netherlands,Netherlands,16225302
2003,new-zealand,New Zealand,4027200
2003,niger,Niger,12796984
2003,nigeria,Nigeria,137202644
2003,norway,Norway,4564855
2003,oman,Oman,2363796
2003,pakistan,Pakistan,167110248
2003,panama,Panama,3189807
2003,peru,Peru,27580490
2003,philippines,Philippines,84731835
2003,poland,Poland,38204570
2003,portugal,Portugal,10458821
2003,qatar,Qatar,744682
2003,romania,Romania,21574326
2003,russia,Russia,144648618
2003,rwanda,Rwanda,8586875
2003,saudi-arabia,Saudi Arabia,18786767
2003,senegal,Senegal,10721176
2003,serbia,Serbia,7480591
2003,singapore,Singapore,4114826
2003,slovenia,Slovenia,1995733
2003,south-africa,South Africa,48500348
2003,spain,Spain,42187645
2003,sri-lanka,Sri Lanka,19951521
2003,sudan,Sudan,29896035
2003,sweden,Sweden,8958229
2003,switzerland,Switzerland,7339001
2003,tanzania,Tanzania,37089555
2003,thailand,Thailand,64868166
2003,tunisia,Tunisia,10071632
2003,turkey,Turkey,67831730
2003,ukraine,Ukraine,48315136
2003,united-arab-emirates,United Arab Emirates,4192457
2003,united-kingdom,United Kingdom,59647577
2003,united-states,United States,290107933
2003,uruguay,Uruguay,3281186
2003,uzbekistan,Uzbekistan,25711259
2003,vietnam,Vietnam,79563777
2003,zambia,Zambia,10983595
2003,zimbabwe,Zimbabwe,12232323
2004,afghanistan,Afghanistan,23560654
2004,albania,Albania,3026939
2004,algeria,Algeria,32628286
2004,angola,Angola,18600423
2004,argentina,Argentina,38815916
2004,armenia,Armenia,3164900
2004,australia,Australia,19932722
2004,austria,Austria,8171966
2004,azerbaijan,Azerbaijan,8306500
2004,bangladesh,Bangladesh,142902856
2004,belarus,Belarus,9730146
2004,belgium,Belgium,10421137
2004,benin,Benin,8159094
2004,bolivia,Bolivia,9204287
2004,brazil,Brazil,182675143
2004,bulgaria,Bulgaria,7716860
2004,burkina-faso,Burkina Faso,13500533
2004,burundi,Burundi,7310656
2004,cambodia,Cambodia,13244731
2004,cameroon,Cameroon,16610487
2004,canada,Canada,31938807
2004,chad,Chad,9920036
2004,chile,Chile,16187322
2004,china,China,1296075000
2004,colombia,Colombia,41543171
2004,cote-d-ivoire,Cote d Ivoire,19595000
2004,croatia,Croatia,4304600
2004,cuba,Cuba,11238756
2004,cyprus,Cyprus,1017875
2004,czechia,Czechia,10197101
2004,denmark,Denmark,5404523
2004,ecuador,Ecuador,13608701
2004,estonia,Estonia,1362550
2004,ethiopia,Ethiopia,76077206
2004,finland,Finland,5228172
2004,france,France,62707588
2004,georgia,Georgia,3927340
2004,germany,Germany,82516260
2004,ghana,Ghana,21868298
2004,greece,Greece,10955141
2004,guatemala,Guatemala,12807402
2004,guinea,Guinea,9062726
2004,haiti,Haiti,8910263
2004,hungary,Hungary,10107146
2004,iceland,Iceland,292074
2004,india,India,1135991513
2004,indonesia,Indonesia,227926649
2004,iraq,Iraq,27577878
2004,ireland,Ireland,4070262
2004,israel,Israel,6809000
2004,italy,Italy,57828179
2004,japan,Japan,127761000
2004,jordan,Jordan,5882061
2004,kazakhstan,Kazakhstan,15850159
2004,kenya,Kenya,34713455
2004,kuwait,Kuwait,2157320
2004,latvia,Latvia,2263122
2004,lithuania,Lithuania,3377075
2004,luxembourg,Luxembourg,458095
2004,madagascar,Madagascar,18606608
2004,malawi,Malawi,12500737
2004,malaysia,Malaysia,25256772
2004,mali,Mali,13102409
2004,mexico,Mexico,104394131
2004,mongolia,Mongolia,2508412
2004,morocco,Morocco,29953018
2004,mozambique,Mozambique,19840313
2004,myanmar,Myanmar,47068772
2004,nepal,Nepal,26016656
2004,netherlands,Netherlands,16281779
2004,new-zealand,New Zealand,4087500
2004,niger,Niger,13265836
2004,nigeria,Nigeria,141057045
2004,norway,Norway,4591910
2004,oman,Oman,2404821
2004,pakistan,Pakistan,171286000
2004,panama,Panama,3251155
2004,peru,Peru,27852190
2004,philippines,Philippines,86394504
2004,poland,Poland,38182222
2004,portugal,Portugal,10483861
2004,qatar,Qatar,773332
2004,romania,Romania,21451748
2004,russia,Russia,144067316
2004,rwanda,Rwanda,8816844
2004,saudi-arabia,Saudi Arabia,19669480
2004,senegal,Senegal,10975704
2004,serbia,Serbia,7463157
2004,singapore,Singapore,4166664
2004,slovenia,Slovenia,1997012
2004,south-africa,South Africa,48991421
2004,spain,Spain,42921895
2004,sri-lanka,Sri Lanka,20087605
2004,sudan,Sudan,30556637
2004,sweden,Sweden,8993531
2004,switzerland,Switzerland,7389625
2004,tanzania,Tanzania,38109668
2004,thailand,Thailand,65452047
2004,tunisia,Tunisia,10166163
2004,turkey,Turkey,68592617
2004,ukraine,Ukraine,47979507
2004,united-arab-emirates,United Arab Emirates,4428967
2004,united-kingdom,United Kingdom,59987905
2004,united-states,United States,292805298
2004,uruguay,Uruguay,3283148
2004,uzbekistan,Uzbekistan,26029350
2004,vietnam,Vietnam,80338971
2004,zambia,Zambia,11338198
2004,zimbabwe,Zimbabwe,12365896
2005,afghanistan,Afghanistan,24404567
2005,albania,Albania,3011487
2005,algeria,Algeria,33109249
2005,angola,Angola,19291161
2005,argentina,Argentina,39216789
2005,armenia,Armenia,3146400
2005,australia,Australia,20176844
2005,austria,Austria,8227829
2005,azerbaijan,Azerbaijan,8391850
2005,bangladesh,Bangladesh,144715786
2005,belarus,Belarus,9663915
2005,belgium,Belgium,10478617
2005,benin,Benin,8426144
2005,bolivia,Bolivia,9360754
2005,brazil,Brazil,184688101
2005,bulgaria,Bulgaria,7658972
2005,burkina-faso,Burkina Faso,13932123
2005,burundi,Burundi,7587299
2005,cambodia,Cambodia,13439202
2005,cameroon,Cameroon,17074594
2005,canada,Canada,32242732
2005,chad,Chad,10328092
2005,chile,Chile,16348778
2005,china,China,1303720000
2005,colombia,Colombia,42128977
2005,cote-d-ivoire,Cote d Ivoire,20068458
2005,croatia,Croatia,4310145
2005,cuba,Cuba,11262554
2005,cyprus,Cyprus,1036151
2005,czechia,Czechia,10211216
2005,denmark,Denmark,5419432
2005,ecuador,Ecuador,13846163
2005,estonia,Estonia,1354775
2005,ethiopia,Ethiopia,78367470
2005,finland,Finland,5246096
2005,france,France,63180854
2005,georgia,Georgia,3902469
2005,germany,Germany,82469422
2005,ghana,Ghana,22449438
2005,greece,Greece,10987314
2005,guatemala,Guatemala,13087629
2005,guinea,Guinea,9245844
2005,haiti,Haiti,9061273
2005,hungary,Hungary,10087065
2005,iceland,Iceland,296734
2005,india,India,1154676322
2005,indonesia,Indonesia,230871650
2005,iraq,Iraq,28407448
2005,ireland,Ireland,4159914
2005,israel,Israel,6930100
2005,italy,Italy,58166682
2005,japan,Japan,127773000
2005,jordan,Jordan,6029587
2005,kazakhstan,Kazakhstan,15968117
2005,kenya,Kenya,35796484
2005,kuwait,Kuwait,2236788
2005,latvia,Latvia,2238799
2005,lithuania,Lithuania,3322528
2005,luxembourg,Luxembourg,465158
2005,madagascar,Madagascar,19159707
2005,malawi,Malawi,12840031
2005,malaysia,Malaysia,25836071
2005,mali,Mali,13538647
2005,mexico,Mexico,105811504
2005,mongolia,Mongolia,2536407
2005,morocco,Morocco,30358144
2005,mozambique,Mozambique,20304569
2005,myanmar,Myanmar,47438365
2005,nepal,Nepal,26309458
2005,netherlands,Netherlands,16319868
2005,new-zealand,New Zealand,4133900
2005,niger,Niger,13756192
2005,nigeria,Nigeria,145017253
2005,norway,Norway,4623291
2005,oman,Oman,2459802
2005,pakistan,Pakistan,175453212
2005,panama,Panama,3313026
2005,peru,Peru,28101180
2005,philippines,Philippines,88015962
2005,poland,Poland,38165445
2005,portugal,Portugal,10503330
2005,qatar,Qatar,825408
2005,romania,Romania,21319685
2005,russia,Russia,143518814
2005,rwanda,Rwanda,9054528
2005,saudi-arabia,Saudi Arabia,20559890
2005,senegal,Senegal,11235472
2005,serbia,Serbia,7440769
2005,singapore,Singapore,4265762
2005,slovenia,Slovenia,2000474
2005,south-africa,South Africa,49490033
2005,spain,Spain,43653155
2005,sri-lanka,Sri Lanka,20216524
2005,sudan,Sudan,31262444
2005,sweden,Sweden,9029572
2005,switzerland,Switzerland,7437115
2005,tanzania,Tanzania,39182076
2005,thailand,Thailand,66017420
2005,tunisia,Tunisia,10255472
2005,turkey,Turkey,69329557
2005,ukraine,Ukraine,47585556
2005,united-arab-emirates,United Arab Emirates,4664790
2005,united-kingdom,United Kingdom,60401206
2005,united-states,United States,295516599
2005,uruguay,Uruguay,3285771
2005,uzbekistan,Uzbekistan,26356975
2005,vietnam,Vietnam,81088313
2005,zambia,Zambia,11718819
2005,zimbabwe,Zimbabwe,12483432
2006,afghanistan,Afghanistan,25424094
2006,albania,Albania,2992547
2006,algeria,Algeria,33623506
2006,angola,Angola,20015279
2006,argentina,Argentina,39622115
2006,armenia,Armenia,3127100
2006,australia,Australia,20450966
2006,austria,Austria,8268641
2006,azerbaijan,Azerbaijan,8484550
2006,bangladesh,Bangladesh,146405973
2006,belarus,Belarus,9604924
2006,belgium,Belgium,10547958
2006,benin,Benin,8693242
2006,bolivia,Bolivia,9521689
2006,brazil,Brazil,186653106
2006,bulgaria,Bulgaria,7601022
2006,burkina-faso,Burkina Faso,14373707
2006,burundi,Burundi,7865547
2006,cambodia,Cambodia,13639028
2006,cameroon,Cameroon,17550407
2006,canada,Canada,32571193
2006,chad,Chad,10706424
2006,chile,Chile,16509195
2006,china,China,1311020000
2006,colombia,Colombia,42691084
2006,cote-d-ivoire,Cote d Ivoire,20546802
2006,croatia,Croatia,4311159
2006,cuba,Cuba,11278550
2006,cyprus,Cyprus,1054418
2006,czechia,Czechia,10238905
2006,denmark,Denmark,5437272
2006,ecuador,Ecuador,14086131
2006,estonia,Estonia,1346810
2006,ethiopia,Ethiopia,80703490
2006,finland,Finland,5266268
2006,france,France,63622342
2006,georgia,Georgia,3880347
2006,germany,Germany,82376451
2006,ghana,Ghana,23040702
2006,greece,Greece,11020362
2006,guatemala,Guatemala,13367459
2006,guinea,Guinea,9441171
2006,haiti,Haiti,9216562
2006,hungary,Hungary,10071370
2006,iceland,Iceland,303782
2006,india,India,1172878890
2006,indonesia,Indonesia,233951652
2006,iraq,Iraq,28616515
2006,ireland,Ireland,4273591
2006,israel,Israel,7053700
2006,italy,Italy,58399861
2006,japan,Japan,127854000
2006,jordan,Jordan,6427371
2006,kazakhstan,Kazakhstan,16103716
2006,kenya,Kenya,36904008
2006,kuwait,Kuwait,2364733
2006,latvia,Latvia,2218357
2006,lithuania,Lithuania,3269909
2006,luxembourg,Luxembourg,472637
2006,madagascar,Madagascar,19730909
2006,malawi,Malawi,13198701
2006,malaysia,Malaysia,26417909
2006,mali,Mali,13990139
2006,mexico,Mexico,107253666
2006,mongolia,Mongolia,2567168
2006,morocco,Morocco,30771178
2006,mozambique,Mozambique,20787087
2006,myanmar,Myanmar,47785135
2006,nepal,Nepal,26565425
2006,netherlands,Netherlands,16346101
2006,new-zealand,New Zealand,4184600
2006,niger,Niger,14268581
2006,nigeria,Nigeria,149077334
2006,norway,Norway,4660677
2006,oman,Oman,2514795
2006,pakistan,Pakistan,179682690
2006,panama,Panama,3375024
2006,peru,Peru,28324491
2006,philippines,Philippines,89508986
2006,poland,Poland,38141267
2006,portugal,Portugal,10522288
2006,qatar,Qatar,972831
2006,romania,Romania,21193760
2006,russia,Russia,143049637
2006,rwanda,Rwanda,9299246
2006,saudi-arabia,Saudi Arabia,21459144
2006,senegal,Senegal,11500094
2006,serbia,Serbia,7411569
2006,singapore,Singapore,4401365
2006,slovenia,Slovenia,2006868
2006,south-africa,South Africa,49998277
2006,spain,Spain,44397319
2006,sri-lanka,Sri Lanka,20352411
2006,sudan,Sudan,31992435
2006,sweden,Sweden,9080505
2006,switzerland,Switzerland,7483934
2006,tanzania,Tanzania,40294902
2006,thailand,Thailand,66567687
2006,tunisia,Tunisia,10346410
2006,turkey,Turkey,70045349
2006,ukraine,Ukraine,47278694
2006,united-arab-emirates,United Arab Emirates,5009100
2006,united-kingdom,United Kingdom,60846820
2006,united-states,United States,298379912
2006,uruguay,Uruguay,3289506
2006,uzbekistan,Uzbekistan,26699043
2006,vietnam,Vietnam,82167897
2006,zambia,Zambia,12129553
2006,zimbabwe,Zimbabwe,12636445
2007,afghanistan,Afghanistan,25909852
2007,albania,Albania,2970017
2007,algeria,Algeria,34189416
2007,angola,Angola,20778561
2007,argentina,Argentina,40016763
2007,armenia,Armenia,3107400
2007,australia,Australia,20827622
2007,austria,Austria,8295487
2007,azerbaijan,Azerbaijan,8581300
2007,bangladesh,Bangladesh,147989278
2007,belarus,Belarus,9560953
2007,belgium,Belgium,10625700
2007,benin,Benin,8953969
2007,bolivia,Bolivia,9685960
2007,brazil,Brazil,188552320
2007,bulgaria,Bulgaria,7545338
2007,burkina-faso,Burkina Faso,14816307
2007,burundi,Burundi,8161874
2007,cambodia,Cambodia,13841770
2007,cameroon,Cameroon,18049896
2007,canada,Canada,32888886
2007,chad,Chad,11081660
2007,chile,Chile,16671581
2007,china,China,1317885000
2007,colombia,Colombia,43235374
2007,cote-d-ivoire,Cote d Ivoire,21030558
2007,croatia,Croatia,4310217
2007,cuba,Cuba,11287272
2007,cyprus,Cyprus,1072714
2007,czechia,Czechia,10298828
2007,denmark,Denmark,5461438
2007,ecuador,Ecuador,14328773
2007,estonia,Estonia,1340680
2007,ethiopia,Ethiopia,83103217
2007,finland,Finland,5288720
2007,france,France,64016890
2007,georgia,Georgia,3860158
2007,germany,Germany,82266372
2007,ghana,Ghana,23642279
2007,greece,Greece,11048473
2007,guatemala,Guatemala,13652040
2007,guinea,Guinea,9662281
2007,haiti,Haiti,9373296
2007,hungary,Hungary,10055780
2007,iceland,Iceland,311566
2007,india,India,1190676021
2007,indonesia,Indonesia,237062337
2007,iraq,Iraq,28391607
2007,ireland,Ireland,4398942
2007,israel,Israel,7180100
2007,italy,Italy,58756247
2007,japan,Japan,128001000
2007,jordan,Jordan,6827227
2007,kazakhstan,Kazakhstan,16257214
2007,kenya,Kenya,38036349
2007,kuwait,Kuwait,2507887
2007,latvia,Latvia,2200325
2007,lithuania,Lithuania,3231294
2007,luxembourg,Luxembourg,479993
2007,madagascar,Madagascar,20318583
2007,malawi,Malawi,13576343
2007,malaysia,Malaysia,26998389
2007,mali,Mali,14457775
2007,mexico,Mexico,108774360
2007,mongolia,Mongolia,2601850
2007,morocco,Morocco,31186468
2007,mozambique,Mozambique,21287635
2007,myanmar,Myanmar,48125043
2007,nepal,Nepal,26788492
2007,netherlands,Netherlands,16381696
2007,new-zealand,New Zealand,4223800
2007,niger,Niger,14803610
2007,nigeria,Nigeria,153267261
2007,norway,Norway,4709153
2007,oman,Oman,2570174
2007,pakistan,Pakistan,184493231
2007,panama,Panama,3437490
2007,peru,Peru,28530699
2007,philippines,Philippines,91075184
2007,poland,Poland,38120560
2007,portugal,Portugal,10542964
2007,qatar,Qatar,1208595
2007,romania,Romania,20882982
2007,russia,Russia,142805114
2007,rwanda,Rwanda,9549933
2007,saudi-arabia,Saudi Arabia,22368313
2007,senegal,Senegal,11770344
2007,serbia,Serbia,7381579
2007,singapore,Singapore,4588599
2007,slovenia,Slovenia,2018122
2007,south-africa,South Africa,50528584
2007,spain,Spain,45226803
2007,sri-lanka,Sri Lanka,20492545
2007,sudan,Sudan,32764135
2007,sweden,Sweden,9148092
2007,switzerland,Switzerland,7551117
2007,tanzania,Tanzania,41435512
2007,thailand,Thailand,67102394
2007,tunisia,Tunisia,10441702
2007,turkey,Turkey,70158112
2007,ukraine,Ukraine,47062798
2007,united-arab-emirates,United Arab Emirates,5624635
2007,united-kingdom,United Kingdom,61322463
2007,united-states,United States,301231207
2007,uruguay,Uruguay,3295153
2007,uzbekistan,Uzbekistan,27076008
2007,vietnam,Vietnam,83633375
2007,zambia,Zambia,12565085
2007,zimbabwe,Zimbabwe,12804058
2008,afghanistan,Afghanistan,26482622
2008,albania,Albania,2947314
2008,algeria,Algeria,34816961
2008,angola,Angola,21578655
2008,argentina,Argentina,40424148
2008,armenia,Armenia,3087100
2008,australia,Australia,21249199
2008,austria,Austria,8321496
2008,azerbaijan,Azerbaijan,8763400
2008,bangladesh,Bangladesh,149474264
2008,belarus,Belarus,9527985
2008,belgium,Belgium,10709973
2008,benin,Benin,9228466
2008,bolivia,Bolivia,9850858
2008,brazil,Brazil,190367302
2008,bulgaria,Bulgaria,7492561
2008,burkina-faso,Burkina Faso,15258093
2008,burundi,Burundi,8505637
2008,cambodia,Cambodia,14053479
2008,cameroon,Cameroon,18574056
2008,canada,Canada,33247298
2008,chad,Chad,11476296
2008,chile,Chile,16838988
2008,china,China,1324655000
2008,colombia,Colombia,43758808
2008,cote-d-ivoire,Cote d Ivoire,21514439
2008,croatia,Croatia,4309705
2008,cuba,Cuba,11291762
2008,cyprus,Cyprus,1091026
2008,czechia,Czechia,10384603
2008,denmark,Denmark,5493621
2008,ecuador,Ecuador,14575202
2008,estonia,Estonia,1337090
2008,ethiopia,Ethiopia,85543668
2008,finland,Finland,5313399
2008,france,France,64375116
2008,georgia,Georgia,3848449
2008,germany,Germany,82110097
2008,ghana,Ghana,24249946
2008,greece,Greece,11077841
2008,guatemala,Guatemala,13935174
2008,guinea,Guinea,9898870
2008,haiti,Haiti,9530774
2008,hungary,Hungary,10038188
2008,iceland,Iceland,317414
2008,india,India,1207930964
2008,indonesia,Indonesia,240157903
2008,iraq,Iraq,28971036
2008,ireland,Ireland,4489544
2008,israel,Israel,7308800
2008,italy,Italy,59211181
2008,japan,Japan,128063000
2008,jordan,Jordan,6989866
2008,kazakhstan,Kazakhstan,16426525
2008,kenya,Kenya,39206351
2008,kuwait,Kuwait,2651421
2008,latvia,Latvia,2177322
2008,lithuania,Lithuania,3198231
2008,luxembourg,Luxembourg,488650
2008,madagascar,Madagascar,20923840
2008,malawi,Malawi,13976417
2008,malaysia,Malaysia,27570059
2008,mali,Mali,14940782
2008,mexico,Mexico,110374288
2008,mongolia,Mongolia,2643201
2008,morocco,Morocco,31606767
2008,mozambique,Mozambique,21819036
2008,myanmar,Myanmar,48390793
2008,nepal,Nepal,26990037
2008,netherlands,Netherlands,16445593
2008,new-zealand,New Zealand,4259800
2008,niger,Niger,15361915
2008,nigeria,Nigeria,157595014
2008,norway,Norway,4768212
2008,oman,Oman,2626529
2008,pakistan,Pakistan,189499113
2008,panama,Panama,3500648
2008,peru,Peru,28719041
2008,philippines,Philippines,92699095
2008,poland,Poland,38125759
2008,portugal,Portugal,10558177
2008,qatar,Qatar,1426938
2008,romania,Romania,20537875
2008,russia,Russia,142742366
2008,rwanda,Rwanda,9804269
2008,saudi-arabia,Saudi Arabia,23287877
2008,senegal,Senegal,12048959
2008,serbia,Serbia,7350222
2008,singapore,Singapore,4839396
2008,slovenia,Slovenia,2021316
2008,south-africa,South Africa,51114599
2008,spain,Spain,45954106
2008,sri-lanka,Sri Lanka,20629378
2008,sudan,Sudan,33623980
2008,sweden,Sweden,9219637
2008,switzerland,Switzerland,7647675
2008,tanzania,Tanzania,42570728
2008,thailand,Thailand,67619830
2008,tunisia,Tunisia,10542635
2008,turkey,Turkey,71051678
2008,ukraine,Ukraine,46819175
2008,united-arab-emirates,United Arab Emirates,6302664
2008,united-kingdom,United Kingdom,61806995
2008,united-states,United States,304093966
2008,uruguay,Uruguay,3302177
2008,uzbekistan,Uzbekistan,27494774
2008,vietnam,Vietnam,85175788
2008,zambia,Zambia,13021324
2008,zimbabwe,Zimbabwe,12959149
2009,afghanistan,Afghanistan,27466101
2009,albania,Albania,2927519
2009,algeria,Algeria,35490445
2009,angola,Angola,22414773
2009,argentina,Argentina,40854831
2009,armenia,Armenia,3066000
2009,australia,Australia,21691653
2009,austria,Austria,8343323
2009,azerbaijan,Azerbaijan,8947243
2009,bangladesh,Bangladesh,150873714
2009,belarus,Belarus,9504583
2009,belgium,Belgium,10796493
2009,benin,Benin,9509423
2009,bolivia,Bolivia,10016275
2009,brazil,Brazil,192079951
2009,bulgaria,Bulgaria,7444443
2009,burkina-faso,Burkina Faso,15710066
2009,burundi,Burundi,8947646
2009,cambodia,Cambodia,14276810
2009,cameroon,Cameroon,19113974
2009,canada,Canada,33630069
2009,chad,Chad,11893754
2009,chile,Chile,17009731
2009,china,China,1331260000
2009,colombia,Colombia,44271541
2009,cote-d-ivoire,Cote d Ivoire,21997940
2009,croatia,Croatia,4305181
2009,cuba,Cuba,11294719
2009,cyprus,Cyprus,1109371
2009,czechia,Czechia,10443936
2009,denmark,Denmark,5523095
2009,ecuador,Ecuador,14825954
2009,estonia,Estonia,1334515
2009,ethiopia,Ethiopia,88007636
2009,finland,Finland,5338871
2009,france,France,64706436
2009,georgia,Georgia,3814419
2009,germany,Germany,81902307
2009,ghana,Ghana,24862664
2009,greece,Greece,11107017
2009,guatemala,Guatemala,14215611
2009,guinea,Guinea,10143534
2009,haiti,Haiti,9689581
2009,hungary,Hungary,10022650
2009,iceland,Iceland,318499
2009,india,India,1225524753
2009,indonesia,Indonesia,243220028
2009,iraq,Iraq,30058206
2009,ireland,Ireland,4535375
2009,israel,Israel,7485600
2009,italy,Italy,59555454
2009,japan,Japan,128047000
2009,jordan,Jordan,7141753
2009,kazakhstan,Kazakhstan,16619846
2009,kenya,Kenya,40408891
2009,kuwait,Kuwait,2795484
2009,latvia,Latvia,2141669
2009,lithuania,Lithuania,3162916
2009,luxembourg,Luxembourg,497783
2009,madagascar,Madagascar,21547280
2009,malawi,Malawi,14395788
2009,malaysia,Malaysia,28124778
2009,mali,Mali,15435539
2009,mexico,Mexico,111999721
2009,mongolia,Mongolia,2691115
2009,morocco,Morocco,32030778
2009,mozambique,Mozambique,22391745
2009,myanmar,Myanmar,48660459
2009,nepal,Nepal,27173035
2009,netherlands,Netherlands,16530388
2009,new-zealand,New Zealand,4302600
2009,niger,Niger,15943675
2009,nigeria,Nigeria,162049464
2009,norway,Norway,4828726
2009,oman,Oman,2684659
2009,pakistan,Pakistan,194376534
2009,panama,Panama,3564381
2009,peru,Peru,28896811
2009,philippines,Philippines,94384250
2009,poland,Poland,38151603
2009,portugal,Portugal,10568247
2009,qatar,Qatar,1608903
2009,romania,Romania,20367487
2009,russia,Russia,142785348
2009,rwanda,Rwanda,10060432
2009,saudi-arabia,Saudi Arabia,24217654
2009,senegal,Senegal,12337389
2009,serbia,Serbia,7320807
2009,singapore,Singapore,4987573
2009,slovenia,Slovenia,2039669
2009,south-africa,South Africa,51728516
2009,spain,Spain,46362946
2009,sri-lanka,Sri Lanka,20756435
2009,sudan,Sudan,34569113
2009,sweden,Sweden,9298515
2009,switzerland,Switzerland,7743831
2009,tanzania,Tanzania,43633982
2009,thailand,Thailand,68121080
2009,tunisia,Tunisia,10650681
2009,turkey,Turkey,72039206
2009,ukraine,Ukraine,46623731
2009,united-arab-emirates,United Arab Emirates,6707058
2009,united-kingdom,United Kingdom,62276270
2009,united-states,United States,306771529
2009,uruguay,Uruguay,3310091
2009,uzbekistan,Uzbekistan,27939328
2009,vietnam,Vietnam,86460018
2009,zambia,Zambia,13490389
2009,zimbabwe,Zimbabwe,13142790
2010,afghanistan,Afghanistan,28284089
2010,albania,Albania,2913021
2010,algeria,Algeria,36188236
2010,angola,Angola,23294825
2010,argentina,Argentina,41288694
2010,armenia,Armenia,3044800
2010,australia,Australia,22031750
2010,austria,Austria,8363404
2010,azerbaijan,Azerbaijan,9054332
2010,bangladesh,Bangladesh,152201981
2010,belarus,Belarus,9483836
2010,belgium,Belgium,10895586
2010,benin,Benin,9797484
2010,bolivia,Bolivia,10182345
2010,brazil,Brazil,193701929
2010,bulgaria,Bulgaria,7395599
2010,burkina-faso,Burkina Faso,16176498
2010,burundi,Burundi,9376444
2010,cambodia,Cambodia,14500726
2010,cameroon,Cameroon,19668066
2010,canada,Canada,34005902
2010,chad,Chad,12312575
2010,chile,Chile,17181464
2010,china,China,1337705000
2010,colombia,Colombia,44777319
2010,cote-d-ivoire,Cote d Ivoire,22488065
2010,croatia,Croatia,4295427
2010,cuba,Cuba,11297409
2010,cyprus,Cyprus,1127816
2010,czechia,Czechia,10474410
2010,denmark,Denmark,5547683
2010,ecuador,Ecuador,15076695
2010,estonia,Estonia,1331475
2010,ethiopia,Ethiopia,90538514
2010,finland,Finland,5363352
2010,france,France,65026211
2010,georgia,Georgia,3786695
2010,germany,Germany,81776930
2010,ghana,Ghana,25474995
2010,greece,Greece,11121341
2010,guatemala,Guatemala,14500112
2010,guinea,Guinea,10396086
2010,haiti,Haiti,9803294
2010,hungary,Hungary,10000023
2010,iceland,Iceland,318041
2010,india,India,1243481564
2010,indonesia,Indonesia,246305322
2010,iraq,Iraq,31045366
2010,ireland,Ireland,4560155
2010,israel,Israel,7623600
2010,italy,Italy,59819407
2010,japan,Japan,128070000
2010,jordan,Jordan,7297043
2010,kazakhstan,Kazakhstan,16836810
2010,kenya,Kenya,41598567
2010,kuwait,Kuwait,2943372
2010,latvia,Latvia,2097555
2010,lithuania,Lithuania,3097282
2010,luxembourg,Luxembourg,506953
2010,madagascar,Madagascar,22183340
2010,malawi,Malawi,14826463
2010,malaysia,Malaysia,28655776
2010,mali,Mali,15945198
2010,mexico,Mexico,113623895
2010,mongolia,Mongolia,2738622
2010,morocco,Morocco,32467016
2010,mozambique,Mozambique,22999235
2010,myanmar,Myanmar,49024382
2010,nepal,Nepal,27341952
2010,netherlands,Netherlands,16615394
2010,new-zealand,New Zealand,4350700
2010,niger,Niger,16548835
2010,nigeria,Nigeria,166642886
2010,norway,Norway,4889252
2010,oman,Oman,2757446
2010,pakistan,Pakistan,199239047
2010,panama,Panama,3628535
2010,peru,Peru,29086019
2010,philippines,Philippines,96337125
2010,poland,Poland,38042794
2010,portugal,Portugal,10573100
2010,qatar,Qatar,1616832
2010,romania,Romania,20246871
2010,russia,Russia,142849468
2010,rwanda,Rwanda,10317553
2010,saudi-arabia,Saudi Arabia,23978487
2010,senegal,Senegal,12635413
2010,serbia,Serbia,7291436
2010,singapore,Singapore,5076732
2010,slovenia,Slovenia,2048583
2010,south-africa,South Africa,52344051
2010,spain,Spain,46576897
2010,sri-lanka,Sri Lanka,20879089
2010,sudan,Sudan,35414399
2010,sweden,Sweden,9378126
2010,switzerland,Switzerland,7824909
2010,tanzania,Tanzania,44758488
2010,thailand,Thailand,68579447
2010,tunisia,Tunisia,10765980
2010,turkey,Turkey,73142150
2010,ukraine,Ukraine,46456003
2010,united-arab-emirates,United Arab Emirates,6869838
2010,united-kingdom,United Kingdom,62766365
2010,united-states,United States,309378227
2010,uruguay,Uruguay,3318580
2010,uzbekistan,Uzbekistan,28385506
2010,vietnam,Vietnam,87455152
2010,zambia,Zambia,13965594
2010,zimbabwe,Zimbabwe,13356548
2011,afghanistan,Afghanistan,29347708
2011,albania,Albania,2905195
2011,algeria,Algeria,36903376
2011,angola,Angola,24218352
2011,argentina,Argentina,41730660
2011,armenia,Armenia,3027900
2011,australia,Australia,22340024
2011,austria,Austria,8391643
2011,azerbaijan,Azerbaijan,9173082
2011,bangladesh,Bangladesh,153591076
2011,belarus,Belarus,9461643
2011,belgium,Belgium,11038264
2011,benin,Benin,10093623
2011,bolivia,Bolivia,10348929
2011,brazil,Brazil,195284734
2011,bulgaria,Bulgaria,7348328
2011,burkina-faso,Burkina Faso,16661908
2011,burundi,Burundi,9717978
2011,cambodia,Cambodia,14722584
2011,cameroon,Cameroon,20232304
2011,canada,Canada,34339221
2011,chad,Chad,12754997
2011,chile,Chile,17351816
2011,china,China,1345035000
2011,colombia,Colombia,45259614
2011,cote-d-ivoire,Cote d Ivoire,22982000
2011,croatia,Croatia,4280622
2011,cuba,Cuba,11301571
2011,cyprus,Cyprus,1146493
2011,czechia,Czechia,10496088
2011,denmark,Denmark,5570572
2011,ecuador,Ecuador,15326227
2011,estonia,Estonia,1327439
2011,ethiopia,Ethiopia,93149970
2011,finland,Finland,5388272
2011,france,France,65340830
2011,georgia,Georgia,3756441
2011,germany,Germany,80274983
2011,ghana,Ghana,26095088
2011,greece,Greece,11104899
2011,guatemala,Guatemala,14792126
2011,guinea,Guinea,10656810
2011,haiti,Haiti,9914904
2011,hungary,Hungary,9971727
2011,iceland,Iceland,319014
2011,india,India,1261224954
2011,indonesia,Indonesia,249470032
2011,iraq,Iraq,32161424
2011,ireland,Ireland,4580084
2011,israel,Israel,7765800
2011,italy,Italy,60026841
2011,japan,Japan,127833000
2011,jordan,Jordan,7480424
2011,kazakhstan,Kazakhstan,17066002
2011,kenya,Kenya,42758461
2011,kuwait,Kuwait,3132814
2011,latvia,Latvia,2059709
2011,lithuania,Lithuania,3028115
2011,luxembourg,Luxembourg,518347
2011,madagascar,Madagascar,22822300
2011,malawi,Malawi,15265022
2011,malaysia,Malaysia,29162039
2011,mali,Mali,16469049
2011,mexico,Mexico,115243504
2011,mongolia,Mongolia,2786317
2011,morocco,Morocco,32912588
2011,mozambique,Mozambique,23649039
2011,myanmar,Myanmar,49419820
2011,nepal,Nepal,27464494
2011,netherlands,Netherlands,16693074
2011,new-zealand,New Zealand,4384000
2011,niger,Niger,17176283
2011,nigeria,Nigeria,171379598
2011,norway,Norway,4953088
2011,oman,Oman,3076763
2011,pakistan,Pakistan,203746065
2011,panama,Panama,3693505
2011,peru,Peru,29304086
2011,philippines,Philippines,98248614
2011,poland,Poland,38063255
2011,portugal,Portugal,10557560
2011,qatar,Qatar,1624761
2011,romania,Romania,20147528
2011,russia,Russia,143018195
2011,rwanda,Rwanda,10573733
2011,saudi-arabia,Saudi Arabia,25091867
2011,senegal,Senegal,12958897
2011,serbia,Serbia,7236519
2011,singapore,Singapore,5183688
2011,slovenia,Slovenia,2052843
2011,south-africa,South Africa,52995205
2011,spain,Spain,46742697
2011,sri-lanka,Sri Lanka,21009048
2011,sudan,Sudan,36140806
2011,sweden,Sweden,9449213
2011,switzerland,Switzerland,7912398
2011,tanzania,Tanzania,46029367
2011,thailand,Thailand,69007208
2011,tunisia,Tunisia,10886035
2011,turkey,Turkey,74223629
2011,ukraine,Ukraine,46307853
2011,united-arab-emirates,United Arab Emirates,7104538
2011,united-kingdom,United Kingdom,63258810
2011,united-states,United States,311839461
2011,uruguay,Uruguay,3326825
2011,uzbekistan,Uzbekistan,28823196
2011,vietnam,Vietnam,88468314
2011,zambia,Zambia,14437796
2011,zimbabwe,Zimbabwe,13595424
2012,afghanistan,Afghanistan,30560034
2012,albania,Albania,2860708
2012,algeria,Algeria,37646166
2012,angola,Angola,25177394
2012,argentina,Argentina,42161721
2012,armenia,Armenia,3024100
2012,australia,Australia,22733465
2012,austria,Austria,8429991
2012,azerbaijan,Azerbaijan,9295784
2012,bangladesh,Bangladesh,155070101
2012,belarus,Belarus,9446836
2012,belgium,Belgium,11106932
2012,benin,Benin,10397657
2012,bolivia,Bolivia,10515807
2012,brazil,Brazil,196876111
2012,bulgaria,Bulgaria,7305888
2012,burkina-faso,Burkina Faso,17172287
2012,burundi,Burundi,10071028
2012,cambodia,Cambodia,14945085
2012,cameroon,Cameroon,20809529
2012,canada,Canada,34713395
2012,chad,Chad,13210998
2012,chile,Chile,17519119
2012,china,China,1354190000
2012,colombia,Colombia,45715810
2012,cote-d-ivoire,Cote d Ivoire,23467078
2012,croatia,Croatia,4260368
2012,cuba,Cuba,11303175
2012,cyprus,Cyprus,1165397
2012,czechia,Czechia,10510785
2012,denmark,Denmark,5591572
2012,ecuador,Ecuador,15572194
2012,estonia,Estonia,1322696
2012,ethiopia,Ethiopia,95798767
2012,finland,Finland,5413971
2012,france,France,65657659
2012,georgia,Georgia,3728874
2012,germany,Germany,80425823
2012,ghana,Ghana,26734268
2012,greece,Greece,11045011
2012,guatemala,Guatemala,15089647
2012,guinea,Guinea,10921581
2012,haiti,Haiti,10069771
2012,hungary,Hungary,9920362
2012,iceland,Iceland,320716
2012,india,India,1278674502
2012,indonesia,Indonesia,252698525
2012,iraq,Iraq,33654842
2012,ireland,Ireland,4599533
2012,israel,Israel,7910500
2012,italy,Italy,60191247
2012,japan,Japan,127629000
2012,jordan,Jordan,7587127
2012,kazakhstan,Kazakhstan,17306106
2012,kenya,Kenya,43888303
2012,kuwait,Kuwait,3337109
2012,latvia,Latvia,2034319
2012,lithuania,Lithuania,2989139
2012,luxembourg,Luxembourg,530946
2012,madagascar,Madagascar,23462438
2012,malawi,Malawi,15709577
2012,malaysia,Malaysia,29662831
2012,mali,Mali,16957033
2012,mexico,Mexico,116818208
2012,mongolia,Mongolia,2839705
2012,morocco,Morocco,33355241
2012,mozambique,Mozambique,24337846
2012,myanmar,Myanmar,49837446
2012,nepal,Nepal,27534915
2012,netherlands,Netherlands,16754962
2012,new-zealand,New Zealand,4408100
2012,niger,Niger,17836769
2012,nigeria,Nigeria,176200625
2012,norway,Norway,5018573
2012,oman,Oman,3547106
2012,pakistan,Pakistan,207667125
2012,panama,Panama,3759256
2012,peru,Peru,29550366
2012,philippines,Philippines,100175512
2012,poland,Poland,38063164
2012,portugal,Portugal,10514844
2012,qatar,Qatar,1722438
2012,romania,Romania,20058035
2012,russia,Russia,143378447
2012,rwanda,Rwanda,10829901
2012,saudi-arabia,Saudi Arabia,26168861
2012,senegal,Senegal,13310495
2012,serbia,Serbia,7201497
2012,singapore,Singapore,5312437
2012,slovenia,Slovenia,2057159
2012,south-africa,South Africa,53782567
2012,spain,Spain,46773055
2012,sri-lanka,Sri Lanka,21169458
2012,sudan,Sudan,36923178
2012,sweden,Sweden,9519374
2012,switzerland,Switzerland,7996861
2012,tanzania,Tanzania,47374260
2012,thailand,Thailand,69436098
2012,tunisia,Tunisia,11009647
2012,turkey,Turkey,75175827
2012,ukraine,Ukraine,46210056
2012,united-arab-emirates,United Arab Emirates,7391448
2012,united-kingdom,United Kingdom,63711000
2012,united-states,United States,314339099
2012,uruguay,Uruguay,3335401
2012,uzbekistan,Uzbekistan,29261903
2012,vietnam,Vietnam,89510356
2012,zambia,Zambia,14913629
2012,zimbabwe,Zimbabwe,13817887
2013,afghanistan,Afghanistan,31622704
2013,albania,Albania,2816902
2013,algeria,Algeria,38414171
2013,angola,Angola,26165620
2013,argentina,Argentina,42582455
2013,armenia,Armenia,3022000
2013,australia,Australia,23128129
2013,austria,Austria,8479823
2013,azerbaijan,Azerbaijan,9416801
2013,bangladesh,Bangladesh,156532141
2013,belarus,Belarus,9443211
2013,belgium,Belgium,11159407
2013,benin,Benin,10708834
2013,bolivia,Bolivia,10682608
2013,brazil,Brazil,198478299
2013,bulgaria,Bulgaria,7160005
2013,burkina-faso,Burkina Faso,17695409
2013,burundi,Burundi,10439341
2013,cambodia,Cambodia,15170208
2013,cameroon,Cameroon,21402376
2013,canada,Canada,35080992
2013,chad,Chad,13691079
2013,chile,Chile,17687006
2013,china,China,1363240000
2013,colombia,Colombia,46151584
2013,cote-d-ivoire,Cote d Ivoire,23939775
2013,croatia,Croatia,4233922
2013,cuba,Cuba,11298167
2013,cyprus,Cyprus,1183895
2013,czechia,Czechia,10514272
2013,denmark,Denmark,5614932
2013,ecuador,Ecuador,15807128
2013,estonia,Estonia,1317997
2013,ethiopia,Ethiopia,98438751
2013,finland,Finland,5438972
2013,france,France,65997932
2013,georgia,Georgia,3717668
2013,germany,Germany,80645605
2013,ghana,Ghana,27386193
2013,greece,Greece,10965211
2013,guatemala,Guatemala,15387337
2013,guinea,Guinea,11191873
2013,haiti,Haiti,10222362
2013,hungary,Hungary,9872734
2013,iceland,Iceland,323764
2013,india,India,1295829511
2013,indonesia,Indonesia,255852467
2013,iraq,Iraq,35281989
2013,ireland,Ireland,4623816
2013,israel,Israel,8059500
2013,italy,Italy,60311613
2013,japan,Japan,127445000
2013,jordan,Jordan,7991809
2013,kazakhstan,Kazakhstan,17556502
2013,kenya,Kenya,44986791
2013,kuwait,Kuwait,3507844
2013,latvia,Latvia,2012647
2013,lithuania,Lithuania,2961250
2013,luxembourg,Luxembourg,543360
2013,madagascar,Madagascar,24109290
2013,malawi,Malawi,16161816
2013,malaysia,Malaysia,30174265
2013,mali,Mali,17459615
2013,mexico,Mexico,118343573
2013,mongolia,Mongolia,2899011
2013,morocco,Morocco,33787571
2013,mozambique,Mozambique,25051611
2013,myanmar,Myanmar,50262658
2013,nepal,Nepal,27589996
2013,netherlands,Netherlands,16804432
2013,new-zealand,New Zealand,4442100
2013,niger,Niger,18519898
2013,nigeria,Nigeria,181049443
2013,norway,Norway,5079623
2013,oman,Oman,3833913
2013,pakistan,Pakistan,211073978
2013,panama,Panama,3825329
2013,peru,Peru,29817919
2013,philippines,Philippines,102076336
2013,poland,Poland,38040196
2013,portugal,Portugal,10457295
2013,qatar,Qatar,1916426
2013,romania,Romania,19983693
2013,russia,Russia,143805638
2013,rwanda,Rwanda,11093340
2013,saudi-arabia,Saudi Arabia,27624004
2013,senegal,Senegal,13710849
2013,serbia,Serbia,7166553
2013,singapore,Singapore,5399162
2013,slovenia,Slovenia,2059953
2013,south-africa,South Africa,54678791
2013,spain,Spain,46604197
2013,sri-lanka,Sri Lanka,20585000
2013,sudan,Sudan,37785849
2013,sweden,Sweden,9600379
2013,switzerland,Switzerland,8089346
2013,tanzania,Tanzania,48824128
2013,thailand,Thailand,69845114
2013,tunisia,Tunisia,11141361
2013,turkey,Turkey,76147624
2013,ukraine,Ukraine,46126770
2013,united-arab-emirates,United Arab Emirates,7693031
2013,united-kingdom,United Kingdom,64138000
2013,united-states,United States,316726282
2013,uruguay,Uruguay,3345337
2013,uzbekistan,Uzbekistan,29724065
2013,vietnam,Vietnam,90573104
2013,zambia,Zambia,15398997
2013,zimbabwe,Zimbabwe,14013808
2014,afghanistan,Afghanistan,32792523
2014,albania,Albania,2773767
2014,algeria,Algeria,39205031
2014,angola,Angola,27160769
2014,argentina,Argentina,43024071
2014,armenia,Armenia,3013800
2014,australia,Australia,23475686
2014,austria,Austria,8546356
2014,azerbaijan,Azerbaijan,9535079
2014,bangladesh,Bangladesh,157964929
2014,belarus,Belarus,9448515
2014,belgium,Belgium,11209057
2014,benin,Benin,11030004
2014,bolivia,Bolivia,10848888
2014,brazil,Brazil,200085127
2014,bulgaria,Bulgaria,7073572
2014,burkina-faso,Burkina Faso,18229461
2014,burundi,Burundi,10799785
2014,cambodia,Cambodia,15396772
2014,cameroon,Cameroon,22059893
2014,canada,Canada,35434066
2014,chad,Chad,14188678
2014,chile,Chile,17864195
2014,china,China,1371860000
2014,colombia,Colombia,46565429
2014,cote-d-ivoire,Cote d Ivoire,24527395
2014,croatia,Croatia,4201598
2014,cuba,Cuba,11285775
2014,cyprus,Cyprus,1201801
2014,czechia,Czechia,10525347
2014,denmark,Denmark,5643475
2014,ecuador,Ecuador,16035124
2014,estonia,Estonia,1314545
2014,ethiopia,Ethiopia,101115610
2014,finland,Finland,5461512
2014,france,France,66312067
2014,georgia,Georgia,3719414
2014,germany,Germany,80982500
2014,ghana,Ghana,28041592
2014,greece,Greece,10892413
2014,guatemala,Guatemala,15681725
2014,guinea,Guinea,11472924
2014,haiti,Haiti,10373235
2014,hungary,Hungary,9833038
2014,iceland,Iceland,327386
2014,india,India,1312277191
2014,indonesia,Indonesia,258877399
2014,iraq,Iraq,36550059
2014,ireland,Ireland,4657740
2014,israel,Israel,8215700
2014,italy,Italy,60320707
2014,japan,Japan,127276000
2014,jordan,Jordan,8791710
2014,kazakhstan,Kazakhstan,17816285
2014,kenya,Kenya,46051440
2014,kuwait,Kuwait,3665876
2014,latvia,Latvia,1993782
2014,lithuania,Lithuania,2937253
2014,luxembourg,Luxembourg,556319
2014,madagascar,Madagascar,24764348
2014,malawi,Malawi,16621538
2014,malaysia,Malaysia,30696137
2014,mali,Mali,18020267
2014,mexico,Mexico,119784261
2014,mongolia,Mongolia,2963113
2014,morocco,Morocco,34204780
2014,mozambique,Mozambique,25788475
2014,myanmar,Myanmar,50681634
2014,nepal,Nepal,27672370
2014,netherlands,Netherlands,16865008
2014,new-zealand,New Zealand,4516500
2014,niger,Niger,19215909
2014,nigeria,Nigeria,185896915
2014,norway,Norway,5137232
2014,oman,Oman,4002439
2014,pakistan,Pakistan,214264647
2014,panama,Panama,3892101
2014,peru,Peru,30115826
2014,philippines,Philippines,103767130
2014,poland,Poland,38011735
2014,portugal,Portugal,10401062
2014,qatar,Qatar,2151745
2014,romania,Romania,19908979
2014,russia,Russia,144237223
2014,rwanda,Rwanda,11364757
2014,saudi-arabia,Saudi Arabia,28309273
2014,senegal,Senegal,14152102
2014,serbia,Serbia,7131787
2014,singapore,Singapore,5469724
2014,slovenia,Slovenia,2061980
2014,south-africa,South Africa,55594838
2014,spain,Spain,46460733
2014,sri-lanka,Sri Lanka,20778000
2014,sudan,Sudan,38823318
2014,sweden,Sweden,9696110
2014,switzerland,Switzerland,8188649
2014,tanzania,Tanzania,50351512
2014,thailand,Thailand,70216367
2014,tunisia,Tunisia,11274288
2014,turkey,Turkey,77181884
2014,ukraine,Ukraine,45972380
2014,united-arab-emirates,United Arab Emirates,8059440
2014,united-kingdom,United Kingdom,64619000
2014,united-states,United States,319257560
2014,uruguay,Uruguay,3356334
2014,uzbekistan,Uzbekistan,30222994
2014,vietnam,Vietnam,91679578
2014,zambia,Zambia,15895315
2014,zimbabwe,Zimbabwe,14207359
2015,afghanistan,Afghanistan,33831764
2015,albania,Albania,2731293
2015,algeria,Algeria,40019529
2015,angola,Angola,28157798
2015,argentina,Argentina,43477012
2015,armenia,Armenia,3004600
2015,australia,Australia,23815995
2015,austria,Austria,8642699
2015,azerbaijan,Azerbaijan,9649341
2015,bangladesh,Bangladesh,159383179
2015,belarus,Belarus,9461076
2015,belgium,Belgium,11274196
2015,benin,Benin,11360681
2015,bolivia,Bolivia,11014705
2015,brazil,Brazil,201675532
2015,bulgaria,Bulgaria,6984225
2015,burkina-faso,Burkina Faso,18777487
2015,burundi,Burundi,11047580
2015,cambodia,Cambodia,15623251
2015,cameroon,Cameroon,22763414
2015,canada,Canada,35704498
2015,chad,Chad,14647621
2015,chile,Chile,18047625
2015,china,China,1379860000
2015,colombia,Colombia,46969940
2015,cote-d-ivoire,Cote d Ivoire,25246342
2015,croatia,Croatia,4151725
2015,cuba,Cuba,11275065
2015,cyprus,Cyprus,1219502
2015,czechia,Czechia,10546059
2015,denmark,Denmark,5683483
2015,ecuador,Ecuador,16266225
2015,estonia,Estonia,1315407
2015,ethiopia,Ethiopia,103867135
2015,finland,Finland,5479531
2015,france,France,66548272
2015,georgia,Georgia,3725276
2015,germany,Germany,81686611
2015,ghana,Ghana,28696068
2015,greece,Greece,10820883
2015,guatemala,Guatemala,15971743
2015,guinea,Guinea,11767070
2015,haiti,Haiti,10523242
2015,hungary,Hungary,9797755
2015,iceland,Iceland,330815
2015,india,India,1328024498
2015,indonesia,Indonesia,261799249
2015,iraq,Iraq,37560535
2015,ireland,Ireland,4701957
2015,israel,Israel,8380100
2015,italy,Italy,60229605
2015,japan,Japan,127141000
2015,jordan,Jordan,9544729
2015,kazakhstan,Kazakhstan,18084169
2015,kenya,Kenya,47088526
2015,kuwait,Kuwait,3834574
2015,latvia,Latvia,1977527
2015,lithuania,Lithuania,2911109
2015,luxembourg,Luxembourg,569604
2015,madagascar,Madagascar,25426702
2015,malawi,Malawi,17085587
2015,malaysia,Malaysia,31232798
2015,mali,Mali,18593022
2015,mexico,Mexico,121072306
2015,mongolia,Mongolia,3026864
2015,morocco,Morocco,34607588
2015,mozambique,Mozambique,26547572
2015,myanmar,Myanmar,51089056
2015,nepal,Nepal,27823629
2015,netherlands,Netherlands,16939923
2015,new-zealand,New Zealand,4609400
2015,niger,Niger,19939498
2015,nigeria,Nigeria,190671878
2015,norway,Norway,5188607
2015,oman,Oman,4184895
2015,pakistan,Pakistan,217290883
2015,panama,Panama,3960035
2015,peru,Peru,30457600
2015,philippines,Philippines,105312992
2015,poland,Poland,37986412
2015,portugal,Portugal,10358076
2015,qatar,Qatar,2344557
2015,romania,Romania,19815616
2015,russia,Russia,144640716
2015,rwanda,Rwanda,11640022
2015,saudi-arabia,Saudi Arabia,29816382
2015,senegal,Senegal,14593331
2015,serbia,Serbia,7095383
2015,singapore,Singapore,5535002
2015,slovenia,Slovenia,2063531
2015,south-africa,South Africa,56723537
2015,spain,Spain,46422303
2015,sri-lanka,Sri Lanka,20970000
2015,sudan,Sudan,40024431
2015,sweden,Sweden,9799186
2015,switzerland,Switzerland,8282396
2015,tanzania,Tanzania,52020962
2015,thailand,Thailand,70540795
2015,tunisia,Tunisia,11402264
2015,turkey,Turkey,78218479
2015,ukraine,Ukraine,45784896
2015,united-arab-emirates,United Arab Emirates,8505237
2015,united-kingdom,United Kingdom,65087000
2015,united-states,United States,321815121
2015,uruguay,Uruguay,3368017
2015,uzbekistan,Uzbekistan,30749346
2015,vietnam,Vietnam,92823254
2015,zambia,Zambia,16399089
2015,zimbabwe,Zimbabwe,14399013
2016,afghanistan,Afghanistan,34700612
2016,albania,Albania,2689469
2016,algeria,Algeria,40850721
2016,angola,Angola,29183070
2016,argentina,Argentina,43900313
2016,armenia,Armenia,2992300
2016,australia,Australia,24190907
2016,austria,Austria,8736668
2016,azerbaijan,Azerbaijan,9757812
2016,bangladesh,Bangladesh,160811932
2016,belarus,Belarus,9469379
2016,belgium,Belgium,11331422
2016,benin,Benin,11697842
2016,bolivia,Bolivia,11180020
2016,brazil,Brazil,203218114
2016,bulgaria,Bulgaria,6894139
2016,burkina-faso,Burkina Faso,19334856
2016,burundi,Burundi,11239451
2016,cambodia,Cambodia,15852803
2016,cameroon,Cameroon,23454161
2016,canada,Canada,36110803
2016,chad,Chad,15114655
2016,chile,Chile,18267221
2016,china,China,1387790000
2016,colombia,Colombia,47437512
2016,cote-d-ivoire,Cote d Ivoire,25989405
2016,croatia,Croatia,4106867
2016,cuba,Cuba,11265612
2016,cyprus,Cyprus,1237112
2016,czechia,Czechia,10566332
2016,denmark,Denmark,5728010
2016,ecuador,Ecuador,16505139
2016,estonia,Estonia,1315790
2016,ethiopia,Ethiopia,106718162
2016,finland,Finland,5495303
2016,france,France,66724104
2016,georgia,Georgia,3727505
2016,germany,Germany,82348669
2016,ghana,Ghana,29356742
2016,greece,Greece,10775971
2016,guatemala,Guatemala,16268760
2016,guinea,Guinea,12073030
2016,haiti,Haiti,10671457
2016,hungary,Hungary,9759755
2016,iceland,Iceland,335439
2016,india,India,1343944296
2016,indonesia,Indonesia,264627418
2016,iraq,Iraq,38469627
2016,ireland,Ireland,4762722
2016,israel,Israel,8546000
2016,italy,Italy,60115223
2016,japan,Japan,127076000
2016,jordan,Jordan,10006367
2016,kazakhstan,Kazakhstan,18363600
2016,kenya,Kenya,48139687
2016,kuwait,Kuwait,4004096
2016,latvia,Latvia,1959537
2016,lithuania,Lithuania,2877325
2016,luxembourg,Luxembourg,582014
2016,madagascar,Madagascar,26099952
2016,malawi,Malawi,17557739
2016,malaysia,Malaysia,31789685
2016,mali,Mali,19191289
2016,mexico,Mexico,122251351
2016,mongolia,Mongolia,3088856
2016,morocco,Morocco,35023457
2016,mozambique,Mozambique,27337105
2016,myanmar,Myanmar,51495696
2016,nepal,Nepal,27955462
2016,netherlands,Netherlands,17030314
2016,new-zealand,New Zealand,4714100
2016,niger,Niger,20685753
2016,nigeria,Nigeria,195443700
2016,norway,Norway,5234519
2016,oman,Oman,4390877
2016,pakistan,Pakistan,220138869
2016,panama,Panama,4029086
2016,peru,Peru,30866494
2016,philippines,Philippines,106735719
2016,poland,Poland,37970087
2016,portugal,Portugal,10325452
2016,qatar,Qatar,2477113
2016,romania,Romania,19702267
2016,russia,Russia,145015460
2016,rwanda,Rwanda,11919183
2016,saudi-arabia,Saudi Arabia,30954198
2016,senegal,Senegal,15034521
2016,serbia,Serbia,7058322
2016,singapore,Singapore,5607283
2016,slovenia,Slovenia,2065042
2016,south-africa,South Africa,57259551
2016,spain,Spain,46458139
2016,sri-lanka,Sri Lanka,21209000
2016,sudan,Sudan,41259892
2016,sweden,Sweden,9923085
2016,switzerland,Switzerland,8373338
2016,tanzania,Tanzania,53824013
2016,thailand,Thailand,70859841
2016,tunisia,Tunisia,11528674
2016,turkey,Turkey,79277962
2016,ukraine,Ukraine,45616832
2016,united-arab-emirates,United Arab Emirates,8935095
2016,united-kingdom,United Kingdom,65606000
2016,united-states,United States,324353340
2016,uruguay,Uruguay,3379283
2016,uzbekistan,Uzbekistan,31284568
2016,vietnam,Vietnam,94000117
2016,zambia,Zambia,16914423
2016,zimbabwe,Zimbabwe,14600294
2017,afghanistan,Afghanistan,35688935
2017,albania,Albania,2648285
2017,algeria,Algeria,41689299
2017,angola,Angola,30234839
2017,argentina,Argentina,44288894
2017,armenia,Armenia,2979400
2017,australia,Australia,24592588
2017,austria,Austria,8797566
2017,azerbaijan,Azerbaijan,9854033
2017,bangladesh,Bangladesh,162186147
2017,belarus,Belarus,9458989
2017,belgium,Belgium,11375158
2017,benin,Benin,12039780
2017,bolivia,Bolivia,11344587
2017,brazil,Brazil,204703445
2017,bulgaria,Bulgaria,6803468
2017,burkina-faso,Burkina Faso,19894407
2017,burundi,Burundi,11506762
2017,cambodia,Cambodia,16073372
2017,cameroon,Cameroon,24128601
2017,canada,Canada,36545075
2017,chad,Chad,15622759
2017,chile,Chile,18558868
2017,china,China,1396215000
2017,colombia,Colombia,48131078
2017,cote-d-ivoire,Cote d Ivoire,26733372
2017,croatia,Croatia,4041407
2017,cuba,Cuba,11247829
2017,cyprus,Cyprus,1254275
2017,czechia,Czechia,10594438
2017,denmark,Denmark,5764980
2017,ecuador,Ecuador,16759519
2017,estonia,Estonia,1317384
2017,ethiopia,Ethiopia,109666481
2017,finland,Finland,5508214
2017,france,France,66918020
2017,georgia,Georgia,3728004
2017,germany,Germany,82657002
2017,ghana,Ghana,30008354
2017,greece,Greece,10754679
2017,guatemala,Guatemala,16567357
2017,guinea,Guinea,12385659
2017,haiti,Haiti,10817754
2017,hungary,Hungary,9726756
2017,iceland,Iceland,343400
2017,india,India,1359657400
2017,indonesia,Indonesia,267346658
2017,iraq,Iraq,39337353
2017,ireland,Ireland,4827445
2017,israel,Israel,8713300
2017,italy,Italy,60002252
2017,japan,Japan,126972000
2017,jordan,Jordan,10234226
2017,kazakhstan,Kazakhstan,18651931
2017,kenya,Kenya,49197766
2017,kuwait,Kuwait,4154812
2017,latvia,Latvia,1942248
2017,lithuania,Lithuania,2842639
2017,luxembourg,Luxembourg,596336
2017,madagascar,Madagascar,26788375
2017,malawi,Malawi,18039715
2017,malaysia,Malaysia,32355644
2017,mali,Mali,19813011
2017,mexico,Mexico,123400057
2017,mongolia,Mongolia,3148917
2017,morocco,Morocco,35446392
2017,mozambique,Mozambique,28166393
2017,myanmar,Myanmar,51894938
2017,nepal,Nepal,28011258
2017,netherlands,Netherlands,17131296
2017,new-zealand,New Zealand,4813600
2017,niger,Niger,21435446
2017,nigeria,Nigeria,200254579
2017,norway,Norway,5276968
2017,oman,Oman,4537396
2017,pakistan,Pakistan,223273967
2017,panama,Panama,4098707
2017,peru,Peru,31324637
2017,philippines,Philippines,108119693
2017,poland,Poland,37974826
2017,portugal,Portugal,10300300
2017,qatar,Qatar,2545820
2017,romania,Romania,19588715
2017,russia,Russia,145293260
2017,rwanda,Rwanda,12202060
2017,saudi-arabia,Saudi Arabia,30977355
2017,senegal,Senegal,15475002
2017,serbia,Serbia,7020858
2017,singapore,Singapore,5612253
2017,slovenia,Slovenia,2066388
2017,south-africa,South Africa,57635162
2017,spain,Spain,46571232
2017,sri-lanka,Sri Lanka,21453000
2017,sudan,Sudan,42714306
2017,sweden,Sweden,10057698
2017,switzerland,Switzerland,8451840
2017,tanzania,Tanzania,55652890
2017,thailand,Thailand,71160187
2017,tunisia,Tunisia,11650498
2017,turkey,Turkey,80312698
2017,ukraine,Ukraine,45436041
2017,united-arab-emirates,United Arab Emirates,9223225
2017,united-kingdom,United Kingdom,65964000
2017,united-states,United States,326608609
2017,uruguay,Uruguay,3388438
2017,uzbekistan,Uzbekistan,31819178
2017,vietnam,Vietnam,95176977
2017,zambia,Zambia,17441320
2017,zimbabwe,Zimbabwe,14812482
2018,afghanistan,Afghanistan,36743039
2018,albania,Albania,2607733
2018,algeria,Algeria,42505035
2018,angola,Angola,31297155
2018,argentina,Argentina,44654882
2018,armenia,Armenia,2969000
2018,australia,Australia,24963258
2018,austria,Austria,8840521
2018,azerbaijan,Azerbaijan,9939771
2018,bangladesh,Bangladesh,163523103
2018,belarus,Belarus,9438785
2018,belgium,Belgium,11427054
2018,benin,Benin,12383347
2018,bolivia,Bolivia,11508368
2018,brazil,Brazil,206107261
2018,bulgaria,Bulgaria,6710798
2018,burkina-faso,Burkina Faso,20438288
2018,burundi,Burundi,11859446
2018,cambodia,Cambodia,16274522
2018,cameroon,Cameroon,24806383
2018,canada,Canada,37072620
2018,chad,Chad,16156531
2018,chile,Chile,18893191
2018,china,China,1402760000
2018,colombia,Colombia,49024465
2018,cote-d-ivoire,Cote d Ivoire,27464173
2018,croatia,Croatia,3988775
2018,cuba,Cuba,11227118
2018,cyprus,Cyprus,1270737
2018,czechia,Czechia,10629928
2018,denmark,Denmark,5793636
2018,ecuador,Ecuador,17049547
2018,estonia,Estonia,1321977
2018,ethiopia,Ethiopia,112664152
2018,finland,Finland,5515525
2018,france,France,67158348
2018,georgia,Georgia,3726549
2018,germany,Germany,82905782
2018,ghana,Ghana,30637585
2018,greece,Greece,10732882
2018,guatemala,Guatemala,16845685
2018,guinea,Guinea,12704774
2018,haiti,Haiti,10962362
2018,hungary,Hungary,9706964
2018,iceland,Iceland,352721
2018,india,India,1374659064
2018,indonesia,Indonesia,269951846
2018,iraq,Iraq,40265624
2018,ireland,Ireland,4898022
2018,israel,Israel,8882800
2018,italy,Italy,59877221
2018,japan,Japan,126811000
2018,jordan,Jordan,10462306
2018,kazakhstan,Kazakhstan,18932727
2018,kenya,Kenya,50207107
2018,kuwait,Kuwait,4323515
2018,latvia,Latvia,1927174
2018,lithuania,Lithuania,2819200
2018,luxembourg,Luxembourg,607950
2018,madagascar,Madagascar,27494926
2018,malawi,Malawi,18528081
2018,malaysia,Malaysia,32910967
2018,mali,Mali,20442030
2018,mexico,Mexico,124573711
2018,mongolia,Mongolia,3208189
2018,morocco,Morocco,35839760
2018,mozambique,Mozambique,29018644
2018,myanmar,Myanmar,52272247
2018,nepal,Nepal,28079689
2018,netherlands,Netherlands,17231624
2018,new-zealand,New Zealand,4900600
2018,niger,Niger,22188069
2018,nigeria,Nigeria,204938755
2018,norway,Norway,5311916
2018,oman,Oman,4597877
2018,pakistan,Pakistan,226928892
2018,panama,Panama,4167860
2018,peru,Peru,31897584
2018,philippines,Philippines,109465287
2018,poland,Poland,37974750
2018,portugal,Portugal,10283822
2018,qatar,Qatar,2580734
2018,romania,Romania,19473970
2018,russia,Russia,145398106
2018,rwanda,Rwanda,12487996
2018,saudi-arabia,Saudi Arabia,30196281
2018,senegal,Senegal,15914498
2018,serbia,Serbia,6982604
2018,singapore,Singapore,5638676
2018,slovenia,Slovenia,2073894
2018,south-africa,South Africa,58613001
2018,spain,Spain,46782011
2018,sri-lanka,Sri Lanka,21670000
2018,sudan,Sudan,44230596
2018,sweden,Sweden,10175214
2018,switzerland,Switzerland,8514329
2018,tanzania,Tanzania,57437145
2018,thailand,Thailand,71376079
2018,tunisia,Tunisia,11765514
2018,turkey,Turkey,81407204
2018,ukraine,Ukraine,45208907
2018,united-arab-emirates,United Arab Emirates,9346701
2018,united-kingdom,United Kingdom,66287000
2018,united-states,United States,328529577
2018,uruguay,Uruguay,3394534
2018,uzbekistan,Uzbekistan,32373490
2018,vietnam,Vietnam,96237319
2018,zambia,Zambia,17973569
2018,zimbabwe,Zimbabwe,15034452
2019,afghanistan,Afghanistan,37856121
2019,albania,Albania,2567801
2019,algeria,Algeria,43294546
2019,angola,Angola,32375632
2019,argentina,Argentina,44973465
2019,armenia,Armenia,2962500
2019,australia,Australia,25334826
2019,austria,Austria,8879920
2019,azerbaijan,Azerbaijan,10024283
2019,bangladesh,Bangladesh,164913055
2019,belarus,Belarus,9419758
2019,belgium,Belgium,11488980
2019,benin,Benin,12726755
2019,bolivia,Bolivia,11671386
2019,brazil,Brazil,207455459
2019,bulgaria,Bulgaria,6616726
2019,burkina-faso,Burkina Faso,20961952
2019,burundi,Burundi,12255336
2019,cambodia,Cambodia,16481304
2019,cameroon,Cameroon,25506095
2019,canada,Canada,37618495
2019,chad,Chad,16685223
2019,chile,Chile,19197744
2019,china,China,1407745000
2019,colombia,Colombia,49907985
2019,cote-d-ivoire,Cote d Ivoire,28193009
2019,croatia,Croatia,3949390
2019,cuba,Cuba,11202846
2019,cyprus,Cyprus,1286671
2019,czechia,Czechia,10671870
2019,denmark,Denmark,5814422
2019,ecuador,Ecuador,17340021
2019,estonia,Estonia,1326898
2019,ethiopia,Ethiopia,115737383
2019,finland,Finland,5521606
2019,france,France,67382061
2019,georgia,Georgia,3720161
2019,germany,Germany,83092962
2019,ghana,Ghana,31258945
2019,greece,Greece,10721582
2019,guatemala,Guatemala,17103803
2019,guinea,Guinea,13034346
2019,haiti,Haiti,11105163
2019,hungary,Hungary,9694824
2019,iceland,Iceland,360563
2019,india,India,1389030312
2019,indonesia,Indonesia,272489381
2019,iraq,Iraq,41192171
2019,ireland,Ireland,4976456
2019,israel,Israel,9054000
2019,italy,Italy,59729081
2019,japan,Japan,126633000
2019,jordan,Jordan,10671891
2019,kazakhstan,Kazakhstan,19209555
2019,kenya,Kenya,51202827
2019,kuwait,Kuwait,4442316
2019,latvia,Latvia,1913822
2019,lithuania,Lithuania,2811089
2019,luxembourg,Luxembourg,620001
2019,madagascar,Madagascar,28219554
2019,malawi,Malawi,19025752
2019,malaysia,Malaysia,33440596
2019,mali,Mali,21068405
2019,mexico,Mexico,125762982
2019,mongolia,Mongolia,3267673
2019,morocco,Morocco,36210898
2019,mozambique,Mozambique,29884380
2019,myanmar,Myanmar,52640713
2019,nepal,Nepal,28414064
2019,netherlands,Netherlands,17344874
2019,new-zealand,New Zealand,4970300
2019,niger,Niger,22947757
2019,nigeria,Nigeria,209485641
2019,norway,Norway,5347896
2019,oman,Oman,4591241
2019,pakistan,Pakistan,230800899
2019,panama,Panama,4234700
2019,peru,Peru,32449303
2019,philippines,Philippines,110804683
2019,poland,Poland,37965475
2019,portugal,Portugal,10286263
2019,qatar,Qatar,2638657
2019,romania,Romania,19371648
2019,russia,Russia,145453291
2019,rwanda,Rwanda,12776103
2019,saudi-arabia,Saudi Arabia,30063799
2019,senegal,Senegal,16352922
2019,serbia,Serbia,6945235
2019,singapore,Singapore,5703569
2019,slovenia,Slovenia,2088385
2019,south-africa,South Africa,59587885
2019,spain,Spain,47118501
2019,sri-lanka,Sri Lanka,21803000
2019,sudan,Sudan,45548175
2019,sweden,Sweden,10278887
2019,switzerland,Switzerland,8575280
2019,tanzania,Tanzania,59174891
2019,thailand,Thailand,71522271
2019,tunisia,Tunisia,11875081
2019,turkey,Turkey,82579440
2019,ukraine,Ukraine,44957458
2019,united-arab-emirates,United Arab Emirates,9445785
2019,united-kingdom,United Kingdom,66628000
2019,united-states,United States,330226227
2019,uruguay,Uruguay,3397206
2019,uzbekistan,Uzbekistan,32964701
2019,vietnam,Vietnam,97173776
2019,zambia,Zambia,18513839
2019,zimbabwe,Zimbabwe,15271368
2020,afghanistan,Afghanistan,39068979
2020,albania,Albania,2528480
2020,algeria,Algeria,44042091
2020,angola,Angola,33451132
2020,argentina,Argentina,45191965
2020,armenia,Armenia,2961500
2020,australia,Australia,25649248
2020,austria,Austria,8916864
2020,azerbaijan,Azerbaijan,10093121
2020,bangladesh,Bangladesh,166298024
2020,belarus,Belarus,9379952
2020,belgium,Belgium,11538604
2020,benin,Benin,13070169
2020,bolivia,Bolivia,11816299
2020,brazil,Brazil,208660842
2020,bulgaria,Bulgaria,6550696
2020,burkina-faso,Burkina Faso,21478690
2020,burundi,Burundi,12617036
2020,cambodia,Cambodia,16725474
2020,cameroon,Cameroon,26210558
2020,canada,Canada,38028638
2020,chad,Chad,17224679
2020,chile,Chile,19370624
2020,china,China,1411100000
2020,colombia,Colombia,50629997
2020,cote-d-ivoire,Cote d Ivoire,28915449
2020,croatia,Croatia,3914206
2020,cuba,Cuba,11176354
2020,cyprus,Cyprus,1302247
2020,czechia,Czechia,10697858
2020,denmark,Denmark,5831404
2020,ecuador,Ecuador,17546065
2020,estonia,Estonia,1329522
2020,ethiopia,Ethiopia,118917671
2020,finland,Finland,5529543
2020,france,France,67601110
2020,georgia,Georgia,3722716
2020,germany,Germany,83160871
2020,ghana,Ghana,31887809
2020,greece,Greece,10698599
2020,guatemala,Guatemala,17357325
2020,guinea,Guinea,13371183
2020,haiti,Haiti,11243848
2020,hungary,Hungary,9670419
2020,iceland,Iceland,366463
2020,india,India,1402617695
2020,indonesia,Indonesia,274814866
2020,iraq,Iraq,42116605
2020,ireland,Ireland,5039747
2020,israel,Israel,9215100
2020,italy,Italy,59438851
2020,japan,Japan,126261000
2020,jordan,Jordan,10865228
2020,kazakhstan,Kazakhstan,19482117
2020,kenya,Kenya,52217334
2020,kuwait,Kuwait,4400267
2020,latvia,Latvia,1900449
2020,lithuania,Lithuania,2810369
2020,luxembourg,Luxembourg,630419
2020,madagascar,Madagascar,28953556
2020,malawi,Malawi,19533888
2020,malaysia,Malaysia,33889558
2020,mali,Mali,21713836
2020,mexico,Mexico,126799054
2020,mongolia,Mongolia,3327204
2020,morocco,Morocco,36584208
2020,mozambique,Mozambique,30783688
2020,myanmar,Myanmar,53016522
2020,nepal,Nepal,28966574
2020,netherlands,Netherlands,17441500
2020,new-zealand,New Zealand,5072400
2020,niger,Niger,23717613
2020,nigeria,Nigeria,213996181
2020,norway,Norway,5379475
2020,oman,Oman,4522497
2020,pakistan,Pakistan,235001746
2020,panama,Panama,4293261
2020,peru,Peru,32838579
2020,philippines,Philippines,112081264
2020,poland,Poland,37515748
2020,portugal,Portugal,10297081
2020,qatar,Qatar,2794148
2020,romania,Romania,19265250
2020,russia,Russia,145245148
2020,rwanda,Rwanda,13065837
2020,saudi-arabia,Saudi Arabia,31552510
2020,senegal,Senegal,16789219
2020,serbia,Serbia,6899126
2020,singapore,Singapore,5685807
2020,slovenia,Slovenia,2102419
2020,south-africa,South Africa,60562381
2020,spain,Spain,47359424
2020,sri-lanka,Sri Lanka,21919000
2020,sudan,Sudan,46789231
2020,sweden,Sweden,10353442
2020,switzerland,Switzerland,8638167
2020,tanzania,Tanzania,60972798
2020,thailand,Thailand,71641484
2020,tunisia,Tunisia,11974057
2020,turkey,Turkey,83384680
2020,ukraine,Ukraine,44680014
2020,united-arab-emirates,United Arab Emirates,9401038
2020,united-kingdom,United Kingdom,66740000
2020,united-states,United States,331578104
2020,uruguay,Uruguay,3398968
2020,uzbekistan,Uzbekistan,33586372
2020,vietnam,Vietnam,98079191
2020,zambia,Zambia,19059395
2020,zimbabwe,Zimbabwe,15526888
2021,afghanistan,Afghanistan,40000412
2021,albania,Albania,2489762
2021,algeria,Algeria,44761099
2021,angola,Angola,34532429
2021,argentina,Argentina,45312281
2021,armenia,Armenia,2962300
2021,australia,Australia,25685412
2021,austria,Austria,8955797
2021,azerbaijan,Azerbaijan,10137750
2021,bangladesh,Bangladesh,167658854
2021,belarus,Belarus,9302585
2021,belgium,Belgium,11586195
2021,benin,Benin,13413417
2021,bolivia,Bolivia,11937360
2021,brazil,Brazil,209550294
2021,bulgaria,Bulgaria,6507301
2021,burkina-faso,Burkina Faso,21995243
2021,burundi,Burundi,12965481
2021,cambodia,Cambodia,16974305
2021,cameroon,Cameroon,26915758
2021,canada,Canada,38239864
2021,chad,Chad,17828273
2021,chile,Chile,19456334
2021,china,China,1412360000
2021,colombia,Colombia,51188173
2021,cote-d-ivoire,Cote d Ivoire,29639736
2021,croatia,Croatia,3878981
2021,cuba,Cuba,11122168
2021,cyprus,Cyprus,1317309
2021,czechia,Czechia,10505772
2021,denmark,Denmark,5856733
2021,ecuador,Ecuador,17682454
2021,estonia,Estonia,1330932
2021,ethiopia,Ethiopia,122138588
2021,finland,Finland,5541017
2021,france,France,67842811
2021,georgia,Georgia,3708610
2021,germany,Germany,83196078
2021,ghana,Ghana,32518665
2021,greece,Greece,10570130
2021,guatemala,Guatemala,17598650
2021,guinea,Guinea,13710513
2021,haiti,Haiti,11374586
2021,hungary,Hungary,9630932
2021,iceland,Iceland,372520
2021,india,India,1414203896
2021,indonesia,Indonesia,276758053
2021,iraq,Iraq,43071211
2021,ireland,Ireland,5110585
2021,israel,Israel,9371400
2021,italy,Italy,59133173
2021,japan,Japan,125681593
2021,jordan,Jordan,11066356
2021,kazakhstan,Kazakhstan,19743603
2021,kenya,Kenya,53219166
2021,kuwait,Kuwait,4360865
2021,latvia,Latvia,1884490
2021,lithuania,Lithuania,2808380
2021,luxembourg,Luxembourg,640064
2021,madagascar,Madagascar,29691083
2021,malawi,Malawi,20047258
2021,malaysia,Malaysia,34282399
2021,mali,Mali,22388630
2021,mexico,Mexico,127648148
2021,mongolia,Mongolia,3383741
2021,morocco,Morocco,36954442
2021,mozambique,Mozambique,31707800
2021,myanmar,Myanmar,53387102
2021,nepal,Nepal,29475010
2021,netherlands,Netherlands,17533044
2021,new-zealand,New Zealand,5084600
2021,niger,Niger,24502140
2021,nigeria,Nigeria,218529286
2021,norway,Norway,5408320
2021,oman,Oman,4500424
2021,pakistan,Pakistan,239477801
2021,panama,Panama,4345405
2021,peru,Peru,33155882
2021,philippines,Philippines,113100950
2021,poland,Poland,36981559
2021,portugal,Portugal,10361831
2021,qatar,Qatar,2504910
2021,romania,Romania,19122059
2021,russia,Russia,144746762
2021,rwanda,Rwanda,13355260
2021,saudi-arabia,Saudi Arabia,30784383
2021,senegal,Senegal,17220867
2021,serbia,Serbia,6834326
2021,singapore,Singapore,5453566
2021,slovenia,Slovenia,2108079
2021,south-africa,South Africa,61502603
2021,spain,Spain,47443821
2021,sri-lanka,Sri Lanka,22156000
2021,sudan,Sudan,48066924
2021,sweden,Sweden,10415811
2021,switzerland,Switzerland,8704546
2021,tanzania,Tanzania,62830412
2021,thailand,Thailand,71727332
2021,tunisia,Tunisia,12048622
2021,turkey,Turkey,84147318
2021,ukraine,Ukraine,44298640
2021,united-arab-emirates,United Arab Emirates,9575152
2021,united-kingdom,United Kingdom,66978000
2021,united-states,United States,332100166
2021,uruguay,Uruguay,3396695
2021,uzbekistan,Uzbekistan,34243696
2021,vietnam,Vietnam,98935098
2021,zambia,Zambia,19603607
2021,zimbabwe,Zimbabwe,15797210
2022,afghanistan,Afghanistan,40578842
2022,albania,Albania,2451636
2022,algeria,Algeria,45477389
2022,angola,Angola,35635029
2022,argentina,Argentina,45407904
2022,armenia,Armenia,2969200
2022,australia,Australia,26018721
2022,austria,Austria,9041851
2022,azerbaijan,Azerbaijan,10141756
2022,bangladesh,Bangladesh,169384897
2022,belarus,Belarus,9228071
2022,belgium,Belgium,11680210
2022,benin,Benin,13759501
2022,bolivia,Bolivia,12077154
2022,brazil,Brazil,210306415
2022,bulgaria,Bulgaria,6465097
2022,burkina-faso,Burkina Faso,22509038
2022,burundi,Burundi,13321097
2022,cambodia,Cambodia,17201724
2022,cameroon,Cameroon,27632771
2022,canada,Canada,38950132
2022,chad,Chad,18455316
2022,chile,Chile,19553036
2022,china,China,1412175000
2022,colombia,Colombia,51737944
2022,cote-d-ivoire,Cote d Ivoire,30395002
2022,croatia,Croatia,3855641
2022,cuba,Cuba,11059820
2022,cyprus,Cyprus,1331370
2022,czechia,Czechia,10672118
2022,denmark,Denmark,5903037
2022,ecuador,Ecuador,17823897
2022,estonia,Estonia,1348840
2022,ethiopia,Ethiopia,125384287
2022,finland,Finland,5556106
2022,france,France,68184457
2022,georgia,Georgia,3712502
2022,germany,Germany,83177813
2022,ghana,Ghana,33149152
2022,greece,Greece,10437805
2022,guatemala,Guatemala,17847877
2022,guinea,Guinea,14055137
2022,haiti,Haiti,11503606
2022,hungary,Hungary,9605074
2022,iceland,Iceland,382003
2022,india,India,1425423212
2022,indonesia,Indonesia,278830529
2022,iraq,Iraq,44070551
2022,ireland,Ireland,5212836
2022,israel,Israel,9557500
2022,italy,Italy,59013667
2022,japan,Japan,125124989
2022,jordan,Jordan,11256263
2022,kazakhstan,Kazakhstan,20034609
2022,kenya,Kenya,54252461
2022,kuwait,Kuwait,4589643
2022,latvia,Latvia,1879383
2022,lithuania,Lithuania,2831639
2022,luxembourg,Luxembourg,653103
2022,madagascar,Madagascar,30437261
2022,malawi,Malawi,20568728
2022,malaysia,Malaysia,34695493
2022,mali,Mali,23072640
2022,mexico,Mexico,128613117
2022,mongolia,Mongolia,3433748
2022,morocco,Morocco,37329064
2022,mozambique,Mozambique,32656246
2022,myanmar,Myanmar,53756787
2022,nepal,Nepal,29715436
2022,netherlands,Netherlands,17700982
2022,new-zealand,New Zealand,5081700
2022,niger,Niger,25311973
2022,nigeria,Nigeria,223150896
2022,norway,Norway,5457127
2022,oman,Oman,4730226
2022,pakistan,Pakistan,243700667
2022,panama,Panama,4400773
2022,peru,Peru,33475438
2022,philippines,Philippines,113964338
2022,poland,Poland,36821749
2022,portugal,Portugal,10434332
2022,qatar,Qatar,2657333
2022,romania,Romania,19048502
2022,russia,Russia,144236933
2022,rwanda,Rwanda,13651030
2022,saudi-arabia,Saudi Arabia,32175224
2022,senegal,Senegal,17651103
2022,serbia,Serbia,6664449
2022,singapore,Singapore,5637022
2022,slovenia,Slovenia,2112076
2022,south-africa,South Africa,62378410
2022,spain,Spain,47786102
2022,sri-lanka,Sri Lanka,22181000
2022,sudan,Sudan,49383346
2022,sweden,Sweden,10486941
2022,switzerland,Switzerland,8777088
2022,tanzania,Tanzania,64711821
2022,thailand,Thailand,71735329
2022,tunisia,Tunisia,12119334
2022,turkey,Turkey,84979913
2022,ukraine,Ukraine,41048766
2022,united-arab-emirates,United Arab Emirates,10074977
2022,united-kingdom,United Kingdom,67636000
2022,united-states,United States,333996304
2022,uruguay,Uruguay,3390913
2022,uzbekistan,Uzbekistan,34938955
2022,vietnam,Vietnam,99680655
2022,zambia,Zambia,20152938
2022,zimbabwe,Zimbabwe,16069056
2023,afghanistan,Afghanistan,41454761
2023,albania,Albania,2411658
2023,algeria,Algeria,46164219
2023,angola,Angola,36749906
2023,argentina,Argentina,45538401
2023,armenia,Armenia,2964300
2023,australia,Australia,26659922
2023,austria,Austria,9131761
2023,azerbaijan,Azerbaijan,10153958
2023,bangladesh,Bangladesh,171466990
2023,belarus,Belarus,9178298
2023,belgium,Belgium,11779946
2023,benin,Benin,14111034
2023,bolivia,Bolivia,12244159
2023,brazil,Brazil,211140729
2023,bulgaria,Bulgaria,6446596
2023,burkina-faso,Burkina Faso,23025776
2023,burundi,Burundi,13689450
2023,cambodia,Cambodia,17423880
2023,cameroon,Cameroon,28372687
2023,canada,Canada,40049088
2023,chad,Chad,19319064
2023,chile,Chile,19658835
2023,china,China,1410710000
2023,colombia,Colombia,52321152
2023,cote-d-ivoire,Cote d Ivoire,31165654
2023,croatia,Croatia,3859686
2023,cuba,Cuba,11019931
2023,cyprus,Cyprus,1344976
2023,czechia,Czechia,10864042
2023,denmark,Denmark,5946952
2023,ecuador,Ecuador,17980083
2023,estonia,Estonia,1370286
2023,ethiopia,Ethiopia,128691692
2023,finland,Finland,5583911
2023,france,France,68372286
2023,georgia,Georgia,3715483
2023,germany,Germany,83287273
2023,ghana,Ghana,33787914
2023,greece,Greece,10407351
2023,guatemala,Guatemala,18124838
2023,guinea,Guinea,14405468
2023,haiti,Haiti,11637398
2023,hungary,Hungary,9592186
2023,iceland,Iceland,385663
2023,india,India,1438069596
2023,indonesia,Indonesia,281190067
2023,iraq,Iraq,45074049
2023,ireland,Ireland,5311538
2023,israel,Israel,9849000
2023,italy,Italy,58984216
2023,japan,Japan,124516650
2023,jordan,Jordan,11439213
2023,kazakhstan,Kazakhstan,20330104
2023,kenya,Kenya,55339003
2023,kuwait,Kuwait,4853420
2023,latvia,Latvia,1883710
2023,lithuania,Lithuania,2871585
2023,luxembourg,Luxembourg,666430
2023,madagascar,Madagascar,31195932
2023,malawi,Malawi,21104482
2023,malaysia,Malaysia,35126298
2023,mali,Mali,23769127
2023,mexico,Mexico,129739759
2023,mongolia,Mongolia,3481145
2023,morocco,Morocco,37712505
2023,mozambique,Mozambique,33635160
2023,myanmar,Myanmar,54133798
2023,nepal,Nepal,29694614
2023,netherlands,Netherlands,17877117
2023,new-zealand,New Zealand,5200000
2023,niger,Niger,26159867
2023,nigeria,Nigeria,227882945
2023,norway,Norway,5519601
2023,oman,Oman,5049269
2023,pakistan,Pakistan,247504495
2023,panama,Panama,4458759
2023,peru,Peru,33845617
2023,philippines,Philippines,114891199
2023,poland,Poland,36687353
2023,portugal,Portugal,10578174
2023,qatar,Qatar,2656032
2023,romania,Romania,19061062
2023,russia,Russia,143826130
2023,rwanda,Rwanda,13954471
2023,saudi-arabia,Saudi Arabia,33702731
2023,senegal,Senegal,18077573
2023,serbia,Serbia,6623183
2023,singapore,Singapore,5917648
2023,slovenia,Slovenia,2120461
2023,south-africa,South Africa,63212384
2023,spain,Spain,48352528
2023,sri-lanka,Sri Lanka,22037000
2023,sudan,Sudan,50042791
2023,sweden,Sweden,10536632
2023,switzerland,Switzerland,8888822
2023,tanzania,Tanzania,66617606
2023,thailand,Thailand,71702435
2023,tunisia,Tunisia,12200431
2023,turkey,Turkey,85325965
2023,ukraine,Ukraine,37732836
2023,united-arab-emirates,United Arab Emirates,10483751
2023,united-kingdom,United Kingdom,68526000
2023,united-states,United States,336755052
2023,uruguay,Uruguay,3388081
2023,uzbekistan,Uzbekistan,35652307
2023,vietnam,Vietnam,100352192
2023,zambia,Zambia,20723965
2023,zimbabwe,Zimbabwe,16340822
2024,afghanistan,Afghanistan,42647492
2024,albania,Albania,2377128
2024,algeria,Algeria,46814308
2024,angola,Angola,37885849
2024,argentina,Argentina,45696159
2024,armenia,Armenia,3033500
2024,australia,Australia,27194286
2024,austria,Austria,9177982
2024,azerbaijan,Azerbaijan,10202830
2024,bangladesh,Bangladesh,173562364
2024,belarus,Belarus,9132629
2024,belgium,Belgium,11858610
2024,benin,Benin,14462724
2024,bolivia,Bolivia,12413315
2024,brazil,Brazil,211998573
2024,bulgaria,Bulgaria,6441421
2024,burkina-faso,Burkina Faso,23548781
2024,burundi,Burundi,14047786
2024,cambodia,Cambodia,17638801
2024,cameroon,Cameroon,29123744
2024,canada,Canada,41262329
2024,chad,Chad,20299123
2024,chile,Chile,19764771
2024,china,China,1408975000
2024,colombia,Colombia,52886363
2024,cote-d-ivoire,Cote d Ivoire,31934230
2024,croatia,Croatia,3866200
2024,cuba,Cuba,10979783
2024,cyprus,Cyprus,1358282
2024,czechia,Czechia,10905028
2024,denmark,Denmark,5976992
2024,ecuador,Ecuador,18135478
2024,estonia,Estonia,1372341
2024,ethiopia,Ethiopia,132059767
2024,finland,Finland,5619911
2024,france,France,68551653
2024,georgia,Georgia,3812518
2024,germany,Germany,83516593
2024,ghana,Ghana,34427414
2024,greece,Greece,10405134
2024,guatemala,Guatemala,18406359
2024,guinea,Guinea,14754785
2024,haiti,Haiti,11772557
2024,hungary,Hungary,9562065
2024,iceland,Iceland,386506
2024,india,India,1450935791
2024,indonesia,Indonesia,283487931
2024,iraq,Iraq,46042015
2024,ireland,Ireland,5395790
2024,israel,Israel,10002200
2024,italy,Italy,58952704
2024,japan,Japan,123975371
2024,jordan,Jordan,11552876
2024,kazakhstan,Kazakhstan,20592571
2024,kenya,Kenya,56432944
2024,kuwait,Kuwait,4897263
2024,latvia,Latvia,1866124
2024,lithuania,Lithuania,2888278
2024,luxembourg,Luxembourg,677012
2024,madagascar,Madagascar,31964956
2024,malawi,Malawi,21655286
2024,malaysia,Malaysia,35557673
2024,mali,Mali,24478595
2024,mexico,Mexico,130861007
2024,mongolia,Mongolia,3524788
2024,morocco,Morocco,38081173
2024,mozambique,Mozambique,34631766
2024,myanmar,Myanmar,54500091
2024,nepal,Nepal,29651054
2024,netherlands,Netherlands,17993485
2024,new-zealand,New Zealand,5290000
2024,niger,Niger,27032412
2024,nigeria,Nigeria,232679478
2024,norway,Norway,5572279
2024,oman,Oman,5281538
2024,pakistan,Pakistan,251269164
2024,panama,Panama,4515577
2024,peru,Peru,34217848
2024,philippines,Philippines,115843670
2024,poland,Poland,36559233
2024,portugal,Portugal,10694681
2024,qatar,Qatar,2857822
2024,romania,Romania,19051804
2024,russia,Russia,143669648
2024,rwanda,Rwanda,14256567
2024,saudi-arabia,Saudi Arabia,35300280
2024,senegal,Senegal,18501984
2024,serbia,Serbia,6586476
2024,singapore,Singapore,6036860
2024,slovenia,Slovenia,2127400
2024,south-africa,South Africa,64007187
2024,spain,Spain,48848840
2024,sri-lanka,Sri Lanka,21916000
2024,sudan,Sudan,50448963
2024,sweden,Sweden,10569709
2024,switzerland,Switzerland,9005582
2024,tanzania,Tanzania,68560157
2024,thailand,Thailand,71668011
2024,tunisia,Tunisia,12277109
2024,turkey,Turkey,85518661
2024,ukraine,Ukraine,37860221
2024,united-arab-emirates,United Arab Emirates,10986400
2024,united-kingdom,United Kingdom,69281000
2024,united-states,United States,340003797
2024,uruguay,Uruguay,3386588
2024,uzbekistan,Uzbekistan,36361859
2024,vietnam,Vietnam,100987686
2024,zambia,Zambia,21314956
2024,zimbabwe,Zimbabwe,16634373
