date,entity_id,entity_name,value
1990,albania,Albania,2655.68581919275
1990,algeria,Algeria,7602.18725707323
1990,angola,Angola,3704.86317733921
1990,argentina,Argentina,7158.30849175961
1990,armenia,Armenia,2760.24950031896
1990,australia,Australia,17385.4985419393
1990,austria,Austria,19395.859898704
1990,azerbaijan,Azerbaijan,5342.57081589788
1990,bangladesh,Bangladesh,940.654470863744
1990,belarus,Belarus,5220.47473057813
1990,belgium,Belgium,18687.7257960975
1990,benin,Benin,1186.11606905745
1990,bolivia-plurinational-state-of,Bolivia,2796.65827602754
1990,brazil,Brazil,6687.92294863479
1990,bulgaria,Bulgaria,7547.56931142519
1990,burkina-faso,Burkina Faso,566.944147306781
1990,burundi,Burundi,598.30504600995
1990,cambodia,Cambodia,1409.71391692067
1990,cameroon,Cameroon,2031.90998850633
1990,canada,Canada,20225.9601080799
1990,chad,Chad,966.594360674154
1990,chile,Chile,4444.4667266396
1990,china,China,990.717285163772
1990,colombia,Colombia,5109.42000129613
1990,cote-d-ivoire,Cote d Ivoire,2693.36146607667
1990,croatia,Croatia,9525.99430234074
1990,cyprus,Cyprus,13348.1103515625
1990,czech-republic,Czechia,12848.2484124716
1990,denmark,Denmark,18225.4764138002
1990,ecuador,Ecuador,4631.55325848459
1990,estonia,Estonia,7480.89807938724
1990,ethiopia,Ethiopia,417.026578477479
1990,finland,Finland,18148.6227791552
1990,france,France,17474.7533591153
1990,georgia,Georgia,5835.58091348873
1990,germany,Germany,19467.8150314767
1990,ghana,Ghana,1580.65048837786
1990,greece,Greece,13126.2744827516
1990,guatemala,Guatemala,3329.59677081729
1990,guinea,Guinea,870.744222671805
1990,haiti,Haiti,2202.22774724999
1990,hungary,Hungary,9169.12684131118
1990,iceland,Iceland,22753.5346998053
1990,india,India,1177.14954249551
1990,indonesia,Indonesia,3043.94197517443
1990,ireland,Ireland,13742.8758185709
1990,israel,Israel,15711.6248526657
1990,italy,Italy,18680.297476875
1990,japan,Japan,20331.1220070593
1990,jordan,Jordan,4745.73845238012
1990,kazakhstan,Kazakhstan,7874.18736377728
1990,kenya,Kenya,1729.27344607513
1990,kuwait,Kuwait,30763.0669321375
1990,latvia,Latvia,7447.94869358261
1990,lithuania,Lithuania,9029.81574983868
1990,luxembourg,Luxembourg,29948.9365501492
1990,madagascar,Madagascar,1165.82092423793
1990,malawi,Malawi,671.503430325924
1990,malaysia,Malaysia,6886.63312538546
1990,mali,Mali,955.941595878
1990,mexico,Mexico,8577.86239058383
1990,mongolia,Mongolia,3479.28734526723
1990,morocco,Morocco,2776.82250976563
1990,mozambique,Mozambique,296.038508730815
1990,myanmar,Myanmar,441.10328756318
1990,nepal,Nepal,829.554109132846
1990,netherlands,Netherlands,19202.9869557536
1990,new-zealand,New Zealand,14812.1421730541
1990,niger,Niger,739.108850993783
1990,nigeria,Nigeria,2839.84330957869
1990,norway,Norway,18391.8564871298
1990,oman,Oman,26904.0022117071
1990,pakistan,Pakistan,1895.26266972807
1990,panama,Panama,4650.67095907221
1990,peru,Peru,3366.65696148276
1990,philippines,Philippines,2607.96574508511
1990,poland,Poland,6185.10006944695
1990,portugal,Portugal,11779.7566017591
1990,qatar,Qatar,57201.3261897989
1990,romania,Romania,5280.23907281744
1990,russian-federation,Russia,8027.7890625
1990,rwanda,Rwanda,542.26091518242
1990,saudi-arabia,Saudi Arabia,46214.2180696795
1990,senegal,Senegal,1513.07729105067
1990,singapore,Singapore,23815.1597270996
1990,slovenia,Slovenia,13491.1485293483
1990,south-africa,South Africa,6381.67336428175
1990,spain,Spain,13675.6055336815
1990,sri-lanka,Sri Lanka,2527.44295259518
1990,sudan,Sudan,1467.99328613281
1990,sweden,Sweden,20357.2079926484
1990,switzerland,Switzerland,28870.9155356947
1990,tanzania-united-rep,Tanzania,925.357360839844
1990,thailand,Thailand,4450.52121175956
1990,tunisia,Tunisia,3779.68467405679
1990,turkiye,Turkey,8201.06760277333
1990,ukraine,Ukraine,7590.544921875
1990,united-arab-emirates,United Arab Emirates,88454.9925120448
1990,united-kingdom,United Kingdom,16505.4176376936
1990,united-states,United States,23888.6000088133
1990,uruguay,Uruguay,6683.05781096664
1990,uzbekistan,Uzbekistan,2967.97364009673
1990,viet-nam,Vietnam,1209.68644472966
1990,zambia,Zambia,1521.62416941257
1990,zimbabwe,Zimbabwe,2756.77305560757
1991,albania,Albania,1988.65011115524
1991,algeria,Algeria,7582.07194408856
1991,angola,Angola,3740.35083457511
1991,argentina,Argentina,7960.97843974615
1991,armenia,Armenia,2476.60309191379
1991,australia,Australia,17839.0574706042
1991,austria,Austria,20535.8247267043
1991,azerbaijan,Azerbaijan,5412.09760160681
1991,bangladesh,Bangladesh,987.313199393388
1991,belarus,Belarus,5329.79780882023
1991,belgium,Belgium,19600.8963598198
1991,benin,Benin,1239.22499727865
1991,bolivia-plurinational-state-of,Bolivia,2980.73517752931
1991,brazil,Brazil,6866.63038029024
1991,bulgaria,Bulgaria,7214.94446128522
1991,burkina-faso,Burkina Faso,623.26800167387
1991,burundi,Burundi,636.146440137122
1991,cambodia,Cambodia,1504.35829429344
1991,cameroon,Cameroon,1962.54063755215
1991,canada,Canada,20219.8839262023
1991,chad,Chad,1045.62639275266
1991,chile,Chile,4885.5152251195
1991,china,China,1105.06746480665
1991,colombia,Colombia,5280.77779744064
1991,cote-d-ivoire,Cote d Ivoire,2677.07471986612
1991,croatia,Croatia,7917.72183131854
1991,cyprus,Cyprus,13546.3330078125
1991,czech-republic,Czechia,11768.1863671117
1991,denmark,Denmark,19067.028796635
1991,ecuador,Ecuador,4886.94780812682
1991,estonia,Estonia,7151.00829058943
1991,ethiopia,Ethiopia,383.387227547925
1991,finland,Finland,17562.8413872459
1991,france,France,18197.5277347283
1991,georgia,Georgia,4726.62230985566
1991,germany,Germany,21000.6955481553
1991,ghana,Ghana,1677.6057533672
1991,greece,Greece,13823.9094383428
1991,guatemala,Guatemala,3472.76308798815
1991,guinea,Guinea,887.470959947261
1991,haiti,Haiti,2272.76227173306
1991,hungary,Hungary,8352.41137095729
1991,iceland,Iceland,23199.9494587477
1991,india,India,1203.44685909848
1991,indonesia,Indonesia,3305.36393290345
1991,ireland,Ireland,14398.7639103425
1991,israel,Israel,16476.107447374
1991,italy,Italy,19595.5409023254
1991,japan,Japan,21673.9383930363
1991,jordan,Jordan,4611.76564194267
1991,kazakhstan,Kazakhstan,7192.80207932692
1991,kenya,Kenya,1755.65401610218
1991,kuwait,Kuwait,23390.4236049007
1991,latvia,Latvia,6761.93041490059
1991,lithuania,Lithuania,8790.38654588643
1991,luxembourg,Luxembourg,33190.5117274445
1991,madagascar,Madagascar,1095.98699612405
1991,malawi,Malawi,731.94047487286
1991,malaysia,Malaysia,7582.5694305285
1991,mali,Mali,1091.47043918665
1991,mexico,Mexico,9078.60557528736
1991,mongolia,Mongolia,3183.18477836356
1991,morocco,Morocco,3025.00708007813
1991,mozambique,Mozambique,314.93003874082
1991,myanmar,Myanmar,446.58318047111
1991,nepal,Nepal,888.914821161927
1991,netherlands,Netherlands,20176.9779276602
1991,new-zealand,New Zealand,14500.9507347911
1991,niger,Niger,737.52892128673
1991,nigeria,Nigeria,2869.60336948596
1991,norway,Norway,19464.0909367752
1991,oman,Oman,28108.6614402282
1991,pakistan,Pakistan,1991.57964034583
1991,panama,Panama,5150.31410149826
1991,peru,Peru,3483.53898065746
1991,philippines,Philippines,2620.70437667025
1991,poland,Poland,5924.62138760787
1991,portugal,Portugal,12739.4101586145
1991,qatar,Qatar,56276.2160867347
1991,romania,Romania,4795.10097335744
1991,russian-federation,Russia,7857.85498046875
1991,rwanda,Rwanda,535.492198184607
1991,saudi-arabia,Saudi Arabia,49295.4748117673
1991,senegal,Senegal,1560.85968431961
1991,singapore,Singapore,25530.3666968072
1991,slovenia,Slovenia,12697.9185657738
1991,south-africa,South Africa,6382.80679264745
1991,spain,Spain,14461.2007315581
1991,sri-lanka,Sri Lanka,2712.72280195342
1991,sudan,Sudan,1598.86901855469
1991,sweden,Sweden,20663.1408121844
1991,switzerland,Switzerland,29206.580814578
1991,tanzania-united-rep,Tanzania,952.097473144531
1991,thailand,Thailand,4914.08122603058
1991,tunisia,Tunisia,3975.39801576069
1991,turkiye,Turkey,8408.67939926363
1991,ukraine,Ukraine,7148.48291015625
1991,united-arab-emirates,United Arab Emirates,87250.1153740273
1991,united-kingdom,United Kingdom,16791.0632044568
1991,united-states,United States,24342.2589048189
1991,uruguay,Uruguay,7112.43765062585
1991,uzbekistan,Uzbekistan,2980.72163219196
1991,viet-nam,Vietnam,1297.66060481432
1991,zambia,Zambia,1534.00129930462
1991,zimbabwe,Zimbabwe,2930.32330527062
1992,albania,Albania,1899.2679420508
1992,algeria,Algeria,7704.51644334888
1992,angola,Angola,3486.20686709389
1992,argentina,Argentina,8667.85280375707
1992,armenia,Armenia,1491.61267172421
1992,australia,Australia,18258.7234358128
1992,austria,Austria,21208.8392210406
1992,azerbaijan,Azerbaijan,4220.14637286529
1992,bangladesh,Bangladesh,1044.89188611749
1992,belarus,Belarus,4917.12115637312
1992,belgium,Belgium,20272.01785535
1992,benin,Benin,1265.25241873489
1992,bolivia-plurinational-state-of,Bolivia,3036.28011820204
1992,brazil,Brazil,6869.41000558486
1992,bulgaria,Bulgaria,6916.58328308184
1992,burkina-faso,Burkina Faso,623.384995284716
1992,burundi,Burundi,639.876865842107
1992,cambodia,Cambodia,1560.1077135815
1992,cameroon,Cameroon,1890.09253102181
1992,canada,Canada,20619.2992538247
1992,chad,Chad,1107.04264034943
1992,chile,Chile,5563.18125485069
1992,china,China,1276.11380951562
1992,colombia,Colombia,5509.36464904622
1992,cote-d-ivoire,Cote d Ivoire,2624.52422266923
1992,croatia,Croatia,7326.4729973385
1992,cyprus,Cyprus,14759.4677734375
1992,czech-republic,Czechia,11963.1600521076
1992,denmark,Denmark,19830.3379439042
1992,ecuador,Ecuador,4997.6436327044
1992,estonia,Estonia,5871.8423996134
1992,ethiopia,Ethiopia,343.361548681471
1992,finland,Finland,17270.9411369567
1992,france,France,18800.5408167592
1992,georgia,Georgia,2643.17836196899
1992,germany,Germany,21745.8178030582
1992,ghana,Ghana,1738.64019037244
1992,greece,Greece,14129.567617274
1992,guatemala,Guatemala,3626.11530297821
1992,guinea,Guinea,907.939406409737
1992,haiti,Haiti,2157.59713302236
1992,hungary,Hungary,8284.22702640089
1992,iceland,Iceland,22641.7450193353
1992,india,India,1270.99063506933
1992,indonesia,Indonesia,3538.48431255914
1992,ireland,Ireland,15115.7694903972
1992,israel,Israel,17542.371931256
1992,italy,Italy,20195.5875939945
1992,japan,Japan,22284.624071883
1992,jordan,Jordan,5115.98554320743
1992,kazakhstan,Kazakhstan,6945.09441092007
1992,kenya,Kenya,1727.54067547305
1992,kuwait,Kuwait,36149.1834808024
1992,latvia,Latvia,4759.77997663224
1992,lithuania,Lithuania,7087.06648289219
1992,luxembourg,Luxembourg,34108.4951917121
1992,madagascar,Madagascar,1100.57896848667
1992,malawi,Malawi,673.815977200326
1992,malaysia,Malaysia,8223.80295927448
1992,mali,Mali,1038.71477120272
1992,mexico,Mexico,9469.67304688292
1992,mongolia,Mongolia,2951.02362002866
1992,morocco,Morocco,2979.068359375
1992,mozambique,Mozambique,291.989332747883
1992,myanmar,Myanmar,494.084437468371
1992,nepal,Nepal,920.181508611724
1992,netherlands,Netherlands,20830.7613437333
1992,new-zealand,New Zealand,14876.8506144376
1992,niger,Niger,745.804310098066
1992,nigeria,Nigeria,2991.3513493397
1992,norway,Norway,20490.6687240431
1992,oman,Oman,29772.9044251961
1992,pakistan,Pakistan,2132.01941726742
1992,panama,Panama,5581.62220113415
1992,peru,Peru,3472.23065868272
1992,philippines,Philippines,2628.58754481354
1992,poland,Poland,6193.00768846748
1992,portugal,Portugal,13181.922768958
1992,qatar,Qatar,62060.5006666783
1992,romania,Romania,4515.00431454621
1992,russian-federation,Russia,6862.41455078125
1992,rwanda,Rwanda,568.063885642368
1992,saudi-arabia,Saudi Arabia,50355.4065006377
1992,senegal,Senegal,1572.89009402337
1992,singapore,Singapore,27021.8408815114
1992,slovenia,Slovenia,12295.6366722699
1992,south-africa,South Africa,6275.01326531567
1992,spain,Spain,14855.2574563932
1992,sri-lanka,Sri Lanka,2850.9500749898
1992,sudan,Sudan,1709.70544433594
1992,sweden,Sweden,20767.0040710182
1992,switzerland,Switzerland,29531.7172711071
1992,tanzania-united-rep,Tanzania,955.3916015625
1992,thailand,Thailand,5346.68009434295
1992,tunisia,Tunisia,4292.15288335286
1992,turkiye,Turkey,8962.5185254558
1992,ukraine,Ukraine,6568.3330078125
1992,united-arab-emirates,United Arab Emirates,87509.2631006467
1992,united-kingdom,United Kingdom,17349.0817823144
1992,united-states,United States,25418.9907763319
1992,uruguay,Uruguay,7808.12228080331
1992,uzbekistan,Uzbekistan,2641.4027917077
1992,viet-nam,Vietnam,1413.07495321401
1992,zambia,Zambia,1505.02647933571
1992,zimbabwe,Zimbabwe,2650.99889599522
1993,albania,Albania,2143.18631250435
1993,algeria,Algeria,7537.93868247743
1993,angola,Angola,2627.58810062274
1993,argentina,Argentina,9472.44509959632
1993,armenia,Armenia,1440.39367768672
1993,australia,Australia,19220.342291254
1993,austria,Austria,21646.6833009529
1993,azerbaijan,Azerbaijan,3272.23795033519
1993,bangladesh,Bangladesh,1099.38588805752
1993,belarus,Belarus,4640.85663766813
1993,belgium,Belgium,20472.777919689
1993,benin,Benin,1311.34449341145
1993,bolivia-plurinational-state-of,Bolivia,3177.296403982
1993,brazil,Brazil,7259.9888570692
1993,bulgaria,Bulgaria,7031.58721302407
1993,burkina-faso,Burkina Faso,644.035464372433
1993,burundi,Burundi,633.812420479332
1993,cambodia,Cambodia,1565.42989298105
1993,cameroon,Cameroon,1731.40873129448
1993,canada,Canada,21432.2129617831
1993,chad,Chad,932.984522250415
1993,chile,Chile,6060.80624589525
1993,china,China,1471.2754807734
1993,colombia,Colombia,5826.18344431689
1993,cote-d-ivoire,Cote d Ivoire,2576.99340154112
1993,croatia,Croatia,6861.25063171896
1993,cyprus,Cyprus,14852.0595703125
1993,czech-republic,Czechia,12241.5754448767
1993,denmark,Denmark,20216.8954580986
1993,ecuador,Ecuador,5112.21877066441
1993,estonia,Estonia,5813.71555099389
1993,ethiopia,Ethiopia,383.96068018367
1993,finland,Finland,17457.7676292369
1993,france,France,19093.8468896509
1993,georgia,Georgia,1898.37119625697
1993,germany,Germany,21900.1979136537
1993,ghana,Ghana,1820.65329622669
1993,greece,Greece,14149.5782711785
1993,guatemala,Guatemala,3756.26912812402
1993,guinea,Guinea,947.058235584593
1993,haiti,Haiti,2048.24345331222
1993,hungary,Hungary,8441.35306660172
1993,iceland,Iceland,23245.2978034086
1993,india,India,1334.60916429666
1993,indonesia,Indonesia,3792.59465733018
1993,ireland,Ireland,15811.4896948976
1993,israel,Israel,18207.0244683211
1993,italy,Italy,20485.4434748589
1993,japan,Japan,22634.5878828654
1993,jordan,Jordan,5194.95109238787
1993,kazakhstan,Kazakhstan,6477.34852543983
1993,kenya,Kenya,1722.82069889254
1993,kuwait,Kuwait,48481.7603772287
1993,latvia,Latvia,4722.00413311185
1993,lithuania,Lithuania,6106.66917755272
1993,luxembourg,Luxembourg,35898.5418756947
1993,madagascar,Madagascar,1115.76728426897
1993,malawi,Malawi,745.682183274387
1993,malaysia,Malaysia,9018.06249385211
1993,mali,Mali,1086.68093106163
1993,mexico,Mexico,9040.50553246324
1993,mongolia,Mongolia,2928.83799415543
1993,morocco,Morocco,2979.28686523438
1993,mozambique,Mozambique,321.278518967924
1993,myanmar,Myanmar,529.208215555509
1993,nepal,Nepal,951.910370770012
1993,netherlands,Netherlands,21442.7269213863
1993,new-zealand,New Zealand,15900.1007418351
1993,niger,Niger,742.107180810212
1993,nigeria,Nigeria,2921.47704516545
1993,norway,Norway,21451.5674029774
1993,oman,Oman,30986.5262565914
1993,pakistan,Pakistan,2160.18966660001
1993,panama,Panama,5901.78223719538
1993,peru,Peru,3666.23318876838
1993,philippines,Philippines,2684.2765938812
1993,poland,Poland,6560.09237529942
1993,portugal,Portugal,13202.4801547967
1993,qatar,Qatar,60763.4712059433
1993,romania,Romania,4699.07921508893
1993,russian-federation,Russia,6419.53662109375
1993,rwanda,Rwanda,514.430927965566
1993,saudi-arabia,Saudi Arabia,49503.2320724162
1993,senegal,Senegal,1587.77652669238
1993,singapore,Singapore,30062.1391664506
1993,slovenia,Slovenia,12975.8571019429
1993,south-africa,South Africa,6374.77912497083
1993,spain,Spain,14972.676286411
1993,sri-lanka,Sri Lanka,3067.38292693737
1993,sudan,Sudan,1793.81896972656
1993,sweden,Sweden,20699.5354974732
1993,switzerland,Switzerland,29919.90603415
1993,tanzania-united-rep,Tanzania,959.321350097656
1993,thailand,Thailand,5834.31650526448
1993,tunisia,Tunisia,4401.19960060791
1993,turkiye,Turkey,9743.09275595545
1993,ukraine,Ukraine,5766.296875
1993,united-arab-emirates,United Arab Emirates,86330.3367761972
1993,united-kingdom,United Kingdom,18336.2218082539
1993,united-states,United States,26387.2937338171
1993,uruguay,Uruguay,8162.35592943552
1993,uzbekistan,Uzbekistan,2581.40184047702
1993,viet-nam,Vietnam,1533.55573178235
1993,zambia,Zambia,1606.66943652201
1993,zimbabwe,Zimbabwe,2702.57555865822
1994,albania,Albania,2385.29097470741
1994,algeria,Algeria,7462.64758776193
1994,angola,Angola,2632.88819941256
1994,argentina,Argentina,10103.029741744
1994,armenia,Armenia,1591.47883516404
1994,australia,Australia,20173.6335372371
1994,austria,Austria,22553.0074289088
1994,azerbaijan,Azerbaijan,2647.76538429984
1994,bangladesh,Bangladesh,1145.11016610355
1994,belarus,Belarus,4190.32389055528
1994,belgium,Belgium,21518.2541385756
1994,benin,Benin,1316.24432541007
1994,bolivia-plurinational-state-of,Bolivia,3331.48694362074
1994,brazil,Brazil,7727.24541745244
1994,bulgaria,Bulgaria,7337.16390641898
1994,burkina-faso,Burkina Faso,649.842407608131
1994,burundi,Burundi,618.519709029567
1994,cambodia,Cambodia,972.056304539513
1994,cameroon,Cameroon,1751.68522974171
1994,canada,Canada,22624.4150818403
1994,chad,Chad,1025.62743945934
1994,chile,Chile,6475.54252568003
1994,china,China,1680.18456719956
1994,colombia,Colombia,6173.63611488144
1994,cote-d-ivoire,Cote d Ivoire,2550.99222452083
1994,croatia,Croatia,7336.9097417069
1994,cyprus,Cyprus,15735.32421875
1994,czech-republic,Czechia,12862.0591201729
1994,denmark,Denmark,21668.545231066
1994,ecuador,Ecuador,5339.39726202352
1994,estonia,Estonia,5966.58566996016
1994,ethiopia,Ethiopia,390.823946460121
1994,finland,Finland,18457.6541464548
1994,france,France,19891.7454324805
1994,georgia,Georgia,1764.24469897723
1994,germany,Germany,22869.2124447891
1994,ghana,Ghana,1875.26172708223
1994,greece,Greece,14667.1010047956
1994,guatemala,Guatemala,3886.33368457026
1994,guinea,Guinea,975.980022957998
1994,haiti,Haiti,1806.82303584873
1994,hungary,Hungary,8887.84236113025
1994,iceland,Iceland,24386.1266258638
1994,india,India,1424.4533161587
1994,indonesia,Indonesia,4095.99846612707
1994,ireland,Ireland,17011.4382733955
1994,israel,Israel,19466.4311807694
1994,italy,Italy,21368.5687948064
1994,japan,Japan,23303.1848240483
1994,jordan,Jordan,5309.10128289431
1994,kazakhstan,Kazakhstan,5860.35066871949
1994,kenya,Kenya,1754.2534007993
1994,kuwait,Kuwait,53945.5881246338
1994,latvia,Latvia,5011.63179851938
1994,lithuania,Lithuania,5667.13821359702
1994,luxembourg,Luxembourg,37551.1282645827
1994,madagascar,Madagascar,1104.26113404101
1994,malawi,Malawi,691.626134386845
1994,malaysia,Malaysia,9806.47179146924
1994,mali,Mali,1146.98873721089
1994,mexico,Mexico,9465.90235452203
1994,mongolia,Mongolia,3021.36094269574
1994,morocco,Morocco,3314.78149414063
1994,mozambique,Mozambique,326.441684469624
1994,myanmar,Myanmar,573.291923971988
1994,nepal,Nepal,1026.08370074147
1994,netherlands,Netherlands,22413.5258774144
1994,new-zealand,New Zealand,17107.8871971177
1994,niger,Niger,747.575677687645
1994,nigeria,Nigeria,2853.33080415442
1994,norway,Norway,22881.1940518769
1994,oman,Oman,31924.7750992324
1994,pakistan,Pakistan,2223.51428377103
1994,panama,Panama,6073.15354358236
1994,peru,Peru,4123.04187576286
1994,philippines,Philippines,2799.77988253094
1994,poland,Poland,7039.91945095081
1994,portugal,Portugal,13577.9092201084
1994,qatar,Qatar,61061.9066643896
1994,romania,Romania,4995.381047317
1994,russian-federation,Russia,5734.421875
1994,rwanda,Rwanda,307.154424203812
1994,saudi-arabia,Saudi Arabia,48903.5791703846
1994,senegal,Senegal,1578.09460537018
1994,singapore,Singapore,33057.5376989836
1994,slovenia,Slovenia,13975.1338460117
1994,south-africa,South Africa,6611.28864482802
1994,spain,Spain,15582.4470419042
1994,sri-lanka,Sri Lanka,3260.46892518501
1994,sudan,Sudan,1805.20349121094
1994,sweden,Sweden,21834.7707520159
1994,switzerland,Switzerland,30701.1290748939
1994,tanzania-united-rep,Tanzania,957.721008300781
1994,thailand,Thailand,6341.24133289884
1994,tunisia,Tunisia,4555.48683897674
1994,turkiye,Turkey,9247.2287381824
1994,ukraine,Ukraine,4564.64453125
1994,united-arab-emirates,United Arab Emirates,89959.0414010055
1994,united-kingdom,United Kingdom,19605.4199882348
1994,united-states,United States,27694.853416234
1994,uruguay,Uruguay,8897.17805963684
1994,uzbekistan,Uzbekistan,2446.53169223236
1994,viet-nam,Vietnam,1674.23712203134
1994,zambia,Zambia,1464.05611722804
1994,zimbabwe,Zimbabwe,3011.63318952854
1995,albania,Albania,2776.84207952747
1995,algeria,Algeria,7746.71683858206
1995,angola,Angola,2989.76137990043
1995,argentina,Argentina,9890.92470880422
1995,armenia,Armenia,1766.910147533
1995,australia,Australia,21049.6150181971
1995,austria,Austria,23604.0281966141
1995,azerbaijan,Azerbaijan,2356.89780137075
1995,bangladesh,Bangladesh,1206.36646699769
1995,belarus,Belarus,3845.70682017681
1995,belgium,Belgium,22446.2748072391
1995,benin,Benin,1395.26644437794
1995,bolivia-plurinational-state-of,Bolivia,3493.83709243514
1995,brazil,Brazil,8096.91149152154
1995,bulgaria,Bulgaria,7742.82359995101
1995,burkina-faso,Burkina Faso,683.639151550497
1995,burundi,Burundi,547.689757571979
1995,cambodia,Cambodia,1005.87609536834
1995,cameroon,Cameroon,1790.33914975601
1995,canada,Canada,23474.2003753947
1995,chad,Chad,1014.37923885135
1995,chile,Chile,7231.59000885119
1995,china,China,1883.79343690494
1995,colombia,Colombia,6505.56526192075
1995,cote-d-ivoire,Cote d Ivoire,2683.32097616165
1995,croatia,Croatia,8051.72131393667
1995,cyprus,Cyprus,17095.91796875
1995,czech-republic,Czechia,13957.2702636739
1995,denmark,Denmark,22676.5211131952
1995,ecuador,Ecuador,5469.14843512754
1995,estonia,Estonia,6479.67745901232
1995,ethiopia,Ethiopia,409.294333176914
1995,finland,Finland,19567.7826444216
1995,france,France,20701.38123435
1995,georgia,Georgia,1918.76988590035
1995,germany,Germany,23630.5518935199
1995,ghana,Ghana,1946.82217274556
1995,greece,Greece,15217.8019629681
1995,guatemala,Guatemala,4055.43865279352
1995,guinea,Guinea,1013.63232368326
1995,haiti,Haiti,1989.01647371951
1995,hungary,Hungary,9222.18538242597
1995,iceland,Iceland,24791.6015114048
1995,india,India,1533.29944360609
1995,indonesia,Indonesia,4451.00021267626
1995,iraq,Iraq,4597.62130781197
1995,ireland,Ireland,18944.0443391881
1995,israel,Israel,20629.0336637985
1995,italy,Italy,22446.0455046057
1995,japan,Japan,24262.893796046
1995,jordan,Jordan,5525.53435064533
1995,kazakhstan,Kazakhstan,5595.43398924294
1995,kenya,Kenya,1817.60888087533
1995,kuwait,Kuwait,57163.3491544291
1995,latvia,Latvia,5391.04513303111
1995,lithuania,Lithuania,6022.50226031185
1995,luxembourg,Luxembourg,38345.0967648472
1995,madagascar,Madagascar,1110.65249220124
1995,malawi,Malawi,825.454125680218
1995,malaysia,Malaysia,10720.253468707
1995,mali,Mali,1154.28545560708
1995,mexico,Mexico,8932.73040130287
1995,mongolia,Mongolia,3228.9736975476
1995,morocco,Morocco,3152.42724609375
1995,mozambique,Mozambique,320.599890290553
1995,myanmar,Myanmar,617.89610140225
1995,nepal,Nepal,1058.20747639756
1995,netherlands,Netherlands,23480.2458181734
1995,new-zealand,New Zealand,17863.8893982023
1995,niger,Niger,756.545588549405
1995,nigeria,Nigeria,2835.2891223251
1995,norway,Norway,24208.7936015786
1995,oman,Oman,33598.3331451942
1995,pakistan,Pakistan,2314.90798536126
1995,panama,Panama,6181.7154698562
1995,peru,Peru,4434.67245161066
1995,philippines,Philippines,2925.96101430374
1995,poland,Poland,7714.57972313137
1995,portugal,Portugal,14406.3254746951
1995,qatar,Qatar,61992.7558639446
1995,romania,Romania,5429.00790633242
1995,russian-federation,Russia,5613.28076171875
1995,rwanda,Rwanda,507.626495706624
1995,saudi-arabia,Saudi Arabia,48052.4091089165
1995,senegal,Senegal,1656.26724965623
1995,serbia,Serbia,5022.18974217232
1995,singapore,Singapore,35090.0687472553
1995,slovenia,Slovenia,13637.1913018308
1995,south-africa,South Africa,6875.18838614394
1995,spain,Spain,16275.8548504628
1995,sri-lanka,Sri Lanka,3454.27501141435
1995,sudan,Sudan,1902.43005371094
1995,sweden,Sweden,23083.8821849136
1995,switzerland,Switzerland,31285.8705223753
1995,tanzania-united-rep,Tanzania,981.404174804688
1995,thailand,Thailand,6900.73895670856
1995,tunisia,Tunisia,4686.17039735806
1995,turkiye,Turkey,9955.36167250187
1995,ukraine,Ukraine,4124.29541015625
1995,united-arab-emirates,United Arab Emirates,93702.2612671301
1995,united-kingdom,United Kingdom,20668.9772485069
1995,united-states,United States,28690.8757013347
1995,uruguay,Uruguay,8905.61798636278
1995,uzbekistan,Uzbekistan,2426.27829401238
1995,viet-nam,Vietnam,1841.35026844508
1995,zambia,Zambia,1501.3910624395
1995,zimbabwe,Zimbabwe,3051.16830425344
1996,albania,Albania,3054.04979549208
1996,algeria,Algeria,8052.76856679082
1996,angola,Angola,3341.91188796502
1996,argentina,Argentina,10495.8392448735
1996,armenia,Armenia,1921.54998897848
1996,australia,Australia,22133.8442785709
1996,austria,Austria,24426.7640962842
1996,azerbaijan,Azerbaijan,2406.77231610436
1996,bangladesh,Bangladesh,1260.7548951696
1996,belarus,Belarus,4039.34042551581
1996,belgium,Belgium,22745.2145866007
1996,benin,Benin,1443.96771275148
1996,bolivia-plurinational-state-of,Bolivia,3644.90018483123
1996,brazil,Brazil,8300.63414117184
1996,bulgaria,Bulgaria,6848.99114845627
1996,burkina-faso,Burkina Faso,753.309166713067
1996,burundi,Burundi,512.745181413803
1996,cambodia,Cambodia,1006.0903245457
1996,cameroon,Cameroon,1849.50650029323
1996,canada,Canada,24054.9166185572
1996,chad,Chad,1010.08078596421
1996,chile,Chile,7895.19827576749
1996,china,China,2087.60088528202
1996,colombia,Colombia,6638.83973601592
1996,cote-d-ivoire,Cote d Ivoire,2831.79903700796
1996,croatia,Croatia,8805.7877779071
1996,cyprus,Cyprus,17319.9765625
1996,czech-republic,Czechia,14780.8272150214
1996,denmark,Denmark,23722.7800836698
1996,ecuador,Ecuador,5559.97815275371
1996,estonia,Estonia,6891.85582622378
1996,ethiopia,Ethiopia,453.368395558836
1996,finland,Finland,20067.4533767509
1996,france,France,21268.4888069079
1996,georgia,Georgia,2253.09523333179
1996,germany,Germany,24169.0699436833
1996,ghana,Ghana,2025.83267065922
1996,greece,Greece,15778.4020297225
1996,guatemala,Guatemala,4143.14829374068
1996,guinea,Guinea,1048.15823911483
1996,haiti,Haiti,2069.6145412464
1996,hungary,Hungary,9387.57595434634
1996,iceland,Iceland,25645.374323262
1996,india,India,1646.03213894464
1996,indonesia,Indonesia,4807.09267263896
1996,iraq,Iraq,5034.47628331349
1996,ireland,Ireland,20481.5737141909
1996,israel,Israel,21659.4515912213
1996,italy,Italy,23100.7866507594
1996,japan,Japan,25497.3580475185
1996,jordan,Jordan,5556.54767848186
1996,kazakhstan,Kazakhstan,5836.07198339016
1996,kenya,Kenya,1875.29830941334
1996,kuwait,Kuwait,56912.6961336559
1996,latvia,Latvia,5688.34966443302
1996,lithuania,Lithuania,6479.19459061105
1996,luxembourg,Luxembourg,39722.2499406223
1996,madagascar,Madagascar,1118.76916206941
1996,malawi,Malawi,884.456346954554
1996,malaysia,Malaysia,11709.2669990632
1996,mali,Mali,1223.58249298903
1996,mexico,Mexico,9495.71013610154
1996,mongolia,Mongolia,3310.16087029251
1996,morocco,Morocco,3551.25610351563
1996,mozambique,Mozambique,349.731938672151
1996,myanmar,Myanmar,661.218060536978
1996,nepal,Nepal,1110.22192684656
1996,netherlands,Netherlands,24564.1192126848
1996,new-zealand,New Zealand,18392.1664137785
1996,niger,Niger,745.810843987837
1996,nigeria,Nigeria,2930.71333129659
1996,norway,Norway,26647.0560612783
1996,oman,Oman,34660.6248113102
1996,pakistan,Pakistan,2400.63451651363
1996,panama,Panama,6420.51257110757
1996,peru,Peru,4555.76959482029
1996,philippines,Philippines,3082.30965980454
1996,poland,Poland,8310.2991272644
1996,portugal,Portugal,14922.0003851427
1996,qatar,Qatar,64058.7216470295
1996,romania,Romania,5745.66631355503
1996,russian-federation,Russia,5517.85888671875
1996,rwanda,Rwanda,492.923026442821
1996,saudi-arabia,Saudi Arabia,48569.1633133876
1996,senegal,Senegal,1679.11494140861
1996,serbia,Serbia,5433.74885056467
1996,singapore,Singapore,36872.7035835602
1996,slovenia,Slovenia,14284.3392747406
1996,south-africa,South Africa,7208.00603134873
1996,spain,Spain,16971.2538144573
1996,sri-lanka,Sri Lanka,3581.65276582188
1996,sudan,Sudan,2005.60961914063
1996,sweden,Sweden,23951.5346983014
1996,switzerland,Switzerland,31985.7788020437
1996,tanzania-united-rep,Tanzania,1025.87158203125
1996,thailand,Thailand,7322.41464645667
1996,tunisia,Tunisia,5039.71097998497
1996,turkiye,Turkey,10620.7089998646
1996,ukraine,Ukraine,3812.24560546875
1996,united-arab-emirates,United Arab Emirates,94619.6235761181
1996,united-kingdom,United Kingdom,22033.8089084654
1996,united-states,United States,29967.7127181749
1996,uruguay,Uruguay,9524.08700320133
1996,uzbekistan,Uzbekistan,2465.95852753394
1996,viet-nam,Vietnam,2019.18249088469
1996,zambia,Zambia,1584.58166341712
1996,zimbabwe,Zimbabwe,3372.46971418025
1997,albania,Albania,2760.07854881264
1997,algeria,Algeria,8128.79891386767
1997,angola,Angola,3525.08342952059
1997,argentina,Argentina,11403.4807925877
1997,armenia,Armenia,2039.78832277741
1997,australia,Australia,23141.8588888881
1997,austria,Austria,25300.6439049694
1997,azerbaijan,Azerbaijan,2565.40828176667
1997,bangladesh,Bangladesh,1315.46923328946
1997,belarus,Belarus,4596.48615920875
1997,belgium,Belgium,23733.4493485094
1997,benin,Benin,1507.92415400204
1997,bolivia-plurinational-state-of,Bolivia,3821.80736614735
1997,brazil,Brazil,8601.60903056861
1997,bulgaria,Bulgaria,5750.70569611569
1997,burkina-faso,Burkina Faso,793.970841434338
1997,burundi,Burundi,513.333205389365
1997,cambodia,Cambodia,993.637345416691
1997,cameroon,Cameroon,1915.11760711188
1997,canada,Canada,25263.8967272873
1997,chad,Chad,1048.75331848442
1997,chile,Chile,8510.4138008287
1997,china,China,2297.41065691704
1997,colombia,Colombia,6861.09186357451
1997,cote-d-ivoire,Cote d Ivoire,3039.52473895099
1997,croatia,Croatia,9535.64248083246
1997,cyprus,Cyprus,17781.55078125
1997,czech-republic,Czechia,14911.1309325943
1997,denmark,Denmark,24887.0698517987
1997,ecuador,Ecuador,5792.64969137943
1997,estonia,Estonia,7979.78695072575
1997,ethiopia,Ethiopia,460.636391517436
1997,finland,Finland,21787.1082900179
1997,france,France,22190.1666289941
1997,georgia,Georgia,2615.64621072144
1997,germany,Germany,24649.4588738256
1997,ghana,Ghana,2096.76500280627
1997,greece,Greece,16630.4781484617
1997,guatemala,Guatemala,4287.43247775116
1997,guinea,Guinea,1098.66868511853
1997,haiti,Haiti,2121.84940074947
1997,hungary,Hungary,9846.43441638411
1997,iceland,Iceland,27396.6794097608
1997,india,India,1708.30303721879
1997,indonesia,Indonesia,5037.22152386981
1997,iraq,Iraq,6019.88912577284
1997,ireland,Ireland,22637.382448244
1997,israel,Israel,22265.5112546557
1997,italy,Italy,23936.7931493729
1997,japan,Japan,26117.0368624491
1997,jordan,Jordan,5684.58209074254
1997,kazakhstan,Kazakhstan,6177.92475025667
1997,kenya,Kenya,1865.02667278906
1997,kuwait,Kuwait,57419.932106613
1997,latvia,Latvia,6365.70559365893
1997,lithuania,Lithuania,7166.81061906926
1997,luxembourg,Luxembourg,42487.6883828393
1997,madagascar,Madagascar,1142.30166097626
1997,malawi,Malawi,915.279224970104
1997,malaysia,Malaysia,12469.3590062855
1997,mali,Mali,1266.86064233257
1997,mexico,Mexico,10182.087598628
1997,mongolia,Mongolia,3449.23435970723
1997,morocco,Morocco,3502.00805664063
1997,mozambique,Mozambique,387.059044304926
1997,myanmar,Myanmar,701.62799014145
1997,nepal,Nepal,1161.98176079821
1997,netherlands,Netherlands,26061.6297339405
1997,new-zealand,New Zealand,19099.8868484126
1997,niger,Niger,745.105523924554
1997,nigeria,Nigeria,2989.96114457052
1997,norway,Norway,28371.9289444227
1997,oman,Oman,36808.9347923445
1997,pakistan,Pakistan,2398.01357457051
1997,panama,Panama,6894.69105969649
1997,peru,Peru,4844.09819876824
1997,philippines,Philippines,3221.39171044246
1997,poland,Poland,8967.11658173764
1997,portugal,Portugal,15789.4850482915
1997,qatar,Qatar,81414.3815346717
1997,romania,Romania,5564.37530438768
1997,russian-federation,Russia,5699.94775390625
1997,rwanda,Rwanda,493.837338047103
1997,saudi-arabia,Saudi Arabia,48795.6726125304
1997,senegal,Senegal,1719.04799844857
1997,serbia,Serbia,6039.96836601391
1997,singapore,Singapore,39286.4321601159
1997,slovenia,Slovenia,15256.885308508
1997,south-africa,South Africa,7433.35785895886
1997,spain,Spain,17903.398842181
1997,sri-lanka,Sri Lanka,3803.88359599546
1997,sudan,Sudan,2358.26098632813
1997,sweden,Sweden,24816.6202142152
1997,switzerland,Switzerland,33180.9874177073
1997,tanzania-united-rep,Tanzania,1058.78796386719
1997,thailand,Thailand,7147.61289942825
1997,tunisia,Tunisia,5332.77991049767
1997,turkiye,Turkey,11511.0257361123
1997,ukraine,Ukraine,3794.17846679688
1997,united-arab-emirates,United Arab Emirates,96008.7770509465
1997,united-kingdom,United Kingdom,23194.826665622
1997,united-states,United States,31459.1299691554
1997,uruguay,Uruguay,10460.919710031
1997,uzbekistan,Uzbekistan,2593.72036581923
1997,viet-nam,Vietnam,2189.41027727818
1997,zambia,Zambia,1631.17313844918
1997,zimbabwe,Zimbabwe,3457.06927970844
1998,albania,Albania,3085.7889135935
1998,algeria,Algeria,8502.88835906933
1998,angola,Angola,3609.09297806456
1998,argentina,Argentina,11835.6769863617
1998,armenia,Armenia,2239.42758307653
1998,australia,Australia,24386.3255539195
1998,austria,Austria,26530.9354041171
1998,azerbaijan,Azerbaijan,2826.70693420813
1998,bangladesh,Bangladesh,1372.95383928336
1998,belarus,Belarus,5061.33499051658
1998,belgium,Belgium,24370.3723671522
1998,benin,Benin,1537.14382545624
1998,bolivia-plurinational-state-of,Bolivia,3988.09230664001
1998,brazil,Brazil,8598.80569176942
1998,bulgaria,Bulgaria,6178.0630122544
1998,burkina-faso,Burkina Faso,838.079355251121
1998,burundi,Burundi,533.471289499134
1998,cambodia,Cambodia,1009.34761565267
1998,cameroon,Cameroon,1975.15598930667
1998,canada,Canada,26323.6001266109
1998,chad,Chad,1095.90587059923
1998,chile,Chile,8850.08106066969
1998,china,China,2483.36881628708
1998,colombia,Colombia,6853.84143985228
1998,cote-d-ivoire,Cote d Ivoire,3086.12766369107
1998,croatia,Croatia,9889.44049303294
1998,cyprus,Cyprus,18759.94921875
1998,czech-republic,Czechia,15063.7603914658
1998,denmark,Denmark,25798.8322910817
1998,ecuador,Ecuador,5940.44197507797
1998,estonia,Estonia,8451.08223338805
1998,ethiopia,Ethiopia,435.801505640873
1998,finland,Finland,23569.9333806125
1998,france,France,23262.7378060388
1998,georgia,Georgia,2795.39447693393
1998,germany,Germany,25445.8585366297
1998,ghana,Ghana,2166.64663091
1998,greece,Greece,17433.5829767675
1998,guatemala,Guatemala,4437.12460754114
1998,guinea,Guinea,1130.04303852526
1998,haiti,Haiti,2152.0036629755
1998,hungary,Hungary,10415.2905886577
1998,iceland,Iceland,29175.5584341091
1998,india,India,1799.16740209399
1998,indonesia,Indonesia,4355.77997376794
1998,iraq,Iraq,7964.05684896456
1998,ireland,Ireland,25093.995962126
1998,israel,Israel,22911.6164251753
1998,italy,Italy,25075.3143427125
1998,japan,Japan,25832.0488303025
1998,jordan,Jordan,5786.3194937719
1998,kazakhstan,Kazakhstan,6283.54590506467
1998,kenya,Kenya,1895.01738194143
1998,kuwait,Kuwait,58343.7881250587
1998,latvia,Latvia,6922.34296178268
1998,lithuania,Lithuania,7846.29533614972
1998,luxembourg,Luxembourg,44270.0737044492
1998,madagascar,Madagascar,1161.75088841513
1998,malawi,Malawi,941.051496389554
1998,malaysia,Malaysia,11398.0987116856
1998,mali,Mali,1332.16384188033
1998,mexico,Mexico,10755.5944103753
1998,mongolia,Mongolia,3554.76886714723
1998,morocco,Morocco,3740.35913085938
1998,mozambique,Mozambique,422.267281554492
1998,myanmar,Myanmar,741.817471553714
1998,nepal,Nepal,1186.9248559648
1998,netherlands,Netherlands,27748.824897953
1998,new-zealand,New Zealand,19322.5966035456
1998,niger,Niger,801.046939662741
1998,nigeria,Nigeria,3021.60341132036
1998,norway,Norway,27967.2905325852
1998,oman,Oman,36665.6418502345
1998,pakistan,Pakistan,2419.0778542501
1998,panama,Panama,7407.54986430113
1998,peru,Peru,4791.4057012289
1998,philippines,Philippines,3160.36474767269
1998,poland,Poland,9520.71471060278
1998,portugal,Portugal,16688.0352409852
1998,qatar,Qatar,86827.5595344432
1998,romania,Romania,5544.67124560848
1998,russian-federation,Russia,5465.05615234375
1998,rwanda,Rwanda,521.667804160771
1998,saudi-arabia,Saudi Arabia,48867.2501401676
1998,senegal,Senegal,1798.39199946491
1998,serbia,Serbia,6460.35039174979
1998,singapore,Singapore,37559.6121621558
1998,slovenia,Slovenia,15993.5042949089
1998,south-africa,South Africa,7463.44455106603
1998,spain,Spain,19082.8420038702
1998,sri-lanka,Sri Lanka,3952.04104416954
1998,sudan,Sudan,2427.79565429688
1998,sweden,Sweden,25896.8499240244
1998,switzerland,Switzerland,34242.4359147407
1998,tanzania-united-rep,Tanzania,1081.615234375
1998,thailand,Thailand,6589.55842658284
1998,tunisia,Tunisia,5579.3872564719
1998,turkiye,Turkey,8762.13670285264
1998,ukraine,Ukraine,3794.33911132813
1998,united-arab-emirates,United Arab Emirates,90229.4274519779
1998,united-kingdom,United Kingdom,23791.3244071553
1998,united-states,United States,32853.6725949234
1998,uruguay,Uruguay,11002.1262079218
1998,uzbekistan,Uzbekistan,2693.03826446644
1998,viet-nam,Vietnam,2308.28163591081
1998,zambia,Zambia,1600.62825148568
1998,zimbabwe,Zimbabwe,3527.15454582409
1999,albania,Albania,3549.28222938864
1999,algeria,Algeria,8776.44209452164
1999,angola,Angola,3618.7760817528
1999,argentina,Argentina,11463.8533079175
1999,armenia,Armenia,2376.51916938104
1999,australia,Australia,25530.8859233341
1999,austria,Austria,27500.084954534
1999,azerbaijan,Azerbaijan,3051.94233344022
1999,bangladesh,Bangladesh,1429.98645246751
1999,belarus,Belarus,5331.41743551712
1999,belgium,Belgium,25440.8411888638
1999,benin,Benin,1592.13782133769
1999,bolivia-plurinational-state-of,Bolivia,3991.49666234309
1999,brazil,Brazil,8634.60784538726
1999,bulgaria,Bulgaria,5807.8155273908
1999,burkina-faso,Burkina Faso,886.434090619295
1999,burundi,Burundi,522.875578653004
1999,cambodia,Cambodia,1134.16464009993
1999,cameroon,Cameroon,2038.66378891726
1999,canada,Canada,27841.4362176516
1999,chad,Chad,1065.71837948073
1999,chile,Chile,8838.86154672993
1999,china,China,2690.08161492996
1999,colombia,Colombia,6543.86721140076
1999,cote-d-ivoire,Cote d Ivoire,3064.79944782813
1999,croatia,Croatia,9942.599551566
1999,cyprus,Cyprus,19662.697265625
1999,czech-republic,Czechia,15493.9796685778
1999,denmark,Denmark,26642.2215588617
1999,ecuador,Ecuador,5637.91693243525
1999,estonia,Estonia,8412.06677647343
1999,ethiopia,Ethiopia,450.48602005818
1999,finland,Finland,24761.8165565638
1999,france,France,24203.8755920062
1999,georgia,Georgia,2976.85797322447
1999,germany,Germany,26517.9342856214
1999,ghana,Ghana,2238.6652326082
1999,greece,Greece,17758.0055742801
1999,guatemala,Guatemala,4556.92065196294
1999,guinea,Guinea,1163.36009308546
1999,haiti,Haiti,2200.58953477759
1999,hungary,Hungary,10892.4856104468
1999,iceland,Iceland,29970.8486522318
1999,india,India,1948.6115821023
1999,indonesia,Indonesia,4385.93971355756
1999,iraq,Iraq,9194.47420255586
1999,ireland,Ireland,27041.3474221597
1999,israel,Israel,23398.3221630043
1999,italy,Italy,25654.6814189029
1999,japan,Japan,26030.1995724029
1999,jordan,Jordan,5938.13919348728
1999,kazakhstan,Kazakhstan,6625.78215167222
1999,kenya,Kenya,1910.24013020805
1999,kuwait,Kuwait,56406.4685222914
1999,latvia,Latvia,7256.33664671861
1999,lithuania,Lithuania,7918.40020475407
1999,luxembourg,Luxembourg,49844.6769627976
1999,madagascar,Madagascar,1194.15024664612
1999,malawi,Malawi,960.710822955158
1999,malaysia,Malaysia,11979.6797136775
1999,mali,Mali,1375.80601922611
1999,mexico,Mexico,11030.5214325384
1999,mongolia,Mongolia,3663.72711220879
1999,morocco,Morocco,3800.6298828125
1999,mozambique,Mozambique,468.208668521334
1999,myanmar,Myanmar,824.781053973128
1999,nepal,Nepal,1233.66141094208
1999,netherlands,Netherlands,29316.2634775738
1999,new-zealand,New Zealand,20579.365916514
1999,niger,Niger,783.183877063699
1999,nigeria,Nigeria,3002.07703715752
1999,norway,Norway,30370.5632297254
1999,oman,Oman,36791.5766824659
1999,pakistan,Pakistan,2474.81647708232
1999,panama,Panama,7748.83598988776
1999,peru,Peru,4847.39826727857
1999,philippines,Philippines,3228.75116990073
1999,poland,Poland,10080.6880381935
1999,portugal,Portugal,17718.1515724418
1999,qatar,Qatar,87037.0603024734
1999,romania,Romania,5596.46426586706
1999,russian-federation,Russia,5914.326171875
1999,rwanda,Rwanda,547.585999610784
1999,saudi-arabia,Saudi Arabia,47494.665349031
1999,senegal,Senegal,1893.0328370532
1999,serbia,Serbia,5896.57291169988
1999,singapore,Singapore,39948.7801316766
1999,slovenia,Slovenia,17006.7426541486
1999,south-africa,South Africa,7666.71616232741
1999,spain,Spain,19938.1786773173
1999,sri-lanka,Sri Lanka,4103.38045077839
1999,sudan,Sudan,2475.06665039063
1999,sweden,Sweden,27496.233607761
1999,switzerland,Switzerland,35213.5621242264
1999,tanzania-united-rep,Tanzania,1119.95593261719
1999,thailand,Thailand,6901.27189247314
1999,tunisia,Tunisia,5929.90090196931
1999,turkiye,Turkey,8470.46812817135
1999,ukraine,Ukraine,3871.32641601563
1999,united-arab-emirates,United Arab Emirates,87657.9286958823
1999,united-kingdom,United Kingdom,24575.1817439893
1999,united-states,United States,34515.3813073394
1999,uruguay,Uruguay,10938.3557818206
1999,uzbekistan,Uzbekistan,2808.89100203149
1999,viet-nam,Vietnam,2420.93500037036
1999,zambia,Zambia,1653.83649530752
1999,zimbabwe,Zimbabwe,3490.85723076024
2000,afghanistan,Afghanistan,813.550255961333
2000,albania,Albania,3977.79315842068
2000,algeria,Algeria,9186.81590310948
2000,angola,Angola,3689.53780832477
2000,argentina,Argentina,11499.9827998519
2000,armenia,Armenia,2530.74394648393
2000,australia,Australia,26584.8191965725
2000,austria,Austria,29220.9853040358
2000,azerbaijan,Azerbaijan,3439.14442860365
2000,bangladesh,Bangladesh,1511.90500583586
2000,belarus,Belarus,5795.65223553703
2000,belgium,Belgium,27794.0511630862
2000,benin,Benin,1671.35725167042
2000,bolivia-plurinational-state-of,Bolivia,4113.04245069199
2000,brazil,Brazil,9091.76851342904
2000,bulgaria,Bulgaria,6424.18073656561
2000,burkina-faso,Burkina Faso,896.477481479636
2000,burundi,Burundi,519.23730664752
2000,cambodia,Cambodia,1255.64037838005
2000,cameroon,Cameroon,2108.49454952417
2000,canada,Canada,29347.7879802126
2000,chad,Chad,1043.54539990343
2000,chile,Chile,9375.65991088758
2000,china,China,2963.43487212206
2000,colombia,Colombia,6775.93064395245
2000,cote-d-ivoire,Cote d Ivoire,3040.57593174788
2000,croatia,Croatia,10674.4181187112
2000,cyprus,Cyprus,21295.8984375
2000,czech-republic,Czechia,16332.2910408629
2000,denmark,Denmark,28647.8282830783
2000,ecuador,Ecuador,5728.25249837211
2000,estonia,Estonia,9424.5071547444
2000,ethiopia,Ethiopia,473.903313465592
2000,finland,Finland,26782.8574259016
2000,france,France,26007.4432303376
2000,georgia,Georgia,3161.19582479124
2000,germany,Germany,27473.6669767024
2000,ghana,Ghana,2315.1780303943
2000,greece,Greece,18819.8544320117
2000,guatemala,Guatemala,4714.96666184452
2000,guinea,Guinea,1195.80611449186
2000,haiti,Haiti,2228.50133629981
2000,hungary,Hungary,11871.6712053699
2000,iceland,Iceland,30167.1825544569
2000,india,India,2030.76576304986
2000,indonesia,Indonesia,4639.0394262333
2000,iraq,Iraq,10627.9400723794
2000,ireland,Ireland,30215.9324896691
2000,israel,Israel,25746.8295829392
2000,italy,Italy,27152.1544907116
2000,japan,Japan,27694.5384332959
2000,jordan,Jordan,6200.62142242702
2000,kazakhstan,Kazakhstan,7418.19612051059
2000,kenya,Kenya,1906.89794089368
2000,kuwait,Kuwait,58702.8672655197
2000,latvia,Latvia,7848.90854892793
2000,lithuania,Lithuania,8474.59300330083
2000,luxembourg,Luxembourg,55136.1065732474
2000,madagascar,Madagascar,1235.7873393761
2000,malawi,Malawi,974.310137465796
2000,malaysia,Malaysia,13027.2733382127
2000,mali,Mali,1356.51736434165
2000,mexico,Mexico,11704.6853532773
2000,mongolia,Mongolia,3739.69666838045
2000,morocco,Morocco,3930.22314453125
2000,mozambique,Mozambique,471.967329745379
2000,myanmar,Myanmar,948.748285145052
2000,nepal,Nepal,1316.82940909194
2000,netherlands,Netherlands,31894.6590915933
2000,new-zealand,New Zealand,21500.1531078077
2000,niger,Niger,764.281885116582
2000,nigeria,Nigeria,3138.99138893395
2000,norway,Norway,36813.8379065645
2000,oman,Oman,39443.2607384539
2000,pakistan,Pakistan,2565.19958806219
2000,panama,Panama,8097.29578259229
2000,peru,Peru,5011.94540701731
2000,philippines,Philippines,3365.55833526093
2000,poland,Poland,10721.2034293332
2000,portugal,Portugal,18883.1145969452
2000,qatar,Qatar,91310.9142207534
2000,romania,Romania,5850.11618879062
2000,russian-federation,Russia,6825.3916015625
2000,rwanda,Rwanda,601.988411078673
2000,saudi-arabia,Saudi Arabia,48643.6072160729
2000,senegal,Senegal,1963.27509871911
2000,serbia,Serbia,6415.7394558503
2000,singapore,Singapore,43781.2691481583
2000,slovenia,Slovenia,17891.5856596003
2000,south-africa,South Africa,8095.29428839778
2000,spain,Spain,21582.2067955558
2000,sri-lanka,Sri Lanka,4367.80358967496
2000,sudan,Sudan,2616.46459960938
2000,sweden,Sweden,29636.0533379047
2000,switzerland,Switzerland,37104.1035652432
2000,tanzania-united-rep,Tanzania,1163.64367675781
2000,thailand,Thailand,7289.10499407007
2000,tunisia,Tunisia,6278.98680859219
2000,turkiye,Turkey,9323.82110032551
2000,ukraine,Ukraine,4228.1162109375
2000,united-arab-emirates,United Arab Emirates,92899.4574892966
2000,united-kingdom,United Kingdom,26632.0974155252
2000,united-states,United States,36329.9702595751
2000,uruguay,Uruguay,10929.3002603786
2000,uzbekistan,Uzbekistan,2945.25009889847
2000,viet-nam,Vietnam,2614.11840357473
2000,zambia,Zambia,1708.51552609985
2000,zimbabwe,Zimbabwe,3429.12057140382
2001,afghanistan,Afghanistan,747.688045498158
2001,albania,Albania,4450.51135060139
2001,algeria,Algeria,9543.52035392293
2001,angola,Angola,3801.63313378492
2001,argentina,Argentina,11117.7549238724
2001,armenia,Armenia,2844.36266369194
2001,australia,Australia,27687.7587444103
2001,austria,Austria,29553.2333509767
2001,azerbaijan,Azerbaijan,3834.89815909361
2001,bangladesh,Bangladesh,1597.58740615663
2001,belarus,Belarus,6238.09862377549
2001,belgium,Belgium,28793.5142643594
2001,benin,Benin,1745.98256229037
2001,bolivia-plurinational-state-of,Bolivia,4204.93622757902
2001,brazil,Brazil,9303.64529209523
2001,bulgaria,Bulgaria,6960.28122943009
2001,burkina-faso,Burkina Faso,947.919374684239
2001,burundi,Burundi,528.435573417498
2001,cambodia,Cambodia,1357.42611107308
2001,cameroon,Cameroon,2190.8964072585
2001,canada,Canada,30241.0326530827
2001,chad,Chad,1151.92026849157
2001,chile,Chile,9775.51016241925
2001,china,China,3258.63807179774
2001,colombia,Colombia,6934.88284343922
2001,cote-d-ivoire,Cote d Ivoire,2961.76287276493
2001,croatia,Croatia,11653.0274945787
2001,cyprus,Cyprus,22866.158203125
2001,czech-republic,Czechia,17709.4523103293
2001,denmark,Denmark,29458.9882141098
2001,ecuador,Ecuador,5998.8750865322
2001,estonia,Estonia,10308.8990965341
2001,ethiopia,Ethiopia,509.119301833697
2001,finland,Finland,27798.0582735421
2001,france,France,27346.834962018
2001,georgia,Georgia,3440.72817934626
2001,germany,Germany,28674.1682823146
2001,ghana,Ghana,2397.30067039665
2001,greece,Greece,20303.9312433429
2001,guatemala,Guatemala,4821.5459849048
2001,guinea,Guinea,1250.97059721192
2001,haiti,Haiti,2229.84396724788
2001,hungary,Hungary,13222.7298612624
2001,iceland,Iceland,32224.9092753831
2001,india,India,2136.32325134947
2001,indonesia,Indonesia,4848.55580114578
2001,iraq,Iraq,10719.6194209278
2001,ireland,Ireland,32573.4634024331
2001,israel,Israel,25784.8068459262
2001,italy,Italy,28134.0572858014
2001,japan,Japan,28352.0490141423
2001,jordan,Jordan,6538.48831772636
2001,kazakhstan,Kazakhstan,8568.08719498612
2001,kenya,Kenya,1961.05816870969
2001,kuwait,Kuwait,58552.7838611333
2001,latvia,Latvia,8807.75837072465
2001,lithuania,Lithuania,9399.33656166607
2001,luxembourg,Luxembourg,56135.8762322909
2001,madagascar,Madagascar,1298.56378874162
2001,malawi,Malawi,924.056368286333
2001,malaysia,Malaysia,13071.581413998
2001,mali,Mali,1558.71870196727
2001,mexico,Mexico,11738.8928661183
2001,mongolia,Mongolia,3888.85528584322
2001,morocco,Morocco,4268.86962890625
2001,mozambique,Mozambique,532.627310164548
2001,myanmar,Myanmar,1068.82590522773
2001,nepal,Nepal,1388.47045456877
2001,netherlands,Netherlands,33259.4535966288
2001,new-zealand,New Zealand,22511.0906735294
2001,niger,Niger,809.387186915593
2001,nigeria,Nigeria,3308.50611475795
2001,norway,Norway,37688.6858128745
2001,oman,Oman,41679.0150908261
2001,pakistan,Pakistan,2643.76627509218
2001,panama,Panama,8197.15763044858
2001,peru,Peru,5086.42247810685
2001,philippines,Philippines,3468.89888325765
2001,poland,Poland,11175.2853656421
2001,portugal,Portugal,19528.5826120827
2001,qatar,Qatar,92293.6130386794
2001,romania,Romania,6519.88442713201
2001,russian-federation,Russia,7361.36376953125
2001,rwanda,Rwanda,661.874033959057
2001,saudi-arabia,Saudi Arabia,47380.8031558677
2001,senegal,Senegal,2043.85289542503
2001,serbia,Serbia,6802.74413390292
2001,singapore,Singapore,43109.0641943469
2001,slovenia,Slovenia,18763.4715912597
2001,south-africa,South Africa,8428.31681714008
2001,spain,Spain,22952.3641099695
2001,sri-lanka,Sri Lanka,4328.19141115153
2001,sudan,Sudan,2769.4228515625
2001,sweden,Sweden,29945.8508575628
2001,switzerland,Switzerland,38295.0788030095
2001,tanzania-united-rep,Tanzania,1228.52233886719
2001,thailand,Thailand,7632.01609422989
2001,tunisia,Tunisia,6593.38196547532
2001,turkiye,Turkey,9015.01426747987
2001,ukraine,Ukraine,4746.85791015625
2001,united-arab-emirates,United Arab Emirates,90370.1960117401
2001,united-kingdom,United Kingdom,28019.8826980002
2001,united-states,United States,37133.6203973517
2001,uruguay,Uruguay,10719.3945691511
2001,uzbekistan,Uzbekistan,3099.05298246121
2001,viet-nam,Vietnam,2808.83181910521
2001,zambia,Zambia,1785.06711386848
2001,zimbabwe,Zimbabwe,3533.08605906319
2002,afghanistan,Afghanistan,926.507940992004
2002,albania,Albania,4840.35854588098
2002,algeria,Algeria,10080.1825001843
2002,angola,Angola,4241.29150149177
2002,argentina,Argentina,9953.46492859756
2002,armenia,Armenia,3282.11706330412
2002,australia,Australia,29080.0439286946
2002,austria,Austria,30952.1708232398
2002,azerbaijan,Azerbaijan,4230.40590205106
2002,bangladesh,Bangladesh,1658.80230931052
2002,belarus,Belarus,6697.15436179409
2002,belgium,Belgium,30282.2886450283
2002,benin,Benin,1799.88269635683
2002,bolivia-plurinational-state-of,Bolivia,4303.83514776836
2002,brazil,Brazil,9616.59485480438
2002,bulgaria,Bulgaria,7786.44622722748
2002,burkina-faso,Burkina Faso,973.98393336257
2002,burundi,Burundi,544.922790005505
2002,cambodia,Cambodia,1442.46481426786
2002,cameroon,Cameroon,2263.05519669558
2002,canada,Canada,30963.9737651341
2002,chad,Chad,1225.70701159859
2002,chile,Chile,10132.9107703924
2002,china,China,3590.78456452765
2002,colombia,Colombia,7108.8239027086
2002,cote-d-ivoire,Cote d Ivoire,2851.03041350791
2002,croatia,Croatia,12774.6551389152
2002,cyprus,Cyprus,23556.40625
2002,czech-republic,Czechia,18344.0329427938
2002,denmark,Denmark,30666.5967674022
2002,ecuador,Ecuador,6281.52215137791
2002,estonia,Estonia,11666.6649638489
2002,ethiopia,Ethiopia,509.126314066848
2002,finland,Finland,28596.2606345457
2002,france,France,28350.0985605428
2002,georgia,Georgia,3718.68693247662
2002,germany,Germany,29513.6823267102
2002,ghana,Ghana,2475.09635352672
2002,greece,Greece,21985.2345411071
2002,guatemala,Guatemala,4969.25744933912
2002,guinea,Guinea,1315.36669368896
2002,haiti,Haiti,2247.97896609888
2002,hungary,Hungary,14532.3075182088
2002,iceland,Iceland,32949.3457596028
2002,india,India,2211.62562513784
2002,indonesia,Indonesia,5076.16438148775
2002,iraq,Iraq,9682.37619465205
2002,ireland,Ireland,35222.028724352
2002,israel,Israel,26077.0941775365
2002,italy,Italy,28833.0217903129
2002,japan,Japan,29055.3937703625
2002,jordan,Jordan,6877.5966900426
2002,kazakhstan,Kazakhstan,9504.45082466799
2002,kenya,Kenya,1940.40303256447
2002,kuwait,Kuwait,59713.1721646298
2002,latvia,Latvia,9568.79465678335
2002,lithuania,Lithuania,10295.5066962899
2002,luxembourg,Luxembourg,58575.6769297665
2002,madagascar,Madagascar,1121.08749550396
2002,malawi,Malawi,931.283507511613
2002,malaysia,Malaysia,13656.0458901484
2002,mali,Mali,1581.11108686368
2002,mexico,Mexico,11761.8865901666
2002,mongolia,Mongolia,4083.38422157411
2002,morocco,Morocco,4436.4287109375
2002,mozambique,Mozambique,580.04092141489
2002,myanmar,Myanmar,1203.82630731738
2002,nepal,Nepal,1390.4370697205
2002,netherlands,Netherlands,34568.4593268108
2002,new-zealand,New Zealand,23306.2795376277
2002,niger,Niger,832.469364391557
2002,nigeria,Nigeria,3770.17934866678
2002,norway,Norway,37948.4568495009
2002,oman,Oman,41511.028524928
2002,pakistan,Pakistan,2687.82993614229
2002,panama,Panama,8370.30337128863
2002,peru,Peru,5382.56641262562
2002,philippines,Philippines,3580.38245467153
2002,poland,Poland,11841.2684087721
2002,portugal,Portugal,20356.647299736
2002,qatar,Qatar,95758.9740748682
2002,romania,Romania,7162.33309403077
2002,russian-federation,Russia,8037.474609375
2002,rwanda,Rwanda,750.588737505889
2002,saudi-arabia,Saudi Arabia,45466.0257663413
2002,senegal,Senegal,2026.77782442673
2002,serbia,Serbia,7562.74391194854
2002,singapore,Singapore,45083.2529895015
2002,slovenia,Slovenia,20004.2990959715
2002,south-africa,South Africa,8792.35588555626
2002,spain,Spain,24377.8417076394
2002,sri-lanka,Sri Lanka,4522.32769629678
2002,sudan,Sudan,2898.138671875
2002,sweden,Sweden,30987.1008568293
2002,switzerland,Switzerland,39284.2837213213
2002,tanzania-united-rep,Tanzania,1302.05554199219
2002,thailand,Thailand,8148.43702891814
2002,tunisia,Tunisia,6715.1107842827
2002,turkiye,Turkey,9154.45153457514
2002,ukraine,Ukraine,5122.84130859375
2002,united-arab-emirates,United Arab Emirates,88466.4539663538
2002,united-kingdom,United Kingdom,29167.3527717844
2002,united-states,United States,37997.7424300242
2002,uruguay,Uruguay,10030.1287838362
2002,uzbekistan,Uzbekistan,3232.36809797609
2002,viet-nam,Vietnam,3001.87038760559
2002,zambia,Zambia,1837.0658516814
2002,zimbabwe,Zimbabwe,3237.57082654515
2003,afghanistan,Afghanistan,966.962032048704
2003,albania,Albania,5169.16314519267
2003,algeria,Algeria,10802.7506702336
2003,angola,Angola,4322.19773213187
2003,argentina,Argentina,10933.3925490794
2003,armenia,Armenia,3836.22556765865
2003,australia,Australia,30167.241365541
2003,austria,Austria,31958.8592412083
2003,azerbaijan,Azerbaijan,4718.42112335948
2003,bangladesh,Bangladesh,1746.12725781019
2003,belarus,Belarus,7361.72161065634
2003,belgium,Belgium,30930.6283334744
2003,benin,Benin,1841.60297282525
2003,bolivia-plurinational-state-of,Bolivia,4432.92085263259
2003,brazil,Brazil,9801.96212457649
2003,bulgaria,Bulgaria,8416.36583467588
2003,burkina-faso,Burkina Faso,1037.83799373892
2003,burundi,Burundi,531.812612190661
2003,cambodia,Cambodia,1597.88226445116
2003,cameroon,Cameroon,2368.10119475634
2003,canada,Canada,32349.9345219415
2003,chad,Chad,1377.7465956477
2003,chile,Chile,10708.3644963118
2003,china,China,4006.97738785418
2003,colombia,Colombia,7420.46008359846
2003,cote-d-ivoire,Cote d Ivoire,2701.74168485872
2003,croatia,Croatia,13691.2872092509
2003,cyprus,Cyprus,24277.921875
2003,czech-republic,Czechia,19604.0917215381
2003,denmark,Denmark,30864.1123687371
2003,ecuador,Ecuador,6475.06597338992
2003,estonia,Estonia,13135.0419683127
2003,ethiopia,Ethiopia,492.840755426372
2003,finland,Finland,29042.698985165
2003,france,France,28024.0897244695
2003,georgia,Georgia,4239.93841369693
2003,germany,Germany,30301.4017692833
2003,ghana,Ghana,2584.47723727258
2003,greece,Greece,23252.6111362028
2003,guatemala,Guatemala,5081.38005581936
2003,guinea,Guinea,1327.96776540082
2003,haiti,Haiti,2330.91873931676
2003,hungary,Hungary,15459.9630651172
2003,iceland,Iceland,33084.1048784252
2003,india,India,2390.73827838828
2003,indonesia,Indonesia,5352.50750387612
2003,iraq,Iraq,6068.45161803903
2003,ireland,Ireland,36280.4827472575
2003,israel,Israel,24677.8520624854
2003,italy,Italy,29249.1801358747
2003,japan,Japan,29741.9127951675
2003,jordan,Jordan,7145.25032500677
2003,kazakhstan,Kazakhstan,10532.4466972719
2003,kenya,Kenya,1974.85820210993
2003,kuwait,Kuwait,69752.3841097359
2003,latvia,Latvia,10193.2381015054
2003,lithuania,Lithuania,11659.8787391334
2003,luxembourg,Luxembourg,60192.1759452336
2003,madagascar,Madagascar,1218.83563167903
2003,malawi,Malawi,979.038977924866
2003,malaysia,Malaysia,14387.2484913945
2003,mali,Mali,1714.89753904077
2003,mexico,Mexico,12065.9368582938
2003,mongolia,Mongolia,4399.3653792179
2003,morocco,Morocco,4741.0615234375
2003,mozambique,Mozambique,619.98751067723
2003,myanmar,Myanmar,1384.52851824933
2003,nepal,Nepal,1453.18365784639
2003,netherlands,Netherlands,34286.3833524783
2003,new-zealand,New Zealand,23996.4486751857
2003,niger,Niger,836.978440587105
2003,nigeria,Nigeria,4014.86695344152
2003,norway,Norway,38647.2714743946
2003,oman,Oman,40934.6957155247
2003,pakistan,Pakistan,2821.73137020979
2003,panama,Panama,8800.56664132278
2003,peru,Peru,5656.8581611382
2003,philippines,Philippines,3761.49624592314
2003,poland,Poland,12328.9011615853
2003,portugal,Portugal,20849.5943833375
2003,qatar,Qatar,96728.9326817316
2003,romania,Romania,7559.37879427633
2003,russian-federation,Russia,9254.537109375
2003,rwanda,Rwanda,765.257036695526
2003,saudi-arabia,Saudi Arabia,48078.1186113645
2003,senegal,Senegal,2130.50797472927
2003,serbia,Serbia,8022.90215999144
2003,singapore,Singapore,48778.2983297671
2003,slovenia,Slovenia,20915.5593835145
2003,south-africa,South Africa,9138.82823848323
2003,spain,Spain,25057.3469945838
2003,sri-lanka,Sri Lanka,4849.860234461
2003,sudan,Sudan,3058.10375976563
2003,sweden,Sweden,31787.3765638123
2003,switzerland,Switzerland,39217.5580054547
2003,tanzania-united-rep,Tanzania,1379.45776367188
2003,thailand,Thailand,8824.06945002031
2003,tunisia,Tunisia,7098.4235615744
2003,turkiye,Turkey,9475.23842234984
2003,ukraine,Ukraine,5764.01123046875
2003,united-arab-emirates,United Arab Emirates,92635.8207708156
2003,united-kingdom,United Kingdom,30414.0991932703
2003,united-states,United States,39490.3023903176
2003,uruguay,Uruguay,10303.2337503292
2003,uzbekistan,Uzbekistan,3394.10539314526
2003,viet-nam,Vietnam,3239.77125907541
2003,zambia,Zambia,1942.21520870224
2003,zimbabwe,Zimbabwe,2707.98957171289
2004,afghanistan,Afghanistan,971.633503054244
2004,albania,Albania,5594.81688580464
2004,algeria,Algeria,11431.6856716317
2004,angola,Angola,4770.6880256896
2004,argentina,Argentina,12117.6797424042
2004,armenia,Armenia,4377.22759685965
2004,australia,Australia,31814.504982852
2004,austria,Austria,33518.5160023521
2004,azerbaijan,Azerbaijan,5247.53834369248
2004,bangladesh,Bangladesh,1861.51256286906
2004,belarus,Belarus,8482.92020705117
2004,belgium,Belgium,32059.6878637798
2004,benin,Benin,1915.34644347874
2004,bolivia-plurinational-state-of,Bolivia,4662.97077720958
2004,brazil,Brazil,10525.7113784174
2004,bulgaria,Bulgaria,9200.52324783377
2004,burkina-faso,Burkina Faso,1079.00009143593
2004,burundi,Burundi,551.562209247904
2004,cambodia,Cambodia,1769.76235026624
2004,cameroon,Cameroon,2532.64744426189
2004,canada,Canada,33929.3190847041
2004,chad,Chad,1808.21202175821
2004,chile,Chile,11612.4368780779
2004,china,China,4505.14251370017
2004,colombia,Colombia,7909.34635161862
2004,cote-d-ivoire,Cote d Ivoire,2794.17325721544
2004,croatia,Croatia,14686.1082157283
2004,cyprus,Cyprus,25942.115234375
2004,czech-republic,Czechia,20988.1204818834
2004,denmark,Denmark,33015.5515892493
2004,ecuador,Ecuador,6980.09126361805
2004,estonia,Estonia,14538.0273203932
2004,ethiopia,Ethiopia,557.825634822152
2004,finland,Finland,31195.1243346394
2004,france,France,28921.2608031323
2004,georgia,Georgia,4634.77757598091
2004,germany,Germany,31753.1720592803
2004,ghana,Ghana,2729.34450247039
2004,greece,Greece,24825.5735347512
2004,guatemala,Guatemala,5263.44654916003
2004,guinea,Guinea,1366.031602403
2004,haiti,Haiti,2322.19786800503
2004,hungary,Hungary,16250.6523854316
2004,iceland,Iceland,35969.5630579971
2004,india,India,2604.78313814891
2004,indonesia,Indonesia,5700.04949540206
2004,iraq,Iraq,9289.74224656832
2004,ireland,Ireland,38729.2468204554
2004,israel,Israel,26054.6820192544
2004,italy,Italy,29580.8439042327
2004,japan,Japan,31136.2815653939
2004,jordan,Jordan,7776.08667131277
2004,kazakhstan,Kazakhstan,11777.1119571052
2004,kenya,Kenya,2066.31540640242
2004,kuwait,Kuwait,77226.6367629416
2004,latvia,Latvia,11319.1462699913
2004,lithuania,Lithuania,12605.0201901971
2004,luxembourg,Luxembourg,64685.7286866435
2004,madagascar,Madagascar,1279.54611059563
2004,malawi,Malawi,1032.80213910081
2004,malaysia,Malaysia,15415.8063403821
2004,mali,Mali,1730.0922516309
2004,mexico,Mexico,12658.1646665687
2004,mongolia,Mongolia,4941.82663698115
2004,morocco,Morocco,5024.6943359375
2004,mozambique,Mozambique,673.345717274031
2004,myanmar,Myanmar,1600.84105609832
2004,nepal,Nepal,1542.44947640352
2004,netherlands,Netherlands,35960.7138360683
2004,new-zealand,New Zealand,25123.9162365879
2004,niger,Niger,832.125196606012
2004,nigeria,Nigeria,4381.13682820182
2004,norway,Norway,42730.6429549923
2004,oman,Oman,42141.636896844
2004,pakistan,Pakistan,3048.35709125252
2004,panama,Panama,9591.60288306919
2004,peru,Peru,6037.52025111104
2004,philippines,Philippines,4037.17193795436
2004,poland,Poland,13413.0543202274
2004,portugal,Portugal,21475.5711021267
2004,qatar,Qatar,114032.65368896
2004,romania,Romania,8989.35842777528
2004,russian-federation,Russia,10226.7666015625
2004,rwanda,Rwanda,822.338460724358
2004,saudi-arabia,Saudi Arabia,51225.3258206545
2004,senegal,Senegal,2236.29400951581
2004,serbia,Serbia,8715.14952083478
2004,singapore,Singapore,54383.8062336459
2004,slovenia,Slovenia,22587.7819716494
2004,south-africa,South Africa,9713.65348476407
2004,spain,Spain,26159.7864720491
2004,sri-lanka,Sri Lanka,5215.8802444029
2004,sudan,Sudan,3215.236328125
2004,sweden,Sweden,33804.7015981309
2004,switzerland,Switzerland,40683.8614431803
2004,tanzania-united-rep,Tanzania,1482.162109375
2004,thailand,Thailand,9545.3381381686
2004,tunisia,Tunisia,7671.84535971287
2004,turkiye,Turkey,10760.7760827021
2004,ukraine,Ukraine,6663.46728515625
2004,united-arab-emirates,United Arab Emirates,98661.409213788
2004,united-kingdom,United Kingdom,32160.3776803379
2004,united-states,United States,41724.6411982614
2004,uruguay,Uruguay,11103.1125899779
2004,uzbekistan,Uzbekistan,3699.2358348945
2004,viet-nam,Vietnam,3543.09915523223
2004,zambia,Zambia,2067.93728458142
2004,zimbabwe,Zimbabwe,2591.02005433814
2005,afghanistan,Afghanistan,1076.08735259986
2005,albania,Albania,6014.3155961528
2005,algeria,Algeria,12246.2692242607
2005,angola,Angola,5415.6121201567
2005,argentina,Argentina,13464.8128469454
2005,armenia,Armenia,5172.21892098698
2005,australia,Australia,33089.7023501837
2005,austria,Austria,34776.6699535218
2005,azerbaijan,Azerbaijan,6854.93618773207
2005,bangladesh,Bangladesh,2019.73839561771
2005,belarus,Belarus,9636.8911237784
2005,belgium,Belgium,33177.8909458158
2005,benin,Benin,1945.56414050696
2005,bolivia-plurinational-state-of,Bolivia,4937.86997722405
2005,brazil,Brazil,11081.2474734851
2005,bulgaria,Bulgaria,10291.425046769
2005,burkina-faso,Burkina Faso,1171.76432318624
2005,burundi,Burundi,553.047973755317
2005,cambodia,Cambodia,2038.14598623445
2005,cameroon,Cameroon,2597.68039891083
2005,canada,Canada,36328.6856550606
2005,chad,Chad,2101.69135977726
2005,chile,Chile,12550.4348007645
2005,china,China,5148.20803892204
2005,colombia,Colombia,8432.33329071381
2005,cote-d-ivoire,Cote d Ivoire,2841.82308795836
2005,croatia,Croatia,15450.6908485826
2005,cyprus,Cyprus,27763.15234375
2005,czech-republic,Czechia,22114.8363085202
2005,denmark,Denmark,34238.3218147437
2005,ecuador,Ecuador,7457.46553600433
2005,estonia,Estonia,16638.0779749397
2005,ethiopia,Ethiopia,624.510692420558
2005,finland,Finland,32047.7069315564
2005,france,France,30431.2367240202
2005,georgia,Georgia,5271.9509525732
2005,germany,Germany,32313.736788417
2005,ghana,Ghana,2903.83429041493
2005,greece,Greece,25003.8297466933
2005,guatemala,Guatemala,5486.27776981771
2005,guinea,Guinea,1422.35088197753
2005,haiti,Haiti,2427.44808549398
2005,hungary,Hungary,17091.2761318193
2005,iceland,Iceland,37972.6116701786
2005,india,India,2852.39802783007
2005,indonesia,Indonesia,6134.16673005776
2005,iraq,Iraq,9457.04454249128
2005,ireland,Ireland,40466.2343515711
2005,israel,Israel,25670.6917335433
2005,italy,Italy,30137.8180374437
2005,japan,Japan,32464.0455172515
2005,jordan,Jordan,8461.04270712332
2005,kazakhstan,Kazakhstan,13226.1466962805
2005,kenya,Kenya,2188.69561015951
2005,kuwait,Kuwait,84968.0197563091
2005,latvia,Latvia,12825.873779559
2005,lithuania,Lithuania,13951.3261880977
2005,luxembourg,Luxembourg,68787.9115407203
2005,madagascar,Madagascar,1342.51929936041
2005,malawi,Malawi,1070.93590956856
2005,malaysia,Malaysia,16371.4260816627
2005,mali,Mali,1770.67795433498
2005,mexico,Mexico,13260.2388173408
2005,mongolia,Mongolia,5406.14341975834
2005,morocco,Morocco,5274.74169921875
2005,mozambique,Mozambique,721.411761937554
2005,myanmar,Myanmar,1860.45413156103
2005,nepal,Nepal,1627.83915595165
2005,netherlands,Netherlands,37778.4864360065
2005,new-zealand,New Zealand,25677.4190803252
2005,niger,Niger,888.304262536536
2005,nigeria,Nigeria,4678.09163232303
2005,norway,Norway,48189.4962722156
2005,oman,Oman,43672.5203179476
2005,pakistan,Pakistan,3292.6022326683
2005,panama,Panama,10511.0220313142
2005,peru,Peru,6559.54330016358
2005,philippines,Philippines,4289.05223688469
2005,poland,Poland,13935.5573148214
2005,portugal,Portugal,22725.2774946084
2005,qatar,Qatar,118444.148612593
2005,romania,Romania,9602.12221045768
2005,russian-federation,Russia,11822.3466796875
2005,rwanda,Rwanda,903.307274927141
2005,saudi-arabia,Saudi Arabia,53548.1964921135
2005,senegal,Senegal,2350.20037040523
2005,serbia,Serbia,9397.6009857862
2005,singapore,Singapore,58821.6934646065
2005,slovenia,Slovenia,23682.3710849153
2005,south-africa,South Africa,10440.6275146273
2005,spain,Spain,27629.7077024966
2005,sri-lanka,Sri Lanka,5678.74647772829
2005,sudan,Sudan,3407.35180664063
2005,sweden,Sweden,34198.2228928173
2005,switzerland,Switzerland,42142.9474311978
2005,tanzania-united-rep,Tanzania,1598.03747558594
2005,thailand,Thailand,10169.0453610801
2005,tunisia,Tunisia,8116.95489931216
2005,turkiye,Turkey,11803.3604424476
2005,ukraine,Ukraine,7142.10693359375
2005,united-arab-emirates,United Arab Emirates,101301.379290923
2005,united-kingdom,United Kingdom,32831.4184106349
2005,united-states,United States,44123.3996470026
2005,uruguay,Uruguay,12295.7003114879
2005,uzbekistan,Uzbekistan,4029.66165860946
2005,viet-nam,Vietnam,3893.66509419393
2005,zambia,Zambia,2212.81202551776
2005,zimbabwe,Zimbabwe,2495.92081734217
2006,afghanistan,Afghanistan,1121.83447078394
2006,albania,Albania,6752.91540163161
2006,algeria,Algeria,12791.3412606709
2006,angola,Angola,6017.8181625822
2006,argentina,Argentina,14843.5778660497
2006,armenia,Armenia,6072.7592448335
2006,australia,Australia,34890.2248136693
2006,austria,Austria,37388.0795380765
2006,azerbaijan,Azerbaijan,9398.01324799672
2006,bangladesh,Bangladesh,2195.29485462256
2006,belarus,Belarus,10994.5981291674
2006,belgium,Belgium,35251.4450697593
2006,benin,Benin,2020.60567735886
2006,bolivia-plurinational-state-of,Bolivia,5244.16021215452
2006,brazil,Brazil,11750.5312440894
2006,bulgaria,Bulgaria,11405.6124506198
2006,burkina-faso,Burkina Faso,1244.00243845036
2006,burundi,Burundi,579.707804427125
2006,cambodia,Cambodia,2296.76857876595
2006,cameroon,Cameroon,2704.43739801933
2006,canada,Canada,38123.41278744
2006,chad,Chad,2078.6016703773
2006,chile,Chile,15510.7700739452
2006,china,China,5946.34819286615
2006,colombia,Colombia,9154.0892620178
2006,cote-d-ivoire,Cote d Ivoire,2941.82141170605
2006,croatia,Croatia,17628.7718376804
2006,cyprus,Cyprus,30008.787109375
2006,czech-republic,Czechia,23914.1862443811
2006,denmark,Denmark,37392.3211413889
2006,ecuador,Ecuador,7884.51693599034
2006,estonia,Estonia,19344.2638980902
2006,ethiopia,Ethiopia,692.866907660764
2006,finland,Finland,34440.3771039162
2006,france,France,32423.5225068799
2006,georgia,Georgia,5980.44390491668
2006,germany,Germany,34741.3353426224
2006,ghana,Ghana,3103.2262582216
2006,greece,Greece,28076.1241416392
2006,guatemala,Guatemala,5833.38691805117
2006,guinea,Guinea,1452.96083165023
2006,haiti,Haiti,2503.6593268342
2006,hungary,Hungary,18361.9963871537
2006,iceland,Iceland,40160.5138610576
2006,india,India,3128.06450193583
2006,indonesia,Indonesia,6583.35112361832
2006,iraq,Iraq,10223.1065323147
2006,ireland,Ireland,44222.6536034198
2006,israel,Israel,26352.9938547519
2006,italy,Italy,32453.6488675587
2006,japan,Japan,33970.896971686
2006,jordan,Jordan,8844.3542542657
2006,kazakhstan,Kazakhstan,14965.7723196538
2006,kenya,Kenya,2330.13028942507
2006,kuwait,Kuwait,89075.2245199727
2006,latvia,Latvia,14180.0017761877
2006,lithuania,Lithuania,15522.3579257294
2006,luxembourg,Luxembourg,78861.1799499563
2006,madagascar,Madagascar,1416.40465949813
2006,malawi,Malawi,1124.43826912937
2006,malaysia,Malaysia,17426.3611679923
2006,mali,Mali,1831.54924543899
2006,mexico,Mexico,14540.4500497636
2006,mongolia,Mongolia,5977.19688733392
2006,morocco,Morocco,5780.6181640625
2006,mozambique,Mozambique,798.387667647138
2006,myanmar,Myanmar,2152.86730948266
2006,nepal,Nepal,1717.78611780423
2006,netherlands,Netherlands,41208.0462204734
2006,new-zealand,New Zealand,27732.3439124039
2006,niger,Niger,935.17532935967
2006,nigeria,Nigeria,4975.26979308212
2006,norway,Norway,54805.409473108
2006,oman,Oman,46091.1822354499
2006,pakistan,Pakistan,3514.8136524316
2006,panama,Panama,11684.5550276188
2006,peru,Peru,7213.59606035744
2006,philippines,Philippines,4578.70630900797
2006,poland,Poland,15204.8809890545
2006,portugal,Portugal,24677.2834629922
2006,qatar,Qatar,130705.221046835
2006,romania,Romania,11554.1030525663
2006,russian-federation,Russia,14912.234375
2006,rwanda,Rwanda,990.317534460501
2006,saudi-arabia,Saudi Arabia,54638.7588928274
2006,senegal,Senegal,2422.09761800252
2006,serbia,Serbia,10463.3585717243
2006,singapore,Singapore,64060.5686046112
2006,slovenia,Slovenia,25571.066947369
2006,south-africa,South Africa,11250.1795559368
2006,spain,Spain,30748.7396326091
2006,sri-lanka,Sri Lanka,6260.67990157292
2006,sudan,Sudan,3637.32666015625
2006,sweden,Sweden,37671.4935238976
2006,switzerland,Switzerland,46980.7361703296
2006,tanzania-united-rep,Tanzania,1706.54846191406
2006,thailand,Thailand,10912.4427926958
2006,tunisia,Tunisia,8728.65712554879
2006,turkiye,Turkey,13558.2183381713
2006,ukraine,Ukraine,7971.1962890625
2006,united-arab-emirates,United Arab Emirates,106813.979370437
2006,united-kingdom,United Kingdom,34869.9759075432
2006,united-states,United States,46301.9876485519
2006,uruguay,Uruguay,13179.3881134802
2006,uzbekistan,Uzbekistan,4406.27075917245
2006,viet-nam,Vietnam,4237.40088097171
2006,zambia,Zambia,2377.99239779581
2006,zimbabwe,Zimbabwe,2453.75642371135
2007,afghanistan,Afghanistan,1286.94984307286
2007,albania,Albania,7584.67436194396
2007,algeria,Algeria,13320.9641203453
2007,angola,Angola,6727.96328831171
2007,argentina,Argentina,16455.1129794785
2007,armenia,Armenia,7136.75405490071
2007,australia,Australia,36708.1660067256
2007,austria,Austria,39192.372452379
2007,azerbaijan,Azerbaijan,11973.9596318522
2007,bangladesh,Bangladesh,2388.10025150358
2007,belarus,Belarus,12320.0240259124
2007,belgium,Belgium,36798.1918857259
2007,benin,Benin,2135.53787864779
2007,bolivia-plurinational-state-of,Bolivia,5536.56815519329
2007,brazil,Brazil,12672.5051154867
2007,bulgaria,Bulgaria,12821.8132298505
2007,burkina-faso,Burkina Faso,1290.49951012021
2007,burundi,Burundi,593.56073450487
2007,cambodia,Cambodia,2566.1475972181
2007,cameroon,Cameroon,2817.72228106581
2007,canada,Canada,39572.9304428478
2007,chad,Chad,2149.25986043836
2007,chile,Chile,16697.5160217416
2007,china,China,6935.38510367109
2007,colombia,Colombia,9909.29031362274
2007,cote-d-ivoire,Cote d Ivoire,2984.53472149065
2007,croatia,Croatia,19567.4938073523
2007,cyprus,Cyprus,32887.8046875
2007,czech-republic,Czechia,26267.6071527112
2007,denmark,Denmark,39110.0956365756
2007,ecuador,Ecuador,8112.44824439693
2007,estonia,Estonia,22200.5486407425
2007,ethiopia,Ethiopia,770.261155180565
2007,finland,Finland,37842.9164695203
2007,france,France,34066.2393228249
2007,georgia,Georgia,6951.08584236976
2007,germany,Germany,36914.0023792935
2007,ghana,Ghana,3241.22081093753
2007,greece,Greece,28895.874926558
2007,guatemala,Guatemala,6238.33976920384
2007,guinea,Guinea,1557.58584862341
2007,haiti,Haiti,2647.49538602344
2007,hungary,Hungary,19089.2936988152
2007,iceland,Iceland,42060.4907821683
2007,india,India,3407.23838129709
2007,indonesia,Indonesia,7096.38768887022
2007,iraq,Iraq,10783.1236401709
2007,ireland,Ireland,46782.3762067243
2007,israel,Israel,28271.8371919113
2007,italy,Italy,34107.5078152619
2007,japan,Japan,35358.7667498195
2007,jordan,Jordan,9251.1633655297
2007,kazakhstan,Kazakhstan,16581.2240524234
2007,kenya,Kenya,2481.08706136608
2007,kuwait,Kuwait,91434.904380703
2007,latvia,Latvia,16245.5340994603
2007,lithuania,Lithuania,17968.6445835063
2007,luxembourg,Luxembourg,85126.1393867018
2007,madagascar,Madagascar,1493.37544998719
2007,malawi,Malawi,1230.56385436176
2007,malaysia,Malaysia,18616.8070759823
2007,mali,Mali,1852.36282545809
2007,mexico,Mexico,15031.5804096687
2007,mongolia,Mongolia,6678.05474329676
2007,morocco,Morocco,6057.935546875
2007,mozambique,Mozambique,861.987682707446
2007,myanmar,Myanmar,2458.85746429843
2007,nepal,Nepal,1809.32371239814
2007,netherlands,Netherlands,44203.4002135804
2007,new-zealand,New Zealand,29331.2143367859
2007,niger,Niger,954.892280070571
2007,nigeria,Nigeria,5297.9702947077
2007,norway,Norway,56900.679675035
2007,oman,Oman,48626.9220399497
2007,pakistan,Pakistan,3672.18527443486
2007,panama,Panama,13332.8661056497
2007,peru,Peru,7982.05008343802
2007,philippines,Philippines,4923.19718551963
2007,poland,Poland,16833.2346946924
2007,portugal,Portugal,25738.0214895961
2007,qatar,Qatar,127493.114865589
2007,romania,Romania,13702.7269257817
2007,russian-federation,Russia,16648.2421875
2007,rwanda,Rwanda,1066.05134610916
2007,saudi-arabia,Saudi Arabia,55029.8712115157
2007,senegal,Senegal,2499.31582871726
2007,serbia,Serbia,11685.3655135932
2007,singapore,Singapore,68804.9832124455
2007,slovenia,Slovenia,27468.038850682
2007,south-africa,South Africa,12046.6051067457
2007,spain,Spain,32536.1882684038
2007,sri-lanka,Sri Lanka,6820.39309993594
2007,sudan,Sudan,3836.48901367188
2007,sweden,Sweden,40812.608451608
2007,switzerland,Switzerland,51786.0095983917
2007,tanzania-united-rep,Tanzania,1820.00134277344
2007,thailand,Thailand,11723.0995583744
2007,tunisia,Tunisia,9479.35063896638
2007,turkiye,Turkey,14951.6862376319
2007,ukraine,Ukraine,8900.4443359375
2007,united-arab-emirates,United Arab Emirates,100813.140247761
2007,united-kingdom,United Kingdom,35685.103775701
2007,united-states,United States,48050.227412195
2007,uruguay,Uruguay,14397.2249659123
2007,uzbekistan,Uzbekistan,4885.3859152798
2007,viet-nam,Vietnam,4580.79431119247
2007,zambia,Zambia,2554.68937618521
2007,zimbabwe,Zimbabwe,2396.3783504529
2008,afghanistan,Afghanistan,1333.74726657191
2008,albania,Albania,8469.28996108484
2008,algeria,Algeria,13666.2181955713
2008,angola,Angola,7315.60233033586
2008,argentina,Argentina,17276.757088071
2008,armenia,Armenia,7827.31666718878
2008,australia,Australia,37616.0112400482
2008,austria,Austria,41046.7900352112
2008,azerbaijan,Azerbaijan,13216.8434969769
2008,bangladesh,Bangladesh,2554.85788229705
2008,belarus,Belarus,13886.1314067667
2008,belgium,Belgium,37883.3319417819
2008,benin,Benin,2215.35163851726
2008,bolivia-plurinational-state-of,Bolivia,5889.94338960454
2008,brazil,Brazil,13445.2454693961
2008,bulgaria,Bulgaria,14346.9225493653
2008,burkina-faso,Burkina Faso,1351.36041564366
2008,burundi,Burundi,609.042906440331
2008,cambodia,Cambodia,2768.79237607907
2008,cameroon,Cameroon,2870.44106856479
2008,canada,Canada,40376.1857492114
2008,chad,Chad,2180.51680425434
2008,chile,Chile,16375.9648536011
2008,china,China,7712.87538816599
2008,colombia,Colombia,10307.0649875218
2008,cote-d-ivoire,Cote d Ivoire,3115.83789176753
2008,croatia,Croatia,21018.1356310998
2008,cyprus,Cyprus,34830.296875
2008,czech-republic,Czechia,27937.841568102
2008,denmark,Denmark,41467.3861879777
2008,ecuador,Ecuador,8662.60736251513
2008,estonia,Estonia,22803.5194742273
2008,ethiopia,Ethiopia,844.988379988881
2008,finland,Finland,40081.2212482066
2008,france,France,35053.2627069116
2008,georgia,Georgia,7278.66312168313
2008,germany,Germany,38437.6006682053
2008,ghana,Ghana,3515.58923507839
2008,greece,Greece,30440.9709059081
2008,guatemala,Guatemala,6434.50703723393
2008,guinea,Guinea,1613.69884513243
2008,haiti,Haiti,2724.45922817022
2008,hungary,Hungary,20708.7615120316
2008,iceland,Iceland,44147.376523814
2008,india,India,3528.94302493162
2008,indonesia,Indonesia,7569.25304664569
2008,iraq,Iraq,11657.3168698349
2008,ireland,Ireland,44169.0943411644
2008,israel,Israel,28048.3958144663
2008,italy,Italy,35422.3424391113
2008,japan,Japan,35643.4609228963
2008,jordan,Jordan,9875.0025388504
2008,kazakhstan,Kazakhstan,17278.472167505
2008,kenya,Kenya,2459.12174515536
2008,kuwait,Kuwait,90337.3567890878
2008,latvia,Latvia,17443.3912910988
2008,lithuania,Lithuania,19410.0077598903
2008,luxembourg,Luxembourg,90970.7211980147
2008,madagascar,Madagascar,1577.33838923053
2008,malawi,Malawi,1311.44999787357
2008,malaysia,Malaysia,19479.8799583693
2008,mali,Mali,1893.49514519233
2008,mexico,Mexico,15680.5761933269
2008,mongolia,Mongolia,7296.5807364588
2008,morocco,Morocco,6437.0634765625
2008,mozambique,Mozambique,916.155850201632
2008,myanmar,Myanmar,2748.07921328795
2008,nepal,Nepal,1942.15299686447
2008,netherlands,Netherlands,46714.3454301392
2008,new-zealand,New Zealand,29895.6451662949
2008,niger,Niger,1010.43184617604
2008,nigeria,Nigeria,5607.00840120254
2008,norway,Norway,63026.4046916161
2008,oman,Oman,52841.18895045
2008,pakistan,Pakistan,3721.33293548494
2008,panama,Panama,14705.3714506309
2008,peru,Peru,8820.13901025735
2008,philippines,Philippines,5144.3357817008
2008,poland,Poland,18372.37645483
2008,portugal,Portugal,26665.8372952939
2008,qatar,Qatar,129506.173525419
2008,romania,Romania,16782.1218359924
2008,russian-federation,Russia,20163.609375
2008,rwanda,Rwanda,1176.53444212607
2008,saudi-arabia,Saudi Arabia,57236.0519548093
2008,senegal,Senegal,2580.71949171112
2008,serbia,Serbia,13122.5721535674
2008,singapore,Singapore,67735.3480828121
2008,slovenia,Slovenia,29460.9414243515
2008,south-africa,South Africa,12525.2630295392
2008,spain,Spain,33349.942580613
2008,sri-lanka,Sri Lanka,7316.58626483833
2008,sudan,Sudan,3937.52685546875
2008,sweden,Sweden,41906.5013377768
2008,switzerland,Switzerland,54514.1506081639
2008,tanzania-united-rep,Tanzania,1908.37353515625
2008,thailand,Thailand,12062.1598747558
2008,tunisia,Tunisia,9975.02232090707
2008,turkiye,Turkey,16141.6888074925
2008,ukraine,Ukraine,9323.72265625
2008,united-arab-emirates,United Arab Emirates,94628.1996900371
2008,united-kingdom,United Kingdom,36943.4797790457
2008,united-states,United States,48570.0594269601
2008,uruguay,Uruguay,15694.2354114223
2008,uzbekistan,Uzbekistan,5346.43179238495
2008,viet-nam,Vietnam,4844.06704734456
2008,zambia,Zambia,2708.00819659546
2008,zimbabwe,Zimbabwe,1986.90882452926
2009,afghanistan,Afghanistan,1570.69814519525
2009,albania,Albania,9030.61738450029
2009,algeria,Algeria,13651.4472996412
2009,angola,Angola,7227.5636424754
2009,argentina,Argentina,16182.0753479301
2009,armenia,Armenia,6811.69247966418
2009,australia,Australia,40434.4890899118
2009,austria,Austria,40686.6736355681
2009,azerbaijan,Azerbaijan,14245.503536762
2009,bangladesh,Bangladesh,2675.2594592947
2009,belarus,Belarus,14034.1911205907
2009,belgium,Belgium,37905.658312629
2009,benin,Benin,2213.32895623031
2009,bolivia-plurinational-state-of,Bolivia,6024.0594735432
2009,brazil,Brazil,13390.6831316005
2009,bulgaria,Bulgaria,14188.1172172749
2009,burkina-faso,Burkina Faso,1359.69224908667
2009,burundi,Burundi,604.588154086318
2009,cambodia,Cambodia,2854.03288379414
2009,cameroon,Cameroon,2878.95143889027
2009,canada,Canada,38863.3227540035
2009,chad,Chad,2087.14718680647
2009,chile,Chile,15951.3304877878
2009,china,China,8448.27749022094
2009,colombia,Colombia,10367.3489558559
2009,cote-d-ivoire,Cote d Ivoire,3176.63242423806
2009,croatia,Croatia,20358.153970121
2009,cyprus,Cyprus,33901.37890625
2009,czech-republic,Czechia,27713.2434564605
2009,denmark,Denmark,40524.3123510224
2009,ecuador,Ecuador,8662.10672699674
2009,estonia,Estonia,20488.94990724
2009,ethiopia,Ethiopia,899.140901805678
2009,finland,Finland,37988.4498659536
2009,france,France,34685.0059249958
2009,georgia,Georgia,7119.14279089125
2009,germany,Germany,37560.4365631565
2009,ghana,Ghana,3617.23944438667
2009,greece,Greece,29963.3968875108
2009,guatemala,Guatemala,6376.74106304334
2009,guinea,Guinea,1566.70089249337
2009,haiti,Haiti,2855.1597138836
2009,hungary,Hungary,20691.4485224486
2009,iceland,Iceland,42069.8628429175
2009,india,India,3774.87966856294
2009,indonesia,Indonesia,7868.1481834145
2009,iraq,Iraq,11687.0142084441
2009,ireland,Ireland,41491.4739085241
2009,israel,Israel,28048.5996626557
2009,italy,Italy,34501.7122743906
2009,japan,Japan,33843.1998246408
2009,jordan,Jordan,10222.1738244821
2009,kazakhstan,Kazakhstan,17389.0145840061
2009,kenya,Kenya,2480.044290705
2009,kuwait,Kuwait,80110.0698080015
2009,latvia,Latvia,15545.0821339945
2009,lithuania,Lithuania,17054.6365568486
2009,luxembourg,Luxembourg,86918.5909104052
2009,madagascar,Madagascar,1479.82980027432
2009,malawi,Malawi,1387.78991563151
2009,malaysia,Malaysia,18922.6459510316
2009,mali,Mali,1944.69828230412
2009,mexico,Mexico,15190.8744507263
2009,mongolia,Mongolia,7119.3942421903
2009,morocco,Morocco,6628.57666015625
2009,mozambique,Mozambique,951.485453773408
2009,myanmar,Myanmar,3039.79982340763
2009,nepal,Nepal,2028.95740755659
2009,netherlands,Netherlands,44959.169463743
2009,new-zealand,New Zealand,30746.1551656083
2009,niger,Niger,998.792501514806
2009,nigeria,Nigeria,5927.46111763326
2009,norway,Norway,56750.3203338648
2009,oman,Oman,55127.4677727301
2009,pakistan,Pakistan,3777.09098632843
2009,panama,Panama,14765.7380218537
2009,peru,Peru,8916.59577544311
2009,philippines,Philippines,5157.27825093616
2009,poland,Poland,19300.1669900632
2009,portugal,Portugal,26471.9079607159
2009,qatar,Qatar,129386.666100651
2009,romania,Romania,16640.8096121507
2009,russian-federation,Russia,19389.94140625
2009,rwanda,Rwanda,1225.73184078359
2009,saudi-arabia,Saudi Arabia,54787.3552120273
2009,senegal,Senegal,2605.72280253317
2009,serbia,Serbia,13037.9875975621
2009,singapore,Singapore,66212.9625568167
2009,slovenia,Slovenia,27228.6387025436
2009,south-africa,South Africa,12261.4115912534
2009,spain,Spain,32218.2880170155
2009,sri-lanka,Sri Lanka,7575.57988731185
2009,sudan,Sudan,3731.61474609375
2009,sweden,Sweden,40093.8358794687
2009,switzerland,Switzerland,53874.2782377773
2009,tanzania-united-rep,Tanzania,1972.16784667969
2009,thailand,Thailand,11964.0529468916
2009,tunisia,Tunisia,10237.0889995528
2009,turkiye,Turkey,15551.64150166
2009,ukraine,Ukraine,7994.61572265625
2009,united-arab-emirates,United Arab Emirates,84780.2609702593
2009,united-kingdom,United Kingdom,35281.4337962093
2009,united-states,United States,47194.9500893872
2009,uruguay,Uruguay,16421.7696324495
2009,uzbekistan,Uzbekistan,5720.01501794187
2009,viet-nam,Vietnam,5060.73212272276
2009,zambia,Zambia,2872.46418369152
2009,zimbabwe,Zimbabwe,2232.85257291912
2010,afghanistan,Afghanistan,1765.53802824846
2010,albania,Albania,9754.86619784549
2010,algeria,Algeria,14201.3659902328
2010,angola,Angola,7411.6546086217
2010,argentina,Argentina,17847.6110367346
2010,armenia,Armenia,7095.21267955823
2010,australia,Australia,39504.361082784
2010,austria,Austria,41735.4574798744
2010,azerbaijan,Azerbaijan,14930.4099923544
2010,bangladesh,Bangladesh,2833.69544359604
2010,belarus,Belarus,15339.099903096
2010,belgium,Belgium,39839.9772772918
2010,benin,Benin,2220.32854604233
2010,bolivia-plurinational-state-of,Bolivia,6245.33863119202
2010,brazil,Brazil,14451.7158384913
2010,bulgaria,Bulgaria,14954.2908464673
2010,burkina-faso,Burkina Faso,1449.42216378185
2010,burundi,Burundi,613.695880029834
2010,cambodia,Cambodia,2988.5040142969
2010,cameroon,Cameroon,2913.94292746083
2010,canada,Canada,40103.2558649524
2010,chad,Chad,2319.68883177376
2010,chile,Chile,17917.8951217097
2010,china,China,9411.07660848621
2010,colombia,Colombia,10841.1279797769
2010,cote-d-ivoire,Cote d Ivoire,3360.54408815073
2010,croatia,Croatia,20139.3171606116
2010,cyprus,Cyprus,33502.24609375
2010,czech-republic,Czechia,28153.8518610007
2010,denmark,Denmark,43037.5989192487
2010,ecuador,Ecuador,8968.94040809633
2010,estonia,Estonia,21614.3068307361
2010,ethiopia,Ethiopia,995.653978546208
2010,finland,Finland,38946.228265358
2010,france,France,35907.5531031574
2010,georgia,Georgia,7711.80683864286
2010,germany,Germany,39713.9503169931
2010,ghana,Ghana,3855.46891704158
2010,greece,Greece,27838.73639086
2010,guatemala,Guatemala,6510.0998092869
2010,guinea,Guinea,1621.69161135943
2010,haiti,Haiti,2694.91104128509
2010,hungary,Hungary,21690.9866477738
2010,iceland,Iceland,40260.0559748728
2010,india,India,4085.5641012345
2010,indonesia,Indonesia,8353.45684705951
2010,iraq,Iraq,12186.1929619859
2010,ireland,Ireland,43162.9939992062
2010,israel,Israel,29418.3260269798
2010,italy,Italy,34974.1045135807
2010,japan,Japan,35658.1718529309
2010,jordan,Jordan,10393.3193069933
2010,kazakhstan,Kazakhstan,18641.8061470981
2010,kenya,Kenya,2634.89271315215
2010,kuwait,Kuwait,75184.0865900211
2010,latvia,Latvia,16373.4037320495
2010,lithuania,Lithuania,18718.9043711358
2010,luxembourg,Luxembourg,90336.0184704033
2010,madagascar,Madagascar,1463.87646781607
2010,malawi,Malawi,1457.60568304833
2010,malaysia,Malaysia,20193.4092938834
2010,mali,Mali,2011.67894604398
2010,mexico,Mexico,15909.1464952239
2010,mongolia,Mongolia,7531.62557418036
2010,morocco,Morocco,6848.66748046875
2010,mozambique,Mozambique,1000.24114863211
2010,myanmar,Myanmar,3348.12889486108
2010,nepal,Nepal,2139.22749377022
2010,netherlands,Netherlands,45301.269581608
2010,new-zealand,New Zealand,31305.3299504124
2010,niger,Niger,1057.51100253929
2010,nigeria,Nigeria,6301.18372511905
2010,norway,Norway,59439.3769599791
2010,oman,Oman,55667.4687760453
2010,pakistan,Pakistan,3785.70113518223
2010,panama,Panama,15572.578718933
2010,peru,Peru,9713.35863277619
2010,philippines,Philippines,5489.23543439664
2010,poland,Poland,20990.9122325468
2010,portugal,Portugal,27292.0819531528
2010,qatar,Qatar,152120.89487266
2010,romania,Romania,17354.7164981302
2010,russian-federation,Russia,20490.126953125
2010,rwanda,Rwanda,1298.43875468652
2010,saudi-arabia,Saudi Arabia,58828.7265329884
2010,senegal,Senegal,2662.50486617778
2010,serbia,Serbia,13320.0602051636
2010,singapore,Singapore,75400.5557959539
2010,slovenia,Slovenia,27579.428605763
2010,south-africa,South Africa,12637.2912221888
2010,spain,Spain,31804.6746571689
2010,sri-lanka,Sri Lanka,8233.62663784454
2010,sudan,Sudan,3805.62744140625
2010,sweden,Sweden,41951.2525597117
2010,switzerland,Switzerland,55445.6775606878
2010,tanzania-united-rep,Tanzania,2069.40185546875
2010,thailand,Thailand,12932.263344023
2010,tunisia,Tunisia,10555.0887029771
2010,turkiye,Turkey,17468.1996643291
2010,ukraine,Ukraine,8453.2998046875
2010,united-arab-emirates,United Arab Emirates,85120.1372214041
2010,united-kingdom,United Kingdom,36648.8219451957
2010,united-states,United States,48642.6312088213
2010,uruguay,Uruguay,17872.5369677084
2010,uzbekistan,Uzbekistan,6131.45344264834
2010,viet-nam,Vietnam,5389.21956976062
2010,zambia,Zambia,3097.66400489119
2010,zimbabwe,Zimbabwe,2661.36483247516
2011,afghanistan,Afghanistan,1744.06062321558
2011,albania,Albania,10273.4276843078
2011,algeria,Algeria,14639.8779436268
2011,angola,Angola,7537.59656406157
2011,argentina,Argentina,19104.9909405228
2011,armenia,Armenia,7624.26772626905
2011,australia,Australia,42152.816179831
2011,austria,Austria,44171.5618687028
2011,azerbaijan,Azerbaijan,14804.5744507911
2011,bangladesh,Bangladesh,3051.26983271811
2011,belarus,Belarus,16563.2014078209
2011,belgium,Belgium,41244.8495035213
2011,benin,Benin,2264.84186926384
2011,bolivia-plurinational-state-of,Bolivia,6597.96217604598
2011,brazil,Brazil,15211.7920391654
2011,bulgaria,Bulgaria,15747.3599553305
2011,burkina-faso,Burkina Faso,1531.34338243982
2011,burundi,Burundi,628.665448296178
2011,cambodia,Cambodia,3223.10209351638
2011,cameroon,Cameroon,2988.8172872551
2011,canada,Canada,41667.0488390843
2011,chad,Chad,2388.16512149441
2011,chile,Chile,20121.6834214209
2011,china,China,10456.7916826113
2011,colombia,Colombia,11707.4614624747
2011,cote-d-ivoire,Cote d Ivoire,3175.9192237076
2011,croatia,Croatia,21190.7772144927
2011,cyprus,Cyprus,33406
2011,czech-republic,Czechia,29237.1870959847
2011,denmark,Denmark,44443.7163844726
2011,ecuador,Ecuador,9768.69201080404
2011,estonia,Estonia,24652.3610297918
2011,ethiopia,Ethiopia,1098.11515728787
2011,finland,Finland,40845.9566729849
2011,france,France,37510.3759898714
2011,georgia,Georgia,8563.83554915647
2011,germany,Germany,43384.1299848762
2011,ghana,Ghana,4381.12535523694
2011,greece,Greece,25692.5740851321
2011,guatemala,Guatemala,6784.44712953621
2011,guinea,Guinea,1705.27110438049
2011,haiti,Haiti,2858.19645979435
2011,hungary,Hungary,22992.2184657584
2011,iceland,Iceland,41400.4726589773
2011,india,India,4326.67118367021
2011,indonesia,Indonesia,8936.99215549454
2011,iraq,Iraq,12912.0299790146
2011,ireland,Ireland,45457.5262213217
2011,israel,Israel,31272.3935111474
2011,italy,Italy,36392.2827759493
2011,japan,Japan,36483.298640793
2011,jordan,Jordan,10648.5361813237
2011,kazakhstan,Kazakhstan,20159.9329426413
2011,kenya,Kenya,2750.28663787693
2011,kuwait,Kuwait,79036.7857441182
2011,latvia,Latvia,17680.4939630507
2011,lithuania,Lithuania,21557.6567458052
2011,luxembourg,Luxembourg,94475.0302265023
2011,madagascar,Madagascar,1475.17055178114
2011,malawi,Malawi,1516.2111831915
2011,malaysia,Malaysia,21324.3594996498
2011,mali,Mali,2046.22567063495
2011,mexico,Mexico,17266.8129106549
2011,mongolia,Mongolia,8861.82052869304
2011,morocco,Morocco,7274.1474609375
2011,mozambique,Mozambique,1063.65543296311
2011,myanmar,Myanmar,3579.40482970626
2011,nepal,Nepal,2247.99742932205
2011,netherlands,Netherlands,47004.1370739062
2011,new-zealand,New Zealand,32733.9226283709
2011,niger,Niger,1064.41917390361
2011,nigeria,Nigeria,6585.36193258467
2011,norway,Norway,63893.7750609004
2011,oman,Oman,52393.3135820293
2011,pakistan,Pakistan,3879.5977693449
2011,panama,Panama,17473.7651401424
2011,peru,Peru,10462.5770434663
2011,philippines,Philippines,5705.43591174904
2011,poland,Poland,22808.5055268899
2011,portugal,Portugal,26803.2336904645
2011,qatar,Qatar,174619.917706816
2011,romania,Romania,18803.8819856631
2011,russian-federation,Russia,22789.54296875
2011,rwanda,Rwanda,1396.03088897569
2011,saudi-arabia,Saudi Arabia,64125.2177225838
2011,senegal,Senegal,2684.94989722318
2011,serbia,Serbia,14298.2784694219
2011,singapore,Singapore,80052.3914982651
2011,slovenia,Slovenia,28715.6339954963
2011,south-africa,South Africa,13143.1933361097
2011,spain,Spain,32015.5752000401
2011,sri-lanka,Sri Lanka,9075.54549583927
2011,sudan,Sudan,4112.21875
2011,sweden,Sweden,44332.3063486431
2011,switzerland,Switzerland,58404.5879736888
2011,tanzania-united-rep,Tanzania,2211.466796875
2011,thailand,Thailand,13227.454108915
2011,tunisia,Tunisia,10435.9956675373
2011,turkiye,Turkey,19717.2438317111
2011,ukraine,Ukraine,9126.6083984375
2011,united-arab-emirates,United Arab Emirates,89665.3752336557
2011,united-kingdom,United Kingdom,37389.0527405588
2011,united-states,United States,50024.8812320773
2011,uruguay,Uruguay,19135.3636964186
2011,uzbekistan,Uzbekistan,6663.84139781911
2011,viet-nam,Vietnam,5786.12348870721
2011,zambia,Zambia,3228.48714255039
2011,zimbabwe,Zimbabwe,3047.31708873749
2012,afghanistan,Afghanistan,1988.42930381554
2012,albania,Albania,10608.7790745201
2012,algeria,Algeria,14441.3293398806
2012,angola,Angola,8246.36081151609
2012,argentina,Argentina,19430.4178068112
2012,armenia,Armenia,8942.63537897164
2012,australia,Australia,43007.2697824131
2012,austria,Austria,46156.4832073037
2012,azerbaijan,Azerbaijan,15994.1466501837
2012,bangladesh,Bangladesh,3434.27815090447
2012,belarus,Belarus,18114.7508606708
2012,belgium,Belgium,42483.5250666788
2012,benin,Benin,2346.08416204547
2012,bolivia-plurinational-state-of,Bolivia,7183.82602451812
2012,brazil,Brazil,15198.0863308622
2012,bulgaria,Bulgaria,16327.2363246359
2012,burkina-faso,Burkina Faso,1571.83884477315
2012,burundi,Burundi,637.247080191101
2012,cambodia,Cambodia,3583.48229739437
2012,cameroon,Cameroon,3059.64226568251
2012,canada,Canada,42291.8109156785
2012,chad,Chad,2435.1240819184
2012,chile,Chile,21366.1771264909
2012,china,China,11420.2527051141
2012,colombia,Colombia,12093.0754939172
2012,cote-d-ivoire,Cote d Ivoire,3290.72306949457
2012,croatia,Croatia,21618.4587267283
2012,cyprus,Cyprus,31923.90234375
2012,czech-republic,Czechia,29465.6074011894
2012,denmark,Denmark,44755.1624273018
2012,ecuador,Ecuador,10244.5177816184
2012,estonia,Estonia,26242.5282659014
2012,ethiopia,Ethiopia,1178.97474553026
2012,finland,Finland,40739.1131809421
2012,france,France,37671.0239268565
2012,georgia,Georgia,10059.9820603954
2012,germany,Germany,44212.02071657
2012,ghana,Ghana,4933.65254349093
2012,greece,Greece,24582.9741957507
2012,guatemala,Guatemala,7258.31667467883
2012,guinea,Guinea,1789.97473033561
2012,haiti,Haiti,2830.19080559709
2012,hungary,Hungary,23205.310668404
2012,iceland,Iceland,42551.872453959
2012,india,India,4681.12393706313
2012,indonesia,Indonesia,9530.29071136718
2012,iraq,Iraq,14402.0340893955
2012,ireland,Ireland,46654.4428740181
2012,israel,Israel,32432.3442127933
2012,italy,Italy,36281.1014243506
2012,japan,Japan,37974.343588054
2012,jordan,Jordan,10729.6305374705
2012,kazakhstan,Kazakhstan,21367.2180595372
2012,kenya,Kenya,2847.27068286846
2012,kuwait,Kuwait,82089.726133145
2012,latvia,Latvia,19416.5167382125
2012,lithuania,Lithuania,23275.2517553588
2012,luxembourg,Luxembourg,96636.426643956
2012,madagascar,Madagascar,1463.61756926447
2012,malawi,Malawi,1464.04323957796
2012,malaysia,Malaysia,22638.5406944009
2012,mali,Mali,1990.14805240723
2012,mexico,Mexico,18004.793559665
2012,mongolia,Mongolia,10151.7217998165
2012,morocco,Morocco,7307.6123046875
2012,mozambique,Mozambique,1075.87786085361
2012,myanmar,Myanmar,3845.15284153671
2012,nepal,Nepal,2465.83469449131
2012,netherlands,Netherlands,47653.3401651371
2012,new-zealand,New Zealand,33045.0345114988
2012,niger,Niger,1161.78908289767
2012,nigeria,Nigeria,6670.83826230892
2012,norway,Norway,67352.804935227
2012,oman,Oman,49989.4425093994
2012,pakistan,Pakistan,4046.59848766311
2012,panama,Panama,19473.2514820186
2012,peru,Peru,10757.1522234351
2012,philippines,Philippines,6094.26837338658
2012,poland,Poland,23728.1456821435
2012,portugal,Portugal,26476.2182777269
2012,qatar,Qatar,180939.425774901
2012,romania,Romania,19807.4757017991
2012,russian-federation,Russia,24273.517578125
2012,rwanda,Rwanda,1435.88685799239
2012,saudi-arabia,Saudi Arabia,65033.6161818077
2012,senegal,Senegal,2764.26130708482
2012,serbia,Serbia,14506.147963061
2012,singapore,Singapore,82107.7270892092
2012,slovenia,Slovenia,28786.7105517686
2012,south-africa,South Africa,12986.7976675307
2012,spain,Spain,31869.7839822219
2012,sri-lanka,Sri Lanka,10249.1670637487
2012,sudan,Sudan,3710.376953125
2012,sweden,Sweden,45206.780102677
2012,switzerland,Switzerland,60433.500996161
2012,tanzania-united-rep,Tanzania,2083.48486328125
2012,thailand,Thailand,14616.6497925392
2012,tunisia,Tunisia,10614.531301194
2012,turkiye,Turkey,20739.2725488506
2012,ukraine,Ukraine,9552.314453125
2012,united-arab-emirates,United Arab Emirates,89198.0332724859
2012,united-kingdom,United Kingdom,38515.4032867327
2012,united-states,United States,51708.3940614082
2012,uruguay,Uruguay,19495.4223660846
2012,uzbekistan,Uzbekistan,6880.85389531695
2012,viet-nam,Vietnam,6376.79765706172
2012,zambia,Zambia,3323.63312219856
2012,zimbabwe,Zimbabwe,3472.48572001016
2013,afghanistan,Afghanistan,2133.24127098647
2013,albania,Albania,10882.042303638
2013,algeria,Algeria,14370.820661674
2013,angola,Angola,8504.09532069445
2013,argentina,Argentina,19928.989490167
2013,armenia,Armenia,9454.87852836557
2013,australia,Australia,46123.4750962848
2013,austria,Austria,47519.8522796571
2013,azerbaijan,Azerbaijan,17267.5118919538
2013,bangladesh,Bangladesh,3691.10431102117
2013,belarus,Belarus,19014.0529737698
2013,belgium,Belgium,43864.1204196838
2013,benin,Benin,2511.65309588333
2013,bolivia-plurinational-state-of,Bolivia,8068.72017230447
2013,brazil,Brazil,15722.3335242901
2013,bulgaria,Bulgaria,16893.7939132873
2013,burkina-faso,Burkina Faso,1642.89213125776
2013,burundi,Burundi,687.370968311715
2013,cambodia,Cambodia,3890.94841205221
2013,cameroon,Cameroon,3238.86829843733
2013,canada,Canada,44300.7302100096
2013,chad,Chad,2110.24705136988
2013,chile,Chile,22201.0660684337
2013,china,China,12228.3736084197
2013,colombia,Colombia,12779.8865818318
2013,cote-d-ivoire,Cote d Ivoire,3619.01790854865
2013,croatia,Croatia,22430.1102453055
2013,cyprus,Cyprus,30415.8359375
2013,czech-republic,Czechia,31013.0082933831
2013,denmark,Denmark,46869.1932887749
2013,ecuador,Ecuador,11295.6127804419
2013,estonia,Estonia,27831.1526234213
2013,ethiopia,Ethiopia,1252.86896408004
2013,finland,Finland,41325.8052072321
2013,france,France,39583.3520435045
2013,georgia,Georgia,10797.3423273476
2013,germany,Germany,45876.2138041716
2013,ghana,Ghana,5214.56935848794
2013,greece,Greece,25730.8809006664
2013,guatemala,Guatemala,7699.94541247252
2013,guinea,Guinea,1842.00227737409
2013,haiti,Haiti,3042.4970687871
2013,hungary,Hungary,24591.6380503055
2013,iceland,Iceland,44738.1187219778
2013,india,India,4870.23562464539
2013,indonesia,Indonesia,9866.01699250847
2013,iraq,Iraq,14668.5432764995
2013,ireland,Ireland,48763.0331535881
2013,israel,Israel,34776.8705712769
2013,italy,Italy,36459.2950248716
2013,japan,Japan,39855.3531119712
2013,jordan,Jordan,10790.7021162492
2013,kazakhstan,Kazakhstan,23754.1341952117
2013,kenya,Kenya,3106.39394464885
2013,kuwait,Kuwait,76812.5387330449
2013,latvia,Latvia,20473.5243706913
2013,lithuania,Lithuania,24889.8726227818
2013,luxembourg,Luxembourg,100925.011992241
2013,madagascar,Madagascar,1473.40398077255
2013,malawi,Malawi,1558.11224745203
2013,malaysia,Malaysia,23160.8924510627
2013,mali,Mali,2059.28407643019
2013,mexico,Mexico,18170.2647920555
2013,mongolia,Mongolia,10442.3850504493
2013,morocco,Morocco,7542.0986328125
2013,mozambique,Mozambique,1113.7525275929
2013,myanmar,Myanmar,4143.63012731959
2013,nepal,Nepal,2658.02196886933
2013,netherlands,Netherlands,49622.0519614799
2013,new-zealand,New Zealand,36249.6271005735
2013,niger,Niger,1137.76904129571
2013,nigeria,Nigeria,7004.13119541111
2013,norway,Norway,69186.2932660288
2013,oman,Oman,47013.4730934385
2013,pakistan,Pakistan,4173.93858568758
2013,panama,Panama,21923.6750939531
2013,peru,Peru,11290.5547403874
2013,philippines,Philippines,6372.83382112545
2013,poland,Poland,24433.8914344877
2013,portugal,Portugal,27966.0874254705
2013,qatar,Qatar,169203.261058049
2013,romania,Romania,19678.1401421845
2013,russian-federation,Russia,26019.7265625
2013,rwanda,Rwanda,1491.80370844135
2013,saudi-arabia,Saudi Arabia,62202.8859202572
2013,senegal,Senegal,2768.76818711984
2013,serbia,Serbia,15246.9548612296
2013,singapore,Singapore,83088.3185411658
2013,slovenia,Slovenia,29634.0657611471
2013,south-africa,South Africa,13369.4382039605
2013,spain,Spain,32613.6891811474
2013,sri-lanka,Sri Lanka,11252.6311492148
2013,sudan,Sudan,3724.9599609375
2013,sweden,Sweden,46098.0140634307
2013,switzerland,Switzerland,62748.9298592904
2013,tanzania-united-rep,Tanzania,2176.21655273438
2013,thailand,Thailand,15215.9492506383
2013,tunisia,Tunisia,10671.569727457
2013,turkiye,Turkey,22475.2909778388
2013,ukraine,Ukraine,10903.8251953125
2013,united-arab-emirates,United Arab Emirates,87526.3039873404
2013,united-kingdom,United Kingdom,40121.0839005273
2013,united-states,United States,53297.3862901595
2013,uruguay,Uruguay,20661.3793411187
2013,uzbekistan,Uzbekistan,7244.68983612169
2013,viet-nam,Vietnam,6758.40433634749
2013,zambia,Zambia,3477.28178777683
2013,zimbabwe,Zimbabwe,3783.94633704647
2014,afghanistan,Afghanistan,2224.49074815215
2014,albania,Albania,11787.8702732821
2014,algeria,Algeria,14694.143827383
2014,angola,Angola,9017.69018159709
2014,argentina,Argentina,19487.4181748868
2014,armenia,Armenia,9736.2349746279
2014,australia,Australia,47108.5906459966
2014,austria,Austria,48355.4977624407
2014,azerbaijan,Azerbaijan,17563.6122454385
2014,bangladesh,Bangladesh,3972.50647733491
2014,belarus,Belarus,19037.8847440186
2014,belgium,Belgium,45147.6429534057
2014,benin,Benin,2670.41561399187
2014,bolivia-plurinational-state-of,Bolivia,8628.94266128246
2014,brazil,Brazil,15827.3081625514
2014,bulgaria,Bulgaria,17990.7860607342
2014,burkina-faso,Burkina Faso,1661.31773793757
2014,burundi,Burundi,724.371954183273
2014,cambodia,Cambodia,4117.78868309006
2014,cameroon,Cameroon,3422.26128158344
2014,canada,Canada,45758.1466048816
2014,chad,Chad,2133.18441198787
2014,chile,Chile,22553.6161787372
2014,china,China,12941.5964809146
2014,colombia,Colombia,13355.3624162195
2014,cote-d-ivoire,Cote d Ivoire,4074.21445539789
2014,croatia,Croatia,22706.2761364179
2014,cyprus,Cyprus,29892.75
2014,czech-republic,Czechia,32743.489773169
2014,denmark,Denmark,47879.5955558233
2014,ecuador,Ecuador,11835.6091276538
2014,estonia,Estonia,29403.6584494815
2014,ethiopia,Ethiopia,1484.63145566608
2014,finland,Finland,41547.0984485393
2014,france,France,40218.1258637776
2014,georgia,Georgia,11770.6989360253
2014,germany,Germany,47927.5555323465
2014,ghana,Ghana,5517.13178763566
2014,greece,Greece,26450.181326726
2014,guatemala,Guatemala,8236.65929901848
2014,guinea,Guinea,1873.21413058957
2014,haiti,Haiti,3075.73843837062
2014,hungary,Hungary,25796.2100959256
2014,iceland,Iceland,46471.9845659755
2014,india,India,5042.38256477318
2014,indonesia,Indonesia,10064.677127417
2014,iraq,Iraq,13168.245587417
2014,ireland,Ireland,52582.2223929461
2014,israel,Israel,34745.4721490798
2014,italy,Italy,36665.68576775
2014,japan,Japan,40272.4415780289
2014,jordan,Jordan,10059.8134952939
2014,kazakhstan,Kazakhstan,23958.1128890603
2014,kenya,Kenya,3359.48950665093
2014,kuwait,Kuwait,68336.5991533112
2014,latvia,Latvia,21553.6623204436
2014,lithuania,Lithuania,26274.7488764946
2014,luxembourg,Luxembourg,105296.288654407
2014,madagascar,Madagascar,1498.83976908219
2014,malawi,Malawi,1505.55190404024
2014,malaysia,Malaysia,24306.5212338415
2014,mali,Mali,2184.87660282794
2014,mexico,Mexico,18820.799110896
2014,mongolia,Mongolia,10900.2305197857
2014,morocco,Morocco,7237.27734375
2014,mozambique,Mozambique,1165.82826607505
2014,myanmar,Myanmar,4376.38833281274
2014,nepal,Nepal,2901.19752086169
2014,netherlands,Netherlands,49751.3092860822
2014,new-zealand,New Zealand,37315.9476428103
2014,niger,Niger,1161.32515723793
2014,nigeria,Nigeria,7396.12835518829
2014,norway,Norway,68195.6503224822
2014,oman,Oman,44235.8336329334
2014,pakistan,Pakistan,4312.99070040776
2014,panama,Panama,24376.0808685086
2014,peru,Peru,11517.7371710247
2014,philippines,Philippines,6688.73961232553
2014,poland,Poland,25459.7392273761
2014,portugal,Portugal,28764.5254955042
2014,qatar,Qatar,148389.108964021
2014,romania,Romania,20633.0192361402
2014,russian-federation,Russia,25688.2265625
2014,rwanda,Rwanda,1655.37851110949
2014,saudi-arabia,Saudi Arabia,62578.0708415156
2014,senegal,Senegal,2853.80456250635
2014,serbia,Serbia,15296.1683250053
2014,singapore,Singapore,84555.2446100826
2014,slovenia,Slovenia,30571.9753019832
2014,south-africa,South Africa,13358.9417186608
2014,spain,Spain,33760.9555646369
2014,sri-lanka,Sri Lanka,11720.5978109851
2014,sudan,Sudan,4260.57177734375
2014,sweden,Sweden,46841.2010746944
2014,switzerland,Switzerland,64694.0744212256
2014,tanzania-united-rep,Tanzania,2221.1796875
2014,thailand,Thailand,15365.3175402829
2014,tunisia,Tunisia,10946.8935757638
2014,turkiye,Turkey,24192.537613837
2014,ukraine,Ukraine,10493.7451171875
2014,united-arab-emirates,United Arab Emirates,87477.7258300501
2014,united-kingdom,United Kingdom,41545.5712797638
2014,united-states,United States,55153.3940182967
2014,uruguay,Uruguay,21867.8112276315
2014,uzbekistan,Uzbekistan,7464.82465708014
2014,viet-nam,Vietnam,7296.8794808738
2014,zambia,Zambia,3441.31497643775
2014,zimbabwe,Zimbabwe,3903.42797706084
2015,afghanistan,Afghanistan,2284.07584789349
2015,albania,Albania,12386.6003347481
2015,algeria,Algeria,13807.3515841478
2015,angola,Angola,8067.48584683702
2015,argentina,Argentina,19899.1499275245
2015,armenia,Armenia,9756.84084836026
2015,australia,Australia,46464.5867627929
2015,austria,Austria,49549.3162311441
2015,azerbaijan,Azerbaijan,15075.2726347911
2015,bangladesh,Bangladesh,4212.23578089428
2015,belarus,Belarus,18133.5313085883
2015,belgium,Belgium,46071.914889496
2015,benin,Benin,2725.33724817144
2015,bolivia-plurinational-state-of,Bolivia,8757.31777115049
2015,brazil,Brazil,14821.4383174534
2015,bulgaria,Bulgaria,18896.1145714262
2015,burkina-faso,Burkina Faso,1691.57935387408
2015,burundi,Burundi,722.032898379933
2015,cambodia,Cambodia,4433.64393500572
2015,cameroon,Cameroon,3497.66067563959
2015,canada,Canada,44668.1361640155
2015,chad,Chad,2377.51137185751
2015,chile,Chile,22468.3125745547
2015,china,China,13463.3331511105
2015,colombia,Colombia,13332.0555048211
2015,cote-d-ivoire,Cote d Ivoire,4403.64296618998
2015,croatia,Croatia,23749.8280957224
2015,cyprus,Cyprus,31380.220703125
2015,czech-republic,Czechia,34093.0280593748
2015,denmark,Denmark,48897.2099776611
2015,ecuador,Ecuador,10877.7507461388
2015,estonia,Estonia,29712.6299473728
2015,ethiopia,Ethiopia,1632.61818006837
2015,finland,Finland,42257.8593791297
2015,france,France,40905.1767750994
2015,georgia,Georgia,12269.6528932768
2015,germany,Germany,48567.1117562648
2015,ghana,Ghana,5191.37053389659
2015,greece,Greece,26607.7256796976
2015,guatemala,Guatemala,8934.00261178392
2015,guinea,Guinea,1929.68091332187
2015,haiti,Haiti,3025.83461728258
2015,hungary,Hungary,26937.7320818864
2015,iceland,Iceland,49715.8375969779
2015,india,India,5269.11774528716
2015,indonesia,Indonesia,10027.5372996025
2015,iraq,Iraq,9334.46604866315
2015,ireland,Ireland,71519.6014840656
2015,israel,Israel,35796.5328359923
2015,italy,Italy,37384.3796455406
2015,japan,Japan,41722.3895623635
2015,jordan,Jordan,9851.78048494686
2015,kazakhstan,Kazakhstan,22484.3651382607
2015,kenya,Kenya,3678.32614146019
2015,kuwait,Kuwait,45267.3085347452
2015,latvia,Latvia,22543.9183164105
2015,lithuania,Lithuania,26948.5919371645
2015,luxembourg,Luxembourg,107859.685999308
2015,madagascar,Madagascar,1496.61172412841
2015,malawi,Malawi,1403.08451209235
2015,malaysia,Malaysia,24526.3942716012
2015,mali,Mali,2330.24293947692
2015,mexico,Mexico,19071.4444186548
2015,mongolia,Mongolia,10458.3027240524
2015,morocco,Morocco,7799.09228515625
2015,mozambique,Mozambique,1317.88785956822
2015,myanmar,Myanmar,4458.69054442659
2015,nepal,Nepal,2957.30559145504
2015,netherlands,Netherlands,50956.6930942185
2015,new-zealand,New Zealand,37497.1502090982
2015,niger,Niger,1172.19178758955
2015,nigeria,Nigeria,7307.83788174977
2015,norway,Norway,62695.3563994725
2015,oman,Oman,36058.1666084788
2015,pakistan,Pakistan,4480.26313460985
2015,panama,Panama,27245.2788533669
2015,peru,Peru,11600.3873992867
2015,philippines,Philippines,6894.26702217935
2015,poland,Poland,26988.1069013509
2015,portugal,Portugal,29608.0071513956
2015,qatar,Qatar,102545.939634633
2015,romania,Romania,21624.5759002018
2015,russian-federation,Russia,23994.013671875
2015,rwanda,Rwanda,1760.5877311941
2015,saudi-arabia,Saudi Arabia,53930.8273872622
2015,senegal,Senegal,2994.28032714875
2015,serbia,Serbia,15546.3082680414
2015,singapore,Singapore,87156.187383315
2015,slovenia,Slovenia,31336.2043858881
2015,south-africa,South Africa,13397.5234813346
2015,spain,Spain,35228.6333036223
2015,sri-lanka,Sri Lanka,12227.171484965
2015,sudan,Sudan,4217.01025390625
2015,sweden,Sweden,48762.7456496975
2015,switzerland,Switzerland,66418.7989292294
2015,tanzania-united-rep,Tanzania,2317.27978515625
2015,thailand,Thailand,15791.1714762207
2015,tunisia,Tunisia,10782.5438382441
2015,turkiye,Turkey,25896.983315375
2015,ukraine,Ukraine,9921.833984375
2015,united-arab-emirates,United Arab Emirates,73986.0815808827
2015,united-kingdom,United Kingdom,42772.4983791214
2015,united-states,United States,56849.4697923159
2015,uruguay,Uruguay,22168.6114189676
2015,uzbekistan,Uzbekistan,7696.35949962497
2015,viet-nam,Vietnam,7671.5819778084
2015,zambia,Zambia,3337.47306887696
2015,zimbabwe,Zimbabwe,4045.89864738798
2016,afghanistan,Afghanistan,2213.1814410479
2016,albania,Albania,13055.8912586429
2016,algeria,Algeria,13437.8460232169
2016,angola,Angola,7882.51370525255
2016,argentina,Argentina,20105.761359796
2016,armenia,Armenia,10570.2720413936
2016,australia,Australia,47446.2103030951
2016,austria,Austria,52397.8635176674
2016,azerbaijan,Azerbaijan,14535.8020210633
2016,bangladesh,Bangladesh,4579.13228682862
2016,belarus,Belarus,17832.4778855815
2016,belgium,Belgium,48414.5518065681
2016,benin,Benin,2842.0246258376
2016,bolivia-plurinational-state-of,Bolivia,9242.02728323222
2016,brazil,Brazil,14309.2061489274
2016,bulgaria,Bulgaria,20745.9250164072
2016,burkina-faso,Burkina Faso,1881.75893134407
2016,burundi,Burundi,764.282221636915
2016,cambodia,Cambodia,4748.12428521528
2016,cameroon,Cameroon,3626.99932028578
2016,canada,Canada,46470.6925239685
2016,chad,Chad,2120.08751553857
2016,chile,Chile,23256.5036042211
2016,china,China,14157.2514988004
2016,colombia,Colombia,14026.8399931053
2016,cote-d-ivoire,Cote d Ivoire,4530.64849808487
2016,croatia,Croatia,25802.8242312486
2016,cyprus,Cyprus,35247.0390625
2016,czech-republic,Czechia,36445.0485732064
2016,denmark,Denmark,51820.9521305491
2016,ecuador,Ecuador,10881.4890706732
2016,estonia,Estonia,31947.7769107437
2016,ethiopia,Ethiopia,1857.54946515224
2016,finland,Finland,44562.4011072067
2016,france,France,42880.2351355431
2016,georgia,Georgia,13065.294157468
2016,germany,Germany,51555.3799963446
2016,ghana,Ghana,5011.07931572904
2016,greece,Greece,27504.5497984948
2016,guatemala,Guatemala,9201.42836046357
2016,guinea,Guinea,2255.32617992615
2016,haiti,Haiti,3253.47178641614
2016,hungary,Hungary,28178.9450366919
2016,iceland,Iceland,54227.6848099073
2016,india,India,5633.77275665841
2016,indonesia,Indonesia,10262.5951651871
2016,iraq,Iraq,9079.13531769496
2016,ireland,Ireland,72940.7263991139
2016,israel,Israel,38087.5003075978
2016,italy,Italy,40482.562999856
2016,japan,Japan,41462.5069772969
2016,jordan,Jordan,9580.27683713466
2016,kazakhstan,Kazakhstan,23023.0872293899
2016,kenya,Kenya,3916.65315673095
2016,kuwait,Kuwait,41862.1739255505
2016,latvia,Latvia,24063.4511245109
2016,lithuania,Lithuania,28698.9887868061
2016,luxembourg,Luxembourg,113365.176082265
2016,madagascar,Madagascar,1561.51962374608
2016,malawi,Malawi,1409.95802703533
2016,malaysia,Malaysia,25285.8213541391
2016,mali,Mali,2531.80496963482
2016,mexico,Mexico,20104.5839787472
2016,mongolia,Mongolia,10511.3831063141
2016,morocco,Morocco,7853.17626953125
2016,mozambique,Mozambique,1379.10740028691
2016,myanmar,Myanmar,4459.53981427471
2016,nepal,Nepal,2976.12513681451
2016,netherlands,Netherlands,53162.2791598028
2016,new-zealand,New Zealand,39963.6051110409
2016,niger,Niger,1181.94656963832
2016,nigeria,Nigeria,7072.49693358812
2016,norway,Norway,61250.1783294516
2016,oman,Oman,33333.8635893722
2016,pakistan,Pakistan,4630.7315068374
2016,panama,Panama,30276.7088405833
2016,peru,Peru,12066.5460683317
2016,philippines,Philippines,7382.66758431792
2016,poland,Poland,28359.6927346266
2016,portugal,Portugal,31589.2695609552
2016,qatar,Qatar,89934.692005072
2016,romania,Romania,23905.2650215388
2016,russian-federation,Russia,24012.40234375
2016,rwanda,Rwanda,1845.25585689833
2016,saudi-arabia,Saudi Arabia,49937.0668103808
2016,senegal,Senegal,3101.12348494108
2016,serbia,Serbia,16455.4885236331
2016,singapore,Singapore,90214.7780767093
2016,slovenia,Slovenia,33575.1775435757
2016,south-africa,South Africa,13519.3235102376
2016,spain,Spain,37612.7188681342
2016,sri-lanka,Sri Lanka,13078.5605089011
2016,sudan,Sudan,4470.35498046875
2016,sweden,Sweden,50176.3328538836
2016,switzerland,Switzerland,68399.5779033573
2016,tanzania-united-rep,Tanzania,2434.69995117188
2016,thailand,Thailand,16671.2506902144
2016,tunisia,Tunisia,10993.6638464522
2016,turkiye,Turkey,26730.7599731835
2016,ukraine,Ukraine,10864.6572265625
2016,united-arab-emirates,United Arab Emirates,69987.0059667469
2016,united-kingdom,United Kingdom,44376.0697257123
2016,united-states,United States,57976.628204291
2016,uruguay,Uruguay,22840.5507069805
2016,uzbekistan,Uzbekistan,7861.78630407401
2016,viet-nam,Vietnam,8374.50684516118
2016,zambia,Zambia,3313.35121570029
2016,zimbabwe,Zimbabwe,4275.4493505094
2017,afghanistan,Afghanistan,2335.79586234454
2017,albania,Albania,14110.6720568255
2017,algeria,Algeria,13493.560749484
2017,angola,Angola,8125.70639391928
2017,argentina,Argentina,23385.0740904917
2017,armenia,Armenia,12066.0043093819
2017,australia,Australia,48564.8286592372
2017,austria,Austria,53869.8321183556
2017,azerbaijan,Azerbaijan,14315.9296431061
2017,bangladesh,Bangladesh,4882.60692615639
2017,belarus,Belarus,18413.747563367
2017,belgium,Belgium,50256.0631772784
2017,benin,Benin,2885.89383987721
2017,bolivia-plurinational-state-of,Bolivia,10420.3923250933
2017,brazil,Brazil,14559.0488897004
2017,bulgaria,Bulgaria,22317.2366242463
2017,burkina-faso,Burkina Faso,2042.40295259917
2017,burundi,Burundi,791.393494929898
2017,cambodia,Cambodia,5050.06356615113
2017,cameroon,Cameroon,3767.43072883824
2017,canada,Canada,48317.500303004
2017,chad,Chad,2097.14425483604
2017,chile,Chile,24295.223766602
2017,china,China,15022.4371883124
2017,colombia,Colombia,14400.6139849314
2017,cote-d-ivoire,Cote d Ivoire,4690.17801861096
2017,croatia,Croatia,27887.4600052514
2017,cyprus,Cyprus,37768.08984375
2017,czech-republic,Czechia,39346.030564257
2017,denmark,Denmark,55271.5976002659
2017,ecuador,Ecuador,11793.4797426944
2017,estonia,Estonia,34506.6486942506
2017,ethiopia,Ethiopia,2004.74755633129
2017,finland,Finland,47234.8528600939
2017,france,France,44469.1458856805
2017,georgia,Georgia,13718.9378669764
2017,germany,Germany,54142.7414864571
2017,ghana,Ghana,5170.96094857439
2017,greece,Greece,28681.6815585005
2017,guatemala,Guatemala,9560.1778346272
2017,guinea,Guinea,2687.09504827171
2017,haiti,Haiti,3339.38884653446
2017,hungary,Hungary,29728.0121568801
2017,iceland,Iceland,56385.0430004634
2017,india,India,5968.11490280172
2017,indonesia,Indonesia,10687.6409218443
2017,iraq,Iraq,10191.6616988639
2017,ireland,Ireland,80409.4548397032
2017,israel,Israel,39350.730387912
2017,italy,Italy,42142.3435406885
2017,japan,Japan,42346.876013211
2017,jordan,Jordan,10140.0335144087
2017,kazakhstan,Kazakhstan,23973.0602295651
2017,kenya,Kenya,4177.24993580267
2017,kuwait,Kuwait,46565.5499504554
2017,latvia,Latvia,25763.9907709703
2017,lithuania,Lithuania,31305.0436934372
2017,luxembourg,Luxembourg,114985.842235989
2017,madagascar,Madagascar,1546.88001890817
2017,malawi,Malawi,1380.23263621737
2017,malaysia,Malaysia,26415.5960203287
2017,mali,Mali,2606.69607954141
2017,mexico,Mexico,20488.715079135
2017,mongolia,Mongolia,11096.0375604239
2017,morocco,Morocco,8115.12060546875
2017,mozambique,Mozambique,1282.74965991801
2017,myanmar,Myanmar,4706.43248949598
2017,nepal,Nepal,3604.70825949747
2017,netherlands,Netherlands,56037.567993606
2017,new-zealand,New Zealand,42205.9071706198
2017,niger,Niger,1226.9587833573
2017,nigeria,Nigeria,7036.67414358958
2017,norway,Norway,66828.7790099243
2017,oman,Oman,33619.4988982607
2017,pakistan,Pakistan,4789.53646557553
2017,panama,Panama,33533.3260079329
2017,peru,Peru,12591.8562879234
2017,philippines,Philippines,7773.79853599024
2017,poland,Poland,30170.2818974087
2017,portugal,Portugal,32970.8395386562
2017,qatar,Qatar,99358.3403307696
2017,romania,Romania,26943.28718432
2017,russian-federation,Russia,25777.904296875
2017,rwanda,Rwanda,1949.12266322999
2017,saudi-arabia,Saudi Arabia,53120.4572456269
2017,senegal,Senegal,3229.51026655477
2017,serbia,Serbia,17285.4135238265
2017,singapore,Singapore,96056.7007948924
2017,slovenia,Slovenia,36180.0384547624
2017,south-africa,South Africa,13738.4385854596
2017,spain,Spain,39825.2498116292
2017,sri-lanka,Sri Lanka,13610.4723136277
2017,sudan,Sudan,4252.42138671875
2017,sweden,Sweden,51386.5907915775
2017,switzerland,Switzerland,69317.5993921633
2017,tanzania-united-rep,Tanzania,2472.4931640625
2017,thailand,Thailand,17573.339815536
2017,tunisia,Tunisia,11288.7800135085
2017,turkiye,Turkey,28353.5406410966
2017,ukraine,Ukraine,11536.0810546875
2017,united-arab-emirates,United Arab Emirates,70281.8969423807
2017,united-kingdom,United Kingdom,46440.8214149807
2017,united-states,United States,60047.7190728307
2017,uruguay,Uruguay,23606.6429970705
2017,uzbekistan,Uzbekistan,8106.62280505191
2017,viet-nam,Vietnam,9169.73192052855
2017,zambia,Zambia,3391.62768492775
2017,zimbabwe,Zimbabwe,10756.4454416985
2018,afghanistan,Afghanistan,2432.27670083336
2018,albania,Albania,15055.3473824585
2018,algeria,Algeria,13727.1266357859
2018,angola,Angola,8370.22875787099
2018,argentina,Argentina,24410.3919063335
2018,armenia,Armenia,12877.4937543553
2018,australia,Australia,50371.233830782
2018,austria,Austria,56636.4953030542
2018,azerbaijan,Azerbaijan,15282.9995232298
2018,bangladesh,Bangladesh,5490.15881865179
2018,belarus,Belarus,20025.9815543598
2018,belgium,Belgium,52466.7330784599
2018,benin,Benin,2965.30628143664
2018,bolivia-plurinational-state-of,Bolivia,10758.4075594003
2018,brazil,Brazil,15463.7426393889
2018,bulgaria,Bulgaria,23997.7941525242
2018,burkina-faso,Burkina Faso,2073.3235382155
2018,burundi,Burundi,823.013102241659
2018,cambodia,Cambodia,5616.98087023303
2018,cameroon,Cameroon,4010.76360069526
2018,canada,Canada,49982.6446255492
2018,chad,Chad,2227.81335372611
2018,chile,Chile,25305.0903462611
2018,china,China,16298.2050619109
2018,colombia,Colombia,15239.4049488277
2018,cote-d-ivoire,Cote d Ivoire,4945.62520575915
2018,croatia,Croatia,29789.4340021154
2018,cyprus,Cyprus,40262.48828125
2018,czech-republic,Czechia,41638.1831076596
2018,denmark,Denmark,57233.6231685618
2018,ecuador,Ecuador,12186.8846084388
2018,estonia,Estonia,37120.9879761677
2018,ethiopia,Ethiopia,2095.3175782979
2018,finland,Finland,49248.6775395866
2018,france,France,46381.0590629457
2018,georgia,Georgia,15021.9057577433
2018,germany,Germany,56320.6026829454
2018,ghana,Ghana,5536.49795400218
2018,greece,Greece,29792.0592519585
2018,guatemala,Guatemala,9946.80252245268
2018,guinea,Guinea,2844.46427670549
2018,haiti,Haiti,3196.97386370614
2018,hungary,Hungary,32258.2577892511
2018,iceland,Iceland,58105.5882495515
2018,india,India,6521.97490856972
2018,indonesia,Indonesia,11372.0971987612
2018,iraq,Iraq,12034.4011214944
2018,ireland,Ireland,86368.9782047908
2018,israel,Israel,40101.487265134
2018,italy,Italy,43583.3823241172
2018,japan,Japan,43090.0699981402
2018,jordan,Jordan,9889.90818777299
2018,kazakhstan,Kazakhstan,25096.1285862615
2018,kenya,Kenya,4411.56104120886
2018,kuwait,Kuwait,51370.7320595252
2018,latvia,Latvia,29817.8047263182
2018,lithuania,Lithuania,36491.9385223689
2018,luxembourg,Luxembourg,116638.414163882
2018,madagascar,Madagascar,1546.59563549795
2018,malawi,Malawi,1363.79445595088
2018,malaysia,Malaysia,27793.5674222948
2018,mali,Mali,2684.41122026577
2018,mexico,Mexico,20921.4775294879
2018,mongolia,Mongolia,12317.4824277695
2018,morocco,Morocco,7801.0986328125
2018,mozambique,Mozambique,1325.58695568953
2018,myanmar,Myanmar,5581.2769545815
2018,nepal,Nepal,3956.12461094443
2018,netherlands,Netherlands,58819.2609142584
2018,new-zealand,New Zealand,42475.2252680795
2018,niger,Niger,1272.37841849427
2018,nigeria,Nigeria,7158.17107558117
2018,norway,Norway,72618.1053391628
2018,oman,Oman,37780.3308327271
2018,pakistan,Pakistan,4979.3734961655
2018,panama,Panama,32463.540359127
2018,peru,Peru,13078.2323503405
2018,philippines,Philippines,8357.74357934219
2018,poland,Poland,32345.1066076225
2018,portugal,Portugal,34896.7993382974
2018,qatar,Qatar,110032.713236323
2018,romania,Romania,29382.8866943611
2018,russian-federation,Russia,28628.5625
2018,rwanda,Rwanda,2128.1982397276
2018,saudi-arabia,Saudi Arabia,59377.8025368768
2018,senegal,Senegal,3380.21596529445
2018,serbia,Serbia,18469.1042989985
2018,singapore,Singapore,104198.419110899
2018,slovenia,Slovenia,38620.2045436305
2018,south-africa,South Africa,13347.3634826038
2018,spain,Spain,41015.1565755187
2018,sri-lanka,Sri Lanka,14178.0225361835
2018,sudan,Sudan,4199.25048828125
2018,sweden,Sweden,52962.1832555021
2018,switzerland,Switzerland,72169.4717767024
2018,tanzania-united-rep,Tanzania,2727.88012695313
2018,thailand,Thailand,18876.2208766741
2018,tunisia,Tunisia,11841.4061980603
2018,turkiye,Turkey,28640.3401839802
2018,ukraine,Ukraine,12554.8486328125
2018,united-arab-emirates,United Arab Emirates,77446.2084020359
2018,united-kingdom,United Kingdom,47636.0128366551
2018,united-states,United States,62875.6661382728
2018,uruguay,Uruguay,24386.4948473952
2018,uzbekistan,Uzbekistan,8491.93421125471
2018,viet-nam,Vietnam,10009.9714756006
2018,zambia,Zambia,3442.27307196302
2018,zimbabwe,Zimbabwe,3992.890718675
2019,afghanistan,Afghanistan,2583.48533239877
2019,albania,Albania,16442.0254754945
2019,algeria,Algeria,13892.5333446205
2019,angola,Angola,8621.65930812477
2019,argentina,Argentina,23516.8261980886
2019,armenia,Armenia,14975.7539538157
2019,australia,Australia,52885.8313816377
2019,austria,Austria,60354.9279422121
2019,azerbaijan,Azerbaijan,16675.3179361558
2019,bangladesh,Bangladesh,6047.12401504125
2019,belarus,Belarus,22301.5932411839
2019,belgium,Belgium,56712.469571978
2019,benin,Benin,3148.97969597838
2019,bolivia-plurinational-state-of,Bolivia,11005.3541169156
2019,brazil,Brazil,16069.8380152627
2019,bulgaria,Bulgaria,26765.556194772
2019,burkina-faso,Burkina Faso,2232.16282016585
2019,burundi,Burundi,868.423731660834
2019,cambodia,Cambodia,6153.99439528427
2019,cameroon,Cameroon,4241.11174920592
2019,canada,Canada,50499.0822425462
2019,chad,Chad,2351.65339767739
2019,chile,Chile,25613.9095717623
2019,china,China,17600.8907568493
2019,colombia,Colombia,16181.5908990662
2019,cote-d-ivoire,Cote d Ivoire,5516.39055126829
2019,croatia,Croatia,33063.9987060793
2019,cyprus,Cyprus,44393.72265625
2019,czech-republic,Czechia,45614.0171132532
2019,denmark,Denmark,60594.966400191
2019,ecuador,Ecuador,12543.0148243925
2019,estonia,Estonia,40586.3784378888
2019,ethiopia,Ethiopia,2242.44488312932
2019,finland,Finland,52276.1115723992
2019,france,France,51130.4723140578
2019,georgia,Georgia,16770.1333771469
2019,germany,Germany,59310.9693966204
2019,ghana,Ghana,6002.55044678386
2019,greece,Greece,31927.3792151369
2019,guatemala,Guatemala,10755.8801029589
2019,guinea,Guinea,3105.82789015443
2019,haiti,Haiti,3236.97492504607
2019,hungary,Hungary,35627.2315520858
2019,iceland,Iceland,61270.1315624391
2019,india,India,6945.40309824538
2019,indonesia,Indonesia,11986.4701508376
2019,iraq,Iraq,12248.5917385963
2019,ireland,Ireland,92042.2566065385
2019,israel,Israel,41176.910821106
2019,italy,Italy,46661.9105159611
2019,japan,Japan,43743.5313931194
2019,jordan,Jordan,10305.6561841508
2019,kazakhstan,Kazakhstan,28689.2710838374
2019,kenya,Kenya,4687.37782325306
2019,kuwait,Kuwait,50703.0001343301
2019,latvia,Latvia,32199.0960377091
2019,lithuania,Lithuania,40563.8304884555
2019,luxembourg,Luxembourg,121371.73990307
2019,madagascar,Madagascar,1612.29772715626
2019,malawi,Malawi,1450.01008064784
2019,malaysia,Malaysia,28933.928297233
2019,mali,Mali,2819.86582297259
2019,mexico,Mexico,20964.2774863762
2019,mongolia,Mongolia,13604.978943194
2019,morocco,Morocco,8046.22900390625
2019,mozambique,Mozambique,1388.79707034446
2019,myanmar,Myanmar,6101.37245765709
2019,nepal,Nepal,4260.67373190851
2019,netherlands,Netherlands,62345.2538465433
2019,new-zealand,New Zealand,45295.8241222088
2019,niger,Niger,1367.56106521216
2019,nigeria,Nigeria,7551.39380361669
2019,norway,Norway,73630.0721860814
2019,oman,Oman,37250.6110788359
2019,pakistan,Pakistan,5037.53401559745
2019,panama,Panama,33239.7332311641
2019,peru,Peru,13563.5372933551
2019,philippines,Philippines,8924.10116402887
2019,poland,Poland,35882.3655065553
2019,portugal,Portugal,37865.5603564295
2019,qatar,Qatar,107502.469793988
2019,romania,Romania,33425.1219389628
2019,russian-federation,Russia,30963.853515625
2019,rwanda,Rwanda,2374.40565682007
2019,saudi-arabia,Saudi Arabia,59560.2537904546
2019,senegal,Senegal,3647.95137357242
2019,serbia,Serbia,20587.2567440786
2019,singapore,Singapore,105521.619340296
2019,slovenia,Slovenia,42373.2506369279
2019,south-africa,South Africa,13361.4851289112
2019,spain,Spain,44042.757577336
2019,sri-lanka,Sri Lanka,14112.9525042604
2019,sudan,Sudan,3914.2255859375
2019,sweden,Sweden,56909.753155728
2019,switzerland,Switzerland,75267.0079269626
2019,tanzania-united-rep,Tanzania,2981.87451171875
2019,thailand,Thailand,19963.3918407099
2019,tunisia,Tunisia,12494.7905733455
2019,turkiye,Turkey,29016.4555653445
2019,ukraine,Ukraine,14217.486328125
2019,united-arab-emirates,United Arab Emirates,79816.3029999451
2019,united-kingdom,United Kingdom,50493.9441896153
2019,united-states,United States,65227.9565911038
2019,uruguay,Uruguay,25782.6937211734
2019,uzbekistan,Uzbekistan,8909.36758868309
2019,viet-nam,Vietnam,11029.2732083963
2019,zambia,Zambia,3361.39750299612
2019,zimbabwe,Zimbabwe,4165.92242720214
2020,afghanistan,Afghanistan,2561.98176058622
2020,albania,Albania,16287.6136733864
2020,algeria,Algeria,12676.5130564294
2020,angola,Angola,7782.15153413853
2020,argentina,Argentina,22393.3479575353
2020,armenia,Armenia,14706.3173043422
2020,australia,Australia,54184.1614486854
2020,austria,Austria,58523.0337816246
2020,azerbaijan,Azerbaijan,15163.5703327282
2020,bangladesh,Bangladesh,6640.58437331062
2020,belarus,Belarus,24872.3066744528
2020,belgium,Belgium,56120.0958420466
2020,benin,Benin,3244.58772756805
2020,bolivia-plurinational-state-of,Bolivia,9580.98962081658
2020,brazil,Brazil,16101.6183063466
2020,bulgaria,Bulgaria,27351.8659900682
2020,burkina-faso,Burkina Faso,2380.72282781802
2020,burundi,Burundi,946.413218223156
2020,cambodia,Cambodia,5942.45380373929
2020,cameroon,Cameroon,4365.44704128392
2020,canada,Canada,48590.748859725
2020,chad,Chad,2185.99034173537
2020,chile,Chile,25357.0056990873
2020,china,China,18267.4783455827
2020,colombia,Colombia,15519.2101694656
2020,cote-d-ivoire,Cote d Ivoire,5543.85096318939
2020,croatia,Croatia,31594.0082486835
2020,cyprus,Cyprus,42569.06640625
2020,czech-republic,Czechia,44839.4822099455
2020,denmark,Denmark,62682.2899474389
2020,ecuador,Ecuador,11526.8013009278
2020,estonia,Estonia,40672.1340402132
2020,ethiopia,Ethiopia,2406.78938480121
2020,finland,Finland,53296.5792798852
2020,france,France,49481.8044309655
2020,georgia,Georgia,16791.2598654465
2020,germany,Germany,58704.5861986404
2020,ghana,Ghana,6047.30111673554
2020,greece,Greece,29533.087740299
2020,guatemala,Guatemala,10947.3711292197
2020,guinea,Guinea,3331.85663003801
2020,haiti,Haiti,3103.18066312462
2020,hungary,Hungary,35583.5855675637
2020,iceland,Iceland,56840.7423583166
2020,india,India,6766.06119055994
2020,indonesia,Indonesia,11729.3674458448
2020,iraq,Iraq,10573.9304750715
2020,ireland,Ireland,97677.4943055886
2020,israel,Israel,40969.2987342816
2020,italy,Italy,44435.6434393527
2020,japan,Japan,43560.021428549
2020,jordan,Jordan,10506.7284780872
2020,kazakhstan,Kazakhstan,29039.8229624509
2020,kenya,Kenya,4792.57315847182
2020,kuwait,Kuwait,41461.7235642777
2020,latvia,Latvia,32741.4207691987
2020,lithuania,Lithuania,41262.7276941725
2020,luxembourg,Luxembourg,122066.739147202
2020,madagascar,Madagascar,1490.32312839072
2020,malawi,Malawi,1513.45990803344
2020,malaysia,Malaysia,27474.7361378236
2020,mali,Mali,2723.70094784441
2020,mexico,Mexico,19354.1248682138
2020,mongolia,Mongolia,13693.179806943
2020,morocco,Morocco,7704.84912109375
2020,mozambique,Mozambique,1411.62040229911
2020,myanmar,Myanmar,5740.99045843992
2020,nepal,Nepal,4235.57462326905
2020,netherlands,Netherlands,62596.6302027524
2020,new-zealand,New Zealand,45574.965884882
2020,niger,Niger,1486.34386700631
2020,nigeria,Nigeria,7414.77495538401
2020,norway,Norway,69779.2862630574
2020,oman,Oman,35163.3281781415
2020,pakistan,Pakistan,5048.0213062963
2020,panama,Panama,27017.0033688951
2020,peru,Peru,12563.3038060893
2020,philippines,Philippines,8238.36802037457
2020,poland,Poland,37089.3004256812
2020,portugal,Portugal,35966.712796561
2020,qatar,Qatar,82149.3573751713
2020,romania,Romania,34193.845654499
2020,russian-federation,Russia,31490.8046875
2020,rwanda,Rwanda,2355.13640819609
2020,saudi-arabia,Saudi Arabia,47518.4877485153
2020,senegal,Senegal,3752.91947490817
2020,serbia,Serbia,21013.0562995823
2020,singapore,Singapore,102117.449503559
2020,slovenia,Slovenia,41767.2579899957
2020,south-africa,South Africa,12671.0862436851
2020,spain,Spain,39327.8479269599
2020,sri-lanka,Sri Lanka,12940.9043296014
2020,sudan,Sudan,3348.57836914063
2020,sweden,Sweden,57396.2588780383
2020,switzerland,Switzerland,74384.6631232325
2020,tanzania-united-rep,Tanzania,3290.60986328125
2020,thailand,Thailand,19156.5820127644
2020,tunisia,Tunisia,11918.066205483
2020,turkiye,Turkey,29209.3308866883
2020,ukraine,Ukraine,15541.02734375
2020,united-arab-emirates,United Arab Emirates,66790.6630877602
2020,united-kingdom,United Kingdom,48719.8339897935
2020,united-states,United States,64465.2971415748
2020,uruguay,Uruguay,25725.2559304608
2020,uzbekistan,Uzbekistan,8920.32011703083
2020,viet-nam,Vietnam,11609.3177276423
2020,zambia,Zambia,3157.30009311643
2020,zimbabwe,Zimbabwe,4178.509676231
2021,afghanistan,Afghanistan,2144.16657002819
2021,albania,Albania,18212.794718288
2021,algeria,Algeria,14496.8654697299
2021,angola,Angola,8720.18768742123
2021,argentina,Argentina,26300.274261175
2021,armenia,Armenia,15921.705281964
2021,australia,Australia,58327.4146842325
2021,austria,Austria,62968.8538770186
2021,azerbaijan,Azerbaijan,20111.3756952109
2021,bangladesh,Bangladesh,7441.06913961254
2021,belarus,Belarus,27611.1801135157
2021,belgium,Belgium,60669.2137746534
2021,benin,Benin,3464.2886286745
2021,bolivia-plurinational-state-of,Bolivia,11202.4409836707
2021,brazil,Brazil,18075.7060049068
2021,bulgaria,Bulgaria,30958.9830238332
2021,burkina-faso,Burkina Faso,2486.43093147762
2021,burundi,Burundi,1032.38274081999
2021,cambodia,Cambodia,6225.53265474741
2021,cameroon,Cameroon,4793.55628200196
2021,canada,Canada,56995.0952020711
2021,chad,Chad,2435.07274651099
2021,chile,Chile,29106.6356522053
2021,china,China,20843.2978347377
2021,colombia,Colombia,17383.0901728295
2021,cote-d-ivoire,Cote d Ivoire,6045.20480490881
2021,croatia,Croatia,36930.076102199
2021,cyprus,Cyprus,47632.5703125
2021,czech-republic,Czechia,47796.0337408466
2021,denmark,Denmark,69327.998216527
2021,ecuador,Ecuador,13507.4445638375
2021,estonia,Estonia,44247.4198971873
2021,ethiopia,Ethiopia,2588.41310213778
2021,finland,Finland,56790.3766177692
2021,france,France,52517.3354905855
2021,georgia,Georgia,18915.6534005263
2021,germany,Germany,62630.7748127737
2021,ghana,Ghana,6607.50297378321
2021,greece,Greece,33528.2271202515
2021,guatemala,Guatemala,11825.141273764
2021,guinea,Guinea,3738.8051255133
2021,haiti,Haiti,3116.56505397604
2021,hungary,Hungary,38887.1909527154
2021,iceland,Iceland,62720.7916832797
2021,india,India,7818.65701757504
2021,indonesia,Indonesia,12757.0746440204
2021,iraq,Iraq,12731.7535755128
2021,ireland,Ireland,116702.85817485
2021,israel,Israel,46151.100820403
2021,italy,Italy,49825.3934111848
2021,japan,Japan,45999.4617966896
2021,jordan,Jordan,10056.5611261239
2021,kazakhstan,Kazakhstan,32945.8515725823
2021,kenya,Kenya,5338.85243382781
2021,kuwait,Kuwait,50651.9575337091
2021,latvia,Latvia,36912.0130602161
2021,lithuania,Lithuania,45897.3715026327
2021,luxembourg,Luxembourg,136772.443753292
2021,madagascar,Madagascar,1577.43246056529
2021,malawi,Malawi,1687.59358179651
2021,malaysia,Malaysia,29822.8491831618
2021,mali,Mali,2796.22793795431
2021,mexico,Mexico,20782.5877440905
2021,mongolia,Mongolia,14792.2509086422
2021,morocco,Morocco,8623.265625
2021,mozambique,Mozambique,1457.23540930922
2021,myanmar,Myanmar,5178.44718217164
2021,nepal,Nepal,4546.22970006289
2021,netherlands,Netherlands,68573.5648786447
2021,new-zealand,New Zealand,48202.0913368233
2021,niger,Niger,1587.84784907329
2021,nigeria,Nigeria,7588.47885587002
2021,norway,Norway,92205.7698636049
2021,oman,Oman,38719.4587682049
2021,pakistan,Pakistan,5367.27364714762
2021,panama,Panama,30932.7627780514
2021,peru,Peru,15285.7706852395
2021,philippines,Philippines,8857.78995115514
2021,poland,Poland,41059.5847829682
2021,portugal,Portugal,38657.6677223429
2021,qatar,Qatar,116832.570294098
2021,romania,Romania,37534.0002643549
2021,russian-federation,Russia,38638.4296875
2021,rwanda,Rwanda,2776.39276387923
2021,saudi-arabia,Saudi Arabia,62690.4966645929
2021,senegal,Senegal,4173.67741399617
2021,serbia,Serbia,23406.3065657117
2021,singapore,Singapore,133990.186782104
2021,slovenia,Slovenia,45922.6632600134
2021,south-africa,South Africa,13681.9548144813
2021,spain,Spain,44251.6658222621
2021,sri-lanka,Sri Lanka,14316.1352225567
2021,sudan,Sudan,3248.9755859375
2021,sweden,Sweden,62190.8526983825
2021,switzerland,Switzerland,83524.9832880195
2021,tanzania-united-rep,Tanzania,3493.0830078125
2021,thailand,Thailand,20236.9760408784
2021,tunisia,Tunisia,12444.3264026887
2021,turkiye,Turkey,32105.5474400506
2021,ukraine,Ukraine,17846.408203125
2021,united-arab-emirates,United Arab Emirates,68580.1312912676
2021,united-kingdom,United Kingdom,51840.4424245515
2021,united-states,United States,71441.231980595
2021,uruguay,Uruguay,29431.8738833361
2021,uzbekistan,Uzbekistan,9705.60054565692
2021,viet-nam,Vietnam,12048.9019935536
2021,zambia,Zambia,3503.03491418372
2021,zimbabwe,Zimbabwe,4827.10960165994
2022,afghanistan,Afghanistan,2122.65936199211
2022,albania,Albania,22138.4966146921
2022,algeria,Algeria,15833.5847271335
2022,angola,Angola,9373.4083091956
2022,argentina,Argentina,29804.0832363731
2022,armenia,Armenia,19158.3333506542
2022,australia,Australia,66103.1797066957
2022,austria,Austria,72286.6352565355
2022,azerbaijan,Azerbaijan,22548.5145929929
2022,bangladesh,Bangladesh,8449.20977931373
2022,belarus,Belarus,28424.9893656867
2022,belgium,Belgium,68878.9167847285
2022,benin,Benin,3843.54493453525
2022,bolivia-plurinational-state-of,Bolivia,12304.7789380156
2022,brazil,Brazil,19873.7032623309
2022,bulgaria,Bulgaria,36320.2814407535
2022,burkina-faso,Burkina Faso,2644.82146127902
2022,burundi,Burundi,1101.23579609841
2022,cambodia,Cambodia,6917.7197730003
2022,cameroon,Cameroon,5188.15515765322
2022,canada,Canada,64217.0443455227
2022,chad,Chad,2623.702025997
2022,chile,Chile,30918.9258262719
2022,china,China,23028.4517927066
2022,colombia,Colombia,20854.002999162
2022,cote-d-ivoire,Cote d Ivoire,6718.37891572875
2022,croatia,Croatia,42125.1926231817
2022,cyprus,Cyprus,55876.3828125
2022,czech-republic,Czechia,52946.9660854462
2022,denmark,Denmark,78554.1217617983
2022,ecuador,Ecuador,15195.6639594842
2022,estonia,Estonia,48029.83322897
2022,ethiopia,Ethiopia,2844.47188098448
2022,finland,Finland,62133.1375219912
2022,france,France,57012.0586826676
2022,georgia,Georgia,22457.7729614408
2022,germany,Germany,69669.6495435563
2022,ghana,Ghana,7207.01563645025
2022,greece,Greece,39447.813910406
2022,guatemala,Guatemala,13008.2565459863
2022,guinea,Guinea,4061.71755990026
2022,haiti,Haiti,3245.27176023069
2022,hungary,Hungary,44232.4363539167
2022,iceland,Iceland,76592.3392429534
2022,india,India,8941.09277447514
2022,indonesia,Indonesia,14282.6654124401
2022,iraq,Iraq,14388.8485236797
2022,ireland,Ireland,138464.829172919
2022,israel,Israel,53616.7140829107
2022,italy,Italy,57260.8945372493
2022,japan,Japan,49245.964174373
2022,jordan,Jordan,10880.9956299022
2022,kazakhstan,Kazakhstan,35889.3953214448
2022,kenya,Kenya,5882.29066433207
2022,kuwait,Kuwait,55034.2790289403
2022,latvia,Latvia,40546.4638799692
2022,lithuania,Lithuania,50653.3394443751
2022,luxembourg,Luxembourg,146919.145398495
2022,madagascar,Madagascar,1716.40079421689
2022,malawi,Malawi,1778.02399491871
2022,malaysia,Malaysia,34414.4136245222
2022,mali,Mali,3013.94334673825
2022,mexico,Mexico,23135.4931593441
2022,mongolia,Mongolia,16399.3900820069
2022,morocco,Morocco,9308.556640625
2022,mozambique,Mozambique,1581.76710168717
2022,myanmar,Myanmar,5731.02947916374
2022,nepal,Nepal,5102.18358728663
2022,netherlands,Netherlands,78630.3599072098
2022,new-zealand,New Zealand,54080.0485491723
2022,niger,Niger,1847.58034360869
2022,nigeria,Nigeria,8303.64193191685
2022,norway,Norway,129914.042717786
2022,oman,Oman,42609.5810436221
2022,pakistan,Pakistan,5919.33605935593
2022,panama,Panama,36327.3867449699
2022,peru,Peru,16673.6937563476
2022,philippines,Philippines,10129.7407504053
2022,poland,Poland,46777.5524519162
2022,portugal,Portugal,45250.0152469537
2022,qatar,Qatar,122901.018274888
2022,romania,Romania,41979.4260140907
2022,russian-federation,Russia,40932.71484375
2022,rwanda,Rwanda,3195.28136566525
2022,saudi-arabia,Saudi Arabia,71956.6694296826
2022,senegal,Senegal,4529.50264399113
2022,serbia,Serbia,26142.9143111159
2022,singapore,Singapore,144417.646950009
2022,slovenia,Slovenia,52322.1405997493
2022,south-africa,South Africa,14746.7103701698
2022,spain,Spain,51482.523634807
2022,sri-lanka,Sri Lanka,14191.4051912109
2022,sudan,Sudan,3354.84643554688
2022,sweden,Sweden,66517.6358713011
2022,switzerland,Switzerland,94629.7224204886
2022,tanzania-united-rep,Tanzania,3799.26000976563
2022,thailand,Thailand,22245.6387597542
2022,tunisia,Tunisia,13616.380720945
2022,turkiye,Turkey,39919.1608756567
2022,ukraine,Ukraine,14767.73046875
2022,united-arab-emirates,United Arab Emirates,75059.7702106115
2022,united-kingdom,United Kingdom,60266.7467325014
2022,united-states,United States,78008.6895811877
2022,uruguay,Uruguay,33033.5719368346
2022,uzbekistan,Uzbekistan,10809.1380396181
2022,viet-nam,Vietnam,13902.9499867089
2022,zambia,Zambia,3840.115825721
2022,zimbabwe,Zimbabwe,5395.02452868174
2023,afghanistan,Afghanistan,2203.53761869487
2023,albania,Albania,24847.5057998051
2023,algeria,Algeria,16838.3550419037
2023,angola,Angola,9549.79313920752
2023,argentina,Argentina,30246.4069577192
2023,armenia,Armenia,21551.7793903081
2023,australia,Australia,72272.7092136683
2023,austria,Austria,74261.1961105071
2023,azerbaijan,Azerbaijan,23671.0936895744
2023,bangladesh,Bangladesh,9155.31731992295
2023,belarus,Belarus,30859.5916206484
2023,belgium,Belgium,72629.6179311762
2023,benin,Benin,4133.3701351778
2023,bolivia-plurinational-state-of,Bolivia,12902.7509503368
2023,brazil,Brazil,21193.0721417478
2023,bulgaria,Bulgaria,38829.297423161
2023,burkina-faso,Burkina Faso,2761.57633646549
2023,burundi,Burundi,1147.42440486734
2023,cambodia,Cambodia,7436.85544015287
2023,cameroon,Cameroon,5415.22890256369
2023,canada,Canada,64962.1919440095
2023,chad,Chad,2703.06889886705
2023,chile,Chile,33173.5278418356
2023,china,China,25200.068112272
2023,colombia,Colombia,21281.7475207548
2023,cote-d-ivoire,Cote d Ivoire,7243.14676270142
2023,croatia,Croatia,47759.6272293173
2023,cyprus,Cyprus,59874.734375
2023,czech-republic,Czechia,56062.3957561294
2023,denmark,Denmark,77425.3867230346
2023,ecuador,Ecuador,15907.3619798807
2023,estonia,Estonia,48848.1421016254
2023,ethiopia,Ethiopia,3063.42789983124
2023,finland,Finland,63466.8356113767
2023,france,France,60927.0361517867
2023,georgia,Georgia,25092.632631604
2023,germany,Germany,72262.2235142279
2023,ghana,Ghana,7562.64422849208
2023,greece,Greece,42613.6574438075
2023,guatemala,Guatemala,13751.6084364487
2023,guinea,Guinea,4337.3181486001
2023,haiti,Haiti,3264.65805430675
2023,hungary,Hungary,46376.1979062264
2023,iceland,Iceland,82256.5277425273
2023,india,India,9853.04309264591
2023,indonesia,Indonesia,15428.3856954945
2023,iraq,Iraq,14664.5981923773
2023,ireland,Ireland,133440.438499393
2023,israel,Israel,55301.43606891
2023,italy,Italy,60349.664512107
2023,japan,Japan,52726.2389417641
2023,jordan,Jordan,11450.5720698729
2023,kazakhstan,Kazakhstan,38546.9287207389
2023,kenya,Kenya,6322.24569873446
2023,kuwait,Kuwait,53083.3848600632
2023,latvia,Latvia,42783.8260226567
2023,lithuania,Lithuania,52720.0689650863
2023,luxembourg,Luxembourg,152596.126692093
2023,madagascar,Madagascar,1810.09891584306
2023,malawi,Malawi,1831.97332483901
2023,malaysia,Malaysia,36496.9483630681
2023,mali,Mali,3178.41515939915
2023,mexico,Mexico,25188.3182559609
2023,mongolia,Mongolia,18019.6912274585
2023,morocco,Morocco,9902.8056640625
2023,mozambique,Mozambique,1680.20873445078
2023,myanmar,Myanmar,5958.26424874022
2023,nepal,Nepal,5399.65505811688
2023,netherlands,Netherlands,80391.6029350952
2023,new-zealand,New Zealand,54949.699278118
2023,niger,Niger,1902.69710752042
2023,nigeria,Nigeria,8711.68686099289
2023,norway,Norway,107767.977198972
2023,oman,Oman,41979.5975879711
2023,pakistan,Pakistan,6018.94650802152
2023,panama,Panama,39846.2245506562
2023,peru,Peru,17041.5682788302
2023,philippines,Philippines,10994.8840414773
2023,poland,Poland,48473.0940286419
2023,portugal,Portugal,49800.3476220918
2023,qatar,Qatar,129024.806992334
2023,romania,Romania,45981.6373404846
2023,russian-federation,Russia,44298.67578125
2023,rwanda,Rwanda,3518.91850615405
2023,saudi-arabia,Saudi Arabia,71623.785419098
2023,senegal,Senegal,4781.55234083159
2023,serbia,Serbia,29776.9743496564
2023,singapore,Singapore,144728.385132013
2023,slovenia,Slovenia,56150.6852244867
2023,south-africa,South Africa,15212.2609596178
2023,spain,Spain,55661.317481747
2023,sri-lanka,Sri Lanka,14512.1432202455
2023,sudan,Sudan,2422.6533203125
2023,sweden,Sweden,68457.9015289277
2023,switzerland,Switzerland,93939.7784980038
2023,tanzania-united-rep,Tanzania,4021.82885742188
2023,thailand,Thailand,23598.3745068685
2023,tunisia,Tunisia,14052.1687041992
2023,turkiye,Turkey,43196.3381254367
2023,ukraine,Ukraine,17679.904296875
2023,united-arab-emirates,United Arab Emirates,78019.5228244288
2023,united-kingdom,United Kingdom,60786.7193353069
2023,united-states,United States,82586.7847707891
2023,uruguay,Uruguay,34545.6803727886
2023,uzbekistan,Uzbekistan,11678.6257366395
2023,viet-nam,Vietnam,15033.899969483
2023,zambia,Zambia,4080.35544205923
2023,zimbabwe,Zimbabwe,5795.99047011573
2024,afghanistan,Afghanistan,2236.19907311431
2024,albania,Albania,26701.7649330157
2024,algeria,Algeria,17646.332598878
2024,angola,Angola,9963.59020874287
2024,argentina,Argentina,30475.3876517556
2024,armenia,Armenia,22856.32510991
2024,australia,Australia,72117.8826659555
2024,austria,Austria,75774.4136543206
2024,azerbaijan,Azerbaijan,25146.3588844273
2024,bangladesh,Bangladesh,9660.77962818873
2024,belarus,Belarus,33166.3827902975
2024,belgium,Belgium,74224.5510568017
2024,benin,Benin,4441.00443511982
2024,bolivia-plurinational-state-of,Bolivia,12896.3370149215
2024,brazil,Brazil,22370.9182253225
2024,bulgaria,Bulgaria,41969.595471884
2024,burkina-faso,Burkina Faso,2901.04214238045
2024,burundi,Burundi,1193.03528498996
2024,cambodia,Cambodia,7981.50816402382
2024,cameroon,Cameroon,5597.10321648993
2024,canada,Canada,65482.9454728344
2024,chad,Chad,2766.98134913811
2024,chile,Chile,36070.892945837
2024,china,China,27139.5181633767
2024,colombia,Colombia,22439.4001359818
2024,cote-d-ivoire,Cote d Ivoire,7680.36980823038
2024,croatia,Croatia,49550.8073348367
2024,cyprus,Cyprus,63006.765625
2024,czech-republic,Czechia,57625.0961715706
2024,denmark,Denmark,80937.8001363997
2024,ecuador,Ecuador,15848.3400023446
2024,estonia,Estonia,50395.7686402966
2024,ethiopia,Ethiopia,3292.3093336937
2024,finland,Finland,65137.1816928289
2024,france,France,62524.5434134804
2024,georgia,Georgia,27486.8762116648
2024,germany,Germany,73957.0012170966
2024,ghana,Ghana,8051.19381149848
2024,greece,Greece,44170.9556658376
2024,guatemala,Guatemala,14393.0528302577
2024,guinea,Guinea,4571.93087130821
2024,haiti,Haiti,3168.87908307377
2024,hungary,Hungary,48540.1614792293
2024,iceland,Iceland,83561.4294628375
2024,india,India,10718.5934040662
2024,indonesia,Indonesia,16472.4825935409
2024,iraq,Iraq,14485.3248937523
2024,ireland,Ireland,140779.203379453
2024,israel,Israel,57277.8631217651
2024,italy,Italy,62292.9012423008
2024,japan,Japan,54156.2687689605
2024,jordan,Jordan,11916.3623210714
2024,kazakhstan,Kazakhstan,40950.3167392792
2024,kenya,Kenya,6649.67919174449
2024,kuwait,Kuwait,53119.3783662664
2024,latvia,Latvia,43873.3777849582
2024,lithuania,Lithuania,55699.3734421294
2024,luxembourg,Luxembourg,156079.3685607
2024,madagascar,Madagascar,1888.66403175151
2024,malawi,Malawi,1860.31534523381
2024,malaysia,Malaysia,38835.6013146653
2024,mali,Mali,3321.57614442921
2024,mexico,Mexico,25820.3527960242
2024,mongolia,Mongolia,19172.5295870282
2024,morocco,Morocco,10430.2490234375
2024,mozambique,Mozambique,1708.3035966667
2024,myanmar,Myanmar,6006.17514543646
2024,nepal,Nepal,5745.64525192255
2024,netherlands,Netherlands,85218.3689343246
2024,new-zealand,New Zealand,55793.9990422226
2024,niger,Niger,2044.04904937758
2024,nigeria,Nigeria,9099.86943863676
2024,norway,Norway,105657.0339185
2024,oman,Oman,41800.7841364086
2024,pakistan,Pakistan,6263.186935403
2024,panama,Panama,41429.5092511481
2024,peru,Peru,17881.8685833242
2024,philippines,Philippines,11813.805926453
2024,poland,Poland,51262.5105756884
2024,portugal,Portugal,52512.5651003677
2024,qatar,Qatar,126712.582876079
2024,romania,Romania,49076.7137157187
2024,russian-federation,Russia,47686.06640625
2024,rwanda,Rwanda,3784.9629495071
2024,saudi-arabia,Saudi Arabia,71936.2510663399
2024,senegal,Senegal,5097.24318834766
2024,serbia,Serbia,32832.274492238
2024,singapore,Singapore,153161.175431382
2024,slovenia,Slovenia,57570.5904042272
2024,south-africa,South Africa,15478.6456794969
2024,spain,Spain,58063.7350840487
2024,sri-lanka,Sri Lanka,15701.0907191253
2024,sudan,Sudan,2118.88891601563
2024,sweden,Sweden,71221.9379308266
2024,switzerland,Switzerland,97467.7447151829
2024,tanzania-united-rep,Tanzania,4226.92626953125
2024,thailand,Thailand,24909.2266037939
2024,tunisia,Tunisia,14542.0966234293
2024,turkiye,Turkey,45122.9317187258
2024,ukraine,Ukraine,18636.13671875
2024,united-arab-emirates,United Arab Emirates,79343.7793099888
2024,united-kingdom,United Kingdom,62839.4679324927
2024,united-states,United States,86169.6641581914
2024,uruguay,Uruguay,36596.7847357669
2024,uzbekistan,Uzbekistan,12518.4323028403
2024,viet-nam,Vietnam,16387.9087954113
2024,zambia,Zambia,4221.01397093025
2024,zimbabwe,Zimbabwe,5932.87021993648
2025,albania,Albania,28220.7950617158
2025,algeria,Algeria,18586.2607480579
2025,angola,Angola,10251.3457063657
2025,argentina,Argentina,32586.6312086783
2025,armenia,Armenia,24754.2118320452
2025,australia,Australia,71934.4033931263
2025,austria,Austria,76777.5421537618
2025,azerbaijan,Azerbaijan,26112.5306828203
2025,bangladesh,Bangladesh,10153.7083791829
2025,belarus,Belarus,34715.9778689211
2025,belgium,Belgium,74675.607672673
2025,benin,Benin,4816.87504692826
2025,bolivia-plurinational-state-of,Bolivia,12873.0394876629
2025,brazil,Brazil,23433.2897595431
2025,bulgaria,Bulgaria,44451.1001576913
2025,burkina-faso,Burkina Faso,3071.62546744866
2025,burundi,Burundi,1248.05425025467
2025,cambodia,Cambodia,8542.6965378612
2025,cameroon,Cameroon,5787.85440270861
2025,canada,Canada,66745.8248561648
2025,chad,Chad,2902.7406157583
2025,chile,Chile,37774.0879069903
2025,china,China,29333.3311051433
2025,colombia,Colombia,22640.4224606513
2025,cote-d-ivoire,Cote d Ivoire,8208.90898574972
2025,croatia,Croatia,50946.1671131832
2025,cyprus,Cyprus,64574.62109375
2025,czech-republic,Czechia,60487.2877495391
2025,denmark,Denmark,83218.071525634
2025,ecuador,Ecuador,16756.6539631307
2025,estonia,Estonia,52105.5093433416
2025,ethiopia,Ethiopia,3621.67487597821
2025,finland,Finland,65884.4876972259
2025,france,France,63975.353585864
2025,georgia,Georgia,29414.3813424216
2025,germany,Germany,75406.6888111618
2025,ghana,Ghana,8610.2796922986
2025,greece,Greece,45263.6498511586
2025,guatemala,Guatemala,15197.0831415082
2025,guinea,Guinea,4934.65125959855
2025,haiti,Haiti,3133.72347930529
2025,hungary,Hungary,49837.6008411067
2025,iceland,Iceland,83431.2131434311
2025,india,India,11747.9160436011
2025,indonesia,Indonesia,17659.7921291587
2025,iraq,Iraq,14266.7965348226
2025,ireland,Ireland,155089.413131749
2025,israel,Israel,59716.9735387228
2025,italy,Italy,62802.5108384276
2025,japan,Japan,55421.8797530311
2025,jordan,Jordan,12631.6299394746
2025,kazakhstan,Kazakhstan,44293.4839632441
2025,kenya,Kenya,7015.93578839722
2025,kuwait,Kuwait,56467.7272075432
2025,latvia,Latvia,46136.689377286
2025,lithuania,Lithuania,56837.8067003598
2025,luxembourg,Luxembourg,156542.075847247
2025,madagascar,Madagascar,1952.48426903369
2025,malawi,Malawi,1899.29166528127
2025,malaysia,Malaysia,41497.6746089548
2025,mali,Mali,3502.76132351788
2025,mexico,Mexico,25868.4787520629
2025,mongolia,Mongolia,20797.7652692242
2025,morocco,Morocco,11111.7080078125
2025,mozambique,Mozambique,1697.94109338132
2025,myanmar,Myanmar,6011.53492175516
2025,nepal,Nepal,6175.15897150244
2025,netherlands,Netherlands,87320.1477254029
2025,new-zealand,New Zealand,57350.3627657521
2025,niger,Niger,2177.25014417163
2025,nigeria,Nigeria,9531.61073275049
2025,norway,Norway,104043.666429243
2025,oman,Oman,42295.1761223734
2025,pakistan,Pakistan,6573.41613369925
2025,panama,Panama,43902.1632084954
2025,peru,Peru,18816.1045522938
2025,philippines,Philippines,12576.9867435109
2025,poland,Poland,54262.4040405236
2025,portugal,Portugal,53145.7317498942
2025,qatar,Qatar,128882.934242572
2025,romania,Romania,50895.081617639
2025,russian-federation,Russia,49568.140625
2025,rwanda,Rwanda,4164.436605809
2025,saudi-arabia,Saudi Arabia,73783.5613906833
2025,senegal,Senegal,5463.21828561328
2025,serbia,Serbia,33909.7605745332
2025,singapore,Singapore,163353.990260152
2025,slovenia,Slovenia,59244.7106359661
2025,south-africa,South Africa,15905.6794419658
2025,spain,Spain,59867.6944716701
2025,sri-lanka,Sri Lanka,17065.0298635432
2025,sudan,Sudan,2192.27221679688
2025,sweden,Sweden,72528.8892631159
2025,switzerland,Switzerland,102513.347221899
2025,tanzania-united-rep,Tanzania,4470.9541015625
2025,thailand,Thailand,26250.0723587304
2025,tunisia,Tunisia,15233.4885842318
2025,turkiye,Turkey,45288.4750285273
2025,ukraine,Ukraine,18904.98046875
2025,united-kingdom,United Kingdom,64606.4955066338
2025,united-states,United States,90026.5163005744
2025,uruguay,Uruguay,38314.8861221656
2025,uzbekistan,Uzbekistan,13601.2917473678
2025,viet-nam,Vietnam,18088.491587163
2025,zambia,Zambia,4379.26131013191
2025,zimbabwe,Zimbabwe,6470.41613223905
