date,entity_id,entity_name,value
1960,algeria,Algeria,2723615451.30098
1960,argentina,Argentina,15865474315.4056
1960,australia,Australia,18635682981.7093
1960,austria,Austria,6624086313.14334
1960,bangladesh,Bangladesh,4274894083.33333
1960,belgium,Belgium,11810619368.3874
1960,benin,Benin,226195578.434497
1960,bolivia-plurinational-state-of,Bolivia,377020202.020202
1960,brazil,Brazil,17030465539.3906
1960,burkina-faso,Burkina Faso,330442815.821186
1960,burundi,Burundi,195999990
1960,cameroon,Cameroon,614206068.497266
1960,canada,Canada,40563768946.9503
1960,chad,Chad,313582728.147574
1960,chile,Chile,4211103676.74027
1960,china,China,59846235024.7318
1960,colombia,Colombia,4031152976.63904
1960,cote-d-ivoire,Cote d Ivoire,546203559.344361
1960,denmark,Denmark,6361166544.50349
1960,ecuador,Ecuador,2069464937.19791
1960,ethiopia,Ethiopia,1610511693.84215
1960,finland,Finland,5279481824.12983
1960,france,France,61959085885.3427
1960,germany,Germany,84619845881.2608
1960,ghana,Ghana,1217230094.97205
1960,greece,Greece,4274890306.82895
1960,guatemala,Guatemala,1043599900
1960,haiti,Haiti,273187200
1960,iceland,Iceland,260984498.826389
1960,india,India,37029883876.1839
1960,iraq,Iraq,1537252193.09912
1960,ireland,Ireland,1998550221.80554
1960,israel,Israel,3068690949.10336
1960,italy,Italy,42012422612.3955
1960,japan,Japan,48417804544.9319
1960,kenya,Kenya,791265459.493816
1960,luxembourg,Luxembourg,709941874.044355
1960,madagascar,Madagascar,673081724.751168
1960,malaysia,Malaysia,1916229477.13657
1960,mexico,Mexico,13040000000
1960,morocco,Morocco,2037154741.93211
1960,myanmar,Myanmar,545098447.640862
1960,nepal,Nepal,508334413.965087
1960,netherlands,Netherlands,13282979014.563
1960,new-zealand,New Zealand,5536098360.49526
1960,niger,Niger,449526873.29589
1960,nigeria,Nigeria,4196174501.5302
1960,norway,Norway,5172811442.41911
1960,oman,Oman,44234656.4535004
1960,pakistan,Pakistan,3749265014.69971
1960,panama,Panama,537147100
1960,peru,Peru,2571986572.12719
1960,philippines,Philippines,7515894110.56487
1960,portugal,Portugal,3339150157.85605
1960,rwanda,Rwanda,119000024.001543
1960,saudi-arabia,Saudi Arabia,1748124063.55556
1960,senegal,Senegal,1003692370.46869
1960,singapore,Singapore,704751700.302494
1960,south-africa,South Africa,8748596500.5614
1960,spain,Spain,12424514013.7604
1960,sri-lanka,Sri Lanka,1409873949.57983
1960,sudan,Sudan,1126364161.7644
1960,sweden,Sweden,15930075466.8898
1960,switzerland,Switzerland,10569129805.9937
1960,tanzania-united-rep,Tanzania,2651729807.38808
1960,thailand,Thailand,2760750860.62197
1960,turkiye,Turkey,7566666666.66667
1960,united-kingdom,United Kingdom,73233967692.1028
1960,united-states,United States,541988586206.897
1960,uruguay,Uruguay,1242289239.20493
1960,zambia,Zambia,698739720.783607
1960,zimbabwe,Zimbabwe,1053528036.42755
1961,algeria,Algeria,2434747055.94018
1961,argentina,Argentina,20132220374.9093
1961,australia,Australia,19713123154.0997
1961,austria,Austria,7346566037.83392
1961,bangladesh,Bangladesh,4817580375
1961,belgium,Belgium,12561701694.3319
1961,benin,Benin,235668220.508202
1961,bolivia-plurinational-state-of,Bolivia,410101010.10101
1961,brazil,Brazil,17275940449.3837
1961,burkina-faso,Burkina Faso,350247234.260712
1961,burundi,Burundi,202999992
1961,cameroon,Cameroon,652777608.320492
1961,canada,Canada,41038192837.9035
1961,chad,Chad,333975336.110722
1961,chile,Chile,4948564550.91046
1961,china,China,50162299349.7871
1961,colombia,Colombia,4540447761.19403
1961,cote-d-ivoire,Cote d Ivoire,618245634.179831
1961,denmark,Denmark,7058361229.35415
1961,ecuador,Ecuador,1753850955.05808
1961,ethiopia,Ethiopia,1680859514.1016
1961,finland,Finland,5984433774.41601
1961,france,France,67158050215.0488
1961,germany,Germany,96558204043.1028
1961,ghana,Ghana,1302674324.88378
1961,greece,Greece,4892397431.33292
1961,guatemala,Guatemala,1076699900
1961,haiti,Haiti,271066000
1961,iceland,Iceland,266711460.241466
1961,india,India,39232435784.0358
1961,iraq,Iraq,1671960965.21561
1961,ireland,Ireland,2151772979.96956
1961,israel,Israel,3706297903.07701
1961,italy,Italy,46649487320.4225
1961,japan,Japan,58472696006.0531
1961,kenya,Kenya,792959472.816211
1961,luxembourg,Luxembourg,710163719.406917
1961,madagascar,Madagascar,699161944.558097
1961,malaysia,Malaysia,1901856122.72231
1961,mexico,Mexico,14160000000
1961,morocco,Morocco,2025693539.55842
1961,myanmar,Myanmar,605581577.287066
1961,nepal,Nepal,531959561.62226
1961,netherlands,Netherlands,14599836396.388
1961,new-zealand,New Zealand,5721994864.23066
1961,niger,Niger,485785230.978987
1961,nigeria,Nigeria,4467287893.08484
1961,norway,Norway,5642867671.71849
1961,oman,Oman,45634487.3539276
1961,pakistan,Pakistan,4118647627.04746
1961,panama,Panama,599026300
1961,peru,Peru,2897852693.27494
1961,philippines,Philippines,8171194424.94498
1961,portugal,Portugal,3573719084.53354
1961,rwanda,Rwanda,122000016.001582
1961,saudi-arabia,Saudi Arabia,1920811284.22222
1961,senegal,Senegal,1058975256.97025
1961,singapore,Singapore,764629788.123689
1961,south-africa,South Africa,9225996309.60148
1961,spain,Spain,14238126759.7335
1961,sri-lanka,Sri Lanka,1444327731.09244
1961,sudan,Sudan,1222860428.55503
1961,sweden,Sweden,17329620584.6147
1961,switzerland,Switzerland,11889851949.6661
1961,tanzania-united-rep,Tanzania,2826179031.22839
1961,thailand,Thailand,3034037810.96795
1961,tunisia,Tunisia,866155428.571429
1961,turkiye,Turkey,7988888888.88889
1961,united-kingdom,United Kingdom,77741965703.3544
1961,united-states,United States,561940310344.828
1961,uruguay,Uruguay,1547388781.43133
1961,zambia,Zambia,682359727.329053
1961,zimbabwe,Zimbabwe,1097206526.43457
1962,algeria,Algeria,2001444543.91885
1962,argentina,Argentina,18337691145.3688
1962,australia,Australia,19953923192.6277
1962,austria,Austria,7793042529.15992
1962,bangladesh,Bangladesh,5081413541.66667
1962,belgium,Belgium,13436827166.5187
1962,benin,Benin,236434954.038578
1962,bolivia-plurinational-state-of,Bolivia,448400673.400673
1962,brazil,Brazil,19231747851.5332
1962,burkina-faso,Burkina Faso,379567099.249422
1962,burundi,Burundi,213500006
1962,cameroon,Cameroon,694247864.3789
1962,canada,Canada,42336211555.8268
1962,chad,Chad,357635713.41932
1962,chile,Chile,5765971144.47142
1962,china,China,47310737754.2287
1962,colombia,Colombia,4955543963.36869
1962,cote-d-ivoire,Cote d Ivoire,645284473.733691
1962,denmark,Denmark,7953274741.29303
1962,ecuador,Ecuador,1518207703.48997
1962,ethiopia,Ethiopia,1747566307.0997
1962,finland,Finland,6407796042.70357
1962,france,France,75196980365.0325
1962,germany,Germany,105895435234.343
1962,ghana,Ghana,1382515654.47343
1962,greece,Greece,5140542929.42067
1962,guatemala,Guatemala,1143600000
1962,haiti,Haiti,281896800
1962,iceland,Iceland,299309938.066264
1962,india,India,42161481858.0819
1962,iraq,Iraq,1784174540.73018
1962,ireland,Ireland,2329372971.89171
1962,israel,Israel,2964323617.93817
1962,italy,Italy,52413872628.0045
1962,japan,Japan,66356388224.3747
1962,kenya,Kenya,868111400.75544
1962,kuwait,Kuwait,1828107502.79955
1962,luxembourg,Luxembourg,747846862.209673
1962,madagascar,Madagascar,739286907.592778
1962,malaysia,Malaysia,2001489602.18475
1962,mexico,Mexico,15200000000
1962,morocco,Morocco,2379611124.61442
1962,myanmar,Myanmar,634528872.02036
1962,nepal,Nepal,574091101.194382
1962,netherlands,Netherlands,15847582341.1664
1962,new-zealand,New Zealand,6133158532.21667
1962,niger,Niger,531736599.250464
1962,nigeria,Nigeria,4909399176.24033
1962,norway,Norway,6078186244.59462
1962,oman,Oman,56273202.1971746
1962,pakistan,Pakistan,4310163796.72407
1962,panama,Panama,652120900
1962,peru,Peru,3284322201.27831
1962,philippines,Philippines,4954593071.82796
1962,portugal,Portugal,3835883663.25123
1962,rwanda,Rwanda,125000008.001621
1962,saudi-arabia,Saudi Arabia,2130606531.77778
1962,senegal,Senegal,1085475790.59112
1962,singapore,Singapore,826239211.817511
1962,south-africa,South Africa,9813996074.40157
1962,spain,Spain,16609632790.5843
1962,sri-lanka,Sri Lanka,1434156378.60082
1962,sudan,Sudan,1328259624.72217
1962,sweden,Sweden,18794066990.0612
1962,switzerland,Switzerland,13185384690.7481
1962,tanzania-united-rep,Tanzania,3101589992.664
1962,thailand,Thailand,3308912796.93487
1962,tunisia,Tunisia,880027733.333333
1962,turkiye,Turkey,8922222222.22222
1962,united-kingdom,United Kingdom,81247564156.8246
1962,united-states,United States,603639413793.103
1962,uruguay,Uruguay,1710004407.22785
1962,zambia,Zambia,679279728.55982
1962,zimbabwe,Zimbabwe,1118172225.65019
1963,algeria,Algeria,2702982017.63803
1963,argentina,Argentina,18272123664.4715
1963,australia,Australia,21573443451.751
1963,austria,Austria,8414050621.01716
1963,bangladesh,Bangladesh,5319458562.5
1963,belgium,Belgium,14445805381.3872
1963,benin,Benin,253927697.25805
1963,bolivia-plurinational-state-of,Bolivia,482828282.828283
1963,brazil,Brazil,23287712878.2002
1963,burkina-faso,Burkina Faso,394040667.106335
1963,burundi,Burundi,232749998
1963,cameroon,Cameroon,718320845.044338
1963,canada,Canada,45140337826.9869
1963,chad,Chad,371767002.194886
1963,chile,Chile,5702520146.03167
1963,china,China,50812227918.5753
1963,colombia,Colombia,4836166666.66667
1963,cote-d-ivoire,Cote d Ivoire,761047198.029653
1963,denmark,Denmark,8466044979.87996
1963,ecuador,Ecuador,1824343870.71407
1963,ethiopia,Ethiopia,1825058827.83853
1963,finland,Finland,6958916548.12933
1963,france,France,84227606649.8725
1963,germany,Germany,112232503744.1
1963,ghana,Ghana,1540797588.57221
1963,greece,Greece,5813285626.64404
1963,guatemala,Guatemala,1262800000
1963,haiti,Haiti,294883400
1963,iceland,Iceland,357240895.712432
1963,india,India,48421923459.1235
1963,iraq,Iraq,1805901510.0394
1963,ireland,Ireland,2505073357.88508
1963,israel,Israel,3533767055.03627
1963,italy,Italy,60035924617.9277
1963,japan,Japan,75945582324.0881
1963,kenya,Kenya,926589349.36426
1963,kuwait,Kuwait,1900895856.66293
1963,luxembourg,Luxembourg,797902154.238122
1963,madagascar,Madagascar,759345863.732667
1963,malaysia,Malaysia,2510110348.16184
1963,mexico,Mexico,16960000000
1963,morocco,Morocco,2657252578.30763
1963,myanmar,Myanmar,598998418.724583
1963,nepal,Nepal,496947904.443033
1963,netherlands,Netherlands,17193744109.0367
1963,new-zealand,New Zealand,6699741645.07827
1963,niger,Niger,586294878.744643
1963,nigeria,Nigeria,5165590253.7639
1963,norway,Norway,6522268052.83911
1963,oman,Oman,59912762.5382854
1963,pakistan,Pakistan,4630827383.45233
1963,panama,Panama,722784500
1963,peru,Peru,3598272493.3109
1963,philippines,Philippines,5505023238.40669
1963,portugal,Portugal,4084251592.81599
1963,rwanda,Rwanda,128000000.001659
1963,saudi-arabia,Saudi Arabia,2207393171.55556
1963,senegal,Senegal,1122139861.67805
1963,singapore,Singapore,917608012.491752
1963,south-africa,South Africa,10854195658.3217
1963,spain,Spain,19631714759.6491
1963,sri-lanka,Sri Lanka,1240672268.90756
1963,sudan,Sudan,1351234926.33899
1963,sweden,Sweden,20342131881.5074
1963,switzerland,Switzerland,14499109269.9708
1963,tanzania-united-rep,Tanzania,3456579293.44828
1963,thailand,Thailand,3540403456.55305
1963,tunisia,Tunisia,1026737600
1963,turkiye,Turkey,10355555555.5556
1963,united-kingdom,United Kingdom,86561961812.3249
1963,united-states,United States,637058551724.138
1963,uruguay,Uruguay,1539681490.78174
1963,zambia,Zambia,704339718.545848
1963,zimbabwe,Zimbabwe,1160103724.1325
1964,algeria,Algeria,2909316435.2874
1964,argentina,Argentina,25605249381.7597
1964,australia,Australia,23835843813.735
1964,austria,Austria,9213648655.97511
1964,bangladesh,Bangladesh,5386054833.33333
1964,belgium,Belgium,16168044450.2523
1964,benin,Benin,269819005.87814
1964,bolivia-plurinational-state-of,Bolivia,544023569.023569
1964,brazil,Brazil,20963733694.9749
1964,burkina-faso,Burkina Faso,410321644.964911
1964,burundi,Burundi,260750008
1964,cameroon,Cameroon,776650176.904453
1964,canada,Canada,49503663836.3665
1964,chad,Chad,392247517.728482
1964,chile,Chile,6065708668.32735
1964,china,China,59821862703.4023
1964,colombia,Colombia,5973366666.66667
1964,cote-d-ivoire,Cote d Ivoire,921063326.589918
1964,denmark,Denmark,9677401337.17309
1964,ecuador,Ecuador,2244146102.98333
1964,ethiopia,Ethiopia,1984129185.6
1964,finland,Finland,7848987792.54261
1964,france,France,93424179943.3453
1964,germany,Germany,123330404665.086
1964,ghana,Ghana,1731296199.52296
1964,greece,Greece,6576906345.11518
1964,guatemala,Guatemala,1299099900
1964,haiti,Haiti,325281200
1964,iceland,Iceland,456206298.792753
1964,india,India,56480289940.9899
1964,iraq,Iraq,2136408197.83672
1964,ireland,Ireland,2851091646.43165
1964,israel,Israel,4021861429.6918
1964,italy,Italy,65720771779.4768
1964,japan,Japan,89332989729.3394
1964,kenya,Kenya,998759334.496266
1964,kuwait,Kuwait,2071668533.03471
1964,luxembourg,Luxembourg,910877686.268584
1964,madagascar,Madagascar,802482183.728778
1964,malaysia,Malaysia,2674423922.48842
1964,mexico,Mexico,20080000000
1964,morocco,Morocco,2798345298.57781
1964,myanmar,Myanmar,411419905.846621
1964,nepal,Nepal,496098775.308642
1964,netherlands,Netherlands,20232048552.8327
1964,new-zealand,New Zealand,7340766415.01868
1964,niger,Niger,582816396.404409
1964,nigeria,Nigeria,5552931318.82747
1964,norway,Norway,7172430304.05326
1964,oman,Oman,61872525.7988835
1964,pakistan,Pakistan,5204955900.88198
1964,panama,Panama,776137500
1964,peru,Peru,4353664866.67985
1964,philippines,Philippines,5953756194.80988
1964,portugal,Portugal,4429202656.90741
1964,rwanda,Rwanda,129999994.001685
1964,saudi-arabia,Saudi Arabia,2371808712.88889
1964,senegal,Senegal,1188930645.34423
1964,singapore,Singapore,894153311.424857
1964,south-africa,South Africa,11955995217.6019
1964,spain,Spain,21966876027.2517
1964,sri-lanka,Sri Lanka,1309747899.15966
1964,sudan,Sudan,1388282600.1961
1964,sweden,Sweden,22685490195.3119
1964,switzerland,Switzerland,16071715835.0474
1964,tanzania-united-rep,Tanzania,3748840925.06363
1964,thailand,Thailand,3889129942.30769
1964,tunisia,Tunisia,1025866792.15686
1964,turkiye,Turkey,11177777777.7778
1964,united-kingdom,United Kingdom,94407558351.1616
1964,united-states,United States,684144620689.655
1964,uruguay,Uruguay,1975701816.46615
1964,zambia,Zambia,822639671.273187
1964,zimbabwe,Zimbabwe,1217759447.00099
1965,algeria,Algeria,3136284306.85469
1965,argentina,Argentina,28344705966.6389
1965,australia,Australia,26014244162.2791
1965,austria,Austria,10041659445.118
1965,bangladesh,Bangladesh,5906636791.66667
1965,belgium,Belgium,17597783297.4583
1965,benin,Benin,289908680.426395
1965,bolivia-plurinational-state-of,Bolivia,604377104.377104
1965,brazil,Brazil,22465522884.0988
1965,burkina-faso,Burkina Faso,422916789.7483
1965,burundi,Burundi,158994962.962963
1965,cameroon,Cameroon,814083265.511426
1965,canada,Canada,54649410478.5226
1965,chad,Chad,416926303.316872
1965,chile,Chile,6183988944.34606
1965,china,China,70565994356.1828
1965,colombia,Colombia,5760761904.7619
1965,cote-d-ivoire,Cote d Ivoire,919771228.816095
1965,denmark,Denmark,10870670865.3211
1965,ecuador,Ecuador,2387047395.70254
1965,ethiopia,Ethiopia,2159998591.2
1965,finland,Finland,8680393838.88018
1965,france,France,100927668584.29
1965,germany,Germany,134774688191.161
1965,ghana,Ghana,2053462968.0426
1965,greece,Greece,7582209670.27425
1965,guatemala,Guatemala,1331399900
1965,haiti,Haiti,353251800
1965,iceland,Iceland,550150987.996732
1965,india,India,59556105229.0052
1965,iraq,Iraq,2335785506.0858
1965,ireland,Ireland,3035655793.5247
1965,israel,Israel,4326412951.00393
1965,italy,Italy,70717012186.1774
1965,japan,Japan,99387878007.5325
1965,jordan,Jordan,599759760.096096
1965,kenya,Kenya,997919320.832272
1965,kuwait,Kuwait,2097199161.12034
1965,luxembourg,Luxembourg,929477284.788002
1965,madagascar,Madagascar,833563472.9981
1965,malaysia,Malaysia,2956337669.29525
1965,mexico,Mexico,21840000000
1965,morocco,Morocco,2948331090.46752
1965,myanmar,Myanmar,367053117.224523
1965,nepal,Nepal,735267082.294264
1965,netherlands,Netherlands,22721869808.1438
1965,new-zealand,New Zealand,5706251400.19577
1965,niger,Niger,673383510.812866
1965,nigeria,Nigeria,5874537650.18494
1965,norway,Norway,8073570565.93266
1965,oman,Oman,63279974.6880101
1965,pakistan,Pakistan,5929231415.37169
1965,panama,Panama,852485300
1965,peru,Peru,5163008077.37371
1965,philippines,Philippines,6517349771.93386
1965,portugal,Portugal,4901711247.81592
1965,rwanda,Rwanda,148799980.001929
1965,saudi-arabia,Saudi Arabia,2647955557.55556
1965,senegal,Senegal,1210058228.17112
1965,singapore,Singapore,974644096.144674
1965,south-africa,South Africa,13068994772.4021
1965,spain,Spain,25479619606.5284
1965,sri-lanka,Sri Lanka,1698319327.73109
1965,sudan,Sudan,1446869619.31898
1965,sweden,Sweden,24963947414.6983
1965,switzerland,Switzerland,17033079428.475
1965,tanzania-united-rep,Tanzania,3817226546.22938
1965,thailand,Thailand,4388937649.03846
1965,tunisia,Tunisia,991047619.047619
1965,turkiye,Turkey,11966666666.6667
1965,united-kingdom,United Kingdom,101824755078.991
1965,united-states,United States,741904862068.965
1965,uruguay,Uruguay,1890767155.52622
1965,zambia,Zambia,1061199575.94465
1965,zimbabwe,Zimbabwe,1312105393.62448
1966,algeria,Algeria,3039859187.45164
1966,argentina,Argentina,28630474727.9023
1966,australia,Australia,27349284375.8855
1966,austria,Austria,10939526218.6393
1966,bangladesh,Bangladesh,6439687854.16667
1966,belgium,Belgium,18894891312.2977
1966,benin,Benin,302925235.151997
1966,bolivia-plurinational-state-of,Bolivia,669191919.191919
1966,brazil,Brazil,28283323733.1114
1966,burkina-faso,Burkina Faso,433889766.239436
1966,burundi,Burundi,165444571.428571
1966,cameroon,Cameroon,851112534.552636
1966,canada,Canada,61252415404.686
1966,chad,Chad,432794921.680489
1966,chile,Chile,7256882086.19585
1966,china,China,76854053259.209
1966,colombia,Colombia,5428518518.51852
1966,cote-d-ivoire,Cote d Ivoire,1024102880.05862
1966,denmark,Denmark,11931740293.0378
1966,ecuador,Ecuador,2429308638.838
1966,ethiopia,Ethiopia,2324466416
1966,finland,Finland,9306142171.60056
1966,france,France,109306730313.216
1966,germany,Germany,143304275683.979
1966,ghana,Ghana,2126300672.22965
1966,greece,Greece,8472021466.86847
1966,guatemala,Guatemala,1390700000
1966,haiti,Haiti,368948600
1966,iceland,Iceland,660663763.278256
1966,india,India,45581230504.071
1966,iraq,Iraq,2530306095.87756
1966,ireland,Ireland,3198820903.82796
1966,israel,Israel,4700397691.99153
1966,italy,Italy,76622444787.3696
1966,japan,Japan,115427351851.278
1966,jordan,Jordan,657999736.800105
1966,kenya,Kenya,1164519674.19213
1966,kuwait,Kuwait,2391199043.52038
1966,luxembourg,Luxembourg,976717015.461454
1966,madagascar,Madagascar,900264584.590829
1966,malaysia,Malaysia,3143517943.82632
1966,mexico,Mexico,24320000000
1966,morocco,Morocco,2876401297.10759
1966,myanmar,Myanmar,293103478.548483
1966,nepal,Nepal,906811943.824649
1966,netherlands,Netherlands,24741480717.0389
1966,new-zealand,New Zealand,5917437693.37459
1966,niger,Niger,702296078.593173
1966,nigeria,Nigeria,6366917453.23302
1966,norway,Norway,8712528094.54776
1966,oman,Oman,67759972.8960108
1966,pakistan,Pakistan,6561108777.82444
1966,panama,Panama,928833000
1966,peru,Peru,6109048736.61853
1966,philippines,Philippines,7189017887.69231
1966,portugal,Portugal,5370108031.12859
1966,rwanda,Rwanda,124525702.858758
1966,saudi-arabia,Saudi Arabia,2920555557.11111
1966,senegal,Senegal,1246908185.96343
1966,singapore,Singapore,1096425608.09089
1966,south-africa,South Africa,14211394315.4423
1966,spain,Spain,29559436182.9186
1966,sri-lanka,Sri Lanka,1751470588.23529
1966,sudan,Sudan,1484491675.71652
1966,sweden,Sweden,27154716721.2854
1966,switzerland,Switzerland,18290928226.8879
1966,tanzania-united-rep,Tanzania,4377998825.12047
1966,thailand,Thailand,5279230817.30769
1966,tunisia,Tunisia,1040952380.95238
1966,turkiye,Turkey,14100000000
1966,united-kingdom,United Kingdom,108572752102.045
1966,united-states,United States,813032758620.69
1966,uruguay,Uruguay,1809185093.55188
1966,zambia,Zambia,1238999504.8958
1966,zimbabwe,Zimbabwe,1282403936.37681
1967,algeria,Algeria,3370870376.29682
1967,argentina,Argentina,24256667553.2569
1967,australia,Australia,30487524878.004
1967,austria,Austria,11634569521.9273
1967,bangladesh,Bangladesh,7253575687.5
1967,belgium,Belgium,20252508995.4745
1967,benin,Benin,306221953.104911
1967,bolivia-plurinational-state-of,Bolivia,755808080.808081
1967,brazil,Brazil,31086389194.961
1967,burkina-faso,Burkina Faso,450753923.548048
1967,burundi,Burundi,178297142.857143
1967,cameroon,Cameroon,936175260.030919
1967,canada,Canada,65856924423.9721
1967,chad,Chad,449826322.613453
1967,chile,Chile,7145068067.64138
1967,china,China,73011350596.2485
1967,colombia,Colombia,5825170438.48704
1967,cote-d-ivoire,Cote d Ivoire,1082922724.87189
1967,denmark,Denmark,13059064805.8774
1967,ecuador,Ecuador,2553595172.08743
1967,ethiopia,Ethiopia,2461762002.8
1967,finland,Finland,9468272357.09549
1967,france,France,118088635380.954
1967,germany,Germany,145100667772.69
1967,ghana,Ghana,1747187644.9031
1967,greece,Greece,9146592855.683
1967,guatemala,Guatemala,1453500000
1967,haiti,Haiti,369124200
1967,iceland,Iceland,652609075.682946
1967,india,India,50134942204
1967,indonesia,Indonesia,5667756627.92093
1967,iraq,Iraq,2551522656.19094
1967,ireland,Ireland,3445739914.73101
1967,israel,Israel,4759447914.25273
1967,italy,Italy,84401995573.2456
1967,japan,Japan,135265319098.216
1967,jordan,Jordan,631679747.328101
1967,kenya,Kenya,1232559506.9762
1967,kuwait,Kuwait,2441599023.36039
1967,luxembourg,Luxembourg,983052314.930267
1967,madagascar,Madagascar,956436932.101291
1967,malaysia,Malaysia,3188924677.08953
1967,mali,Mali,275494477.586098
1967,mexico,Mexico,26560000000
1967,morocco,Morocco,3046345314.38655
1967,myanmar,Myanmar,420359035.897436
1967,nepal,Nepal,841974025.462659
1967,netherlands,Netherlands,27143828098.7481
1967,new-zealand,New Zealand,6016017227.09124
1967,niger,Niger,665586872.274446
1967,nigeria,Nigeria,5203237918.70483
1967,norway,Norway,9532076025.937
1967,oman,Oman,107151832.489651
1967,pakistan,Pakistan,7464510709.7858
1967,panama,Panama,1034376400
1967,peru,Peru,6194340079.8786
1967,philippines,Philippines,7724873935.12821
1967,portugal,Portugal,6002607029.64663
1967,rwanda,Rwanda,159560018.002069
1967,saudi-arabia,Saudi Arabia,3257022222.66667
1967,senegal,Senegal,1246480765.97984
1967,singapore,Singapore,1238035815.78586
1967,south-africa,South Africa,15821393671.4425
1967,spain,Spain,32570905397.2885
1967,sri-lanka,Sri Lanka,1859465020.57613
1967,sudan,Sudan,1607409539.36648
1967,sweden,Sweden,29474881505.9928
1967,switzerland,Switzerland,19689329510.274
1967,tanzania-united-rep,Tanzania,4565132047.52718
1967,thailand,Thailand,5638461442.30769
1967,tunisia,Tunisia,1085714285.71429
1967,turkiye,Turkey,15644444444.4444
1967,united-kingdom,United Kingdom,113116888210.787
1967,united-states,United States,859620034482.759
1967,uruguay,Uruguay,1597713469.09611
1967,zambia,Zambia,1340639464.28047
1967,zimbabwe,Zimbabwe,1397715282.06274
1968,algeria,Algeria,3852147026.77302
1968,argentina,Argentina,26436857247.4982
1968,australia,Australia,32763365242.1384
1968,austria,Austria,12499863917.1003
1968,bangladesh,Bangladesh,7483685770.83333
1968,belgium,Belgium,21654856965.4281
1968,benin,Benin,326323105.26476
1968,bolivia-plurinational-state-of,Bolivia,857912457.912458
1968,brazil,Brazil,33930457425.2613
1968,burkina-faso,Burkina Faso,460442689.376378
1968,burundi,Burundi,183200000
1968,cameroon,Cameroon,1046191217.79942
1968,canada,Canada,72048833006.1602
1968,chad,Chad,453980096.208711
1968,chile,Chile,7286820526.02462
1968,china,China,70980323818.7853
1968,colombia,Colombia,5960212869.12968
1968,cote-d-ivoire,Cote d Ivoire,1281281276.72357
1968,denmark,Denmark,13505574133.3333
1968,ecuador,Ecuador,2582179864.15493
1968,ethiopia,Ethiopia,2619948864.8
1968,finland,Finland,8916565040.54632
1968,france,France,128710572572.436
1968,germany,Germany,156527292653.157
1968,ghana,Ghana,1666909517.65205
1968,greece,Greece,9950331205.83108
1968,guatemala,Guatemala,1610500000
1968,haiti,Haiti,367968800
1968,hungary,Hungary,4886222554.66355
1968,iceland,Iceland,498365199.686946
1968,india,India,53085455870.6667
1968,indonesia,Indonesia,7076465299.81141
1968,iraq,Iraq,2896598841.36046
1968,ireland,Ireland,3378701146.84197
1968,israel,Israel,5455059532.48967
1968,italy,Italy,91485448147.84
1968,japan,Japan,160201483788.149
1968,jordan,Jordan,561119775.55209
1968,kenya,Kenya,1353295458.68182
1968,kuwait,Kuwait,2662798934.88043
1968,luxembourg,Luxembourg,1075561622.81321
1968,madagascar,Madagascar,1031669637.39553
1968,malaysia,Malaysia,3330371551.21161
1968,mali,Mali,343771972.993855
1968,mexico,Mexico,29360000000
1968,morocco,Morocco,3271422332.61996
1968,myanmar,Myanmar,559956130.283622
1968,nepal,Nepal,772231386.914829
1968,netherlands,Netherlands,30097635750.982
1968,new-zealand,New Zealand,5228045415.27318
1968,niger,Niger,641214226.209493
1968,nigeria,Nigeria,5200997919.60083
1968,norway,Norway,10178705992.4833
1968,oman,Oman,188879848.896121
1968,pakistan,Pakistan,8041999160.0168
1968,panama,Panama,1112791100
1968,peru,Peru,5736083835.29034
1968,philippines,Philippines,8632749269.48718
1968,portugal,Portugal,6644693214.18343
1968,rwanda,Rwanda,172200018.002233
1968,saudi-arabia,Saudi Arabia,4187777711.11111
1968,senegal,Senegal,1309384861.92219
1968,singapore,Singapore,1425706091.0356
1968,south-africa,South Africa,17124793150.0827
1968,spain,Spain,32394326463.759
1968,sri-lanka,Sri Lanka,1801344537.81513
1968,sudan,Sudan,1677771400.56798
1968,sweden,Sweden,31277871668.8452
1968,switzerland,Switzerland,21024203656.3496
1968,tanzania-united-rep,Tanzania,4895251824.05927
1968,thailand,Thailand,6081009427.88461
1968,tunisia,Tunisia,1214666666.66667
1968,turkiye,Turkey,17500000000
1968,united-kingdom,United Kingdom,107759910067.889
1968,united-states,United States,940225000000
1968,uruguay,Uruguay,1593674184.56285
1968,zambia,Zambia,1573739371.13375
1968,zimbabwe,Zimbabwe,1480355354.94474
1969,algeria,Algeria,4257253264.08834
1969,argentina,Argentina,31256284543.6155
1969,australia,Australia,36738245878.1193
1969,austria,Austria,13647475854.0287
1969,bangladesh,Bangladesh,8471006437.5
1969,belgium,Belgium,24019653474.9959
1969,benin,Benin,330748244.539574
1969,bolivia-plurinational-state-of,Bolivia,929629629.62963
1969,brazil,Brazil,37171640818.5863
1969,burkina-faso,Burkina Faso,478298645.39382
1969,burundi,Burundi,190205714.285714
1969,cameroon,Cameroon,1100551488.62689
1969,canada,Canada,79405011124.8208
1969,chad,Chad,471635621.561599
1969,chile,Chile,8456519044.38223
1969,china,China,79847786729.1898
1969,colombia,Colombia,6450175213.74923
1969,cote-d-ivoire,Cote d Ivoire,1361360293.42665
1969,denmark,Denmark,15414902666.6667
1969,ecuador,Ecuador,3112165727.38342
1969,ethiopia,Ethiopia,2768987372
1969,finland,Finland,10177524838.9004
1969,france,France,140660914840.59
1969,germany,Germany,177733486326.06
1969,ghana,Ghana,1962050555.7775
1969,greece,Greece,11454106327.0756
1969,guatemala,Guatemala,1715399900
1969,haiti,Haiti,391820400
1969,hungary,Hungary,5429812386.53195
1969,iceland,Iceland,435659609.943615
1969,india,India,58447995017.3333
1969,indonesia,Indonesia,8337423312.88344
1969,iraq,Iraq,3007758796.89648
1969,ireland,Ireland,3902721631.54663
1969,israel,Israel,6293966356.7471
1969,italy,Italy,100996667239.335
1969,japan,Japan,188179852752.982
1969,jordan,Jordan,698879720.448112
1969,kenya,Kenya,1458379416.64823
1969,kuwait,Kuwait,2769198892.32044
1969,luxembourg,Luxembourg,1245432991.34271
1969,madagascar,Madagascar,1056391055.59617
1969,malaysia,Malaysia,3664552041.34299
1969,mali,Mali,339913867.092785
1969,mexico,Mexico,32480000000
1969,morocco,Morocco,3651622668.95103
1969,myanmar,Myanmar,571854214.589142
1969,nepal,Nepal,788641965.432099
1969,netherlands,Netherlands,34086038090.3986
1969,new-zealand,New Zealand,5814357708.51005
1969,niger,Niger,625867985.273798
1969,nigeria,Nigeria,6634317346.27306
1969,norway,Norway,11083505596.0497
1969,oman,Oman,239999808.000154
1969,pakistan,Pakistan,8683116337.67325
1969,panama,Panama,1221305700
1969,peru,Peru,6420909789.83
1969,philippines,Philippines,9571800652.5641
1969,portugal,Portugal,7287555035.34403
1969,rwanda,Rwanda,188700037.002446
1969,saudi-arabia,Saudi Arabia,4485777644.44444
1969,senegal,Senegal,1245234931.43233
1969,singapore,Singapore,1659893767.84419
1969,south-africa,South Africa,19256992297.2031
1969,spain,Spain,37090689287.8552
1969,sri-lanka,Sri Lanka,1965546218.48739
1969,sudan,Sudan,1847501441.26221
1969,sweden,Sweden,33967301561.0634
1969,switzerland,Switzerland,22780211812.0824
1969,tanzania-united-rep,Tanzania,5142066811.47328
1969,thailand,Thailand,6695336567.30769
1969,tunisia,Tunisia,1289904761.90476
1969,turkiye,Turkey,19466666666.6667
1969,united-kingdom,United Kingdom,116464702803.218
1969,united-states,United States,1017438172413.79
1969,uruguay,Uruguay,2004435483.87097
1969,zambia,Zambia,1926399230.21087
1969,zimbabwe,Zimbabwe,1748891294.20526
1970,algeria,Algeria,4863526896.57407
1970,argentina,Argentina,31584210365.5447
1970,australia,Australia,41395206623.2331
1970,austria,Austria,15312791743.8476
1970,bangladesh,Bangladesh,8992722166.66667
1970,belgium,Belgium,26706196046.7931
1970,benin,Benin,333627713.494438
1970,bolivia-plurinational-state-of,Bolivia,1017003367.00337
1970,brazil,Brazil,42327664793.6934
1970,burkina-faso,Burkina Faso,458404268.761971
1970,burundi,Burundi,242732571.428571
1970,cameroon,Cameroon,1151216992.88095
1970,canada,Canada,88192257632.3093
1970,chad,Chad,469266736.650677
1970,chile,Chile,9261006540.15907
1970,china,China,92752930873.1912
1970,colombia,Colombia,7198360460.19887
1970,cote-d-ivoire,Cote d Ivoire,1455482795.40691
1970,cuba,Cuba,5693005200
1970,denmark,Denmark,17075457733.3333
1970,ecuador,Ecuador,2862503139.00358
1970,ethiopia,Ethiopia,3045354454.8
1970,finland,Finland,11358529161.9479
1970,france,France,147312861698.358
1970,germany,Germany,216629229947.096
1970,ghana,Ghana,2215028588.45646
1970,greece,Greece,12957113636.3636
1970,guatemala,Guatemala,1904000000
1970,guinea,Guinea,3220224607.81851
1970,haiti,Haiti,331200000
1970,hungary,Hungary,5780929202.60333
1970,iceland,Iceland,545115909.090909
1970,india,India,62422483054.6667
1970,indonesia,Indonesia,9150684931.50685
1970,iraq,Iraq,3281318687.47253
1970,ireland,Ireland,4395995085.99509
1970,israel,Israel,7402142194.51563
1970,italy,Italy,113656669764.56
1970,japan,Japan,221798003144.444
1970,jordan,Jordan,639519744.192102
1970,kenya,Kenya,1603447358.62106
1970,kuwait,Kuwait,2873638850.54446
1970,luxembourg,Luxembourg,1457768455.02219
1970,madagascar,Madagascar,1111859570.88252
1970,malaysia,Malaysia,3864145667.41365
1970,mali,Mali,359772315.102198
1970,mexico,Mexico,35520000000
1970,morocco,Morocco,3956336244.11865
1970,myanmar,Myanmar,563555630.769545
1970,nepal,Nepal,865975308.641975
1970,netherlands,Netherlands,38220884519.3888
1970,new-zealand,New Zealand,6495605330.94411
1970,niger,Niger,649916621.242978
1970,nigeria,Nigeria,12546094981.562
1970,norway,Norway,12753503478.9791
1970,oman,Oman,256319794.944164
1970,pakistan,Pakistan,10027509449.811
1970,panama,Panama,1351006400
1970,peru,Peru,7432223176.93623
1970,philippines,Philippines,7559115516.69532
1970,portugal,Portugal,8108235704.32357
1970,qatar,Qatar,301791301.791302
1970,rwanda,Rwanda,219900006.002851
1970,saudi-arabia,Saudi Arabia,5377333333.33333
1970,senegal,Senegal,1297407654.92832
1970,singapore,Singapore,1920574150.17542
1970,south-africa,South Africa,21218391512.6434
1970,spain,Spain,40963715236.5106
1970,sri-lanka,Sri Lanka,2296470588.23529
1970,sudan,Sudan,2100229759.04718
1970,sweden,Sweden,38037226668.2131
1970,switzerland,Switzerland,25374750743.1969
1970,tanzania-united-rep,Tanzania,2851419386.07225
1970,thailand,Thailand,7086538437.5
1970,tunisia,Tunisia,1439238095.2381
1970,turkiye,Turkey,17863636363.6364
1970,united-arab-emirates,United Arab Emirates,685986701.316701
1970,united-kingdom,United Kingdom,130671946244.3
1970,united-states,United States,1073303000000
1970,uruguay,Uruguay,2137096774.19355
1970,zambia,Zambia,1788779285.2038
1970,zimbabwe,Zimbabwe,1885168339.10681
1971,algeria,Algeria,5077183093.88968
1971,argentina,Argentina,33293199095.4881
1971,australia,Australia,45283847245.4156
1971,austria,Austria,17788536733.1204
1971,bangladesh,Bangladesh,8751843187.5
1971,belgium,Belgium,29821661869.912
1971,benin,Benin,335073027.54117
1971,bolivia-plurinational-state-of,Bolivia,1095622895.6229
1971,brazil,Brazil,48869830901.7878
1971,burkina-faso,Burkina Faso,482411179.121178
1971,burundi,Burundi,252842285.714286
1971,cameroon,Cameroon,1236941394.11447
1971,canada,Canada,99606454743.5136
1971,chad,Chad,501866730.148987
1971,chile,Chile,10999807567.1235
1971,china,China,99959013879.6308
1971,colombia,Colombia,7820380970.53674
1971,cote-d-ivoire,Cote d Ivoire,1584128509.46873
1971,cuba,Cuba,6914658400
1971,denmark,Denmark,19086192720.4664
1971,ecuador,Ecuador,2754219271.03082
1971,ethiopia,Ethiopia,3224280834.97092
1971,finland,Finland,12528522307.4737
1971,france,France,164694210962.472
1971,germany,Germany,250900942396.699
1971,ghana,Ghana,2417108577.52739
1971,greece,Greece,14388806818.1818
1971,guatemala,Guatemala,1984800000
1971,guinea,Guinea,3594302908.06164
1971,haiti,Haiti,362800000
1971,hungary,Hungary,6291568220.79393
1971,iceland,Iceland,693679545.454545
1971,india,India,67351404351.833
1971,indonesia,Indonesia,9333536369.94567
1971,iraq,Iraq,3865346534.65347
1971,ireland,Ireland,5098250287.46646
1971,israel,Israel,7048191875.8085
1971,italy,Italy,124959712858.926
1971,japan,Japan,250530994765.279
1971,jordan,Jordan,678159728.736109
1971,kenya,Kenya,1778391288.64348
1971,kuwait,Kuwait,3880392195.40688
1971,luxembourg,Luxembourg,1518773421.37846
1971,madagascar,Madagascar,1199507631.07603
1971,malaysia,Malaysia,4244395955.78358
1971,mali,Mali,395218628.920694
1971,mexico,Mexico,39200000000
1971,morocco,Morocco,4356669034.34266
1971,myanmar,Myanmar,587448405.488773
1971,nepal,Nepal,882765471.604938
1971,netherlands,Netherlands,44644730576.4411
1971,new-zealand,New Zealand,7911136757.06867
1971,niger,Niger,693573703.630273
1971,nigeria,Nigeria,9181769911.50443
1971,norway,Norway,14523306736.2066
1971,oman,Oman,301010587.102984
1971,pakistan,Pakistan,10665896682.0664
1971,panama,Panama,1523917200
1971,peru,Peru,8289582883.67673
1971,philippines,Philippines,8375075629.8327
1971,portugal,Portugal,9201604240.28269
1971,qatar,Qatar,387703105.521252
1971,rwanda,Rwanda,222952504.408961
1971,saudi-arabia,Saudi Arabia,7184806909.28939
1971,senegal,Senegal,1339549032.83782
1971,singapore,Singapore,2263785443.61688
1971,south-africa,South Africa,23411076638.279
1971,spain,Spain,46586119760.479
1971,sri-lanka,Sri Lanka,2369308600.33727
1971,sudan,Sudan,2288340041.03486
1971,sweden,Sweden,41506151114.9262
1971,switzerland,Switzerland,30492832676.1654
1971,tanzania-united-rep,Tanzania,3050673517.33059
1971,thailand,Thailand,7375000024.03846
1971,tunisia,Tunisia,1685162272.40652
1971,turkiye,Turkey,16166666666.6667
1971,united-arab-emirates,United Arab Emirates,939893599.634201
1971,united-kingdom,United Kingdom,148113896325.14
1971,united-states,United States,1164850000000
1971,uruguay,Uruguay,2807258064.51613
1971,zambia,Zambia,1653259341.29113
1971,zimbabwe,Zimbabwe,2179828710.18738
1972,algeria,Algeria,6766743956.88889
1972,argentina,Argentina,34733000536.2862
1972,australia,Australia,52117990654.2056
1972,austria,Austria,21973207929.0434
1972,bangladesh,Bangladesh,6288245866.66667
1972,belgium,Belgium,37209418018.5134
1972,benin,Benin,410331856.991218
1972,bolivia-plurinational-state-of,Bolivia,1257615644.97932
1972,brazil,Brazil,58434858374.8696
1972,burkina-faso,Burkina Faso,578595521.990135
1972,burundi,Burundi,246804571.428571
1972,cameroon,Cameroon,1498251889.66287
1972,canada,Canada,113463848873.624
1972,chad,Chad,585427546.798272
1972,chile,Chile,12057501634.979
1972,china,China,113871930713.841
1972,colombia,Colombia,8671358732.68486
1972,cote-d-ivoire,Cote d Ivoire,1849400401.64724
1972,cuba,Cuba,8135150891.92025
1972,denmark,Denmark,23230667549.2496
1972,ecuador,Ecuador,3185986087.33583
1972,ethiopia,Ethiopia,3520252938.26087
1972,finland,Finland,14744499569.8308
1972,france,France,201738881664.499
1972,germany,Germany,300899944795.436
1972,ghana,Ghana,2112293279.98507
1972,greece,Greece,16650659090.9091
1972,guatemala,Guatemala,2101300000
1972,guinea,Guinea,4203069035.01427
1972,haiti,Haiti,371998958.402916
1972,hungary,Hungary,7379313742.13684
1972,iceland,Iceland,869002945.841831
1972,india,India,71464700666.9869
1972,indonesia,Indonesia,10997590361.4458
1972,iraq,Iraq,4113848002.40312
1972,ireland,Ireland,6318060582.21873
1972,israel,Israel,9216866299.13417
1972,italy,Italy,145594833997.344
1972,japan,Japan,331776379991.589
1972,jordan,Jordan,788479684.608126
1972,kenya,Kenya,2107279157.08834
1972,kuwait,Kuwait,4450537925.33189
1972,luxembourg,Luxembourg,1901697369.62698
1972,madagascar,Madagascar,1341590690.41365
1972,malaysia,Malaysia,5043347250.41815
1972,mali,Mali,486617280.255549
1972,mexico,Mexico,45200000000
1972,morocco,Morocco,5074117544.77482
1972,myanmar,Myanmar,662213082.741535
1972,nepal,Nepal,1024098400.35619
1972,netherlands,Netherlands,54787070173.0294
1972,new-zealand,New Zealand,9567331064.65727
1972,niger,Niger,742779660.818693
1972,nigeria,Nigeria,12274416017.7976
1972,norway,Norway,17283931878.2065
1972,oman,Oman,366883548.347591
1972,pakistan,Pakistan,9415016359.56604
1972,panama,Panama,1673411700
1972,peru,Peru,9189413409.28138
1972,philippines,Philippines,9067815521.3262
1972,portugal,Portugal,11239117865.0852
1972,qatar,Qatar,510262500.1767
1972,rwanda,Rwanda,246457838.339876
1972,saudi-arabia,Saudi Arabia,9664267086.60323
1972,senegal,Senegal,1620857103.53492
1972,singapore,Singapore,2721440980.75851
1972,south-africa,South Africa,24515919216.8851
1972,spain,Spain,59090176028.993
1972,sri-lanka,Sri Lanka,2553936348.40871
1972,sudan,Sudan,2483055722.23738
1972,sweden,Sweden,48883173399.9664
1972,switzerland,Switzerland,37399508286.8588
1972,tanzania-united-rep,Tanzania,3472787266.0964
1972,thailand,Thailand,8177873151.04224
1972,tunisia,Tunisia,2237556148.51085
1972,turkiye,Turkey,20650000000
1972,united-arab-emirates,United Arab Emirates,1415086929.3006
1972,united-kingdom,United Kingdom,169965034965.035
1972,united-states,United States,1279110000000
1972,uruguay,Uruguay,2189418688.80408
1972,zambia,Zambia,1872416680.07912
1972,zimbabwe,Zimbabwe,2679096596.57517
1973,algeria,Algeria,8707858912.12481
1973,argentina,Argentina,52544000116.9037
1973,australia,Australia,63923126201.1531
1973,austria,Austria,29399860144.7748
1973,bangladesh,Bangladesh,8086725729.3407
1973,belgium,Belgium,47743801490.3747
1973,benin,Benin,504376074.185709
1973,bolivia-plurinational-state-of,Bolivia,1262968515.74213
1973,brazil,Brazil,83592275862.9982
1973,burkina-faso,Burkina Faso,674773569.877548
1973,burundi,Burundi,304339523.902476
1973,cameroon,Cameroon,1901393361.02282
1973,canada,Canada,131764343565.643
1973,chad,Chad,647199482.982537
1973,chile,Chile,17237336172.7878
1973,china,China,138764340892
1973,colombia,Colombia,10315760000.3394
1973,cote-d-ivoire,Cote d Ivoire,2508421426.17572
1973,cuba,Cuba,9987709650.18094
1973,denmark,Denmark,30718181337.3006
1973,ecuador,Ecuador,3891754150.23796
1973,ethiopia,Ethiopia,4070570549.8642
1973,finland,Finland,19474098335.1486
1973,france,France,261970536240.424
1973,germany,Germany,399833571167.215
1973,ghana,Ghana,3006766758.43977
1973,greece,Greece,22037019562.7158
1973,guatemala,Guatemala,2569200100
1973,guinea,Guinea,5152080387.55572
1973,haiti,Haiti,466798973.042259
1973,hungary,Hungary,9138292402.1882
1973,iceland,Iceland,1194794186.17552
1973,india,India,85517673172.5513
1973,indonesia,Indonesia,16273253012.0482
1973,iraq,Iraq,5134367778.1446
1973,ireland,Ireland,7481173065.79201
1973,israel,Israel,11895229181.3981
1973,italy,Italy,175896529392.229
1973,japan,Japan,450756970744.018
1973,jordan,Jordan,943783839.718052
1973,kenya,Kenya,2509001324.34591
1973,kuwait,Kuwait,5408804607.3129
1973,luxembourg,Luxembourg,2609875802.11136
1973,madagascar,Madagascar,1653062335.00286
1973,malaysia,Malaysia,7662902677.9027
1973,mali,Mali,563683703.304705
1973,mexico,Mexico,55280000000
1973,morocco,Morocco,6242145880.08876
1973,myanmar,Myanmar,719754655.358964
1973,nepal,Nepal,972101724.995368
1973,netherlands,Netherlands,71946639602.7117
1973,new-zealand,New Zealand,12802281897.8712
1973,niger,Niger,946385105.193732
1973,nigeria,Nigeria,15162871287.1287
1973,norway,Norway,22433660550.1405
1973,oman,Oman,483066990.612417
1973,pakistan,Pakistan,6383429490.21091
1973,panama,Panama,1913793400
1973,peru,Peru,10994381895.1161
1973,philippines,Philippines,11412449735.3056
1973,portugal,Portugal,15090564186.4268
1973,qatar,Qatar,793885559.971313
1973,rwanda,Rwanda,290746157.14969
1973,saudi-arabia,Saudi Arabia,14947435499.323
1973,senegal,Senegal,1863398590.4556
1973,singapore,Singapore,3696213333.33333
1973,south-africa,South Africa,33262772008.1446
1973,spain,Spain,78583355225.5854
1973,sri-lanka,Sri Lanka,2875625000
1973,sudan,Sudan,3077254460.30228
1973,sweden,Sweden,59318842992.2378
1973,switzerland,Switzerland,50296651921.1325
1973,tanzania-united-rep,Tanzania,4144104535.49655
1973,thailand,Thailand,10838587357.7466
1973,tunisia,Tunisia,2730813385.32624
1973,turkiye,Turkey,26000000000
1973,united-arab-emirates,United Arab Emirates,4231243615.86089
1973,united-kingdom,United Kingdom,192537971582.558
1973,united-states,United States,1425376000000
1973,uruguay,Uruguay,3964296443.35254
1973,zambia,Zambia,2434255236.99935
1973,zimbabwe,Zimbabwe,3311043291.61257
1974,algeria,Algeria,13209871625.9044
1974,argentina,Argentina,72436777342.4554
1974,australia,Australia,89086219602.0634
1974,austria,Austria,35051468639.576
1974,bangladesh,Bangladesh,12512460519.7088
1974,belgium,Belgium,56033077879.0389
1974,benin,Benin,554654860.702577
1974,bolivia-plurinational-state-of,Bolivia,2100249875.06247
1974,brazil,Brazil,109794519727.538
1974,burkina-faso,Burkina Faso,751133430.449301
1974,burundi,Burundi,345263492.063492
1974,cameroon,Cameroon,2157415532.54796
1974,canada,Canada,160949188139.059
1974,chad,Chad,652532795.084805
1974,chile,Chile,16584311220.1384
1974,china,China,144418433058.472
1974,colombia,Colombia,12370029583.6419
1974,cote-d-ivoire,Cote d Ivoire,3070152309.21903
1974,cuba,Cuba,11405957317.0732
1974,denmark,Denmark,34125712480.9267
1974,ecuador,Ecuador,6599257044.12414
1974,ethiopia,Ethiopia,4577209966.18358
1974,finland,Finland,24851036710.2568
1974,france,France,282739225313.693
1974,germany,Germany,446934971657.471
1974,ghana,Ghana,2894409937.8882
1974,greece,Greece,24998715909.0909
1974,guatemala,Guatemala,3161499900
1974,guinea,Guinea,5691417541.33871
1974,haiti,Haiti,565399321.520814
1974,hungary,Hungary,10016338178.9993
1974,iceland,Iceland,1568154077.03852
1974,india,India,99526597933.6331
1974,indonesia,Indonesia,25802409638.5542
1974,iraq,Iraq,11516762614.2906
1974,ireland,Ireland,7896860614.98803
1974,israel,Israel,17162009923.7605
1974,italy,Italy,200024444775.231
1974,japan,Japan,500355087138.052
1974,jordan,Jordan,1197483948.68547
1974,kenya,Kenya,2969958812.01648
1974,kuwait,Kuwait,13006948296.2705
1974,luxembourg,Luxembourg,3183637116.81856
1974,madagascar,Madagascar,1917508190.04689
1974,malaysia,Malaysia,9496204301.74981
1974,mali,Mali,538747339.956033
1974,mexico,Mexico,72000000000
1974,morocco,Morocco,7675466449.35531
1974,myanmar,Myanmar,1225589878.06809
1974,nepal,Nepal,1217953546.97604
1974,netherlands,Netherlands,87371810804.1643
1974,new-zealand,New Zealand,13940981798.1247
1974,niger,Niger,1026137110.89309
1974,nigeria,Nigeria,24846641318.1242
1974,norway,Norway,27033413361.7344
1974,oman,Oman,1645917776.49102
1974,pakistan,Pakistan,8899191919.19192
1974,panama,Panama,2188307600
1974,peru,Peru,13858441211.4692
1974,philippines,Philippines,15607882555.2916
1974,portugal,Portugal,17512391475.9274
1974,qatar,Qatar,2401403227.44085
1974,rwanda,Rwanda,308458423.187853
1974,saudi-arabia,Saudi Arabia,45412957746.4789
1974,senegal,Senegal,2099325228.95651
1974,singapore,Singapore,5221534955.64418
1974,south-africa,South Africa,41389186094.5992
1974,spain,Spain,97204522642.0536
1974,sri-lanka,Sri Lanka,3574586466.16541
1974,sudan,Sudan,3958931659.84759
1974,sweden,Sweden,65917634590.2599
1974,switzerland,Switzerland,57963469606.9547
1974,tanzania-united-rep,Tanzania,4977337978.35959
1974,thailand,Thailand,13702998512.4492
1974,tunisia,Tunisia,3545868575.14639
1974,turkiye,Turkey,35414285714.2857
1974,united-arab-emirates,United Arab Emirates,11651505689.4244
1974,united-kingdom,United Kingdom,206131369798.971
1974,united-states,United States,1545243000000
1974,uruguay,Uruguay,4090209681.97172
1974,zambia,Zambia,2910981262.10018
1974,zimbabwe,Zimbabwe,3984194614.19552
1975,algeria,Algeria,15557902754.033
1975,argentina,Argentina,52438647921.9226
1975,australia,Australia,97440939505.6671
1975,austria,Austria,39902300703.1682
1975,bangladesh,Bangladesh,19448348073.4565
1975,belgium,Belgium,65678189097.2908
1975,benin,Benin,676870140.341529
1975,bolivia-plurinational-state-of,Bolivia,2404697651.17441
1975,brazil,Brazil,129203555238.827
1975,burkina-faso,Burkina Faso,939972703.463021
1975,burundi,Burundi,420986666.666667
1975,cambodia,Cambodia,749129748.150633
1975,cameroon,Cameroon,2857037371.05886
1975,canada,Canada,174419757176.563
1975,chad,Chad,864602104.679653
1975,chile,Chile,7812161793.11971
1975,china,China,163687619735.857
1975,colombia,Colombia,13098633901.8673
1975,cote-d-ivoire,Cote d Ivoire,3893839190.26806
1975,cuba,Cuba,13027415243.9024
1975,cyprus,Cyprus,489912574.305146
1975,denmark,Denmark,40418967665.5877
1975,ecuador,Ecuador,7731674472.07212
1975,ethiopia,Ethiopia,4577047854.10628
1975,finland,Finland,29475251333.4411
1975,france,France,357324307786.446
1975,germany,Germany,492434094920.105
1975,ghana,Ghana,2810106382.97872
1975,greece,Greece,28129128586.61
1975,guatemala,Guatemala,3645900000
1975,guinea,Guinea,6102769605.43001
1975,haiti,Haiti,681400000
1975,hungary,Hungary,11420392514.6172
1975,iceland,Iceland,1456052700.06506
1975,india,India,98473832017.3242
1975,indonesia,Indonesia,30463855421.6867
1975,iraq,Iraq,13458516762.6143
1975,ireland,Ireland,9483808362.36934
1975,israel,Israel,16131806290.2529
1975,italy,Italy,228220643534.994
1975,japan,Japan,544082569363.602
1975,jordan,Jordan,1363073497.77355
1975,kenya,Kenya,3259345083.26283
1975,kuwait,Kuwait,12022811620.7867
1975,luxembourg,Luxembourg,3123333333.33333
1975,madagascar,Madagascar,2283049215.35339
1975,malaysia,Malaysia,9298800799.46702
1975,mali,Mali,830710615.179954
1975,mexico,Mexico,88000000000
1975,morocco,Morocco,8984853005.08058
1975,myanmar,Myanmar,1061107353.67232
1975,nepal,Nepal,1575789254.46938
1975,netherlands,Netherlands,100397061693.97
1975,new-zealand,New Zealand,12861983284.3912
1975,niger,Niger,1048690933.21027
1975,nigeria,Nigeria,27778934624.6973
1975,norway,Norway,32742543381.3542
1975,oman,Oman,2096699189.34569
1975,pakistan,Pakistan,11230606060.6061
1975,panama,Panama,2435304100
1975,peru,Peru,16931162355.4802
1975,philippines,Philippines,16875240683.5083
1975,portugal,Portugal,19347607843.1373
1975,qatar,Qatar,2512773165.81173
1975,rwanda,Rwanda,571863500.256072
1975,saudi-arabia,Saudi Arabia,46773208642.6814
1975,senegal,Senegal,2830388404.8977
1975,singapore,Singapore,5633673929.99302
1975,south-africa,South Africa,42906905672.42
1975,spain,Spain,114695060869.565
1975,sri-lanka,Sri Lanka,3791298145.50642
1975,sudan,Sudan,4823090191.91008
1975,sweden,Sweden,82765232647.753
1975,switzerland,Switzerland,66452559175.6092
1975,tanzania-united-rep,Tanzania,5729917839.54264
1975,thailand,Thailand,14882770593.9796
1975,tunisia,Tunisia,4328965587.53266
1975,turkiye,Turkey,46042857142.8571
1975,united-arab-emirates,United Arab Emirates,14720729969.1197
1975,united-kingdom,United Kingdom,241756637168.142
1975,united-states,United States,1684904000000
1975,uruguay,Uruguay,3538278046.96236
1975,zambia,Zambia,2442672140.947
1975,zimbabwe,Zimbabwe,4373532601.15703
1976,algeria,Algeria,17728240932.3158
1976,argentina,Argentina,51169499892.1722
1976,australia,Australia,105209354855.787
1976,austria,Austria,42791707448.0325
1976,bangladesh,Bangladesh,10117113333.3333
1976,belgium,Belgium,71113882967.6071
1976,benin,Benin,698408261.922237
1976,bolivia-plurinational-state-of,Bolivia,2731984007.996
1976,brazil,Brazil,153168949208.207
1976,burkina-faso,Burkina Faso,976547188.054778
1976,burundi,Burundi,448412753.623188
1976,cambodia,Cambodia,790357254.540309
1976,cameroon,Cameroon,2898090001.8562
1976,canada,Canada,207271612576.065
1976,chad,Chad,866044962.016274
1976,chile,Chile,10523479088.8075
1976,china,China,154196810058.643
1976,colombia,Colombia,15341403660.4698
1976,cote-d-ivoire,Cote d Ivoire,4662053824.83955
1976,cuba,Cuba,13789579902.5579
1976,cyprus,Cyprus,576090073.715036
1976,denmark,Denmark,44503607444.1687
1976,ecuador,Ecuador,9091921030.17345
1976,ethiopia,Ethiopia,4943806093.23672
1976,finland,Finland,31852352669.6415
1976,france,France,368363152144.223
1976,germany,Germany,521658712132.981
1976,ghana,Ghana,2765254237.28814
1976,greece,Greece,30719552238.806
1976,guatemala,Guatemala,4365300200
1976,guinea,Guinea,6762781870.6211
1976,haiti,Haiti,879000000
1976,hungary,Hungary,13235612078.8396
1976,iceland,Iceland,1727845419.11401
1976,india,India,102716451979.68
1976,indonesia,Indonesia,37269156626.506
1976,iraq,Iraq,17754825601.0836
1976,ireland,Ireland,9453756014.71837
1976,israel,Israel,15946502888.1062
1976,italy,Italy,225235205861.828
1976,japan,Japan,611495350303.909
1976,jordan,Jordan,1708521219.46003
1976,kenya,Kenya,3474542391.69992
1976,kuwait,Kuwait,13132252801.9372
1976,luxembourg,Luxembourg,3423586206.89655
1976,madagascar,Madagascar,2181844178.5534
1976,malaysia,Malaysia,11050234598.6249
1976,mali,Mali,939228017.24779
1976,mexico,Mexico,88875923765.072
1976,morocco,Morocco,9584297284.28316
1976,myanmar,Myanmar,1204699849.12592
1976,nepal,Nepal,1452788984.86265
1976,netherlands,Netherlands,109329386564.427
1976,new-zealand,New Zealand,13604832424.0062
1976,niger,Niger,1064517601.29025
1976,nigeria,Nigeria,36308883248.731
1976,norway,Norway,35815449463.9421
1976,oman,Oman,2560220034.74233
1976,pakistan,Pakistan,13168080808.0808
1976,panama,Panama,2588106000
1976,peru,Peru,16131958850.6444
1976,philippines,Philippines,19381055197.2794
1976,portugal,Portugal,20332831564.9867
1976,qatar,Qatar,3284273986.71808
1976,rwanda,Rwanda,637753853.133788
1976,saudi-arabia,Saudi Arabia,64005665722.3796
1976,senegal,Senegal,2869777884.45166
1976,singapore,Singapore,6327077974.10703
1976,south-africa,South Africa,41150460287.6151
1976,spain,Spain,118422534195.474
1976,sri-lanka,Sri Lanka,3591319857.31272
1976,sudan,Sudan,6013210815.66115
1976,sweden,Sweden,89232517045.8459
1976,switzerland,Switzerland,69508364538.3261
1976,tanzania-united-rep,Tanzania,6472511987.84735
1976,thailand,Thailand,16985208648.2112
1976,tunisia,Tunisia,4508191942.16081
1976,turkiye,Turkey,51450000000
1976,united-arab-emirates,United Arab Emirates,19213212475.0768
1976,united-kingdom,United Kingdom,232614555256.065
1976,united-states,United States,1873412000000
1976,uruguay,Uruguay,3667161241.48372
1976,zambia,Zambia,2742859262.9794
1976,zimbabwe,Zimbabwe,4320576876.79177
1977,algeria,Algeria,20972113684.9558
1977,argentina,Argentina,56781000101.0848
1977,australia,Australia,110504702913.512
1977,austria,Austria,51343861460.328
1977,bangladesh,Bangladesh,9651149301.8746
1977,belgium,Belgium,82839905458.6382
1977,benin,Benin,750049778.84069
1977,bolivia-plurinational-state-of,Bolivia,3227436281.85907
1977,brazil,Brazil,176344101401.941
1977,burkina-faso,Burkina Faso,1131224878.18865
1977,burundi,Burundi,547535555.555556
1977,cambodia,Cambodia,716261764.498093
1977,cameroon,Cameroon,3394664024.05503
1977,canada,Canada,212325176304.654
1977,chad,Chad,935360464.701341
1977,chile,Chile,14272711436.7475
1977,china,China,175226595859.778
1977,colombia,Colombia,19470960619.1297
1977,cote-d-ivoire,Cote d Ivoire,6265068189.37782
1977,cuba,Cuba,14206158674.6988
1977,cyprus,Cyprus,734876021.128049
1977,denmark,Denmark,49711709588.2196
1977,ecuador,Ecuador,11026342618.1141
1977,ethiopia,Ethiopia,5651840584.54106
1977,finland,Finland,33502784417.884
1977,france,France,406401711687.617
1977,germany,Germany,602698323085.993
1977,ghana,Ghana,3189428571.42857
1977,greece,Greece,35673080481.0361
1977,guatemala,Guatemala,5480500200
1977,guinea,Guinea,6914381290.57116
1977,haiti,Haiti,947000000
1977,hungary,Hungary,14783674054.829
1977,iceland,Iceland,2285707748.78061
1977,india,India,121486641441.309
1977,indonesia,Indonesia,45808915662.6506
1977,iraq,Iraq,19838130714.5276
1977,ireland,Ireland,11248340431.3779
1977,israel,Israel,18245847440.8558
1977,italy,Italy,258190019749.835
1977,japan,Japan,752590681821.906
1977,jordan,Jordan,2096778602.16785
1977,kenya,Kenya,4494378764.32011
1977,kuwait,Kuwait,14137406740.5065
1977,luxembourg,Luxembourg,3789321328.08104
1977,madagascar,Madagascar,2358930406.0689
1977,malaysia,Malaysia,13139488632.5546
1977,mali,Mali,1049838548.10919
1977,mexico,Mexico,81912018783.5024
1977,morocco,Morocco,11049783871.8144
1977,myanmar,Myanmar,873579931.929901
1977,nepal,Nepal,1382400000
1977,netherlands,Netherlands,127203923857.412
1977,new-zealand,New Zealand,15446825318.4556
1977,niger,Niger,1291458041.46193
1977,nigeria,Nigeria,36035407725.3219
1977,norway,Norway,41362637362.6374
1977,oman,Oman,2741169947.88651
1977,pakistan,Pakistan,15126060606.0606
1977,panama,Panama,2738261900
1977,peru,Peru,14544913960.5062
1977,philippines,Philippines,22283109803.3521
1977,portugal,Portugal,21439523310.6338
1977,qatar,Qatar,3617564637.88865
1977,rwanda,Rwanda,746650613.044475
1977,saudi-arabia,Saudi Arabia,74188986586.0629
1977,senegal,Senegal,2938046462.7098
1977,singapore,Singapore,6618585073.66035
1977,south-africa,South Africa,45328411332.1028
1977,spain,Spain,132354665936.473
1977,sri-lanka,Sri Lanka,4104509582.86359
1977,sudan,Sudan,7499005639.37649
1977,sweden,Sweden,94331782622.2778
1977,switzerland,Switzerland,74237819013.938
1977,tanzania-united-rep,Tanzania,7732598995.10303
1977,thailand,Thailand,19779312261.3155
1977,tunisia,Tunisia,5109324009.32401
1977,turkiye,Turkey,58683333333.3333
1977,united-arab-emirates,United Arab Emirates,24871660291.7912
1977,united-kingdom,United Kingdom,263066457352.172
1977,united-states,United States,2081826000000
1977,uruguay,Uruguay,4114670014.3472
1977,zambia,Zambia,2515296939.60686
1977,zimbabwe,Zimbabwe,4366610468.65438
1978,algeria,Algeria,26364491313.4471
1978,argentina,Argentina,89049453088.3282
1978,australia,Australia,118660813779.849
1978,austria,Austria,61809208755.804
1978,bangladesh,Bangladesh,13281767142.8571
1978,belgium,Belgium,101246526194.441
1978,benin,Benin,928843469.431727
1978,bolivia-plurinational-state-of,Bolivia,3758220889.55522
1978,brazil,Brazil,200278646123.581
1978,burkina-faso,Burkina Faso,1475583644.93614
1978,burundi,Burundi,610225555.555556
1978,cambodia,Cambodia,766642356.138135
1978,cameroon,Cameroon,4662852583.13256
1978,canada,Canada,219369542386.254
1978,chad,Chad,1113920123.76723
1978,chile,Chile,16373093553.7155
1978,china,China,149788617886.179
1978,colombia,Colombia,23263511958.0509
1978,cote-d-ivoire,Cote d Ivoire,7900526298.31993
1978,cuba,Cuba,17844705324.6753
1978,cyprus,Cyprus,964024364.43274
1978,denmark,Denmark,60320089217.713
1978,ecuador,Ecuador,11922497876.4828
1978,ethiopia,Ethiopia,6014961434.78261
1978,finland,Finland,36259392057.7617
1978,france,France,501724418604.651
1978,germany,Germany,743182891918.208
1978,ghana,Ghana,3662478184.99127
1978,greece,Greece,43654480519.4805
1978,guatemala,Guatemala,6070600200
1978,guinea,Guinea,8087305999.0597
1978,haiti,Haiti,974200000
1978,hungary,Hungary,17286744153.707
1978,iceland,Iceland,2599627088.63561
1978,india,India,137302319828.995
1978,indonesia,Indonesia,51455719075.8254
1978,iraq,Iraq,23762275651.8794
1978,ireland,Ireland,14647996073.6937
1978,israel,Israel,17690363444.4881
1978,italy,Italy,315784469541.41
1978,japan,Japan,1057419758047
1978,jordan,Jordan,2602208588.95706
1978,kenya,Kenya,5303735110.55151
1978,kuwait,Kuwait,15503557496.1916
1978,luxembourg,Luxembourg,4718539771.99949
1978,madagascar,Madagascar,2669755115.10935
1978,malaysia,Malaysia,16358079862.1096
1978,mali,Mali,1222702572.84699
1978,mexico,Mexico,102648570299.117
1978,morocco,Morocco,13236946233.5759
1978,myanmar,Myanmar,935408774.951918
1978,nepal,Nepal,1604162497.45945
1978,netherlands,Netherlands,156089077205.133
1978,new-zealand,New Zealand,18530518394.6488
1978,niger,Niger,1774365589.70815
1978,nigeria,Nigeria,36527862208.7133
1978,norway,Norway,46355988783.5492
1978,oman,Oman,2740301389.69311
1978,pakistan,Pakistan,17811515151.5152
1978,panama,Panama,3244558600
1978,peru,Peru,12491876742.9708
1978,philippines,Philippines,25762224562.6316
1978,portugal,Portugal,23487614051.0949
1978,qatar,Qatar,4052000412.70087
1978,rwanda,Rwanda,905709076.434772
1978,saudi-arabia,Saudi Arabia,80266516686.5614
1978,senegal,Senegal,3280354920.8516
1978,singapore,Singapore,7517176354.84135
1978,south-africa,South Africa,51607412901.8532
1978,spain,Spain,160484969618.056
1978,sri-lanka,Sri Lanka,2733183856.50224
1978,sudan,Sudan,8128719315.0792
1978,sweden,Sweden,104290933495.629
1978,switzerland,Switzerland,103821687919.463
1978,tanzania-united-rep,Tanzania,9261675709.83072
1978,thailand,Thailand,24006566636.6855
1978,tunisia,Tunisia,5968460080.1113
1978,turkiye,Turkey,65912500000
1978,united-arab-emirates,United Arab Emirates,23775718541.3171
1978,united-kingdom,United Kingdom,335883029721.956
1978,united-states,United States,2351599000000
1978,uruguay,Uruguay,4910254565.57831
1978,zambia,Zambia,2811032472.93922
1978,zimbabwe,Zimbabwe,4353822342.61788
1979,algeria,Algeria,33243706859.6596
1979,argentina,Argentina,69252328951.6441
1979,australia,Australia,135093718050.665
1979,austria,Austria,73647694287.1848
1979,bangladesh,Bangladesh,15565480321.9448
1979,belgium,Belgium,116315456796.918
1979,benin,Benin,1186231019.82044
1979,bolivia-plurinational-state-of,Bolivia,4421336382.94397
1979,brazil,Brazil,221338204480.222
1979,burkina-faso,Burkina Faso,1748480620.52397
1979,burundi,Burundi,782496666.666667
1979,cambodia,Cambodia,723738502.67823
1979,cameroon,Cameroon,5919002982.602
1979,canada,Canada,243891124295.715
1979,chad,Chad,1004316496.35051
1979,chile,Chile,22249574627.6911
1979,china,China,178573913043.478
1979,colombia,Colombia,27940411250.2732
1979,cote-d-ivoire,Cote d Ivoire,9142933966.79465
1979,cuba,Cuba,19584443287.6712
1979,cyprus,Cyprus,1288699776.05059
1979,denmark,Denmark,70393030602.547
1979,ecuador,Ecuador,14175160902.0721
1979,ethiopia,Ethiopia,6586048398.06763
1979,finland,Finland,44469218439.9328
1979,france,France,608218624730.188
1979,germany,Germany,884574218333.155
1979,ghana,Ghana,4020227920.22792
1979,greece,Greece,53724121435.1426
1979,guatemala,Guatemala,6902600200
1979,guinea,Guinea,8877094497.44971
1979,haiti,Haiti,1080600000
1979,hungary,Hungary,19959731324.801
1979,iceland,Iceland,2953176971.07204
1979,india,India,152995442497.709
1979,indonesia,Indonesia,51400186342.8889
1979,iraq,Iraq,37816457839.4853
1979,ireland,Ireland,18319334300.4513
1979,israel,Israel,22595788590.6104
1979,italy,Italy,394584507107.9
1979,japan,Japan,1100608979757.23
1979,jordan,Jordan,3271368780.65347
1979,kenya,Kenya,6234391113.46434
1979,kuwait,Kuwait,24749063922.4796
1979,luxembourg,Luxembourg,5516982663.73143
1979,madagascar,Madagascar,3463565853.81023
1979,malaysia,Malaysia,21213264962.0141
1979,mali,Mali,1595422955.64433
1979,mexico,Mexico,134531900898.926
1979,morocco,Morocco,15911994817.3107
1979,myanmar,Myanmar,952265043.438383
1979,nepal,Nepal,1851250008.33333
1979,netherlands,Netherlands,179933827309.678
1979,new-zealand,New Zealand,20731243113.2926
1979,niger,Niger,2109277665.69912
1979,nigeria,Nigeria,47259911894.2731
1979,norway,Norway,52935763511.779
1979,oman,Oman,3733352634.62652
1979,pakistan,Pakistan,19688383838.3838
1979,panama,Panama,3704551600
1979,peru,Peru,15954012439.1662
1979,philippines,Philippines,31218296292.1295
1979,portugal,Portugal,26622819672.1311
1979,qatar,Qatar,5632962996.82641
1979,rwanda,Rwanda,1109346130.96703
1979,saudi-arabia,Saudi Arabia,111858444786.224
1979,senegal,Senegal,4084877822.91679
1979,singapore,Singapore,9296921723.83465
1979,south-africa,South Africa,63038658088.9121
1979,spain,Spain,214448666336.143
1979,sri-lanka,Sri Lanka,3364611432.24149
1979,sudan,Sudan,8418407786.60599
1979,sweden,Sweden,123207527699.377
1979,switzerland,Switzerland,116702524207.614
1979,tanzania-united-rep,Tanzania,9804637490.81892
1979,thailand,Thailand,27371650824.5092
1979,tunisia,Tunisia,7188863903.63675
1979,turkiye,Turkey,89616129032.2581
1979,united-arab-emirates,United Arab Emirates,31225557021.8735
1979,united-kingdom,United Kingdom,438994070309.191
1979,united-states,United States,2627333000000
1979,uruguay,Uruguay,7181182224.11227
1979,zambia,Zambia,3353445378.15126
1979,zimbabwe,Zimbabwe,5180102910.1171
1980,albania,Albania,1578102105.26316
1980,algeria,Algeria,42345829079.2062
1980,angola,Angola,5930503400.9626
1980,argentina,Argentina,76961923741.0701
1980,australia,Australia,150200557103.064
1980,austria,Austria,81737498404.5948
1980,bangladesh,Bangladesh,18138049095.6072
1980,belgium,Belgium,126829314388.191
1980,benin,Benin,1405251846.54048
1980,bolivia-plurinational-state-of,Bolivia,4537479608.48287
1980,brazil,Brazil,237393489892.637
1980,bulgaria,Bulgaria,20039544133.0458
1980,burkina-faso,Burkina Faso,1928719888.20688
1980,burundi,Burundi,919726666.666667
1980,cambodia,Cambodia,744384129.707563
1980,cameroon,Cameroon,6674569046.6832
1980,canada,Canada,274776566028.053
1980,chad,Chad,1033002403.85304
1980,chile,Chile,29586676576.0951
1980,china,China,191487500000
1980,colombia,Colombia,33400735644.0481
1980,cote-d-ivoire,Cote d Ivoire,10175617609.0962
1980,cuba,Cuba,19912889861.1111
1980,cyprus,Cyprus,2154311276.94859
1980,denmark,Denmark,70811287815.6106
1980,ecuador,Ecuador,17881508242.4481
1980,ethiopia,Ethiopia,7012585454.10628
1980,finland,Finland,53649984061.205
1980,france,France,694529183483.39
1980,germany,Germany,953772499462.019
1980,ghana,Ghana,4445228215.76763
1980,greece,Greece,56039256594.7242
1980,guatemala,Guatemala,7878700000
1980,guinea,Guinea,9746524915.08071
1980,haiti,Haiti,1383800000
1980,hungary,Hungary,23116977148.0216
1980,iceland,Iceland,3499616683.34167
1980,india,India,186328579302.068
1980,indonesia,Indonesia,72482337397.4439
1980,iraq,Iraq,52569000000
1980,ireland,Ireland,21747855640.0712
1980,israel,Israel,25379585067.0486
1980,italy,Italy,478356755595.749
1980,japan,Japan,1153159955513.08
1980,jordan,Jordan,3910044474.28044
1980,kenya,Kenya,7265315820.20777
1980,kuwait,Kuwait,28638868355.9196
1980,luxembourg,Luxembourg,6019805490.41247
1980,madagascar,Madagascar,5201818347.79882
1980,malawi,Malawi,1801156774.56852
1980,malaysia,Malaysia,24488224677.2105
1980,mali,Mali,2704362788.89611
1980,mexico,Mexico,205577055465.993
1980,mongolia,Mongolia,2101394100
1980,morocco,Morocco,21728516153.0907
1980,myanmar,Myanmar,1038225167.05882
1980,nepal,Nepal,1945916583.33333
1980,netherlands,Netherlands,195439301706.939
1980,new-zealand,New Zealand,23244547384.6748
1980,niger,Niger,2508524720.71895
1980,nigeria,Nigeria,64201788122.6054
1980,norway,Norway,64176789763.5245
1980,oman,Oman,5981760277.93862
1980,pakistan,Pakistan,23654444444.4444
1980,panama,Panama,4614086400
1980,peru,Peru,18136838537.725
1980,philippines,Philippines,36848080898.8112
1980,portugal,Portugal,32896519823.7885
1980,qatar,Qatar,7837915956.03679
1980,rwanda,Rwanda,1254765641.53743
1980,saudi-arabia,Saudi Arabia,164539660725.118
1980,senegal,Senegal,4510108290.69571
1980,singapore,Singapore,11896256782.8566
1980,south-africa,South Africa,89411864402.4272
1980,spain,Spain,232600556973.776
1980,sri-lanka,Sri Lanka,4024621899.57653
1980,sudan,Sudan,8951800000
1980,sweden,Sweden,141886067003.972
1980,switzerland,Switzerland,124404609416.96
1980,tanzania-united-rep,Tanzania,11409228086.7463
1980,thailand,Thailand,32353514988.7287
1980,tunisia,Tunisia,8744134354.16152
1980,turkiye,Turkey,68823684210.5263
1980,united-arab-emirates,United Arab Emirates,43599134193.0959
1980,united-kingdom,United Kingdom,564947710899.373
1980,united-states,United States,2857307000000
1980,uruguay,Uruguay,10163020115.7344
1980,zambia,Zambia,3884530853.76162
1980,zimbabwe,Zimbabwe,6682278300.2622
1981,albania,Albania,1808177156.17716
1981,algeria,Algeria,44348590460.9288
1981,angola,Angola,5550483035.96494
1981,argentina,Argentina,78676842366.5529
1981,australia,Australia,177151979565.773
1981,austria,Austria,70755997062.3812
1981,bangladesh,Bangladesh,20249694002.448
1981,belgium,Belgium,104730018470.23
1981,benin,Benin,1291120188.43104
1981,bolivia-plurinational-state-of,Bolivia,5891598694.9429
1981,brazil,Brazil,258015174748.648
1981,bulgaria,Bulgaria,20055685480.8231
1981,burkina-faso,Burkina Faso,1775842333.57042
1981,burundi,Burundi,969046666.666667
1981,cambodia,Cambodia,815153652.415596
1981,cameroon,Cameroon,6610938616.6643
1981,canada,Canada,307246642755.859
1981,chad,Chad,876937558.273757
1981,chile,Chile,35180322211.2903
1981,china,China,196218253968.254
1981,colombia,Colombia,36388366869.0309
1981,cote-d-ivoire,Cote d Ivoire,8432589942.39434
1981,cuba,Cuba,20150254096.3855
1981,cyprus,Cyprus,2087496373.77964
1981,denmark,Denmark,61459941460.5385
1981,ecuador,Ecuador,21810759353.7304
1981,ethiopia,Ethiopia,7507663566.66667
1981,finland,Finland,52440066133.9212
1981,france,France,609184791792.396
1981,germany,Germany,803404797057.551
1981,ghana,Ghana,4222441860.46512
1981,greece,Greece,51618456334.5633
1981,guatemala,Guatemala,8607500300
1981,guinea,Guinea,9646440666.52864
1981,haiti,Haiti,1479400000
1981,hungary,Hungary,23705883891.9445
1981,iceland,Iceland,3615094820.1877
1981,india,India,193491368445.573
1981,indonesia,Indonesia,85518233419.0479
1981,iraq,Iraq,37823000000
1981,ireland,Ireland,20670190138.1671
1981,israel,Israel,26865420933.4396
1981,italy,Italy,431695533980.583
1981,japan,Japan,1271443597066.78
1981,jordan,Jordan,4383944702.85958
1981,kenya,Kenya,6854491705.88377
1981,kuwait,Kuwait,25058020338.2535
1981,luxembourg,Luxembourg,5053665797.47936
1981,madagascar,Madagascar,4759333998.36746
1981,malawi,Malawi,1801193909.52073
1981,malaysia,Malaysia,25004285791.7865
1981,mali,Mali,2234583940.38676
1981,mexico,Mexico,263797827860.494
1981,mongolia,Mongolia,2310099100
1981,morocco,Morocco,17788185478.944
1981,myanmar,Myanmar,1111000765.28987
1981,nepal,Nepal,2275583316.66667
1981,netherlands,Netherlands,164375775854.456
1981,new-zealand,New Zealand,24417617184.2478
1981,niger,Niger,2170893414.3888
1981,nigeria,Nigeria,164475209515.939
1981,norway,Norway,63392804251.2414
1981,oman,Oman,7259120150.55009
1981,pakistan,Pakistan,28100606060.6061
1981,panama,Panama,5222421500
1981,peru,Peru,21648214892.8828
1981,philippines,Philippines,40499388869.1271
1981,portugal,Portugal,31977276872.9642
1981,qatar,Qatar,8672527472.52747
1981,rwanda,Rwanda,1407062526.93345
1981,saudi-arabia,Saudi Arabia,184291360138.69
1981,senegal,Senegal,4095892780.58289
1981,singapore,Singapore,14175228843.6391
1981,south-africa,South Africa,93141472163.7596
1981,spain,Spain,202663023968.283
1981,sri-lanka,Sri Lanka,4415844155.84416
1981,sudan,Sudan,10753888154.2798
1981,sweden,Sweden,129498921475.688
1981,switzerland,Switzerland,113936168923.735
1981,tanzania-united-rep,Tanzania,13161540377.5792
1981,thailand,Thailand,34846039193.6131
1981,tunisia,Tunisia,8428445294.08429
1981,turkiye,Turkey,71180180180.1802
1981,united-arab-emirates,United Arab Emirates,49333471894.9853
1981,united-kingdom,United Kingdom,540765675241.158
1981,united-states,United States,3207041000000
1981,uruguay,Uruguay,11048301420.6301
1981,zambia,Zambia,4008126497.36464
1981,zimbabwe,Zimbabwe,8015464251.71692
1982,albania,Albania,1861163170.16317
1982,algeria,Algeria,45207167470.3497
1982,angola,Angola,5550483035.96494
1982,argentina,Argentina,84307486836.724
1982,australia,Australia,194323071830.52
1982,austria,Austria,70996111962.5716
1982,bangladesh,Bangladesh,18525399201.5968
1982,belgium,Belgium,92095926187.5331
1982,benin,Benin,1267778670.35902
1982,bolivia-plurinational-state-of,Bolivia,5594126368.90981
1982,brazil,Brazil,271314113768.417
1982,bulgaria,Bulgaria,19803624625.386
1982,burkina-faso,Burkina Faso,1754450096.23721
1982,burundi,Burundi,1013222222.22222
1982,cambodia,Cambodia,865516039.800558
1982,cameroon,Cameroon,6611255963.83584
1982,canada,Canada,314647807408.608
1982,chad,Chad,834369859.663018
1982,chile,Chile,19710229067.2864
1982,china,China,205480916030.534
1982,colombia,Colombia,38968039721.748
1982,cote-d-ivoire,Cote d Ivoire,7567110848.92228
1982,cuba,Cuba,20953510235.2941
1982,cyprus,Cyprus,2159242416.76942
1982,denmark,Denmark,60084214872.0657
1982,ecuador,Ecuador,19929846396.4239
1982,ethiopia,Ethiopia,7899988840.57971
1982,finland,Finland,52784013815.2214
1982,france,France,578152310609.841
1982,germany,Germany,779421633755.138
1982,ghana,Ghana,4035994397.7591
1982,greece,Greece,53858346938.7755
1982,guatemala,Guatemala,8716999700
1982,guinea,Guinea,11926032493.4301
1982,haiti,Haiti,1474200000
1982,hungary,Hungary,24141667188.0517
1982,iceland,Iceland,3318714326.1952
1982,india,India,200715624830.902
1982,indonesia,Indonesia,90158449294.9921
1982,iraq,Iraq,42382333333.3333
1982,ireland,Ireland,21474752962.2178
1982,israel,Israel,29237231967.3021
1982,italy,Italy,428257421617.752
1982,japan,Japan,1183132285328.17
1982,jordan,Jordan,4681240992.70338
1982,kenya,Kenya,6431579356.95926
1982,kuwait,Kuwait,21577153356.4192
1982,luxembourg,Luxembourg,4602316793.21914
1982,madagascar,Madagascar,4784977325.95803
1982,malawi,Malawi,1717379494.63245
1982,malaysia,Malaysia,26804493635.3297
1982,mali,Mali,1680304773.44143
1982,mexico,Mexico,184602611609.517
1982,mongolia,Mongolia,2552401933.33333
1982,morocco,Morocco,17692276734.171
1982,myanmar,Myanmar,1481165467.83214
1982,nepal,Nepal,2395423741.79762
1982,netherlands,Netherlands,158712765536.024
1982,new-zealand,New Zealand,24164603058.9949
1982,niger,Niger,2017612215.97935
1982,nigeria,Nigeria,142769363314.176
1982,norway,Norway,62453362255.9653
1982,oman,Oman,7554719455.70353
1982,pakistan,Pakistan,30725971563.981
1982,panama,Panama,5769767900
1982,peru,Peru,21794535621.216
1982,philippines,Philippines,42206011275.1757
1982,portugal,Portugal,30527754793.1382
1982,qatar,Qatar,7611263736.26374
1982,rwanda,Rwanda,1407243139.27274
1982,saudi-arabia,Saudi Arabia,153240313858.323
1982,senegal,Senegal,4013951442.67081
1982,singapore,Singapore,16084252378.473
1982,south-africa,South Africa,85904057409.3585
1982,spain,Spain,195856752991.065
1982,sri-lanka,Sri Lanka,4768765016.81884
1982,sudan,Sudan,8732542273.73424
1982,sweden,Sweden,114214731798.937
1982,switzerland,Switzerland,116776899472.984
1982,tanzania-united-rep,Tanzania,13927383239.8322
1982,thailand,Thailand,36589772403.7566
1982,tunisia,Tunisia,8133580051.70251
1982,turkiye,Turkey,64369325153.3742
1982,united-arab-emirates,United Arab Emirates,46622715280.796
1982,united-kingdom,United Kingdom,515048916841.37
1982,united-states,United States,3343789000000
1982,uruguay,Uruguay,9178780076.99713
1982,zambia,Zambia,3871117092.86676
1982,zimbabwe,Zimbabwe,8544060905.16113
1983,albania,Albania,1881412587.41259
1983,algeria,Algeria,48801369800.3675
1983,angola,Angola,5784341596.36339
1983,argentina,Argentina,103979106777.911
1983,australia,Australia,177523719680.081
1983,austria,Austria,71838528420.4075
1983,bangladesh,Bangladesh,17609048821.5488
1983,belgium,Belgium,87184239053.2544
1983,benin,Benin,1095348199.43911
1983,bolivia-plurinational-state-of,Bolivia,5422656823.38212
1983,brazil,Brazil,189656506321.431
1983,bulgaria,Bulgaria,16959180921.5167
1983,burkina-faso,Burkina Faso,1600278605.25465
1983,burundi,Burundi,1082926304.46477
1983,cambodia,Cambodia,939291262.100055
1983,cameroon,Cameroon,6870200009.90065
1983,canada,Canada,341866277182.733
1983,chad,Chad,832415806.010064
1983,chile,Chile,20629678694.0684
1983,china,China,231130268199.234
1983,colombia,Colombia,38729822781.5997
1983,cote-d-ivoire,Cote d Ivoire,6838184772.52063
1983,cuba,Cuba,22204940512.2235
1983,cyprus,Cyprus,2160364071.19021
1983,denmark,Denmark,60331158447.2389
1983,ecuador,Ecuador,17152477036.5005
1983,ethiopia,Ethiopia,8781664427.05314
1983,finland,Finland,50956447480.7857
1983,france,France,553356312935.709
1983,germany,Germany,773507930294.906
1983,ghana,Ghana,4057275132.27513
1983,greece,Greece,48741397058.8235
1983,guatemala,Guatemala,9050000400
1983,guinea,Guinea,15129893722.3449
1983,haiti,Haiti,1623600000
1983,hungary,Hungary,21910365258.2514
1983,iceland,Iceland,2862634163.62085
1983,india,India,218262146413.158
1983,indonesia,Indonesia,81052283383.7155
1983,iraq,Iraq,40712903225.8064
1983,ireland,Ireland,20766047763.5314
1983,israel,Israel,32655591256.2516
1983,italy,Italy,444063496940.337
1983,japan,Japan,1297622008229.49
1983,jordan,Jordan,4920692190.95569
1983,kenya,Kenya,5979198313.76093
1983,kuwait,Kuwait,20871081080.1538
1983,luxembourg,Luxembourg,4524217751.47929
1983,madagascar,Madagascar,4686457031.2269
1983,malawi,Malawi,1780148049.43635
1983,malaysia,Malaysia,30347442110.9316
1983,mali,Mali,1496616126.58634
1983,mexico,Mexico,156167000432.994
1983,mongolia,Mongolia,2725736633.33333
1983,morocco,Morocco,16251408127.5735
1983,myanmar,Myanmar,1381573615.2513
1983,nepal,Nepal,2447174803.37791
1983,netherlands,Netherlands,153671294108.563
1983,new-zealand,New Zealand,24309279705.5731
1983,niger,Niger,1803099561.20046
1983,nigeria,Nigeria,97094911792.0489
1983,norway,Norway,61417685433.9126
1983,oman,Oman,7932541690.79328
1983,pakistan,Pakistan,28691889763.7795
1983,panama,Panama,5923755900
1983,peru,Peru,17345260564.4824
1983,philippines,Philippines,37759179894.5298
1983,portugal,Portugal,27239650741.9472
1983,qatar,Qatar,6484890109.89011
1983,rwanda,Rwanda,1479687586.9621
1983,saudi-arabia,Saudi Arabia,129171635311.143
1983,senegal,Senegal,3569356124.93159
1983,singapore,Singapore,17784112149.5327
1983,south-africa,South Africa,96204110941.5672
1983,spain,Spain,170829074245.94
1983,sri-lanka,Sri Lanka,5167913302.16745
1983,sudan,Sudan,8230153846.15385
1983,sweden,Sweden,104862109663.367
1983,switzerland,Switzerland,116361728836.168
1983,tanzania-united-rep,Tanzania,14049883809.0089
1983,thailand,Thailand,40042798388.4951
1983,tunisia,Tunisia,8350582747.83541
1983,turkiye,Turkey,61803555555.5556
1983,united-arab-emirates,United Arab Emirates,42803373389.6704
1983,united-kingdom,United Kingdom,489618008185.539
1983,united-states,United States,3634038000000
1983,uruguay,Uruguay,5102276308.45313
1983,zambia,Zambia,3321048451.15171
1983,zimbabwe,Zimbabwe,7768031181.67262
1984,albania,Albania,1857337995.338
1984,algeria,Algeria,53698548293.0745
1984,angola,Angola,6131475065.17815
1984,argentina,Argentina,116915052107.031
1984,australia,Australia,193749932078.26
1984,austria,Austria,67719055773.3306
1984,bangladesh,Bangladesh,18920840000
1984,belgium,Belgium,83349530159.1734
1984,benin,Benin,1051134008.78979
1984,bolivia-plurinational-state-of,Bolivia,6169483225.35915
1984,brazil,Brazil,188339974086.58
1984,bulgaria,Bulgaria,17410894970.7546
1984,burkina-faso,Burkina Faso,1459880132.14107
1984,burundi,Burundi,987143931.166987
1984,cambodia,Cambodia,1021176058.63327
1984,cameroon,Cameroon,7311938026.36713
1984,canada,Canada,356718400123.543
1984,chad,Chad,919103734.876996
1984,chile,Chile,19974595028.1582
1984,china,China,260442857142.857
1984,colombia,Colombia,38253120737.9671
1984,cote-d-ivoire,Cote d Ivoire,6841639246.8996
1984,cuba,Cuba,24039383608.4235
1984,cyprus,Cyprus,2278248953.14058
1984,denmark,Denmark,58868891334.9941
1984,ecuador,Ecuador,16912509091.855
1984,ethiopia,Ethiopia,8298309580.67633
1984,finland,Finland,52870993272.6553
1984,france,France,525033325827.516
1984,germany,Germany,727767760978.627
1984,ghana,Ghana,4412279843.44423
1984,greece,Greece,47352146311.971
1984,guatemala,Guatemala,9470000100
1984,guinea,Guinea,18421497251.1767
1984,haiti,Haiti,1816200000
1984,hungary,Hungary,21242726264.4854
1984,iceland,Iceland,2964568005.62888
1984,india,India,212157645177.652
1984,indonesia,Indonesia,84853700027.651
1984,iraq,Iraq,46938387096.7742
1984,ireland,Ireland,20106648454.8404
1984,israel,Israel,30626695891.4272
1984,italy,Italy,438896930791.272
1984,japan,Japan,1374165212365.14
1984,jordan,Jordan,4967162160.40472
1984,kenya,Kenya,6191437070.18411
1984,kuwait,Kuwait,21700082752.9369
1984,luxembourg,Luxembourg,4438435492.87908
1984,madagascar,Madagascar,3905938480.86119
1984,malawi,Malawi,1758028656.12928
1984,malaysia,Malaysia,33942897422.0465
1984,mali,Mali,1387809614.74905
1984,mexico,Mexico,184230754105.394
1984,mongolia,Mongolia,2098734600
1984,morocco,Morocco,14824667954.3674
1984,myanmar,Myanmar,1304063253.04136
1984,nepal,Nepal,2581207387.79709
1984,netherlands,Netherlands,144124462912.088
1984,new-zealand,New Zealand,21665975318.8842
1984,niger,Niger,1461243326.12882
1984,nigeria,Nigeria,73484359521.4887
1984,norway,Norway,61866078539.4842
1984,oman,Oman,8821443150.92488
1984,pakistan,Pakistan,31151825467.4978
1984,panama,Panama,6183387100
1984,peru,Peru,17600400384.5073
1984,philippines,Philippines,35730185633.5233
1984,portugal,Portugal,25217969049.5755
1984,qatar,Qatar,6870329670.32967
1984,rwanda,Rwanda,1587413083.94118
1984,saudi-arabia,Saudi Arabia,119624858115.778
1984,senegal,Senegal,3485165431.71354
1984,singapore,Singapore,19749361097.965
1984,south-africa,South Africa,84870163365.9306
1984,spain,Spain,171979977230.387
1984,sri-lanka,Sri Lanka,6043474842.76729
1984,sudan,Sudan,10447615384.6154
1984,sweden,Sweden,109043045407.287
1984,switzerland,Switzerland,111104641869.175
1984,tanzania-united-rep,Tanzania,12906635133.1557
1984,thailand,Thailand,41797647775.6238
1984,tunisia,Tunisia,8254541194.82566
1984,turkiye,Turkey,59937602179.8365
1984,united-arab-emirates,United Arab Emirates,41807931452.8262
1984,united-kingdom,United Kingdom,461487097632.349
1984,united-states,United States,4037613000000
1984,uruguay,Uruguay,4850238549.61832
1984,zambia,Zambia,2719518932.99541
1984,zimbabwe,Zimbabwe,6355369171.99585
1985,albania,Albania,1897050116.55012
1985,algeria,Algeria,57937868670.1937
1985,angola,Angola,7554065410.12097
1985,argentina,Argentina,88150891728.1064
1985,australia,Australia,180861108959.102
1985,austria,Austria,69114996009.577
1985,bangladesh,Bangladesh,22278423076.9231
1985,belgium,Belgium,86268264148.3796
1985,benin,Benin,1045712789.14884
1985,bolivia-plurinational-state-of,Bolivia,5377276554.93016
1985,brazil,Brazil,210879844638.877
1985,bulgaria,Bulgaria,17562270446.9511
1985,burkina-faso,Burkina Faso,1552493196.28424
1985,burundi,Burundi,1149979285.77347
1985,cambodia,Cambodia,1102669184.43812
1985,cameroon,Cameroon,8544810497.9889
1985,canada,Canada,366186012449.652
1985,chad,Chad,1033069709.3319
1985,chile,Chile,17933557359.8036
1985,china,China,310064625850.34
1985,colombia,Colombia,34894411351.983
1985,cote-d-ivoire,Cote d Ivoire,6977650643.99488
1985,cuba,Cuba,22920490774.102
1985,cyprus,Cyprus,2430411900.19194
1985,denmark,Denmark,62452421010.9094
1985,ecuador,Ecuador,17149088413.35
1985,ethiopia,Ethiopia,9717392686.95652
1985,finland,Finland,55856676899.4628
1985,france,France,547220981165.134
1985,germany,Germany,735218723093.277
1985,ghana,Ghana,4504306722.68908
1985,greece,Greece,47155741426.1041
1985,guatemala,Guatemala,9721652086.95652
1985,guinea,Guinea,22787644565.9059
1985,haiti,Haiti,2009400000
1985,hungary,Hungary,21510643750.177
1985,iceland,Iceland,3088359966.94589
1985,india,India,232511554840.372
1985,indonesia,Indonesia,85289488375.4435
1985,iraq,Iraq,48425161290.3226
1985,ireland,Ireland,21270013325.5601
1985,israel,Israel,28887898639.3267
1985,italy,Italy,453259761687.456
1985,japan,Japan,1457070301468.38
1985,jordan,Jordan,4993601520.43079
1985,kenya,Kenya,6135034213.78998
1985,kuwait,Kuwait,21445970613.7595
1985,luxembourg,Luxembourg,4577211767.10374
1985,madagascar,Madagascar,3802557894.8719
1985,malawi,Malawi,1646442272.89094
1985,malaysia,Malaysia,31199633352.9598
1985,mali,Mali,1594347021.37347
1985,mexico,Mexico,195241069482.077
1985,mongolia,Mongolia,2186505475
1985,morocco,Morocco,14991283215.7408
1985,myanmar,Myanmar,1478908173.26796
1985,nepal,Nepal,2619913955.51556
1985,netherlands,Netherlands,144057523221.868
1985,new-zealand,New Zealand,24679795396.4194
1985,niger,Niger,1440581652.39853
1985,nigeria,Nigeria,73745821158.2254
1985,norway,Norway,65211464197.6457
1985,oman,Oman,10005645420.4606
1985,pakistan,Pakistan,31144920844.3272
1985,panama,Panama,6541517100
1985,peru,Peru,15078736875.387
1985,philippines,Philippines,34961486348.2382
1985,portugal,Portugal,27115807742.0873
1985,qatar,Qatar,6153296703.2967
1985,rwanda,Rwanda,1715626330.61697
1985,saudi-arabia,Saudi Arabia,103897846493.65
1985,senegal,Senegal,3818944917.56713
1985,singapore,Singapore,19156532745.7691
1985,south-africa,South Africa,64459376086.6883
1985,spain,Spain,180664322896.282
1985,sri-lanka,Sri Lanka,5978460972.01767
1985,sudan,Sudan,8075259600.3398
1985,sweden,Sweden,113958084357.094
1985,switzerland,Switzerland,112652623417.85
1985,tanzania-united-rep,Tanzania,15328295175.4067
1985,thailand,Thailand,38900711332.5373
1985,tunisia,Tunisia,8410226052.6114
1985,turkiye,Turkey,67232758620.6897
1985,united-arab-emirates,United Arab Emirates,40603631079.4051
1985,united-kingdom,United Kingdom,489285164271.047
1985,united-states,United States,4338979000000
1985,uruguay,Uruguay,4732017873.38369
1985,viet-nam,Vietnam,14094687820.7445
1985,zambia,Zambia,2252454500.14896
1985,zimbabwe,Zimbabwe,5640137575.00727
1986,albania,Albania,2097326250
1986,algeria,Algeria,63692007897.3834
1986,angola,Angola,7072536108.69707
1986,argentina,Argentina,105872372613.857
1986,australia,Australia,182707050923.335
1986,austria,Austria,98648254168.5444
1986,bangladesh,Bangladesh,21774033333.3333
1986,belgium,Belgium,120018787249.413
1986,benin,Benin,1336102025.27763
1986,bolivia-plurinational-state-of,Bolivia,3959382833.13461
1986,brazil,Brazil,256480852471.129
1986,bulgaria,Bulgaria,20261546635.2306
1986,burkina-faso,Burkina Faso,2036303357.68113
1986,burundi,Burundi,1201725497.06578
1986,cambodia,Cambodia,1167630317.8411
1986,cameroon,Cameroon,11857056199.0765
1986,canada,Canada,379006836991.724
1986,chad,Chad,1067828245.86207
1986,chile,Chile,19197818084.6757
1986,china,China,301310144927.536
1986,colombia,Colombia,34942489683.9712
1986,cote-d-ivoire,Cote d Ivoire,9158302099.57957
1986,cuba,Cuba,24226574634.0293
1986,cyprus,Cyprus,3090734463.27684
1986,denmark,Denmark,87748695216.9077
1986,ecuador,Ecuador,15314138472.3282
1986,ethiopia,Ethiopia,10094328898.0676
1986,finland,Finland,73511611541.1682
1986,france,France,764946585850.933
1986,germany,Germany,1050092624515.9
1986,ghana,Ghana,5735677433.82683
1986,greece,Greece,55595445472.2493
1986,guatemala,Guatemala,7231963515.98174
1986,guinea,Guinea,2909130355.238
1986,haiti,Haiti,2318000000
1986,hungary,Hungary,24778163812.0131
1986,iceland,Iceland,4129080094.00499
1986,india,India,248985994040.59
1986,indonesia,Indonesia,79954072544.5279
1986,iraq,Iraq,47264516129.0323
1986,ireland,Ireland,28714571852.4799
1986,israel,Israel,35812041619.7269
1986,italy,Italy,641862313287.44
1986,japan,Japan,2164729071349.48
1986,jordan,Jordan,6402050484.90425
1986,kenya,Kenya,7239126568.14092
1986,kuwait,Kuwait,17903989745.178
1986,luxembourg,Luxembourg,6685595087.59256
1986,madagascar,Madagascar,4347989788.09257
1986,malawi,Malawi,1722586299.409
1986,malaysia,Malaysia,27734111399.7525
1986,mali,Mali,2132938007.1056
1986,mexico,Mexico,134556034672.991
1986,mongolia,Mongolia,2896178866.66667
1986,morocco,Morocco,19462085540.2231
1986,myanmar,Myanmar,1582873750.32068
1986,nepal,Nepal,2850782044.04306
1986,netherlands,Netherlands,201157708220.903
1986,new-zealand,New Zealand,30604668356.5695
1986,niger,Niger,1904096998.30009
1986,nigeria,Nigeria,54805852580.9129
1986,norway,Norway,78438205741.9503
1986,oman,Oman,7324167369.14305
1986,pakistan,Pakistan,31899070055.7967
1986,panama,Panama,6797834200
1986,peru,Peru,21859448586.485
1986,philippines,Philippines,33987207294.9432
1986,portugal,Portugal,38745901353.7059
1986,qatar,Qatar,5053021978.02198
1986,rwanda,Rwanda,1944710683.89669
1986,saudi-arabia,Saudi Arabia,86961922765.3254
1986,senegal,Senegal,5392093445.51053
1986,singapore,Singapore,18586746056.9974
1986,south-africa,South Africa,73354771399.2627
1986,spain,Spain,251141555185.933
1986,sri-lanka,Sri Lanka,6405210563.88294
1986,sudan,Sudan,10092200000
1986,sweden,Sweden,150279869728.789
1986,switzerland,Switzerland,161487171048.974
1986,tanzania-united-rep,Tanzania,10840864521.2338
1986,thailand,Thailand,43096773980.8569
1986,tunisia,Tunisia,9017806654.4169
1986,turkiye,Turkey,75673037037.037
1986,united-arab-emirates,United Arab Emirates,33943568480.9469
1986,united-kingdom,United Kingdom,601452653180.885
1986,united-states,United States,4579631000000
1986,uruguay,Uruguay,5880112788.40947
1986,viet-nam,Vietnam,26336616250.4397
1986,zambia,Zambia,1664413508.09853
1986,zimbabwe,Zimbabwe,6220698246.72927
1987,albania,Albania,2080796250
1987,algeria,Algeria,66745818375.493
1987,angola,Angola,8084412414.26566
1987,argentina,Argentina,108810885301.253
1987,australia,Australia,189726707252.515
1987,austria,Austria,123682091858.946
1987,bangladesh,Bangladesh,24298032258.0645
1987,belgium,Belgium,149394404105.889
1987,benin,Benin,1562412227.90058
1987,bolivia-plurinational-state-of,Bolivia,4347956337.93221
1987,brazil,Brazil,283056836893.838
1987,bulgaria,Bulgaria,28428718531.0281
1987,burkina-faso,Burkina Faso,2369834949.73234
1987,burundi,Burundi,1131466494.01101
1987,cambodia,Cambodia,1036974910.45
1987,cameroon,Cameroon,13049659981.1373
1987,canada,Canada,433134238310.709
1987,chad,Chad,1163426852.20442
1987,chile,Chile,22605488850.8981
1987,china,China,273455156950.673
1987,colombia,Colombia,36373307085.0887
1987,cote-d-ivoire,Cote d Ivoire,10087654464.8168
1987,cuba,Cuba,25213935012.0819
1987,cyprus,Cyprus,3704813885.50548
1987,denmark,Denmark,109183446340.073
1987,ecuador,Ecuador,13945426859.4657
1987,ethiopia,Ethiopia,10790001557.971
1987,finland,Finland,91564993913.1611
1987,france,France,926320855614.973
1987,georgia,Georgia,7321981333.6772
1987,germany,Germany,1302932318824.81
1987,ghana,Ghana,5074829931.97279
1987,greece,Greece,64739630095.6215
1987,guatemala,Guatemala,7084399840
1987,guinea,Guinea,2976714019.06852
1987,haiti,Haiti,2047200000
1987,hungary,Hungary,27232016527.4237
1987,iceland,Iceland,5713281235.45655
1987,india,India,279033584092.223
1987,indonesia,Indonesia,75929617557.7521
1987,iraq,Iraq,56774193548.3871
1987,ireland,Ireland,33920518492.5094
1987,israel,Israel,43022977765.3525
1987,italy,Italy,807570134448.76
1987,japan,Japan,2635094473494.08
1987,jordan,Jordan,6756209762.48231
1987,kenya,Kenya,7970820369.2949
1987,kuwait,Kuwait,22368704133.6668
1987,luxembourg,Luxembourg,8320902215.01891
1987,madagascar,Madagascar,3212900555.8091
1987,malawi,Malawi,1721711808.48111
1987,malaysia,Malaysia,32181210157.9671
1987,mali,Mali,2437004679.62818
1987,mexico,Mexico,147542558208.888
1987,mongolia,Mongolia,3020611600
1987,morocco,Morocco,21765195948.189
1987,myanmar,Myanmar,1562448076.65689
1987,nepal,Nepal,2957255379.54315
1987,netherlands,Netherlands,245406949521.323
1987,new-zealand,New Zealand,40376354069.9474
1987,niger,Niger,2233006104.92776
1987,nigeria,Nigeria,52676041931.1087
1987,norway,Norway,93913320964.7495
1987,oman,Oman,7811183094.92848
1987,pakistan,Pakistan,33351529274.6869
1987,panama,Panama,6827665300
1987,peru,Peru,36889706592.6843
1987,philippines,Philippines,37791488666.0743
1987,portugal,Portugal,48182925857.4071
1987,qatar,Qatar,5446428571.42857
1987,romania,Romania,38067567567.5676
1987,rwanda,Rwanda,2157432667.64396
1987,saudi-arabia,Saudi Arabia,85695861148.1976
1987,senegal,Senegal,6487353102.81483
1987,singapore,Singapore,20919215578.2125
1987,south-africa,South Africa,96535763418.3729
1987,spain,Spain,318520253335.13
1987,sri-lanka,Sri Lanka,6682167119.56522
1987,sudan,Sudan,12093333333.3333
1987,sweden,Sweden,182744315973.756
1987,switzerland,Switzerland,202238567596.566
1987,tanzania-united-rep,Tanzania,7824193222.11908
1987,thailand,Thailand,50535446554.8769
1987,tunisia,Tunisia,9696715910.70907
1987,turkiye,Turkey,87190081680.28
1987,ukraine,Ukraine,64087694038.2333
1987,united-arab-emirates,United Arab Emirates,36384802310.3887
1987,united-kingdom,United Kingdom,745162608269.325
1987,united-states,United States,4855215000000
1987,uruguay,Uruguay,7367494080.40014
1987,uzbekistan,Uzbekistan,8523160592.61112
1987,viet-nam,Vietnam,36658108850.3148
1987,zambia,Zambia,2265250972.34879
1987,zimbabwe,Zimbabwe,6744657033.37727
1988,albania,Albania,2051236250
1988,algeria,Algeria,59089396860.4342
1988,angola,Angola,8769836768.83478
1988,argentina,Argentina,126890235049.092
1988,australia,Australia,236461079970.431
1988,austria,Austria,132817124707.456
1988,bangladesh,Bangladesh,26579005558.3652
1988,belgium,Belgium,162299103675.261
1988,benin,Benin,1620246083.79478
1988,bolivia-plurinational-state-of,Bolivia,4597612362.2748
1988,brazil,Brazil,307881930752.268
1988,bulgaria,Bulgaria,23003003707.7017
1988,burkina-faso,Burkina Faso,2616040478.99309
1988,burundi,Burundi,1082403219.48787
1988,cambodia,Cambodia,1662877859.22297
1988,cameroon,Cameroon,12236057362.4917
1988,canada,Canada,509380027626.554
1988,chad,Chad,1482597297.98821
1988,chile,Chile,26174858613.8456
1988,china,China,312888888888.889
1988,colombia,Colombia,39212550050.4223
1988,cote-d-ivoire,Cote d Ivoire,10255169805.7996
1988,cuba,Cuba,27458999472.2955
1988,cyprus,Cyprus,4278792597.23965
1988,denmark,Denmark,115540189705.118
1988,ecuador,Ecuador,13051881851.4068
1988,ethiopia,Ethiopia,11181119717.8744
1988,finland,Finland,109039090262.971
1988,france,France,1010827662151.75
1988,georgia,Georgia,8833588173.40023
1988,germany,Germany,1406367016371.53
1988,ghana,Ghana,5197765031.64557
1988,greece,Greece,75200610136.9205
1988,guatemala,Guatemala,7841602824.42748
1988,guinea,Guinea,3476480303.12273
1988,haiti,Haiti,2613926800
1988,hungary,Hungary,29799838597.4079
1988,iceland,Iceland,6320093411.44744
1988,india,India,296589670895.932
1988,indonesia,Indonesia,84300174485.7973
1988,iraq,Iraq,62684516129.0323
1988,ireland,Ireland,37772896220.7559
1988,israel,Israel,52618458014.4117
1988,italy,Italy,893663934840.821
1988,japan,Japan,3191546727316.14
1988,jordan,Jordan,6277451829.05325
1988,kenya,Kenya,8355380879.12955
1988,kuwait,Kuwait,20690322152.8945
1988,luxembourg,Luxembourg,9418167855.18376
1988,madagascar,Madagascar,3189456965.0482
1988,malawi,Malawi,2008189508.37875
1988,malaysia,Malaysia,35272109220.1988
1988,mali,Mali,2712207900.69838
1988,mexico,Mexico,181611150496.787
1988,mongolia,Mongolia,3204461566.66667
1988,morocco,Morocco,25705296183.5037
1988,myanmar,Myanmar,1541088312.25453
1988,nepal,Nepal,3487009748.35638
1988,netherlands,Netherlands,262295966105.474
1988,new-zealand,New Zealand,45176811594.2029
1988,niger,Niger,2280356192.76273
1988,nigeria,Nigeria,49648470440.4593
1988,norway,Norway,101497621605.033
1988,oman,Oman,8386215864.75943
1988,pakistan,Pakistan,38472742808.3167
1988,panama,Panama,5902783400
1988,peru,Peru,15439408447.2
1988,philippines,Philippines,43152128958.6116
1988,portugal,Portugal,56347250696.3788
1988,qatar,Qatar,6038186813.18681
1988,romania,Romania,40424528301.8868
1988,russian-federation,Russia,554828660436.137
1988,rwanda,Rwanda,2395492686.81271
1988,saudi-arabia,Saudi Arabia,88256074766.3551
1988,senegal,Senegal,6418419388.63499
1988,singapore,Singapore,25371462488.1292
1988,south-africa,South Africa,103976831870.957
1988,spain,Spain,375891716897.586
1988,sri-lanka,Sri Lanka,6978371581.26375
1988,sudan,Sudan,14372555555.5556
1988,sweden,Sweden,206686590775.558
1988,switzerland,Switzerland,218788504066.152
1988,tanzania-united-rep,Tanzania,7406614407.46127
1988,thailand,Thailand,61667253471.3736
1988,tunisia,Tunisia,10096245762.4352
1988,turkiye,Turkey,90875175808.7201
1988,ukraine,Ukraine,74703517902.6642
1988,united-arab-emirates,United Arab Emirates,36275613876.8575
1988,united-kingdom,United Kingdom,910122732123.799
1988,united-states,United States,5236438000000
1988,uruguay,Uruguay,8213538368.84635
1988,uzbekistan,Uzbekistan,10722799639.3121
1988,viet-nam,Vietnam,25423812648.5941
1988,zambia,Zambia,3728878148.80792
1988,zimbabwe,Zimbabwe,7818774176.83792
1989,albania,Albania,2253090000
1989,algeria,Algeria,55634721572.7343
1989,angola,Angola,10201780976.6695
1989,argentina,Argentina,76629728760.123
1989,australia,Australia,300264309002.14
1989,austria,Austria,132584448257.93
1989,bangladesh,Bangladesh,28781715188.8919
1989,belgium,Belgium,164221056511.057
1989,benin,Benin,1502294416.17129
1989,bolivia-plurinational-state-of,Bolivia,4715973437.43673
1989,brazil,Brazil,412990820287.42
1989,bulgaria,Bulgaria,21746286446.7922
1989,burkina-faso,Burkina Faso,2615587733.97303
1989,burundi,Burundi,1113924130.41149
1989,cambodia,Cambodia,1353137647.68304
1989,cameroon,Cameroon,11012566195.0255
1989,canada,Canada,567211993243.243
1989,chad,Chad,1433686312.02914
1989,chile,Chile,30101767991.1135
1989,china,China,348380566801.619
1989,colombia,Colombia,39540080200.3938
1989,cote-d-ivoire,Cote d Ivoire,9757410644.6679
1989,cuba,Cuba,27023468665.8977
1989,cyprus,Cyprus,4563482603.5503
1989,denmark,Denmark,112312200760.581
1989,ecuador,Ecuador,13890823704.5545
1989,ethiopia,Ethiopia,11762932007.2464
1989,finland,Finland,118991270611.057
1989,france,France,1016742237302.08
1989,georgia,Georgia,8902632715.25406
1989,germany,Germany,1404092925205.45
1989,ghana,Ghana,5251858439.874
1989,greece,Greece,78067933277.3815
1989,guatemala,Guatemala,8410724360.79545
1989,guinea,Guinea,3546079262.94987
1989,haiti,Haiti,2736243800
1989,hungary,Hungary,30422508937.567
1989,iceland,Iceland,5870854233.21143
1989,india,India,296042052944.66
1989,indonesia,Indonesia,94451427876.6628
1989,iraq,Iraq,65831935483.871
1989,ireland,Ireland,39238392677.7542
1989,israel,Israel,52411116587.5339
1989,italy,Italy,930801709003.669
1989,japan,Japan,3174934735895.64
1989,jordan,Jordan,4221373673.80468
1989,kenya,Kenya,8283114514.17081
1989,kuwait,Kuwait,24313855653.3993
1989,luxembourg,Luxembourg,10037674037.674
1989,madagascar,Madagascar,3175638332.64471
1989,malawi,Malawi,2314205129.58032
1989,malaysia,Malaysia,38847965292.9185
1989,mali,Mali,2824822489.24628
1989,mexico,Mexico,221403098266.77
1989,mongolia,Mongolia,3576966800
1989,morocco,Morocco,26314313191.1826
1989,myanmar,Myanmar,2013448228.72975
1989,nepal,Nepal,3525225786.58691
1989,netherlands,Netherlands,258716904291.801
1989,new-zealand,New Zealand,43920222524.7085
1989,niger,Niger,2179567114.33391
1989,nigeria,Nigeria,44003061108.4005
1989,norway,Norway,102226808603.085
1989,oman,Oman,9372171651.49545
1989,pakistan,Pakistan,40171106279.0078
1989,panama,Panama,5918469800
1989,peru,Peru,22499558526.3682
1989,philippines,Philippines,48513773720.673
1989,portugal,Portugal,60594092182.3275
1989,qatar,Qatar,6487912087.91209
1989,romania,Romania,41450777202.0725
1989,russian-federation,Russia,506631299734.748
1989,rwanda,Rwanda,2405022593.08283
1989,saudi-arabia,Saudi Arabia,95344459279.0387
1989,senegal,Senegal,6366039372.53683
1989,singapore,Singapore,30465364738.6206
1989,south-africa,South Africa,108055624081.806
1989,spain,Spain,414460794096.978
1989,sri-lanka,Sri Lanka,6987267683.77254
1989,sudan,Sudan,21408111111.1111
1989,sweden,Sweden,217632340194.512
1989,switzerland,Switzerland,211241694480.103
1989,tanzania-united-rep,Tanzania,6418799006.80247
1989,thailand,Thailand,72250748099.9762
1989,tunisia,Tunisia,10101851744.5627
1989,turkiye,Turkey,107127191328.935
1989,ukraine,Ukraine,82709161099.1244
1989,united-arab-emirates,United Arab Emirates,41464966301.7919
1989,united-kingdom,United Kingdom,926884816753.927
1989,united-states,United States,5641580000000
1989,uruguay,Uruguay,8438951476.06644
1989,uzbekistan,Uzbekistan,11948815258.1132
1989,viet-nam,Vietnam,6293304974.59403
1989,zambia,Zambia,3994673161.02649
1989,zimbabwe,Zimbabwe,8290553535.28012
1990,albania,Albania,2028553750
1990,algeria,Algeria,62048507531.3357
1990,angola,Angola,11229515599.3048
1990,argentina,Argentina,141352654305.163
1990,armenia,Armenia,2256863448.77086
1990,australia,Australia,311840666465.053
1990,austria,Austria,165811372382.912
1990,azerbaijan,Azerbaijan,8884848484.84848
1990,bangladesh,Bangladesh,31598340778.2164
1990,belarus,Belarus,17389558232.9317
1990,belgium,Belgium,205331747947.851
1990,benin,Benin,1959965330.14765
1990,bolivia-plurinational-state-of,Bolivia,4867582597.51312
1990,brazil,Brazil,384959818181.817
1990,bulgaria,Bulgaria,20726605648.7971
1990,burkina-faso,Burkina Faso,3101300778.56414
1990,burundi,Burundi,1132101252.51817
1990,cambodia,Cambodia,1402541176.5121
1990,cameroon,Cameroon,12314482627.8454
1990,canada,Canada,596075591360.987
1990,chad,Chad,1738605557.76313
1990,chile,Chile,33428580448.2715
1990,china,China,361560229445.507
1990,colombia,Colombia,47844090709.9908
1990,cote-d-ivoire,Cote d Ivoire,10795850582.779
1990,croatia,Croatia,25650213279.6781
1990,cuba,Cuba,28645436569.1489
1990,cyprus,Cyprus,5591130217.66965
1990,czech-republic,Czechia,41016881802.4843
1990,denmark,Denmark,138217740684.484
1990,ecuador,Ecuador,15239272611.5809
1990,ethiopia,Ethiopia,12478943895.1691
1990,finland,Finland,141446120354.533
1990,france,France,1257649439826.53
1990,georgia,Georgia,7735927263.59261
1990,germany,Germany,1778162195860.07
1990,ghana,Ghana,5889106573.46088
1990,greece,Greece,96529587274.2906
1990,guatemala,Guatemala,7650196845.21546
1990,guinea,Guinea,3888320665.52218
1990,haiti,Haiti,3096289800
1990,hungary,Hungary,34478360678.756
1990,iceland,Iceland,6694851159.32729
1990,india,India,320979026420.035
1990,indonesia,Indonesia,106140727333.636
1990,iraq,Iraq,180408064516.129
1990,ireland,Ireland,49305632408.4929
1990,israel,Israel,61978459022.3391
1990,italy,Italy,1183945130898.51
1990,japan,Japan,3252994239867.4
1990,jordan,Jordan,4160087507.83472
1990,kazakhstan,Kazakhstan,26932016269.6107
1990,kenya,Kenya,8572359038.16958
1990,kuwait,Kuwait,18427777777.7778
1990,luxembourg,Luxembourg,12778792853.6939
1990,madagascar,Madagascar,3931334875.01376
1990,malawi,Malawi,2737087861.62245
1990,malaysia,Malaysia,44024585239.6137
1990,mali,Mali,3248417790.51435
1990,mexico,Mexico,261253675692.838
1990,mongolia,Mongolia,2560785660
1990,morocco,Morocco,30179954774.9899
1990,myanmar,Myanmar,2115193513.29556
1990,nepal,Nepal,3627560239.48997
1990,netherlands,Netherlands,318799003993.707
1990,new-zealand,New Zealand,45495129385.0475
1990,niger,Niger,3512356507.88599
1990,nigeria,Nigeria,54035795387.8086
1990,norway,Norway,119344377526.08
1990,oman,Oman,13310273081.9246
1990,pakistan,Pakistan,40010423970.4576
1990,panama,Panama,6433967000
1990,peru,Peru,26410386962.8019
1990,philippines,Philippines,50508286641.5746
1990,poland,Poland,65977748210.5263
1990,portugal,Portugal,78713860216.5659
1990,qatar,Qatar,7360439560.43956
1990,romania,Romania,38247882300.4904
1990,russian-federation,Russia,517014446227.929
1990,rwanda,Rwanda,2550185679.11415
1990,saudi-arabia,Saudi Arabia,117630173564.753
1990,senegal,Senegal,7390967360.42121
1990,singapore,Singapore,36144336768.7023
1990,slovenia,Slovenia,19832029087.1272
1990,south-africa,South Africa,126048140141.869
1990,spain,Spain,536175326477.31
1990,sri-lanka,Sri Lanka,8032551173.24014
1990,sudan,Sudan,33641222222.2222
1990,sweden,Sweden,261466577008.853
1990,switzerland,Switzerland,269768238554.564
1990,tanzania-united-rep,Tanzania,6184384225.02712
1990,thailand,Thailand,85343190719.0107
1990,tunisia,Tunisia,12290568181.8182
1990,turkiye,Turkey,150655500191.644
1990,ukraine,Ukraine,81393558423.4406
1990,united-arab-emirates,United Arab Emirates,50701374187.331
1990,united-kingdom,United Kingdom,1093169389204.55
1990,united-states,United States,5963144000000
1990,uruguay,Uruguay,9298807850.29979
1990,uzbekistan,Uzbekistan,13362340337.8657
1990,viet-nam,Vietnam,6471740805.56984
1990,zambia,Zambia,3288381797.32415
1990,zimbabwe,Zimbabwe,8788301546.04498
1991,albania,Albania,1099559027.77778
1991,algeria,Algeria,45715676428.2766
1991,angola,Angola,10603784541.197
1991,argentina,Argentina,189719984268.485
1991,armenia,Armenia,2069870129.87013
1991,australia,Australia,326416407860.792
1991,austria,Austria,173113449616.971
1991,azerbaijan,Azerbaijan,5344000000
1991,bangladesh,Bangladesh,30957483949.5798
1991,belarus,Belarus,18404907975.4601
1991,belgium,Belgium,210510999409.333
1991,benin,Benin,1986437796.53053
1991,bolivia-plurinational-state-of,Bolivia,5343262457.10226
1991,brazil,Brazil,342534090909.091
1991,bulgaria,Bulgaria,7628764750.15655
1991,burkina-faso,Burkina Faso,3135045584.08387
1991,burundi,Burundi,1167398478.3459
1991,cambodia,Cambodia,2054974089.3643
1991,cameroon,Cameroon,11840192296.3893
1991,canada,Canada,612527712315.615
1991,chad,Chad,1877137981.75712
1991,chile,Chile,38232330917.2011
1991,china,China,384510452961.672
1991,colombia,Colombia,49175565911.0655
1991,cote-d-ivoire,Cote d Ivoire,10492628580.7484
1991,croatia,Croatia,18760386774.7973
1991,cuba,Cuba,24316556025.6585
1991,cyprus,Cyprus,5770197348.48485
1991,czech-republic,Czechia,30071014282.3218
1991,denmark,Denmark,139180507777.691
1991,ecuador,Ecuador,16988535267.6338
1991,ethiopia,Ethiopia,13799799323.6715
1991,finland,Finland,127794441993.824
1991,france,France,1258961748633.88
1991,georgia,Georgia,6324503311.25828
1991,germany,Germany,1875792575132.59
1991,ghana,Ghana,6603185267.79643
1991,greece,Greece,103680863712.844
1991,guatemala,Guatemala,9406135143.41165
1991,guinea,Guinea,4396178694.1535
1991,haiti,Haiti,3473562627.79423
1991,hungary,Hungary,34867307352.646
1991,iceland,Iceland,7151260062.07169
1991,india,India,270105341879.226
1991,indonesia,Indonesia,116621996217.133
1991,iraq,Iraq,407796349.663785
1991,ireland,Ireland,49787501584.4847
1991,israel,Israel,70954941681.4027
1991,italy,Italy,1249092439519.28
1991,japan,Japan,3724887648862.31
1991,jordan,Jordan,4344467193.25095
1991,kazakhstan,Kazakhstan,24923076923.0769
1991,kenya,Kenya,8151488783.19064
1991,kuwait,Kuwait,11009993703.1474
1991,luxembourg,Luxembourg,13834219728.293
1991,madagascar,Madagascar,3254713056.02171
1991,malawi,Malawi,3206783830.41779
1991,malaysia,Malaysia,49143148094.2683
1991,mali,Mali,3576562681.77395
1991,mexico,Mexico,313139656145.745
1991,mongolia,Mongolia,2379018326.31579
1991,morocco,Morocco,32285573573.9185
1991,mozambique,Mozambique,3854856434.58062
1991,myanmar,Myanmar,2069832686.98061
1991,nepal,Nepal,3921476084.89072
1991,netherlands,Netherlands,327982316124.47
1991,new-zealand,New Zealand,42745329732.163
1991,niger,Niger,3285796874.97125
1991,nigeria,Nigeria,59526833412.3581
1991,norway,Norway,121149331317.774
1991,oman,Oman,12918335500.6502
1991,pakistan,Pakistan,45625336680.2047
1991,panama,Panama,7074675500
1991,peru,Peru,34341465998.2003
1991,philippines,Philippines,51784144942.727
1991,poland,Poland,85500935934.9901
1991,portugal,Portugal,89233599278.4792
1991,qatar,Qatar,6883516483.51648
1991,romania,Romania,28850634899.856
1991,russian-federation,Russia,517962962962.963
1991,rwanda,Rwanda,1911600236.67461
1991,saudi-arabia,Saudi Arabia,132223230974.633
1991,senegal,Senegal,7255210469.51743
1991,singapore,Singapore,45466164978.2923
1991,slovenia,Slovenia,14454495058.907
1991,south-africa,South Africa,135203698237.977
1991,spain,Spain,576753902321.857
1991,sri-lanka,Sri Lanka,9000362581.58086
1991,sudan,Sudan,44171194366.2039
1991,sweden,Sweden,273831464572.137
1991,switzerland,Switzerland,272953645746.165
1991,tanzania-united-rep,Tanzania,7197768158.58347
1991,thailand,Thailand,98234714971.0612
1991,tunisia,Tunisia,13074782608.6957
1991,turkiye,Turkey,151034731543.624
1991,ukraine,Ukraine,77350733982.4458
1991,united-arab-emirates,United Arab Emirates,51552058250.3806
1991,united-kingdom,United Kingdom,1142797178130.51
1991,united-states,United States,6158129000000
1991,uruguay,Uruguay,11206176650.9075
1991,uzbekistan,Uzbekistan,13800167711.5003
1991,viet-nam,Vietnam,9613369520.41885
1991,zambia,Zambia,3376806697.1218
1991,zimbabwe,Zimbabwe,8646000000
1992,albania,Albania,652174990.837304
1992,algeria,Algeria,48003133346.9957
1992,angola,Angola,8307810973.58848
1992,argentina,Argentina,228778917308.17
1992,armenia,Armenia,1272835453.42634
1992,australia,Australia,325982966981.415
1992,austria,Austria,194314032056.098
1992,azerbaijan,Azerbaijan,444658671.586716
1992,bangladesh,Bangladesh,31708874594.1645
1992,belarus,Belarus,16939790093.9054
1992,belgium,Belgium,234781652446.675
1992,benin,Benin,1695315305.70308
1992,bolivia-plurinational-state-of,Bolivia,5643868748.68126
1992,brazil,Brazil,328191909882.232
1992,bulgaria,Bulgaria,8602874120.17193
1992,burkina-faso,Burkina Faso,3356692505.18266
1992,burundi,Burundi,1083037670.60484
1992,cambodia,Cambodia,2491486594.18917
1992,cameroon,Cameroon,12071775335.0433
1992,canada,Canada,594387358318.855
1992,chad,Chad,1881847669.69794
1992,chile,Chile,46538895685.8088
1992,china,China,428502354788.069
1992,colombia,Colombia,58418985443.3172
1992,cote-d-ivoire,Cote d Ivoire,11152971273.9383
1992,croatia,Croatia,10621169290.9986
1992,cuba,Cuba,22085858243.2432
1992,cyprus,Cyprus,6912150456.32334
1992,czech-republic,Czechia,35051065440.3962
1992,denmark,Denmark,152966494259.538
1992,ecuador,Ecuador,18094238119.0595
1992,ethiopia,Ethiopia,10754799036.5745
1992,finland,Finland,112537828510.751
1992,france,France,1389663073110.28
1992,georgia,Georgia,3690328963.64086
1992,germany,Germany,2141377582968.07
1992,ghana,Ghana,6416103925.83267
1992,greece,Greece,114608178405.434
1992,guatemala,Guatemala,10440781587.5435
1992,guinea,Guinea,4789220416.70641
1992,haiti,Haiti,2257129791.61575
1992,hungary,Hungary,38857339124.9084
1992,iceland,Iceland,7328497599.30768
1992,india,India,288208070278.013
1992,indonesia,Indonesia,128026966579.964
1992,iraq,Iraq,553671957.671958
1992,ireland,Ireland,55918538121.3989
1992,israel,Israel,79408652426.2417
1992,italy,Italy,1323204350353.5
1992,japan,Japan,4064529567505.43
1992,jordan,Jordan,5310833193.59005
1992,kazakhstan,Kazakhstan,24917355371.9008
1992,kenya,Kenya,8209120763.04955
1992,kuwait,Kuwait,19858555214.7239
1992,luxembourg,Luxembourg,15518702634.8808
1992,madagascar,Madagascar,3714966678.33381
1992,malawi,Malawi,2618837835.02508
1992,malaysia,Malaysia,59167550162.956
1992,mali,Mali,3680775036.92681
1992,mexico,Mexico,363157832923.734
1992,mongolia,Mongolia,1317611863.84977
1992,morocco,Morocco,33711069430.78
1992,mozambique,Mozambique,2798696511.18156
1992,myanmar,Myanmar,2411552288.76212
1992,nepal,Nepal,3401211581.29176
1992,netherlands,Netherlands,363497050125.313
1992,new-zealand,New Zealand,41649829859.6342
1992,niger,Niger,3386232579.22522
1992,nigeria,Nigeria,52058181853.8055
1992,norway,Norway,129998873602.06
1992,oman,Oman,14183615084.5254
1992,pakistan,Pakistan,48884671947.4657
1992,panama,Panama,8042337700
1992,peru,Peru,35966302303.263
1992,philippines,Philippines,60422328242.1803
1992,poland,Poland,94337050693.2727
1992,portugal,Portugal,107592098307.098
1992,qatar,Qatar,7646153846.15385
1992,romania,Romania,25121666666.6667
1992,russian-federation,Russia,460290556900.726
1992,rwanda,Rwanda,2029026961.55894
1992,saudi-arabia,Saudi Arabia,137087850467.29
1992,senegal,Senegal,7769817839.95644
1992,singapore,Singapore,52131320032.8797
1992,slovenia,Slovenia,14277261540.7456
1992,south-africa,South Africa,146956150986.636
1992,spain,Spain,630465353486.104
1992,sri-lanka,Sri Lanka,9703011635.86585
1992,sudan,Sudan,7031933491.84899
1992,sweden,Sweden,283908914454.48
1992,switzerland,Switzerland,284139428246.338
1992,tanzania-united-rep,Tanzania,6681997469.31292
1992,thailand,Thailand,111452746517.655
1992,tunisia,Tunisia,15496708060.4184
1992,turkiye,Turkey,159104772991.851
1992,ukraine,Ukraine,73945908383.7046
1992,united-arab-emirates,United Arab Emirates,54239188745.5001
1992,united-kingdom,United Kingdom,1179659529659.53
1992,united-states,United States,6520327000000
1992,uruguay,Uruguay,12878148790.7348
1992,uzbekistan,Uzbekistan,12953801760.2414
1992,viet-nam,Vietnam,9866990236.43587
1992,zambia,Zambia,3182810841.01704
1992,zimbabwe,Zimbabwe,6755000000
1993,albania,Albania,1185315468.46295
1993,algeria,Algeria,49945584452.6506
1993,angola,Angola,5768720421.61367
1993,argentina,Argentina,236741715015.015
1993,armenia,Armenia,1201312829.27524
1993,australia,Australia,312568858909.5
1993,austria,Austria,189634029338.696
1993,azerbaijan,Azerbaijan,1570392598.14954
1993,bangladesh,Bangladesh,33166519417.9894
1993,belarus,Belarus,16275073526.9819
1993,belgium,Belgium,224721795708.955
1993,benin,Benin,2274558082.76135
1993,bolivia-plurinational-state-of,Bolivia,5734699488.84934
1993,brazil,Brazil,368292034380.96
1993,bulgaria,Bulgaria,10832041595.4026
1993,burkina-faso,Burkina Faso,3199536465.23328
1993,burundi,Burundi,938632612.026359
1993,cambodia,Cambodia,2533727592.04165
1993,cameroon,Cameroon,16181814712.5295
1993,canada,Canada,579053561739.4
1993,chad,Chad,1463251163.9188
1993,chile,Chile,49934943320.8828
1993,china,China,446557291212.148
1993,colombia,Colombia,66446804802.5747
1993,cote-d-ivoire,Cote d Ivoire,11045760288.1206
1993,croatia,Croatia,11259647874.4986
1993,cuba,Cuba,22367254864.8649
1993,cyprus,Cyprus,6590291048.29211
1993,czech-republic,Czechia,41155654032.1751
1993,denmark,Denmark,143111306004.102
1993,ecuador,Ecuador,18938717358.6793
1993,estonia,Estonia,4013091682.2914
1993,ethiopia,Ethiopia,9051043870.12197
1993,finland,Finland,89112105756.2194
1993,france,France,1314383368079.69
1993,georgia,Georgia,2701181331.30816
1993,germany,Germany,2078954217437.6
1993,ghana,Ghana,5968922939.37198
1993,greece,Greece,107295704518.43
1993,guatemala,Guatemala,11400017301.4587
1993,guinea,Guinea,4781166116.51789
1993,haiti,Haiti,1878253767.31305
1993,hungary,Hungary,40256233360.3817
1993,iceland,Iceland,6435952173.86159
1993,india,India,279295648982.529
1993,indonesia,Indonesia,158006700301.533
1993,iraq,Iraq,1031944881.13189
1993,ireland,Ireland,52417477613.676
1993,israel,Israel,79806598119.6297
1993,italy,Italy,1067412587670.73
1993,japan,Japan,4632480515091.13
1993,jordan,Jordan,5606400221.69269
1993,kazakhstan,Kazakhstan,23409260879.9427
1993,kenya,Kenya,5751786642.55871
1993,kuwait,Kuwait,23941391390.7285
1993,luxembourg,Luxembourg,15925521222.0149
1993,madagascar,Madagascar,4063298919.2868
1993,malawi,Malawi,3013392657.99911
1993,malaysia,Malaysia,66894966968.9736
1993,mali,Mali,3632801877.04464
1993,mexico,Mexico,530160763662.543
1993,mongolia,Mongolia,768401634.154573
1993,morocco,Morocco,31655473663.8348
1993,mozambique,Mozambique,2883161897.42651
1993,myanmar,Myanmar,3163020034.63637
1993,nepal,Nepal,3660041666.66667
1993,netherlands,Netherlands,354070495965.828
1993,new-zealand,New Zealand,46775620817.4327
1993,niger,Niger,3052673849.25181
1993,nigeria,Nigeria,56721051402.4732
1993,norway,Norway,119841699440.38
1993,oman,Oman,14230429128.7386
1993,pakistan,Pakistan,51809999353.1614
1993,panama,Panama,8782585400
1993,peru,Peru,34832077220.8537
1993,philippines,Philippines,62036529147.1831
1993,poland,Poland,96043157272.862
1993,portugal,Portugal,95009751901.2592
1993,qatar,Qatar,7156593406.59341
1993,romania,Romania,26361160449.9704
1993,russian-federation,Russia,435083713850.837
1993,rwanda,Rwanda,1971525711.83511
1993,saudi-arabia,Saudi Arabia,132967957276.368
1993,senegal,Senegal,7367986241.21869
1993,singapore,Singapore,60603815716.2653
1993,slovenia,Slovenia,14449298371.7879
1993,south-africa,South Africa,147194747565.75
1993,spain,Spain,524700572623.872
1993,sri-lanka,Sri Lanka,10338679635.7616
1993,sudan,Sudan,8881005435.80602
1993,sweden,Sweden,212644602615.823
1993,switzerland,Switzerland,276339744179.751
1993,tanzania-united-rep,Tanzania,6182872707.82523
1993,thailand,Thailand,128889262951.157
1993,tunisia,Tunisia,14608335608.1543
1993,turkiye,Turkey,180415757851.616
1993,ukraine,Ukraine,65648559903.0571
1993,united-arab-emirates,United Arab Emirates,55625269485.1866
1993,united-kingdom,United Kingdom,1061388722255.55
1993,united-states,United States,6858559000000
1993,uruguay,Uruguay,15002136971.1745
1993,uzbekistan,Uzbekistan,13099920055.9608
1993,viet-nam,Vietnam,13180953598.1716
1993,zambia,Zambia,3273505343.85539
1993,zimbabwe,Zimbabwe,6567250000
1994,albania,Albania,1880950864.41311
1994,algeria,Algeria,42543176828.9237
1994,angola,Angola,4438321017.39068
1994,argentina,Argentina,257440000000
1994,armenia,Armenia,1315158636.67553
1994,australia,Australia,323269456935.317
1994,austria,Austria,202738023129.743
1994,azerbaijan,Azerbaijan,1193141110.35043
1994,bangladesh,Bangladesh,33768660882.793
1994,belarus,Belarus,14931435232.078
1994,belgium,Belgium,244884129491.198
1994,benin,Benin,1598075943.86774
1994,bolivia-plurinational-state-of,Bolivia,5981222858.82727
1994,brazil,Brazil,525369467295.737
1994,bulgaria,Bulgaria,9709230161.35834
1994,burkina-faso,Burkina Faso,1895290637.09504
1994,burundi,Burundi,925030590.153683
1994,cambodia,Cambodia,2791435272.26653
1994,cameroon,Cameroon,8902446252.18372
1994,canada,Canada,579944346807.264
1994,chad,Chad,1179837963.22213
1994,chile,Chile,57438273591.0521
1994,china,China,566929539493.172
1994,colombia,Colombia,81703500846.0364
1994,cote-d-ivoire,Cote d Ivoire,8313557510.14757
1994,croatia,Croatia,15062911616.8222
1994,cuba,Cuba,28448326756.7568
1994,cyprus,Cyprus,7425703928.57143
1994,czech-republic,Czechia,48188478339.4129
1994,denmark,Denmark,156017919221.457
1994,ecuador,Ecuador,22708673336.6683
1994,estonia,Estonia,4123011419.74174
1994,ethiopia,Ethiopia,7100806753.92942
1994,finland,Finland,103182697780.307
1994,france,France,1385822778827.98
1994,georgia,Georgia,2513867645.13316
1994,germany,Germany,2215282632276.73
1994,ghana,Ghana,5446383726.77047
1994,greece,Greece,114980063202.247
1994,guatemala,Guatemala,12983233310.7467
1994,guinea,Guinea,4932800406.92974
1994,haiti,Haiti,2167569046.11837
1994,hungary,Hungary,43307949890.4603
1994,iceland,Iceland,6612804055.79289
1994,india,India,327274843459.429
1994,indonesia,Indonesia,176892143931.505
1994,iraq,Iraq,3991349282.75729
1994,ireland,Ireland,57097656065.96
1994,israel,Israel,90684108118.4773
1994,italy,Italy,1101750159702.21
1994,japan,Japan,5104063486348.4
1994,jordan,Jordan,6236295978.24531
1994,kazakhstan,Kazakhstan,21250792886.1054
1994,kenya,Kenya,7148148564.04239
1994,kuwait,Kuwait,24848483838.3838
1994,luxembourg,Luxembourg,17701798890.7644
1994,madagascar,Madagascar,3522227092.22839
1994,malawi,Malawi,1719864761.30628
1994,malaysia,Malaysia,74478356957.7808
1994,mali,Mali,2655768635.64569
1994,mexico,Mexico,553618247900.74
1994,mongolia,Mongolia,925817092.217484
1994,morocco,Morocco,35604137422.5796
1994,mozambique,Mozambique,2958108170.32061
1994,myanmar,Myanmar,4432257173.6492
1994,nepal,Nepal,4066775510.20408
1994,netherlands,Netherlands,379688232231.505
1994,new-zealand,New Zealand,55314732279.1379
1994,niger,Niger,1938058175.21399
1994,nigeria,Nigeria,80399613063.6364
1994,norway,Norway,126324387893.902
1994,oman,Oman,14715214564.3693
1994,pakistan,Pakistan,52293470813.1336
1994,panama,Panama,9365289800
1994,peru,Peru,44882079766.8913
1994,philippines,Philippines,73159336915.2718
1994,poland,Poland,110803635287.621
1994,portugal,Portugal,99688641304.3478
1994,qatar,Qatar,7374450549.45055
1994,romania,Romania,30072805104.2542
1994,russian-federation,Russia,395077301248.464
1994,rwanda,Rwanda,753636370.454545
1994,saudi-arabia,Saudi Arabia,135174899866.489
1994,senegal,Senegal,5034588195.55806
1994,singapore,Singapore,73688724431.1412
1994,slovenia,Slovenia,16400767069.6294
1994,south-africa,South Africa,153512712381.836
1994,spain,Spain,530183651720.283
1994,sri-lanka,Sri Lanka,11717604208.8223
1994,sudan,Sudan,12793794737.042
1994,sweden,Sweden,228699066874.028
1994,switzerland,Switzerland,305916331797.909
1994,tanzania-united-rep,Tanzania,6550480483.9385
1994,thailand,Thailand,146683778959.101
1994,tunisia,Tunisia,15633174304.0905
1994,turkiye,Turkey,130650447499.071
1994,ukraine,Ukraine,52549580264.8064
1994,united-arab-emirates,United Arab Emirates,59305111227.5034
1994,united-kingdom,United Kingdom,1140489745944.29
1994,united-states,United States,7287236000000
1994,uruguay,Uruguay,17474588895.8918
1994,uzbekistan,Uzbekistan,12899074922.38
1994,viet-nam,Vietnam,16286433533.3228
1994,zambia,Zambia,3656806165.78848
1994,zimbabwe,Zimbabwe,6894250000
1995,albania,Albania,2905092798.61916
1995,algeria,Algeria,41764291671.7711
1995,angola,Angola,5538749259.94714
1995,argentina,Argentina,258031750000
1995,armenia,Armenia,1468317435.20148
1995,australia,Australia,368725126225.126
1995,austria,Austria,240094169510.031
1995,azerbaijan,Azerbaijan,2417331192.9526
1995,bangladesh,Bangladesh,37939748768.6567
1995,belarus,Belarus,13972683273.5692
1995,belgium,Belgium,288025588396.278
1995,benin,Benin,2169627137.9207
1995,bolivia-plurinational-state-of,Bolivia,6715161732.22658
1995,brazil,Brazil,769333050986.905
1995,bulgaria,Bulgaria,18992388645.3609
1995,burkina-faso,Burkina Faso,2379517975.28056
1995,burundi,Burundi,1000428393.88528
1995,cambodia,Cambodia,3441205692.9166
1995,cameroon,Cameroon,10864772470.9043
1995,canada,Canada,605961090061.207
1995,chad,Chad,1445919894.57661
1995,chile,Chile,73820425701.6603
1995,china,China,738190896227.55
1995,colombia,Colombia,92507279383.0387
1995,cote-d-ivoire,Cote d Ivoire,11000146266.5135
1995,croatia,Croatia,22772224146.1503
1995,cuba,Cuba,30429803651.2192
1995,cyprus,Cyprus,9933137128.07244
1995,czech-republic,Czechia,60572381311.2283
1995,denmark,Denmark,184848481008.139
1995,ecuador,Ecuador,24432884442.2211
1995,estonia,Estonia,4502970889.06373
1995,ethiopia,Ethiopia,7855205206.93405
1995,finland,Finland,134060457516.34
1995,france,France,1595219345511.89
1995,georgia,Georgia,2693732611.81599
1995,germany,Germany,2593053091306.13
1995,ghana,Ghana,6464382807.67884
1995,greece,Greece,134974613913.811
1995,guatemala,Guatemala,14655404433.2771
1995,guinea,Guinea,5385704166.43341
1995,haiti,Haiti,2813313278.81082
1995,hungary,Hungary,46577614588.9926
1995,iceland,Iceland,7372640168.67697
1995,india,India,360281909643.489
1995,indonesia,Indonesia,202132028723.115
1995,iraq,Iraq,12894029888.1122
1995,ireland,Ireland,69139823232.3232
1995,israel,Israel,105432315611.198
1995,italy,Italy,1177369428265.78
1995,japan,Japan,5639649753985.77
1995,jordan,Jordan,6727597031.96347
1995,kazakhstan,Kazakhstan,20374302652.3819
1995,kenya,Kenya,9046320255.40507
1995,kuwait,Kuwait,27186980646.5448
1995,latvia,Latvia,5608208784.9401
1995,lithuania,Lithuania,7921210339.58439
1995,luxembourg,Luxembourg,20853093869.7318
1995,madagascar,Madagascar,3838100903.74974
1995,malawi,Malawi,2033701497.97085
1995,malaysia,Malaysia,88705342902.7113
1995,mali,Mali,3373322735.47027
1995,mexico,Mexico,380157469866.849
1995,mongolia,Mongolia,1452165005.2384
1995,morocco,Morocco,39030285468.3841
1995,mozambique,Mozambique,3061646173.73938
1995,myanmar,Myanmar,5289174942.53404
1995,nepal,Nepal,4401104417.67068
1995,netherlands,Netherlands,452967334614.329
1995,new-zealand,New Zealand,63918703506.9075
1995,niger,Niger,2302537562.24406
1995,nigeria,Nigeria,140919776986.364
1995,norway,Norway,151083627983.331
1995,oman,Oman,15722236671.0013
1995,pakistan,Pakistan,60636071684.1918
1995,panama,Panama,9573813700
1995,peru,Peru,53312793687.3836
1995,philippines,Philippines,84644328727.4825
1995,poland,Poland,142838527115.448
1995,portugal,Portugal,118122007430.012
1995,qatar,Qatar,8137912087.91209
1995,romania,Romania,37430162102.6125
1995,russian-federation,Russia,395537185734.854
1995,rwanda,Rwanda,1293535193.49248
1995,saudi-arabia,Saudi Arabia,143343124165.554
1995,senegal,Senegal,6326342633.4034
1995,serbia,Serbia,17921892655.3672
1995,singapore,Singapore,87812540788.4293
1995,slovenia,Slovenia,21367422159.3207
1995,south-africa,South Africa,171735933897.331
1995,spain,Spain,614170002668.802
1995,sri-lanka,Sri Lanka,13029697560.9756
1995,sudan,Sudan,13830363899.9163
1995,sweden,Sweden,267050453506.792
1995,switzerland,Switzerland,358152520084.567
1995,tanzania-united-rep,Tanzania,7631431840.49992
1995,thailand,Thailand,169278916592.843
1995,tunisia,Tunisia,18030876599.3444
1995,turkiye,Turkey,234699627004.035
1995,ukraine,Ukraine,48213856468.5718
1995,united-arab-emirates,United Arab Emirates,65743604965.7557
1995,united-kingdom,United Kingdom,1349094208616.06
1995,united-states,United States,7639749000000
1995,uruguay,Uruguay,19297663096.5506
1995,uzbekistan,Uzbekistan,13350461264.9969
1995,viet-nam,Vietnam,20736164458.9505
1995,zambia,Zambia,3806983413.16416
1995,zimbabwe,Zimbabwe,7115000000
1996,albania,Albania,3234486232.04392
1996,algeria,Algeria,46941554225.3581
1996,angola,Angola,7526421519.16979
1996,argentina,Argentina,272149750000
1996,armenia,Armenia,1596968946.23708
1996,australia,Australia,401962517479.122
1996,austria,Austria,235952581232.129
1996,azerbaijan,Azerbaijan,3176507376.31836
1996,bangladesh,Bangladesh,46438484107.5795
1996,belarus,Belarus,14500437519.8258
1996,belgium,Belgium,279201433224.756
1996,benin,Benin,2361116449.39308
1996,bolivia-plurinational-state-of,Bolivia,7396949126.35685
1996,brazil,Brazil,850426432991.742
1996,bulgaria,Bulgaria,12295588923.8007
1996,burkina-faso,Burkina Faso,2586550595.41013
1996,burundi,Burundi,869033856.317093
1996,cambodia,Cambodia,3506695719.57259
1996,cameroon,Cameroon,11093538846.4483
1996,canada,Canada,630607994132.747
1996,chad,Chad,1607345355.78298
1996,chile,Chile,78584098983.6374
1996,china,China,868523936530.083
1996,colombia,Colombia,97160109277.8087
1996,cote-d-ivoire,Cote d Ivoire,18071152830.6101
1996,croatia,Croatia,24151469716.5173
1996,cuba,Cuba,25017368700
1996,cyprus,Cyprus,10011914680.0502
1996,czech-republic,Czechia,67804105329.8557
1996,denmark,Denmark,187481157845.724
1996,ecuador,Ecuador,25226393196.5983
1996,estonia,Estonia,4786018988.16491
1996,ethiopia,Ethiopia,8761215548.48614
1996,finland,Finland,131991975148.848
1996,france,France,1598889216566.23
1996,georgia,Georgia,3094936177.1918
1996,germany,Germany,2506576553158.31
1996,ghana,Ghana,6932991739.37767
1996,greece,Greece,142502984144.96
1996,guatemala,Guatemala,15674835615.3139
1996,guinea,Guinea,5641243099.76661
1996,haiti,Haiti,2907517603.76719
1996,hungary,Hungary,46833767123.6915
1996,iceland,Iceland,7686566105.26316
1996,india,India,392896866204.516
1996,indonesia,Indonesia,227369679374.973
1996,iraq,Iraq,10433698621.3427
1996,ireland,Ireland,75790786290.3226
1996,israel,Israel,115051957577.467
1996,italy,Italy,1314776508972.27
1996,japan,Japan,5021441618840.38
1996,jordan,Jordan,6927503526.09309
1996,kazakhstan,Kazakhstan,21035357936.8796
1996,kenya,Kenya,12045865396.1323
1996,kuwait,Kuwait,31492373308.7516
1996,latvia,Latvia,5799465288.41246
1996,lithuania,Lithuania,8430207164.43677
1996,luxembourg,Luxembourg,20895314657.9805
1996,madagascar,Madagascar,4931861038.70763
1996,malawi,Malawi,3319573749.6119
1996,malaysia,Malaysia,100855393910.486
1996,mali,Mali,3743103419.72181
1996,mexico,Mexico,432157945024.428
1996,mongolia,Mongolia,1345719472.35883
1996,morocco,Morocco,43161571527.6353
1996,mozambique,Mozambique,4030146134.5706
1996,myanmar,Myanmar,6123556716.81329
1996,nepal,Nepal,4521580381.47139
1996,netherlands,Netherlands,451372549019.608
1996,new-zealand,New Zealand,70140835299.0148
1996,niger,Niger,2405686940.0464
1996,nigeria,Nigeria,185730236700
1996,norway,Norway,162427517132.314
1996,oman,Oman,17402080624.1873
1996,pakistan,Pakistan,63320170084.4076
1996,panama,Panama,9197503300
1996,peru,Peru,55252414130.3019
1996,philippines,Philippines,94648084429.0341
1996,poland,Poland,160813026223.063
1996,portugal,Portugal,122630089680.27
1996,qatar,Qatar,9059340659.34066
1996,romania,Romania,36937074278.3004
1996,russian-federation,Russia,391724890744.498
1996,rwanda,Rwanda,1382334879.40812
1996,saudi-arabia,Saudi Arabia,158662483311.081
1996,senegal,Senegal,6559712165.96508
1996,serbia,Serbia,23277430167.5978
1996,singapore,Singapore,96293086513.0872
1996,slovenia,Slovenia,21470699362.6062
1996,south-africa,South Africa,163234925380.563
1996,spain,Spain,642251412058.321
1996,sri-lanka,Sri Lanka,13897738375.2488
1996,sudan,Sudan,9018300724.66086
1996,sweden,Sweden,291949597375.485
1996,switzerland,Switzerland,345373647249.191
1996,tanzania-united-rep,Tanzania,9433528150.36609
1996,thailand,Thailand,183035237429.281
1996,tunisia,Tunisia,19587161806.7655
1996,turkiye,Turkey,250366965174.129
1996,ukraine,Ukraine,44558831005.0621
1996,united-arab-emirates,United Arab Emirates,73571217376.7336
1996,united-kingdom,United Kingdom,1425287051482.06
1996,united-states,United States,8073122000000
1996,uruguay,Uruguay,20515458113.5857
1996,uzbekistan,Uzbekistan,13948892215.5689
1996,viet-nam,Vietnam,24657470574.7501
1996,zambia,Zambia,3597220962.00017
1996,zimbabwe,Zimbabwe,8557500000
1997,albania,Albania,2293666029.99318
1997,algeria,Algeria,48177612042.1507
1997,angola,Angola,7648380195.59902
1997,argentina,Argentina,292859000000
1997,armenia,Armenia,1639492444.76152
1997,australia,Australia,436321902767.408
1997,austria,Austria,211724812267.448
1997,azerbaijan,Azerbaijan,3962362387.47922
1997,bangladesh,Bangladesh,48244309133.4895
1997,belarus,Belarus,14128408565.7064
1997,belgium,Belgium,252708051420.839
1997,benin,Benin,2268301646.46707
1997,bolivia-plurinational-state-of,Bolivia,7925736821.45034
1997,brazil,Brazil,883206179730.462
1997,bulgaria,Bulgaria,11316706412.4362
1997,burkina-faso,Burkina Faso,2447669101.95178
1997,burundi,Burundi,972896267.915425
1997,cambodia,Cambodia,3443413388.65696
1997,cameroon,Cameroon,10789458432.6416
1997,canada,Canada,654987722085.801
1997,chad,Chad,1544689576.92712
1997,chile,Chile,85741415285.165
1997,china,China,967753570434.667
1997,colombia,Colombia,106659508271.255
1997,cote-d-ivoire,Cote d Ivoire,18047558037.7036
1997,croatia,Croatia,24175272571.5846
1997,cuba,Cuba,25365908100
1997,cyprus,Cyprus,9547816419.61231
1997,czech-republic,Czechia,62539765163.1302
1997,denmark,Denmark,173241365735.483
1997,ecuador,Ecuador,28162053026.5133
1997,estonia,Estonia,5154420649.23354
1997,ethiopia,Ethiopia,8803539988.33248
1997,finland,Finland,126862902302.142
1997,france,France,1449392222971.45
1997,georgia,Georgia,3510520231.21387
1997,germany,Germany,2218790886532.82
1997,ghana,Ghana,6891443192.24985
1997,greece,Greece,138766067640.085
1997,guatemala,Guatemala,17790026221.6139
1997,guinea,Guinea,5516916163.0949
1997,haiti,Haiti,3338949151.59927
1997,hungary,Hungary,47398564799.2496
1997,iceland,Iceland,7716781803.07823
1997,india,India,415867563592.829
1997,indonesia,Indonesia,215748998609.635
1997,iraq,Iraq,20764857056.3795
1997,ireland,Ireland,82856648758.3572
1997,israel,Israel,119389303067.2
1997,italy,Italy,1244988176443.84
1997,japan,Japan,4579780793431.57
1997,jordan,Jordan,7245839210.15515
1997,kazakhstan,Kazakhstan,22165932062.966
1997,kenya,Kenya,13115764358.2846
1997,kuwait,Kuwait,30350190704.4361
1997,latvia,Latvia,6349481006.53278
1997,lithuania,Lithuania,10168271903.3233
1997,luxembourg,Luxembourg,19563836265.2233
1997,madagascar,Madagascar,4262965419.74998
1997,malawi,Malawi,3875785863.38323
1997,malaysia,Malaysia,100005323301.867
1997,mali,Mali,3414879485.57287
1997,mexico,Mexico,523449530464.257
1997,mongolia,Mongolia,1180934202.83801
1997,morocco,Morocco,39147844526.0838
1997,mozambique,Mozambique,4873663774.93019
1997,myanmar,Myanmar,4722288495.66085
1997,nepal,Nepal,4918691916.53516
1997,netherlands,Netherlands,417506211881.635
1997,new-zealand,New Zealand,66075143415.4952
1997,niger,Niger,2290318910.20658
1997,nigeria,Nigeria,200850397618.182
1997,norway,Norway,160013571973.874
1997,oman,Oman,18039791937.5813
1997,pakistan,Pakistan,62433340468.0228
1997,panama,Panama,10058854400
1997,peru,Peru,58147522522.5225
1997,philippines,Philippines,94106317565.0846
1997,poland,Poland,159893964916.817
1997,portugal,Portugal,117016535162.95
1997,qatar,Qatar,11297802197.8022
1997,romania,Romania,35575214078.2428
1997,russian-federation,Russia,404928954191.876
1997,rwanda,Rwanda,1851558197.31088
1997,saudi-arabia,Saudi Arabia,165963684913.218
1997,senegal,Senegal,6041478725.90443
1997,serbia,Serbia,27153408994.8074
1997,singapore,Singapore,100123787215.299
1997,slovenia,Slovenia,20726878751.5006
1997,south-africa,South Africa,168978057327.73
1997,spain,Spain,589739772727.273
1997,sri-lanka,Sri Lanka,15091913883.7091
1997,sudan,Sudan,11681175864.3383
1997,sweden,Sweden,268249616890.856
1997,switzerland,Switzerland,298868250534.004
1997,tanzania-united-rep,Tanzania,11158197941.9152
1997,thailand,Thailand,150180456565.728
1997,tunisia,Tunisia,20746210353.845
1997,turkiye,Turkey,263817553748.395
1997,ukraine,Ukraine,50151531591.7317
1997,united-arab-emirates,United Arab Emirates,78838886862.1575
1997,united-kingdom,United Kingdom,1569317288801.57
1997,united-states,United States,8577552000000
1997,uruguay,Uruguay,23969739233.8966
1997,uzbekistan,Uzbekistan,14744603773.5849
1997,viet-nam,Vietnam,26843700441.5482
1997,zambia,Zambia,4303288479.7086
1997,zimbabwe,Zimbabwe,8534000000
1998,albania,Albania,2600356999.20614
1998,algeria,Algeria,48187781984.4881
1998,angola,Angola,6506221615.78722
1998,argentina,Argentina,298948250000
1998,armenia,Armenia,1893726437.26462
1998,australia,Australia,400361527504.578
1998,austria,Austria,217068085815.918
1998,azerbaijan,Azerbaijan,4446368570.6901
1998,bangladesh,Bangladesh,49984559471.3656
1998,belarus,Belarus,15222012660.4232
1998,belgium,Belgium,258528339631.029
1998,benin,Benin,2455092686.34712
1998,bolivia-plurinational-state-of,Bolivia,8497494652.12546
1998,brazil,Brazil,863710759256.435
1998,bulgaria,Bulgaria,15031821788.158
1998,burkina-faso,Burkina Faso,2804902367.14687
1998,burundi,Burundi,893770740.207416
1998,cambodia,Cambodia,3120425502.66241
1998,cameroon,Cameroon,11298144990.4104
1998,canada,Canada,633999325918.436
1998,chad,Chad,1744794531.21401
1998,chile,Chile,81990010704.0602
1998,china,China,1037134141760.35
1998,colombia,Colombia,98443739941.1664
1998,cote-d-ivoire,Cote d Ivoire,19619654755.679
1998,croatia,Croatia,25889813449.4579
1998,cuba,Cuba,25736331200
1998,cyprus,Cyprus,10248618778.2805
1998,czech-republic,Czechia,67187217327.7326
1998,denmark,Denmark,176877077513.133
1998,ecuador,Ecuador,27981896948.4742
1998,estonia,Estonia,5674080542.88575
1998,ethiopia,Ethiopia,8013274131.69715
1998,finland,Finland,133990876724.522
1998,france,France,1496906382032.47
1998,georgia,Georgia,3613497316.55319
1998,germany,Germany,2247760364565.97
1998,ghana,Ghana,7482069162.42008
1998,greece,Greece,139612812175.718
1998,guatemala,Guatemala,19395491992.9939
1998,guinea,Guinea,5232118046.3713
1998,haiti,Haiti,3723903723.63772
1998,hungary,Hungary,48784412623.5939
1998,iceland,Iceland,8637732541.50677
1998,india,India,421351317224.941
1998,indonesia,Indonesia,95445547872.715
1998,iraq,Iraq,20617405044.2425
1998,ireland,Ireland,90199410115.5097
1998,israel,Israel,120468659245.809
1998,italy,Italy,1272729786996.77
1998,japan,Japan,4150359076370.48
1998,jordan,Jordan,7912270803.94922
1998,kazakhstan,Kazakhstan,22135245507.3656
1998,kenya,Kenya,14093998843.7334
1998,kuwait,Kuwait,25943705784.2996
1998,latvia,Latvia,6974112951.26891
1998,lithuania,Lithuania,11289161847.2162
1998,luxembourg,Luxembourg,20150055567.904
1998,madagascar,Madagascar,4401967632.73718
1998,malawi,Malawi,2547609590.06984
1998,malaysia,Malaysia,72167498980.8398
1998,mali,Mali,3894433432.46149
1998,mexico,Mexico,557461102630.658
1998,mongolia,Mongolia,1124440204.84738
1998,morocco,Morocco,46497608724.9865
1998,mozambique,Mozambique,5551118148.73836
1998,myanmar,Myanmar,6459461639.30243
1998,nepal,Nepal,4856255044.39064
1998,netherlands,Netherlands,438612530548.767
1998,new-zealand,New Zealand,56227169851.0448
1998,niger,Niger,2643363518.99272
1998,nigeria,Nigeria,218416200672.727
1998,norway,Norway,152955958171.529
1998,oman,Oman,16044213263.9792
1998,pakistan,Pakistan,62191955814.3478
1998,panama,Panama,11019557700
1998,peru,Peru,55501467877.381
1998,philippines,Philippines,74492416329.9142
1998,poland,Poland,175282269666.801
1998,portugal,Portugal,123946327916.296
1998,qatar,Qatar,10255494505.4945
1998,romania,Romania,41696091973.7076
1998,russian-federation,Russia,270955486862.442
1998,rwanda,Rwanda,1989343546.17594
1998,saudi-arabia,Saudi Arabia,146775466666.667
1998,senegal,Senegal,6505607909.05324
1998,serbia,Serbia,21004077441.4802
1998,singapore,Singapore,85728207781.7785
1998,slovenia,Slovenia,22058635314.4836
1998,south-africa,South Africa,152982984557.233
1998,spain,Spain,618731484575.12
1998,sri-lanka,Sri Lanka,15760736956.1852
1998,sudan,Sudan,11250221536.7484
1998,sweden,Sweden,270887306758.576
1998,switzerland,Switzerland,306907741067.733
1998,tanzania-united-rep,Tanzania,12172790056.3733
1998,thailand,Thailand,113675596787.738
1998,tunisia,Tunisia,21802893587.126
1998,turkiye,Turkey,276035372654.608
1998,ukraine,Ukraine,41882523345.1804
1998,united-arab-emirates,United Arab Emirates,75674384204.7668
1998,united-kingdom,United Kingdom,1660821464060.95
1998,united-states,United States,9062817000000
1998,uruguay,Uruguay,25385886977.5228
1998,uzbekistan,Uzbekistan,14988971210.8383
1998,viet-nam,Vietnam,27209602050.0452
1998,zambia,Zambia,3537741941.89367
1998,zimbabwe,Zimbabwe,6405250000
1999,albania,Albania,3283941510.49964
1999,algeria,Algeria,48640671734.9711
1999,angola,Angola,6152923310.44546
1999,argentina,Argentina,283523000000
1999,armenia,Armenia,1845482173.02732
1999,australia,Australia,390347787943.351
1999,austria,Austria,216421809125.916
1999,azerbaijan,Azerbaijan,4581248566.50158
1999,bangladesh,Bangladesh,51270569883.5275
1999,belarus,Belarus,12138486532.0203
1999,belgium,Belgium,258245733221.468
1999,benin,Benin,3677393998.74486
1999,bolivia-plurinational-state-of,Bolivia,8285064434.56826
1999,brazil,Brazil,599642024319.531
1999,bulgaria,Bulgaria,13637793853.9432
1999,burkina-faso,Burkina Faso,3389566712.66037
1999,burundi,Burundi,808077223.365746
1999,cambodia,Cambodia,3517242477.2548
1999,cameroon,Cameroon,11565826464.8921
1999,canada,Canada,678414215521.303
1999,chad,Chad,1534673583.2487
1999,chile,Chile,75578685735.5219
1999,china,China,1103843203575.64
1999,colombia,Colombia,86186158684.7685
1999,cote-d-ivoire,Cote d Ivoire,18870992455.568
1999,croatia,Croatia,23776940769.2095
1999,cuba,Cuba,28364615200
1999,cyprus,Cyprus,10497907227.616
1999,czech-republic,Czechia,65586562604.8621
1999,denmark,Denmark,177887720535.535
1999,ecuador,Ecuador,19645272636.3182
1999,estonia,Estonia,5756912265.75809
1999,ethiopia,Ethiopia,7892973531.80045
1999,finland,Finland,135234241918.147
1999,france,France,1486915879701.93
1999,georgia,Georgia,2800025882.71672
1999,germany,Germany,2213873468586.88
1999,ghana,Ghana,7718109982.26093
1999,greece,Greece,137131371955.307
1999,guatemala,Guatemala,18318412251.3642
1999,guinea,Guinea,5046806782.54761
1999,haiti,Haiti,4153725883.84082
1999,hungary,Hungary,49160204397.4635
1999,iceland,Iceland,9107644690.76647
1999,india,India,458821052615.79
1999,indonesia,Indonesia,140001351215.462
1999,iraq,Iraq,36881601583.8194
1999,ireland,Ireland,98893958262.6438
1999,israel,Israel,121329240041.549
1999,italy,Italy,1255004736463.98
1999,japan,Japan,4688983449627.24
1999,jordan,Jordan,8149929478.13822
1999,kazakhstan,Kazakhstan,16870817181.7799
1999,kenya,Kenya,12896010459.3711
1999,kuwait,Kuwait,30122365849.2518
1999,latvia,Latvia,7324192889.74297
1999,lithuania,Lithuania,11022095813.552
1999,luxembourg,Luxembourg,21899317598.8414
1999,madagascar,Madagascar,4277903780.29131
1999,malawi,Malawi,2584478924.06081
1999,malaysia,Malaysia,79148421052.6316
1999,mali,Mali,4091446054.14913
1999,mexico,Mexico,631249359702.389
1999,mongolia,Mongolia,1057408588.68269
1999,morocco,Morocco,46266428648.1433
1999,mozambique,Mozambique,6285219691.22462
1999,myanmar,Myanmar,8486832800.88498
1999,nepal,Nepal,5033642384.10596
1999,netherlands,Netherlands,447778514140.155
1999,new-zealand,New Zealand,58762260625.8758
1999,niger,Niger,2537789820.69295
1999,nigeria,Nigeria,59145077039.1437
1999,norway,Norway,161304620986.768
1999,oman,Oman,17832769830.9493
1999,pakistan,Pakistan,62973857068.5113
1999,panama,Panama,11660704800
1999,peru,Peru,50187324567.883
1999,philippines,Philippines,85640171045.1254
1999,poland,Poland,170704452714.673
1999,portugal,Portugal,127470385557.184
1999,qatar,Qatar,12393131868.1319
1999,romania,Romania,35953156753.739
1999,russian-federation,Russia,195907128350.934
1999,rwanda,Rwanda,2157108262.84452
1999,saudi-arabia,Saudi Arabia,161717066666.667
1999,senegal,Senegal,6592834932.80876
1999,serbia,Serbia,20878694850.5767
1999,singapore,Singapore,86286849754.8905
1999,slovenia,Slovenia,22609669083.7179
1999,south-africa,South Africa,151516957078.536
1999,spain,Spain,634394904386.874
1999,sri-lanka,Sri Lanka,15711933513.2831
1999,sudan,Sudan,10682028339.6898
1999,sweden,Sweden,274318357862.122
1999,switzerland,Switzerland,301911268140.061
1999,tanzania-united-rep,Tanzania,12704334195.8151
1999,thailand,Thailand,126669211778.94
1999,tunisia,Tunisia,22943202174.9668
1999,turkiye,Turkey,256673939247.773
1999,ukraine,Ukraine,31580639553.8298
1999,united-arab-emirates,United Arab Emirates,84445399334.7235
1999,united-kingdom,United Kingdom,1693458987218.9
1999,united-states,United States,9631172000000
1999,uruguay,Uruguay,23983945190.6202
1999,uzbekistan,Uzbekistan,17078465982.0282
1999,viet-nam,Vietnam,28683659006.7752
1999,zambia,Zambia,3404284890.5306
1999,zimbabwe,Zimbabwe,6861500000
2000,afghanistan,Afghanistan,3521418059.92345
2000,albania,Albania,3584570164.85195
2000,algeria,Algeria,54790398570.3282
2000,angola,Angola,9129594970.15301
2000,argentina,Argentina,284203750000
2000,armenia,Armenia,1911563668.85006
2000,australia,Australia,416901962163.479
2000,austria,Austria,196181599831.287
2000,azerbaijan,Azerbaijan,5272615722.96892
2000,bangladesh,Bangladesh,53369787318.6245
2000,belarus,Belarus,12736856827.9847
2000,belgium,Belgium,236792460312.471
2000,benin,Benin,3519991440.47913
2000,bolivia-plurinational-state-of,Bolivia,8397855484.76908
2000,brazil,Brazil,655448231983.527
2000,bulgaria,Bulgaria,13246669553.9701
2000,burkina-faso,Burkina Faso,2968370087.59759
2000,burundi,Burundi,870486065.883137
2000,cambodia,Cambodia,3694168979.32019
2000,cameroon,Cameroon,10566579294.9831
2000,canada,Canada,744773415931.587
2000,chad,Chad,1388506771.58756
2000,chile,Chile,78339750721.364
2000,china,China,1223754919971.05
2000,colombia,Colombia,99875074951.0278
2000,cote-d-ivoire,Cote d Ivoire,16577533891.8785
2000,croatia,Croatia,22134069750.2586
2000,cuba,Cuba,30565400000
2000,cyprus,Cyprus,9985847313.85485
2000,czech-republic,Czechia,62175642238.0847
2000,denmark,Denmark,164043817223.59
2000,ecuador,Ecuador,17539454727.3637
2000,estonia,Estonia,5686579747.53524
2000,ethiopia,Ethiopia,8242349617.8638
2000,finland,Finland,125967821110.589
2000,france,France,1360959069477.49
2000,georgia,Georgia,3057475335.18846
2000,germany,Germany,1966980701145.1
2000,ghana,Ghana,4982850662.20851
2000,greece,Greece,125760166224.805
2000,guatemala,Guatemala,19288929030.0508
2000,guinea,Guinea,4367458866.71537
2000,haiti,Haiti,6813566098.8675
2000,hungary,Hungary,47275954428.9586
2000,iceland,Iceland,9140168922.35677
2000,india,India,468395521654.458
2000,indonesia,Indonesia,165021012077.81
2000,iraq,Iraq,48364250943.9051
2000,ireland,Ireland,100207610429.909
2000,israel,Israel,136409902631.643
2000,italy,Italy,1149661363439.38
2000,japan,Japan,5042381838343.44
2000,jordan,Jordan,8460789844.8519
2000,kazakhstan,Kazakhstan,18291990662.0356
2000,kenya,Kenya,12705350097.8044
2000,kuwait,Kuwait,37718743480.0751
2000,latvia,Latvia,7761252607.18424
2000,lithuania,Lithuania,11550695727.2335
2000,luxembourg,Luxembourg,21230200537.942
2000,madagascar,Madagascar,4629247203.84524
2000,malawi,Malawi,2537307580.32808
2000,malaysia,Malaysia,93789736842.1053
2000,mali,Mali,3521570875.85064
2000,mexico,Mexico,742061329749.127
2000,mongolia,Mongolia,1136896123.61298
2000,morocco,Morocco,43017455401.8445
2000,mozambique,Mozambique,5930685214.61595
2000,myanmar,Myanmar,8905066163.58643
2000,nepal,Nepal,5494252207.90502
2000,netherlands,Netherlands,417649282153.726
2000,new-zealand,New Zealand,52623281956.7031
2000,niger,Niger,2241753192.81158
2000,nigeria,Nigeria,69171451627.2465
2000,norway,Norway,170620327660.251
2000,oman,Oman,22259557867.3602
2000,pakistan,Pakistan,99484802344.5277
2000,panama,Panama,11966497000
2000,peru,Peru,51744749133.213
2000,philippines,Philippines,83669788376.9213
2000,poland,Poland,172953527033.013
2000,portugal,Portugal,118605192877.388
2000,qatar,Qatar,17759890109.8901
2000,romania,Romania,37253739511.1273
2000,russian-federation,Russia,259710142196.943
2000,rwanda,Rwanda,2068836754.37431
2000,saudi-arabia,Saudi Arabia,189514933333.333
2000,senegal,Senegal,6013185003.97525
2000,serbia,Serbia,7326373882.11044
2000,singapore,Singapore,96076539925.7409
2000,slovenia,Slovenia,20159190701.6789
2000,south-africa,South Africa,151752757215.309
2000,spain,Spain,598102854756.08
2000,sri-lanka,Sri Lanka,16595882818.6857
2000,sudan,Sudan,12257299147.2936
2000,sweden,Sweden,262903560280.282
2000,switzerland,Switzerland,282327351965.893
2000,tanzania-united-rep,Tanzania,13371767081.7428
2000,thailand,Thailand,126392224253.794
2000,tunisia,Tunisia,21473528160.7782
2000,turkiye,Turkey,274748463178.502
2000,ukraine,Ukraine,32375083934.8241
2000,united-arab-emirates,United Arab Emirates,104337463730.167
2000,united-kingdom,United Kingdom,1671597821152.97
2000,united-states,United States,10250952000000
2000,uruguay,Uruguay,22823270892.1094
2000,uzbekistan,Uzbekistan,13760513969.314
2000,viet-nam,Vietnam,31172518403.3162
2000,zambia,Zambia,3600632111.41414
2000,zimbabwe,Zimbabwe,6693250000
2001,afghanistan,Afghanistan,2813571753.87253
2001,albania,Albania,4059064033.13379
2001,algeria,Algeria,59413400923.6364
2001,angola,Angola,8936079117.73136
2001,argentina,Argentina,268696750000
2001,armenia,Armenia,2118467913.37873
2001,australia,Australia,380360222861.197
2001,austria,Austria,196477206829.33
2001,azerbaijan,Azerbaijan,5707616203.72011
2001,bangladesh,Bangladesh,53991289844.3291
2001,belarus,Belarus,12354820143.8849
2001,belgium,Belgium,236746141604.37
2001,benin,Benin,3666222635.13875
2001,bolivia-plurinational-state-of,Bolivia,8141516928.39489
2001,brazil,Brazil,559983634798.981
2001,bulgaria,Bulgaria,14184170318.951
2001,burkina-faso,Burkina Faso,3190371080.94768
2001,burundi,Burundi,876794723.068586
2001,cambodia,Cambodia,4145665969.92864
2001,cameroon,Cameroon,10953485349.1135
2001,canada,Canada,738981792355.372
2001,chad,Chad,1710843377.00119
2001,chile,Chile,71574739561.4329
2001,china,China,1355036590251.52
2001,colombia,Colombia,98200641203.3892
2001,cote-d-ivoire,Cote d Ivoire,16810537043.8407
2001,croatia,Croatia,23067071477.8294
2001,cuba,Cuba,31682400000
2001,cyprus,Cyprus,10397898907.1038
2001,czech-republic,Czechia,68135304463.9641
2001,denmark,Denmark,164881594415.341
2001,ecuador,Ecuador,23127055000
2001,estonia,Estonia,6250218422.70164
2001,ethiopia,Ethiopia,8231326016.47494
2001,finland,Finland,129519672868.898
2001,france,France,1370376677298.86
2001,georgia,Georgia,3219462262.0075
2001,germany,Germany,1966381496641.73
2001,ghana,Ghana,5314872854.4405
2001,greece,Greece,132050474720.03
2001,guatemala,Guatemala,18405220247.4412
2001,guinea,Guinea,4125527603.22908
2001,haiti,Haiti,6331970324.31022
2001,hungary,Hungary,53800068065.7969
2001,iceland,Iceland,8323401820.48477
2001,india,India,485440139204.171
2001,indonesia,Indonesia,160446947784.909
2001,iraq,Iraq,36176430128.8057
2001,ireland,Ireland,109346669229.695
2001,israel,Israel,134889159474.047
2001,italy,Italy,1172041488805.87
2001,japan,Japan,4438792748062.4
2001,jordan,Jordan,8975814652.8196
2001,kazakhstan,Kazakhstan,22152689179.8815
2001,kenya,Kenya,12986007425.8781
2001,kuwait,Kuwait,34889559869.8326
2001,latvia,Latvia,8190888739.6463
2001,lithuania,Lithuania,12260761329.3051
2001,luxembourg,Luxembourg,21387550720.1937
2001,madagascar,Madagascar,5438332601.90798
2001,malawi,Malawi,2498008664.6691
2001,malaysia,Malaysia,92783947368.4211
2001,mali,Mali,4124281593.68874
2001,mexico,Mexico,796064590549.136
2001,mongolia,Mongolia,1267997934.3125
2001,morocco,Morocco,43831480207.6444
2001,mozambique,Mozambique,5650154067.10346
2001,myanmar,Myanmar,6477790688.22844
2001,nepal,Nepal,6007055042.17687
2001,netherlands,Netherlands,432536219668.898
2001,new-zealand,New Zealand,53872425916.6248
2001,niger,Niger,2448714703.96617
2001,nigeria,Nigeria,73557840064.489
2001,norway,Norway,173590978346.698
2001,oman,Oman,22205721716.515
2001,pakistan,Pakistan,97145618479.9038
2001,panama,Panama,12252906300
2001,peru,Peru,52030158775.4055
2001,philippines,Philippines,78921234457.5487
2001,poland,Poland,191823200371.284
2001,portugal,Portugal,121604107164.997
2001,qatar,Qatar,17538461538.4615
2001,romania,Romania,40395116581.4832
2001,russian-federation,Russia,306602070620.5
2001,rwanda,Rwanda,1966600715.49841
2001,saudi-arabia,Saudi Arabia,184137600000
2001,senegal,Senegal,6507824829.26254
2001,serbia,Serbia,13599378661.9952
2001,singapore,Singapore,89793790669.6515
2001,slovenia,Slovenia,20668868706.8115
2001,south-africa,South Africa,135429905922.526
2001,spain,Spain,627798682378.741
2001,sri-lanka,Sri Lanka,15749753804.8344
2001,sudan,Sudan,15716361792.1926
2001,sweden,Sweden,242497797484.776
2001,switzerland,Switzerland,290160142213.795
2001,tanzania-united-rep,Tanzania,13563990022.3641
2001,thailand,Thailand,120296476180.402
2001,tunisia,Tunisia,22065832448.8623
2001,turkiye,Turkey,202195080239.036
2001,ukraine,Ukraine,39309580983.2282
2001,united-arab-emirates,United Arab Emirates,103311631797.329
2001,united-kingdom,United Kingdom,1656171009068.66
2001,united-states,United States,10581929000000
2001,uruguay,Uruguay,20898761742.2386
2001,uzbekistan,Uzbekistan,11401421329.1974
2001,viet-nam,Vietnam,32685198808.5549
2001,zambia,Zambia,4094441301.21423
2001,zimbabwe,Zimbabwe,6780750000
2002,afghanistan,Afghanistan,3825701438.99963
2002,albania,Albania,4515003116.68036
2002,algeria,Algeria,61516103406.1688
2002,angola,Angola,17311512433.1938
2002,argentina,Argentina,97724004251.8602
2002,armenia,Armenia,2376335048.39976
2002,australia,Australia,396436967262.563
2002,austria,Austria,212837224022.813
2002,azerbaijan,Azerbaijan,6236087738.28284
2002,bangladesh,Bangladesh,54724081490.5102
2002,belarus,Belarus,14594900944.7658
2002,belgium,Belgium,258383599375.177
2002,benin,Benin,4194342686.2178
2002,bolivia-plurinational-state-of,Bolivia,7905485146.44351
2002,brazil,Brazil,509795273806.715
2002,bulgaria,Bulgaria,16403880782.9964
2002,burkina-faso,Burkina Faso,3622350062.96053
2002,burundi,Burundi,825394519.423728
2002,cambodia,Cambodia,4501227626.62752
2002,cameroon,Cameroon,12417251350.4882
2002,canada,Canada,760650608551.583
2002,chad,Chad,1997005708.81576
2002,chile,Chile,70264045939.2773
2002,china,China,1489821682050.54
2002,colombia,Colombia,97945812802.8882
2002,cote-d-ivoire,Cote d Ivoire,18054383320.8474
2002,croatia,Croatia,26757633353.1909
2002,cuba,Cuba,33590500000
2002,cyprus,Cyprus,11420228846.1538
2002,czech-republic,Czechia,82607869609.574
2002,denmark,Denmark,178788209558.311
2002,ecuador,Ecuador,27054197000
2002,estonia,Estonia,7370119619.4782
2002,ethiopia,Ethiopia,7850809498.16803
2002,finland,Finland,140360963811.765
2002,france,France,1492427756382.43
2002,georgia,Georgia,3395766677.67315
2002,germany,Germany,2102350798305.89
2002,ghana,Ghana,6166197847.85031
2002,greece,Greece,150253800085.865
2002,guatemala,Guatemala,20444205991.025
2002,guinea,Guinea,4301608752.51396
2002,haiti,Haiti,6205847213.6351
2002,hungary,Hungary,67636468625.0428
2002,iceland,Iceland,9416199699.54736
2002,india,India,514939140318.756
2002,indonesia,Indonesia,195660611165.183
2002,iraq,Iraq,32928454672.4246
2002,ireland,Ireland,128596035288.401
2002,israel,Israel,125215963105.239
2002,italy,Italy,1281746271196.04
2002,japan,Japan,4245946980572.3
2002,jordan,Jordan,9582510578.27927
2002,kazakhstan,Kazakhstan,24636598527.4437
2002,kenya,Kenya,13147736898.5176
2002,kuwait,Kuwait,38135788413.8276
2002,latvia,Latvia,9249030241.01864
2002,lithuania,Lithuania,14282292664.6004
2002,luxembourg,Luxembourg,23649832386.5918
2002,madagascar,Madagascar,5351701663.40807
2002,malawi,Malawi,5087328437.8737
2002,malaysia,Malaysia,100845526315.789
2002,mali,Mali,4647238256.56563
2002,mexico,Mexico,810666116401.915
2002,mongolia,Mongolia,1396555719.97409
2002,morocco,Morocco,47077192187.6418
2002,mozambique,Mozambique,5950769426.60213
2002,myanmar,Myanmar,6777632512.0781
2002,nepal,Nepal,6050875806.66403
2002,netherlands,Netherlands,475529972122.746
2002,new-zealand,New Zealand,66627729311.4495
2002,niger,Niger,2782192878.67204
2002,nigeria,Nigeria,95054059302.6995
2002,norway,Norway,195359978957.389
2002,oman,Oman,23065539661.8986
2002,pakistan,Pakistan,97923302809.3537
2002,panama,Panama,12800851300
2002,peru,Peru,54777553515.0809
2002,philippines,Philippines,84307345887.543
2002,poland,Poland,199694463255.567
2002,portugal,Portugal,134795565549.419
2002,qatar,Qatar,19363736263.7363
2002,romania,Romania,46065502702.5817
2002,russian-federation,Russia,345470494417.863
2002,rwanda,Rwanda,1966003468.49117
2002,saudi-arabia,Saudi Arabia,189605866666.667
2002,senegal,Senegal,7006402319.75856
2002,serbia,Serbia,17930583571.3055
2002,singapore,Singapore,92538372869.6942
2002,slovenia,Slovenia,23214593516.2095
2002,south-africa,South Africa,129087556612.449
2002,spain,Spain,708938227243.923
2002,sri-lanka,Sri Lanka,16536535647.0834
2002,sudan,Sudan,18137128388.3606
2002,sweden,Sweden,267371907446.776
2002,switzerland,Switzerland,313930961760.554
2002,tanzania-united-rep,Tanzania,14129651895.6911
2002,thailand,Thailand,134300904400.022
2002,tunisia,Tunisia,23141616604.5242
2002,turkiye,Turkey,240778008473.845
2002,ukraine,Ukraine,43956163612.0433
2002,united-arab-emirates,United Arab Emirates,109816091078.603
2002,united-kingdom,United Kingdom,1790536570743.41
2002,united-states,United States,10929108000000
2002,uruguay,Uruguay,13606515722.5864
2002,uzbekistan,Uzbekistan,9687788512.80184
2002,viet-nam,Vietnam,35064105500.8344
2002,zambia,Zambia,4193850445.42632
2002,zimbabwe,Zimbabwe,6345250000
2003,afghanistan,Afghanistan,4520946818.54581
2003,albania,Albania,5801712040.48463
2003,algeria,Algeria,73482264190.9245
2003,angola,Angola,20342128111.9406
2003,argentina,Argentina,127586973492.177
2003,armenia,Armenia,2807061008.69084
2003,australia,Australia,468517181129.878
2003,austria,Austria,260779834340.097
2003,azerbaijan,Azerbaijan,7276413079.11451
2003,bangladesh,Bangladesh,60158929188.2556
2003,belarus,Belarus,17825444724.4878
2003,belgium,Belgium,318082528506.588
2003,benin,Benin,5349258094.48239
2003,bolivia-plurinational-state-of,Bolivia,8082399639.54305
2003,brazil,Brazil,558233745651.874
2003,bulgaria,Bulgaria,21146038619.2612
2003,burkina-faso,Burkina Faso,4740768142.67494
2003,burundi,Burundi,784654423.620476
2003,cambodia,Cambodia,5046693484.31767
2003,cameroon,Cameroon,15970315034.9903
2003,canada,Canada,895542074084.648
2003,chad,Chad,2742815071.5744
2003,chile,Chile,76492579644.0605
2003,china,China,1683903309843.85
2003,colombia,Colombia,94644969157.0987
2003,cote-d-ivoire,Cote d Ivoire,21251754340.4305
2003,croatia,Croatia,35244797328.5582
2003,cuba,Cuba,35901200000
2003,cyprus,Cyprus,14547329558.3239
2003,czech-republic,Czechia,100435924704.881
2003,denmark,Denmark,218421193436.252
2003,ecuador,Ecuador,30965208000
2003,estonia,Estonia,9876595528.45528
2003,ethiopia,Ethiopia,8623691300.04079
2003,finland,Finland,171612867735.686
2003,france,France,1835095983049.09
2003,georgia,Georgia,3991377904.13162
2003,germany,Germany,2534715518349.01
2003,ghana,Ghana,7632723555.66221
2003,greece,Greece,196930509813.384
2003,guatemala,Guatemala,21576351798.9145
2003,guinea,Guinea,5025167975.26363
2003,haiti,Haiti,5071947798.27263
2003,hungary,Hungary,85190469121.074
2003,iceland,Iceland,11564687741.9859
2003,india,India,607700687237.318
2003,indonesia,Indonesia,234772463823.808
2003,iraq,Iraq,21921569478.8163
2003,ireland,Ireland,164670771259.602
2003,israel,Israel,131278887815.375
2003,italy,Italy,1582930016538.82
2003,japan,Japan,4573413206709.02
2003,jordan,Jordan,10195627644.5698
2003,kazakhstan,Kazakhstan,30833692900.1091
2003,kenya,Kenya,14904517649.8476
2003,kuwait,Kuwait,47874582231.588
2003,latvia,Latvia,11244337719.8377
2003,lithuania,Lithuania,18809197969.5431
2003,luxembourg,Luxembourg,29667268248.1305
2003,madagascar,Madagascar,6372498889.66585
2003,malawi,Malawi,4669789300.35662
2003,malaysia,Malaysia,110202368421.053
2003,mali,Mali,5605613011.29141
2003,mexico,Mexico,765549967888.647
2003,mongolia,Mongolia,1595297355.78349
2003,morocco,Morocco,58029363354.2757
2003,mozambique,Mozambique,6583526860.58062
2003,myanmar,Myanmar,10467109977.6717
2003,nepal,Nepal,6330473096.54071
2003,netherlands,Netherlands,582435617081.96
2003,new-zealand,New Zealand,88250885550.2626
2003,niger,Niger,3394084732.49543
2003,nigeria,Nigeria,104738954264.226
2003,norway,Norway,229192678172.933
2003,oman,Oman,24733680104.0312
2003,pakistan,Pakistan,112371913740.823
2003,panama,Panama,13603456000
2003,peru,Peru,58731030121.8671
2003,philippines,Philippines,87039092974.2272
2003,poland,Poland,218561225998.47
2003,portugal,Portugal,165226175536.793
2003,qatar,Qatar,23533791208.7912
2003,romania,Romania,57806384143.166
2003,russian-federation,Russia,430347420184.885
2003,rwanda,Rwanda,2138237278.73822
2003,saudi-arabia,Saudi Arabia,215807733333.333
2003,senegal,Senegal,8768721563.18211
2003,serbia,Serbia,23593044417.5086
2003,singapore,Singapore,97646401095.6369
2003,slovenia,Slovenia,29360575031.8177
2003,south-africa,South Africa,197018965308.697
2003,spain,Spain,907963217057.645
2003,sri-lanka,Sri Lanka,18881765437.2151
2003,sudan,Sudan,21355298459.5955
2003,sweden,Sweden,334072443515.576
2003,switzerland,Switzerland,366563952624.935
2003,tanzania-united-rep,Tanzania,15211487708.7684
2003,thailand,Thailand,152280615245.887
2003,tunisia,Tunisia,27453902261.4629
2003,turkiye,Turkey,315392899922.379
2003,ukraine,Ukraine,52010355753.0461
2003,united-arab-emirates,United Arab Emirates,124346476180.46
2003,united-kingdom,United Kingdom,2061227755102.04
2003,united-states,United States,11456450000000
2003,uruguay,Uruguay,12045638351.8507
2003,uzbekistan,Uzbekistan,10134453435.4603
2003,viet-nam,Vietnam,39552513231.9169
2003,zambia,Zambia,4901869764.05957
2003,zimbabwe,Zimbabwe,5730500000
2004,afghanistan,Afghanistan,5224896718.67782
2004,albania,Albania,7406645793.44038
2004,algeria,Algeria,91913680985.1708
2004,angola,Angola,26997977896.2907
2004,argentina,Argentina,164657930452.787
2004,armenia,Armenia,3576615240.41616
2004,australia,Australia,615643050220.515
2004,austria,Austria,299210411454.823
2004,azerbaijan,Azerbaijan,8680405740.94125
2004,bangladesh,Bangladesh,65108544250.0425
2004,belarus,Belarus,23141566292.9462
2004,belgium,Belgium,369214712443.206
2004,benin,Benin,6190270380.49856
2004,bolivia-plurinational-state-of,Bolivia,8773451751.5121
2004,brazil,Brazil,669289424806.307
2004,bulgaria,Bulgaria,26159078743.1056
2004,burkina-faso,Burkina Faso,5451688537.60959
2004,burundi,Burundi,915257323.3961
2004,cambodia,Cambodia,5883297159.87352
2004,cameroon,Cameroon,18826214135.6419
2004,canada,Canada,1026691006917.76
2004,chad,Chad,4422855660.82592
2004,chile,Chile,99075985773.6682
2004,china,China,1984196551300.44
2004,colombia,Colombia,117092416666.245
2004,cote-d-ivoire,Cote d Ivoire,23510575681.3686
2004,croatia,Croatia,41836096243.0481
2004,cuba,Cuba,38203000000
2004,cyprus,Cyprus,17320551250
2004,czech-republic,Czechia,120147899983.657
2004,denmark,Denmark,251986155630.852
2004,ecuador,Ecuador,35194947000
2004,estonia,Estonia,12148595031.0559
2004,ethiopia,Ethiopia,10131187261.4421
2004,finland,Finland,197458297639.769
2004,france,France,2109792297237.03
2004,georgia,Georgia,5125365191.98664
2004,germany,Germany,2852317768061.78
2004,ghana,Ghana,8881417906.71432
2004,greece,Greece,234979615898.225
2004,guatemala,Guatemala,23577298094.6571
2004,guinea,Guinea,5300767960.51572
2004,haiti,Haiti,6087360684.2969
2004,hungary,Hungary,104015363080.271
2004,iceland,Iceland,13963943244.0018
2004,india,India,709152728830.775
2004,indonesia,Indonesia,256836875295.452
2004,iraq,Iraq,36633669269.3981
2004,ireland,Ireland,194372115041.065
2004,israel,Israel,139925423025.435
2004,italy,Italy,1812808753294.75
2004,japan,Japan,4941485123806.53
2004,jordan,Jordan,11411706629.055
2004,kazakhstan,Kazakhstan,43151647002.6096
2004,kenya,Kenya,16095337093.8366
2004,kuwait,Kuwait,59439090600.6108
2004,latvia,Latvia,13827070378.5612
2004,lithuania,Lithuania,22743164431.1972
2004,luxembourg,Luxembourg,35064843792.8993
2004,madagascar,Madagascar,5064732626.29389
2004,malawi,Malawi,5058726350.48896
2004,malaysia,Malaysia,124749473684.211
2004,mali,Mali,6485774930.41503
2004,mexico,Mexico,819459227375.022
2004,mongolia,Mongolia,1992066808.09598
2004,morocco,Morocco,66114145451.0067
2004,mozambique,Mozambique,7937255565.35765
2004,myanmar,Myanmar,10567354056.4049
2004,nepal,Nepal,7273938314.71988
2004,netherlands,Netherlands,661224886143.245
2004,new-zealand,New Zealand,103905210084.034
2004,niger,Niger,3760443737.53797
2004,nigeria,Nigeria,135764731645.611
2004,norway,Norway,265662977688.108
2004,oman,Oman,28378933680.104
2004,pakistan,Pakistan,132216048339.413
2004,panama,Panama,15100203400
2004,peru,Peru,66768703497.5687
2004,philippines,Philippines,95001999685.3314
2004,poland,Poland,256268656145.134
2004,portugal,Portugal,189382122532.169
2004,qatar,Qatar,31734065934.0659
2004,romania,Romania,74973656851.8076
2004,russian-federation,Russia,591016690732.385
2004,rwanda,Rwanda,2376496067.01198
2004,saudi-arabia,Saudi Arabia,258742133333.333
2004,senegal,Senegal,10076816666.6196
2004,serbia,Serbia,26845632341.8075
2004,singapore,Singapore,115033593101.049
2004,slovenia,Slovenia,34156553313.4031
2004,south-africa,South Africa,255806908594.573
2004,spain,Spain,1069829382514.67
2004,sri-lanka,Sri Lanka,20662525941.2985
2004,sudan,Sudan,26646007250.7319
2004,sweden,Sweden,384545442175.019
2004,switzerland,Switzerland,409012909529.554
2004,tanzania-united-rep,Tanzania,16673062473.3981
2004,thailand,Thailand,172895685154.658
2004,tunisia,Tunisia,31183885241.4396
2004,turkiye,Turkey,410156784495.948
2004,ukraine,Ukraine,67220154164.3166
2004,united-arab-emirates,United Arab Emirates,147824249957.985
2004,united-kingdom,United Kingdom,2429774807762.72
2004,united-states,United States,12217196000000
2004,uruguay,Uruguay,13686329890.1191
2004,uzbekistan,Uzbekistan,12030023547.8807
2004,viet-nam,Vietnam,45427854693.2554
2004,zambia,Zambia,6221110219.45542
2004,zimbabwe,Zimbabwe,5808500000
2005,afghanistan,Afghanistan,6203256538.70967
2005,albania,Albania,8256658249.8128
2005,algeria,Algeria,107046618669.707
2005,angola,Angola,41396636383.8231
2005,argentina,Argentina,198737095012.282
2005,armenia,Armenia,4900469511.10191
2005,australia,Australia,696811489612.816
2005,austria,Austria,313952317330.776
2005,azerbaijan,Azerbaijan,13245421880.834
2005,bangladesh,Bangladesh,69476001239.419
2005,belarus,Belarus,30210091836.8294
2005,belgium,Belgium,385714762230.039
2005,benin,Benin,6567654954.38903
2005,bolivia-plurinational-state-of,Bolivia,9549122905.32852
2005,brazil,Brazil,891633839894.183
2005,bulgaria,Bulgaria,29870182424.913
2005,burkina-faso,Burkina Faso,6146353173.34929
2005,burundi,Burundi,1117113079.73645
2005,cambodia,Cambodia,7066296463.3598
2005,cameroon,Cameroon,19509852206.9341
2005,canada,Canada,1173118501402.87
2005,chad,Chad,8655892392.92919
2005,chile,Chile,122294145163.192
2005,china,China,2317551298052.05
2005,colombia,Colombia,145600529605.803
2005,cote-d-ivoire,Cote d Ivoire,24036918703.1747
2005,croatia,Croatia,45012776905.5255
2005,cuba,Cuba,42643836100
2005,cyprus,Cyprus,18433412510.8817
2005,czech-republic,Czechia,137264185596.1
2005,denmark,Denmark,265150087711.985
2005,ecuador,Ecuador,40278849000
2005,estonia,Estonia,14109491356.7964
2005,ethiopia,Ethiopia,12401139453.9738
2005,finland,Finland,204859368790.661
2005,france,France,2192146403028.17
2005,georgia,Georgia,6410912049.87105
2005,germany,Germany,2893393187361.87
2005,ghana,Ghana,10744568381.4456
2005,greece,Greece,242315668619.405
2005,guatemala,Guatemala,26783389293.922
2005,guinea,Guinea,4282468636.90501
2005,haiti,Haiti,7030149730.33692
2005,hungary,Hungary,113098237570.929
2005,iceland,Iceland,17146410560.5279
2005,india,India,820383763511.445
2005,indonesia,Indonesia,285868619196.085
2005,iraq,Iraq,50065104667.8159
2005,ireland,Ireland,211876989655.907
2005,israel,Israel,147346035831.272
2005,italy,Italy,1864982261286.85
2005,japan,Japan,4875648486366.14
2005,jordan,Jordan,12588998589.5628
2005,kazakhstan,Kazakhstan,57123671733.8952
2005,kenya,Kenya,18737895512.7378
2005,kuwait,Kuwait,80798630136.9863
2005,latvia,Latvia,16306935905.4138
2005,lithuania,Lithuania,26105207115.3129
2005,luxembourg,Luxembourg,37672311222.7362
2005,madagascar,Madagascar,5859269752.61332
2005,malawi,Malawi,5320409651.47544
2005,malaysia,Malaysia,143534405818.501
2005,mali,Mali,7429066951.56583
2005,mexico,Mexico,917571853437.344
2005,mongolia,Mongolia,2523471601.10421
2005,morocco,Morocco,68852658068.6673
2005,mozambique,Mozambique,8868504899.94673
2005,myanmar,Myanmar,11986972418.5103
2005,nepal,Nepal,8130258377.90964
2005,netherlands,Netherlands,688133699635.797
2005,new-zealand,New Zealand,114720129550.095
2005,niger,Niger,4383315964.58718
2005,nigeria,Nigeria,175670569969.346
2005,norway,Norway,311417306946.061
2005,oman,Oman,35506892067.6203
2005,pakistan,Pakistan,145208562960.767
2005,panama,Panama,16623906700
2005,peru,Peru,76060606060.6061
2005,philippines,Philippines,107419977318.166
2005,poland,Poland,306999913150.525
2005,portugal,Portugal,197253876704.921
2005,qatar,Qatar,44530494505.4945
2005,romania,Romania,98454380120.0761
2005,russian-federation,Russia,764015973481.11
2005,rwanda,Rwanda,2933819766.17656
2005,saudi-arabia,Saudi Arabia,328459608764.111
2005,senegal,Senegal,11009033437.939
2005,serbia,Serbia,28334256180.8801
2005,singapore,Singapore,127807848728.398
2005,slovenia,Slovenia,35947936823.7781
2005,south-africa,South Africa,288867217196.534
2005,spain,Spain,1154667551775.88
2005,sri-lanka,Sri Lanka,24405791044.7761
2005,sudan,Sudan,35182711987.974
2005,sweden,Sweden,391688455928.597
2005,switzerland,Switzerland,424511048024.414
2005,tanzania-united-rep,Tanzania,18395383647.4975
2005,thailand,Thailand,189318408468.595
2005,tunisia,Tunisia,32272186694.8043
2005,turkiye,Turkey,508314210212.544
2005,ukraine,Ukraine,89238865118.5263
2005,united-arab-emirates,United Arab Emirates,180617467954.23
2005,united-kingdom,United Kingdom,2551361818181.82
2005,united-states,United States,13039197000000
2005,uruguay,Uruguay,17362857683.8545
2005,uzbekistan,Uzbekistan,14307509838.8053
2005,viet-nam,Vietnam,57633255738.1992
2005,zambia,Zambia,8331870169.14977
2005,zimbabwe,Zimbabwe,5758250000
2006,afghanistan,Afghanistan,6971758282.29351
2006,albania,Albania,9150528132.17633
2006,algeria,Algeria,123084258693.01
2006,angola,Angola,58653659979.5501
2006,argentina,Argentina,232557260817.308
2006,armenia,Armenia,6384452066.5146
2006,australia,Australia,749708370332.989
2006,austria,Austria,333905979332.481
2006,azerbaijan,Azerbaijan,20981929497.6188
2006,bangladesh,Bangladesh,71795736172.1561
2006,belarus,Belarus,36961894281.3444
2006,belgium,Belgium,408259840868.823
2006,benin,Benin,7034111314.88812
2006,bolivia-plurinational-state-of,Bolivia,11451844902.2214
2006,brazil,Brazil,1107626541434.92
2006,bulgaria,Bulgaria,34382295487.2238
2006,burkina-faso,Burkina Faso,6547419820.38113
2006,burundi,Burundi,1273375078.44844
2006,cambodia,Cambodia,8350531016.65753
2006,cameroon,Cameroon,20910512974.933
2006,canada,Canada,1319291255289.14
2006,chad,Chad,9709626596.13031
2006,chile,Chile,153843518170.864
2006,china,China,2791498472804.33
2006,colombia,Colombia,161792958904.864
2006,cote-d-ivoire,Cote d Ivoire,25281413263.3712
2006,croatia,Croatia,49583643047.994
2006,cuba,Cuba,48835925925.9259
2006,cyprus,Cyprus,20072754986.8272
2006,czech-republic,Czechia,156236258386.589
2006,denmark,Denmark,283386151543.687
2006,ecuador,Ecuador,45690762000
2006,estonia,Estonia,17025671810.3124
2006,ethiopia,Ethiopia,15280861834.6024
2006,finland,Finland,217044068234.117
2006,france,France,2317861544690.82
2006,georgia,Georgia,7745250733.95067
2006,germany,Germany,3046308753670.58
2006,ghana,Ghana,20885037596.6963
2006,greece,Greece,269073415333.676
2006,guatemala,Guatemala,29744246827.1839
2006,guinea,Guinea,4220019845.26341
2006,haiti,Haiti,7638739122.67242
2006,hungary,Hungary,115604111412.139
2006,iceland,Iceland,17671649843.2602
2006,india,India,940259888787.721
2006,indonesia,Indonesia,364570515618.357
2006,iraq,Iraq,65147051918.0219
2006,ireland,Ireland,232180617162.279
2006,israel,Israel,158706516001.616
2006,italy,Italy,1958563654385.64
2006,japan,Japan,4648058930707.24
2006,jordan,Jordan,15056981664.3159
2006,kazakhstan,Kazakhstan,81003864630.018
2006,kenya,Kenya,25825512284.2891
2006,kuwait,Kuwait,101557330723.423
2006,latvia,Latvia,20434922247.3037
2006,lithuania,Lithuania,30116192746.8942
2006,luxembourg,Luxembourg,42910153829.6576
2006,madagascar,Madagascar,6395712490.94304
2006,malawi,Malawi,5818279739.14354
2006,malaysia,Malaysia,162692258307.056
2006,mali,Mali,8212007553.99393
2006,mexico,Mexico,1020265057882.01
2006,mongolia,Mongolia,3414055661.61598
2006,morocco,Morocco,75883823300.8545
2006,mozambique,Mozambique,9509835536.93373
2006,myanmar,Myanmar,14502553709.8303
2006,nepal,Nepal,9043715355.8881
2006,netherlands,Netherlands,737593995289.411
2006,new-zealand,New Zealand,111538810712.665
2006,niger,Niger,4756361252.37923
2006,nigeria,Nigeria,238454997161.48
2006,norway,Norway,349773283644.925
2006,oman,Oman,42577633289.987
2006,pakistan,Pakistan,161871385506.36
2006,panama,Panama,18659721500
2006,peru,Peru,88643193061.748
2006,philippines,Philippines,127652926368.069
2006,poland,Poland,345897630736.173
2006,portugal,Portugal,208756449275.848
2006,qatar,Qatar,60882142857.1429
2006,romania,Romania,122023735992.706
2006,russian-federation,Russia,989932071352.543
2006,rwanda,Rwanda,3274207945.36553
2006,saudi-arabia,Saudi Arabia,376900133511.348
2006,senegal,Senegal,11697918243.0035
2006,serbia,Serbia,33298057361.7412
2006,singapore,Singapore,148627286361.351
2006,slovenia,Slovenia,39260368837.0342
2006,south-africa,South Africa,303858675363.643
2006,spain,Spain,1261846683275.29
2006,sri-lanka,Sri Lanka,28267410542.5164
2006,sudan,Sudan,45263831634.1497
2006,sweden,Sweden,422528394459.353
2006,switzerland,Switzerland,448364681767.427
2006,tanzania-united-rep,Tanzania,18619859795.2852
2006,thailand,Thailand,221758296021.621
2006,tunisia,Tunisia,34376664600.5898
2006,turkiye,Turkey,559668118237.002
2006,ukraine,Ukraine,111884752475.248
2006,united-arab-emirates,United Arab Emirates,222116532963.026
2006,united-kingdom,United Kingdom,2719558417663.29
2006,united-states,United States,13815583000000
2006,uruguay,Uruguay,19741420739.8901
2006,uzbekistan,Uzbekistan,17330833852.919
2006,viet-nam,Vietnam,66371664817.0436
2006,zambia,Zambia,12756858899.2812
2006,zimbabwe,Zimbabwe,5446750000
2007,afghanistan,Afghanistan,9747886187.39393
2007,albania,Albania,11116937869.8568
2007,algeria,Algeria,142482739809.849
2007,angola,Angola,73037821926.4655
2007,argentina,Argentina,287530508430.568
2007,armenia,Armenia,9206301269.79164
2007,australia,Australia,856603595823.192
2007,austria,Austria,386760177589.497
2007,azerbaijan,Azerbaijan,33049419431.2244
2007,bangladesh,Bangladesh,79611644974.5571
2007,belarus,Belarus,45275711995.825
2007,belgium,Belgium,470922156309.453
2007,benin,Benin,8169048382.83875
2007,bolivia-plurinational-state-of,Bolivia,13120108008.3477
2007,brazil,Brazil,1397114486368.67
2007,bulgaria,Bulgaria,44433521724.8301
2007,burkina-faso,Burkina Faso,7625722836.76847
2007,burundi,Burundi,1356199387.42308
2007,cambodia,Cambodia,10127916459.8983
2007,cameroon,Cameroon,23928250433.0378
2007,canada,Canada,1468820407783.26
2007,chad,Chad,10865385131.5172
2007,chile,Chile,172491076033.863
2007,china,China,3604055822571.63
2007,colombia,Colombia,206229540926.312
2007,cote-d-ivoire,Cote d Ivoire,28760090953.3081
2007,croatia,Croatia,59290547254.1358
2007,cuba,Cuba,54262870370.3704
2007,cyprus,Cyprus,23968727073.6381
2007,czech-republic,Czechia,190040702286.917
2007,denmark,Denmark,320213157595.018
2007,ecuador,Ecuador,49848725000
2007,estonia,Estonia,22450264166.4385
2007,ethiopia,Ethiopia,19707616772.7996
2007,finland,Finland,256360251537.648
2007,france,France,2655816911866.56
2007,georgia,Georgia,10172931088.5655
2007,germany,Germany,3484056680854.91
2007,ghana,Ghana,24827339138.4906
2007,greece,Greece,314226996944.108
2007,guatemala,Guatemala,33567850824.1039
2007,guinea,Guinea,6281918226.34408
2007,haiti,Haiti,9228637767.69009
2007,hungary,Hungary,140123326896.329
2007,iceland,Iceland,21960110030.4426
2007,india,India,1216736438834.96
2007,indonesia,Indonesia,432216737774.861
2007,iraq,Iraq,88837057319.5179
2007,ireland,Ireland,270079279419.5
2007,israel,Israel,184448882451.742
2007,italy,Italy,2222524108127.65
2007,japan,Japan,4624670179654.96
2007,jordan,Jordan,17110437235.543
2007,kazakhstan,Kazakhstan,104849915058.376
2007,kenya,Kenya,31958195182.2406
2007,kuwait,Kuwait,114634043361.692
2007,latvia,Latvia,29420499247.7089
2007,lithuania,Lithuania,39729151614.6689
2007,luxembourg,Luxembourg,51587401415.7872
2007,madagascar,Madagascar,8524620889.57747
2007,malawi,Malawi,6451210219.11683
2007,malaysia,Malaysia,193549569477.733
2007,mali,Mali,9699047442.57905
2007,mexico,Mexico,1102355554880.44
2007,mongolia,Mongolia,4234999703.90059
2007,morocco,Morocco,86947913286.728
2007,mozambique,Mozambique,10811456005.9405
2007,myanmar,Myanmar,20182477480.5512
2007,nepal,Nepal,10325618017.379
2007,netherlands,Netherlands,853499460872.552
2007,new-zealand,New Zealand,137188946865.584
2007,niger,Niger,5731485051.79069
2007,nigeria,Nigeria,278260846800.103
2007,norway,Norway,407813774161.08
2007,oman,Oman,48300390117.0351
2007,pakistan,Pakistan,184140869997.46
2007,panama,Panama,21717433800
2007,peru,Peru,102170981144.136
2007,philippines,Philippines,155980408673.403
2007,poland,Poland,429715132137.503
2007,portugal,Portugal,240496147317.381
2007,qatar,Qatar,79711813186.8132
2007,romania,Romania,174588782938.583
2007,russian-federation,Russia,1299703478481.65
2007,rwanda,Rwanda,4017977506.55904
2007,saudi-arabia,Saudi Arabia,415964509673.115
2007,senegal,Senegal,13994218412.9619
2007,serbia,Serbia,44888028946.0854
2007,singapore,Singapore,180941701357.97
2007,slovenia,Slovenia,47880266542.577
2007,south-africa,South Africa,333077117253.684
2007,spain,Spain,1476746276854.51
2007,sri-lanka,Sri Lanka,32350238760.4239
2007,sudan,Sudan,59440139774.8128
2007,sweden,Sweden,490047789548.441
2007,switzerland,Switzerland,498993845384.872
2007,tanzania-united-rep,Tanzania,21860434823.4808
2007,thailand,Thailand,262942621455.053
2007,tunisia,Tunisia,38915353866.757
2007,turkiye,Turkey,685228481017.03
2007,ukraine,Ukraine,148733861386.139
2007,united-arab-emirates,United Arab Emirates,257916148767.436
2007,united-kingdom,United Kingdom,3104699879951.98
2007,united-states,United States,14474228000000
2007,uruguay,Uruguay,23797773024.3992
2007,uzbekistan,Uzbekistan,22311393927.8817
2007,viet-nam,Vietnam,77414425532.2452
2007,zambia,Zambia,14056957976.2648
2007,zimbabwe,Zimbabwe,5294750000
2008,afghanistan,Afghanistan,10109297047.5432
2008,albania,Albania,13258506375.4518
2008,algeria,Algeria,180383848331.135
2008,angola,Angola,98790432989.3077
2008,argentina,Argentina,361558037110.419
2008,armenia,Armenia,11662040713.8753
2008,australia,Australia,1058448244063.77
2008,austria,Austria,429234399096.173
2008,azerbaijan,Azerbaijan,48851293785.4483
2008,bangladesh,Bangladesh,91636997370.9772
2008,belarus,Belarus,60752106347.126
2008,belgium,Belgium,517328087920.078
2008,benin,Benin,9787734526.23965
2008,bolivia-plurinational-state-of,Bolivia,16674276285.8956
2008,brazil,Brazil,1695855083497.52
2008,bulgaria,Bulgaria,54483464293.1671
2008,burkina-faso,Burkina Faso,9451435490.11467
2008,burundi,Burundi,1611835857.04588
2008,cambodia,Cambodia,12174303999.0812
2008,cameroon,Cameroon,27715142032.913
2008,canada,Canada,1552993439550.14
2008,chad,Chad,13385593990.3378
2008,chile,Chile,179894594475.405
2008,china,China,4667346414521.95
2008,colombia,Colombia,242504150472.931
2008,cote-d-ivoire,Cote d Ivoire,34078240293.2559
2008,croatia,Croatia,68473103476.6775
2008,cuba,Cuba,56302129629.6296
2008,cyprus,Cyprus,27958384913.4219
2008,czech-republic,Czechia,236506264753.95
2008,denmark,Denmark,354979471960.142
2008,ecuador,Ecuador,61139438000
2008,estonia,Estonia,24342935403.5447
2008,ethiopia,Ethiopia,27066912635.2228
2008,finland,Finland,285698662071.094
2008,france,France,2926802941585.86
2008,georgia,Georgia,12795145130.9103
2008,germany,Germany,3808197720125
2008,ghana,Ghana,28679383241.0729
2008,greece,Greece,351121399546.485
2008,guatemala,Guatemala,38503720224.3166
2008,guinea,Guinea,6964179983.17212
2008,haiti,Haiti,10432962634.8748
2008,hungary,Hungary,158228265915.534
2008,iceland,Iceland,18247921360.2599
2008,india,India,1198895139005.92
2008,indonesia,Indonesia,510228634992.258
2008,iraq,Iraq,131614434153.505
2008,ireland,Ireland,275447471451.063
2008,israel,Israel,220952472408.027
2008,italy,Italy,2417508414187.19
2008,japan,Japan,5160197175876.43
2008,jordan,Jordan,25651620830.6149
2008,kazakhstan,Kazakhstan,133441648851.982
2008,kenya,Kenya,35895153327.8497
2008,kuwait,Kuwait,147379737229.753
2008,latvia,Latvia,34135200994.0067
2008,lithuania,Lithuania,47831254207.5223
2008,luxembourg,Luxembourg,58844277701.5258
2008,madagascar,Madagascar,10725137723.6549
2008,malawi,Malawi,7743617352.21427
2008,malaysia,Malaysia,230811614370.384
2008,mali,Mali,11462490840.2195
2008,mexico,Mexico,1161553459984.65
2008,mongolia,Mongolia,5623216608.04288
2008,morocco,Morocco,101822906949.063
2008,mozambique,Mozambique,12920340964.6544
2008,myanmar,Myanmar,31862554101.9378
2008,nepal,Nepal,12545438605.3959
2008,netherlands,Netherlands,957901566041.406
2008,new-zealand,New Zealand,133437126590.286
2008,niger,Niger,7297600226.00536
2008,nigeria,Nigeria,339476276257.793
2008,norway,Norway,472060283687.943
2008,oman,Oman,69804681404.4213
2008,pakistan,Pakistan,202203748583.854
2008,panama,Panama,25721328000
2008,peru,Peru,120550599815.441
2008,philippines,Philippines,181624626327.361
2008,poland,Poland,535612030671.888
2008,portugal,Portugal,263416394624.084
2008,qatar,Qatar,115269780219.78
2008,romania,Romania,214315932061.275
2008,russian-federation,Russia,1660848058303.11
2008,rwanda,Rwanda,5120655375.24365
2008,saudi-arabia,Saudi Arabia,519796800000
2008,senegal,Senegal,16853989627.548
2008,serbia,Serbia,54220641201.6474
2008,singapore,Singapore,193617323539.203
2008,slovenia,Slovenia,55509332322.3578
2008,south-africa,South Africa,316131258616.309
2008,spain,Spain,1636115447612.5
2008,sri-lanka,Sri Lanka,40713826215.0093
2008,sudan,Sudan,64833083257.1431
2008,sweden,Sweden,514614100832.941
2008,switzerland,Switzerland,574703945157.419
2008,tanzania-united-rep,Tanzania,27947821397.9272
2008,thailand,Thailand,291382982430.951
2008,tunisia,Tunisia,44859439902.2191
2008,turkiye,Turkey,775415944332.866
2008,ukraine,Ukraine,188110390659.515
2008,united-arab-emirates,United Arab Emirates,315474615741.223
2008,united-kingdom,United Kingdom,2945251838235.29
2008,united-states,United States,14769862000000
2008,uruguay,Uruguay,31119602538.8322
2008,uzbekistan,Uzbekistan,29549438883.8338
2008,viet-nam,Vietnam,99130304099.1274
2008,zambia,Zambia,17910858637.9048
2008,zimbabwe,Zimbabwe,4418000000
2009,afghanistan,Afghanistan,12416152732.0567
2009,albania,Albania,12335540656.1006
2009,algeria,Algeria,150317292079.359
2009,angola,Angola,81705175408.8809
2009,argentina,Argentina,332976484577.619
2009,armenia,Armenia,8647937081.2562
2009,australia,Australia,931761689770.843
2009,austria,Austria,399290118782.429
2009,azerbaijan,Azerbaijan,44292427184.9492
2009,bangladesh,Bangladesh,102475158190.998
2009,belarus,Belarus,50873167326.0414
2009,belgium,Belgium,485014525992.461
2009,benin,Benin,9738626517.00319
2009,bolivia-plurinational-state-of,Bolivia,17339992193.7322
2009,brazil,Brazil,1666996438581.43
2009,bulgaria,Bulgaria,52026461289.6618
2009,burkina-faso,Burkina Faso,9450696873.34326
2009,burundi,Burundi,1775495032.424
2009,cambodia,Cambodia,12502901169.7377
2009,cameroon,Cameroon,27932970317.129
2009,canada,Canada,1374627766599.6
2009,chad,Chad,12317614053.6841
2009,chile,Chile,171777900623.892
2009,china,China,5189577094997.58
2009,colombia,Colombia,232468663109.595
2009,cote-d-ivoire,Cote d Ivoire,33886813250.2036
2009,croatia,Croatia,62315450610.8524
2009,cuba,Cuba,57481481481.4815
2009,cyprus,Cyprus,26048190775.3879
2009,czech-republic,Czechia,206971882704.716
2009,denmark,Denmark,322619152194.594
2009,ecuador,Ecuador,60094978000
2009,estonia,Estonia,19633984440.1223
2009,ethiopia,Ethiopia,32437389116.038
2009,finland,Finland,253480783439.453
2009,france,France,2700075882518.98
2009,georgia,Georgia,10766920065.8251
2009,germany,Germany,3478545516683.59
2009,ghana,Ghana,26048720005.5233
2009,greece,Greece,326829054686.306
2009,guatemala,Guatemala,37126148264.6383
2009,guinea,Guinea,6716905339.73136
2009,haiti,Haiti,11597002834.7786
2009,hungary,Hungary,130807441076.16
2009,iceland,Iceland,13212543837.5133
2009,india,India,1341888016994.9
2009,indonesia,Indonesia,539580085612.401
2009,iraq,Iraq,111657580326.315
2009,ireland,Ireland,236443115853.695
2009,israel,Israel,213112649594.385
2009,italy,Italy,2209484319012.65
2009,japan,Japan,5336765697589.29
2009,jordan,Jordan,27462496197.1831
2009,kazakhstan,Kazakhstan,115308686941.38
2009,kenya,Kenya,42347217912.9176
2009,kuwait,Kuwait,105968691905.415
2009,latvia,Latvia,25691530442.035
2009,lithuania,Lithuania,37494380038.9213
2009,luxembourg,Luxembourg,54467289897.5582
2009,madagascar,Madagascar,9616879409.43789
2009,malawi,Malawi,9009887946.82039
2009,malaysia,Malaysia,202257453036.641
2009,mali,Mali,12155217832.8039
2009,mexico,Mexico,943437414950.633
2009,mongolia,Mongolia,4583850367.88972
2009,morocco,Morocco,101154952240.881
2009,mozambique,Mozambique,12263894790.0125
2009,myanmar,Myanmar,36906181380.8127
2009,nepal,Nepal,12854985464.0764
2009,netherlands,Netherlands,878954223140.234
2009,new-zealand,New Zealand,121663439315.385
2009,niger,Niger,7352131309.73341
2009,nigeria,Nigeria,295008835380.997
2009,norway,Norway,395664488017.429
2009,oman,Oman,55454096228.8687
2009,pakistan,Pakistan,187337783856.466
2009,panama,Panama,27791215500
2009,peru,Peru,120822986521.479
2009,philippines,Philippines,175974755881.372
2009,poland,Poland,440891472247.096
2009,portugal,Portugal,244667762835.543
2009,qatar,Qatar,97798351648.3516
2009,romania,Romania,174110532658.867
2009,russian-federation,Russia,1222645900055.7
2009,rwanda,Rwanda,5603399014.71331
2009,saudi-arabia,Saudi Arabia,429097866666.667
2009,senegal,Senegal,16145867494.9405
2009,serbia,Serbia,46955984409.7271
2009,singapore,Singapore,194150283771.566
2009,slovenia,Slovenia,49975540954.8465
2009,south-africa,South Africa,329754060647.129
2009,spain,Spain,1496587590847.66
2009,sri-lanka,Sri Lanka,42066224093.0065
2009,sudan,Sudan,51621044076.9231
2009,sweden,Sweden,434311714442.499
2009,switzerland,Switzerland,563659557945.042
2009,tanzania-united-rep,Tanzania,29400573553.6075
2009,thailand,Thailand,281710630187.319
2009,tunisia,Tunisia,43455740497.3061
2009,turkiye,Turkey,653894449921.288
2009,ukraine,Ukraine,121552153444.124
2009,united-arab-emirates,United Arab Emirates,253547358746.804
2009,united-kingdom,United Kingdom,2429358155475.93
2009,united-states,United States,14478067000000
2009,uruguay,Uruguay,32708319077.5179
2009,uzbekistan,Uzbekistan,33689223673.2577
2009,viet-nam,Vietnam,106014659565.214
2009,zambia,Zambia,15328342303.9575
2009,zimbabwe,Zimbabwe,9670750000
2010,afghanistan,Afghanistan,15856668555.8336
2010,albania,Albania,12086545641.299
2010,algeria,Algeria,177785053939.531
2010,angola,Angola,95546919754.2873
2010,argentina,Argentina,423627422092.49
2010,armenia,Armenia,9260285755.62424
2010,australia,Australia,1152566632022.13
2010,austria,Austria,389827789217.634
2010,azerbaijan,Azerbaijan,52909294791.9262
2010,bangladesh,Bangladesh,115275540051.262
2010,belarus,Belarus,57231904542.8755
2010,belgium,Belgium,481556503720.001
2010,benin,Benin,9535345015.78355
2010,bolivia-plurinational-state-of,Bolivia,19649723722.1034
2010,brazil,Brazil,2208837745100.55
2010,bulgaria,Bulgaria,50691645231.0083
2010,burkina-faso,Burkina Faso,10109619740.6994
2010,burundi,Burundi,2032135192.01248
2010,cambodia,Cambodia,13808673288.0696
2010,cameroon,Cameroon,27507501821.0296
2010,canada,Canada,1617349192091.46
2010,chad,Chad,14058506663.7252
2010,chile,Chile,217051209238.534
2010,china,China,6192564874453.29
2010,colombia,Colombia,286498534094.963
2010,cote-d-ivoire,Cote d Ivoire,34936307980.063
2010,croatia,Croatia,58975127200.9948
2010,cuba,Cuba,59562962962.963
2010,cyprus,Cyprus,25799940416.0167
2010,czech-republic,Czechia,211168667286.27
2010,denmark,Denmark,322345594075.47
2010,ecuador,Ecuador,68151329000
2010,estonia,Estonia,19524355419.038
2010,ethiopia,Ethiopia,29933790334.3418
2010,finland,Finland,249429613683.334
2010,france,France,2646230027988.34
2010,georgia,Georgia,12426907967.1578
2010,germany,Germany,3467093769666.67
2010,ghana,Ghana,32197655566.5347
2010,greece,Greece,296417644404.034
2010,guatemala,Guatemala,40676578423.4871
2010,guinea,Guinea,6853467145.53089
2010,haiti,Haiti,11859312725.1448
2010,hungary,Hungary,131898737241.166
2010,iceland,Iceland,13922711576.5124
2010,india,India,1675615519484.96
2010,indonesia,Indonesia,755094157621.936
2010,iraq,Iraq,138516722649.573
2010,ireland,Ireland,221732824603.484
2010,israel,Israel,239372857534.485
2010,italy,Italy,2144936254535
2010,japan,Japan,5811578109447.07
2010,jordan,Jordan,30202773521.1268
2010,kazakhstan,Kazakhstan,148047348240.643
2010,kenya,Kenya,45405615063.7551
2010,kuwait,Kuwait,115416245241.742
2010,latvia,Latvia,23468324572.3343
2010,lithuania,Lithuania,36638128534.0643
2010,luxembourg,Luxembourg,56213985987.4168
2010,madagascar,Madagascar,9982711338.07029
2010,malawi,Malawi,10128323010.6049
2010,malaysia,Malaysia,255017638455.59
2010,mali,Mali,12710739159.5014
2010,mexico,Mexico,1105424238651.95
2010,mongolia,Mongolia,7189481998.90094
2010,morocco,Morocco,100865329473.44
2010,mozambique,Mozambique,11411894723.864
2010,myanmar,Myanmar,49540813342.4834
2010,nepal,Nepal,16002656434.4746
2010,netherlands,Netherlands,852464982433.335
2010,new-zealand,New Zealand,146887902524.052
2010,niger,Niger,7851192502.30917
2010,nigeria,Nigeria,366990417129.04
2010,norway,Norway,440132138425.479
2010,oman,Oman,64993498049.4148
2010,pakistan,Pakistan,196709621849.586
2010,panama,Panama,30231009500
2010,peru,Peru,147527631520.729
2010,philippines,Philippines,208368893151.144
2010,poland,Poland,478111630683.514
2010,portugal,Portugal,238443864993.217
2010,qatar,Qatar,125122252747.253
2010,romania,Romania,170064350671.827
2010,russian-federation,Russia,1524916715223.95
2010,rwanda,Rwanda,6052276077.6354
2010,saudi-arabia,Saudi Arabia,528207466666.667
2010,senegal,Senegal,16121315909.0758
2010,serbia,Serbia,43536629233.1424
2010,singapore,Singapore,239807980591.24
2010,slovenia,Slovenia,47793117240.9001
2010,south-africa,South Africa,417363822801.713
2010,spain,Spain,1427989078916.67
2010,sri-lanka,Sri Lanka,58636049581.1712
2010,sudan,Sudan,58962978034.4828
2010,sweden,Sweden,492750897239.447
2010,switzerland,Switzerland,609999593541.9
2010,tanzania-united-rep,Tanzania,32012892919.37
2010,thailand,Thailand,341104766329.17
2010,tunisia,Tunisia,46206091937.9628
2010,turkiye,Turkey,782545664268.333
2010,ukraine,Ukraine,141209170427.233
2010,united-arab-emirates,United Arab Emirates,307736348527.33
2010,united-kingdom,United Kingdom,2496740681057.14
2010,united-states,United States,15048971000000
2010,uruguay,Uruguay,41950361211.9581
2010,uzbekistan,Uzbekistan,55544226552.8467
2010,viet-nam,Vietnam,147201173196.979
2010,zambia,Zambia,20265559483.8548
2010,zimbabwe,Zimbabwe,12047750000
2011,afghanistan,Afghanistan,17805098206.3141
2011,albania,Albania,12973755874.5365
2011,algeria,Algeria,218331946925.304
2011,angola,Angola,125551634704.941
2011,argentina,Argentina,530158122010.442
2011,armenia,Armenia,10142111824.5835
2011,australia,Australia,1402939868653.4
2011,austria,Austria,428954737064.057
2011,azerbaijan,Azerbaijan,65952796427.9473
2011,bangladesh,Bangladesh,128607482310.357
2011,belarus,Belarus,61762382327.9319
2011,belgium,Belgium,527196649048.639
2011,benin,Benin,10693321363.6574
2011,bolivia-plurinational-state-of,Bolivia,23963164696.592
2011,brazil,Brazil,2616156223917.69
2011,bulgaria,Bulgaria,57684243980.4624
2011,burkina-faso,Burkina Faso,12080295977.5632
2011,burundi,Burundi,2235812879.56709
2011,cambodia,Cambodia,16032622023.8265
2011,cameroon,Cameroon,30630910495.217
2011,canada,Canada,1793335727900.85
2011,chad,Chad,16685349673.9957
2011,chile,Chile,251382573893.87
2011,china,China,7671757207851.29
2011,colombia,Colombia,334966134804.887
2011,cote-d-ivoire,Cote d Ivoire,36693710801.3976
2011,croatia,Croatia,62889150894.151
2011,cuba,Cuba,68990000000
2011,cyprus,Cyprus,27641553201.0506
2011,czech-republic,Czechia,231429378717.312
2011,denmark,Denmark,344315595263.175
2011,ecuador,Ecuador,78986648000
2011,estonia,Estonia,23303915794.7569
2011,ethiopia,Ethiopia,31952763089.33
2011,finland,Finland,275126915515.565
2011,france,France,2870408553990.28
2011,georgia,Georgia,15475290469.2869
2011,germany,Germany,3823575803793.78
2011,ghana,Ghana,39336668080.559
2011,greece,Greece,283228079776.041
2011,guatemala,Guatemala,46876006272.2387
2011,guinea,Guinea,6785137203.33153
2011,haiti,Haiti,13008746038.8867
2011,hungary,Hungary,141712804953.868
2011,iceland,Iceland,15394005872.149
2011,india,India,1823051829894.55
2011,indonesia,Indonesia,892969104563.171
2011,iraq,Iraq,185749664444.444
2011,ireland,Ireland,240975871046.644
2011,israel,Israel,267739352609.375
2011,italy,Italy,2306974020278.21
2011,japan,Japan,6279422550218.7
2011,jordan,Jordan,32640291549.2958
2011,kazakhstan,Kazakhstan,192626464617.071
2011,kenya,Kenya,46869473150.61
2011,kuwait,Kuwait,154039231245.856
2011,latvia,Latvia,26575547900.8247
2011,lithuania,Lithuania,43186501862.7907
2011,luxembourg,Luxembourg,61696281326.2453
2011,madagascar,Madagascar,11551819617.874
2011,malawi,Malawi,11648142958.3651
2011,malaysia,Malaysia,297951668674.835
2011,mali,Mali,15452791788.9356
2011,mexico,Mexico,1229013703416.76
2011,mongolia,Mongolia,10409797377.8571
2011,morocco,Morocco,110080631332.375
2011,mozambique,Mozambique,14619279988.716
2011,myanmar,Myanmar,59977326085.9908
2011,nepal,Nepal,21573872420.7008
2011,netherlands,Netherlands,913140741332.687
2011,new-zealand,New Zealand,168458838711.118
2011,niger,Niger,8772950777.79176
2011,nigeria,Nigeria,414466676831.16
2011,norway,Norway,512868581627.712
2011,oman,Oman,77497529258.7776
2011,pakistan,Pakistan,230586581059.665
2011,panama,Panama,35687738300
2011,peru,Peru,171761737046.585
2011,philippines,Philippines,234216730291.32
2011,poland,Poland,527848543023.469
2011,portugal,Portugal,245426767676.002
2011,qatar,Qatar,167775274725.275
2011,romania,Romania,192623977894.173
2011,russian-federation,Russia,2045922753398.04
2011,rwanda,Rwanda,6802676033.65947
2011,saudi-arabia,Saudi Arabia,680660800000
2011,senegal,Senegal,17814283639.3119
2011,serbia,Serbia,51251098408.0924
2011,singapore,Singapore,279356499090.458
2011,slovenia,Slovenia,51199194599.3094
2011,south-africa,South Africa,458199494830.834
2011,spain,Spain,1487568659241.25
2011,sri-lanka,Sri Lanka,67753285882.299
2011,sudan,Sudan,55018567210.5263
2011,sweden,Sweden,570538581144.45
2011,switzerland,Switzerland,727231637101.778
2011,tanzania-united-rep,Tanzania,34657140096.4836
2011,thailand,Thailand,370818739623.622
2011,tunisia,Tunisia,48123325825.0739
2011,turkiye,Turkey,844192507380.795
2011,ukraine,Ukraine,169333835201.554
2011,united-arab-emirates,United Arab Emirates,368881033962.57
2011,united-kingdom,United Kingdom,2675590034128.66
2011,united-states,United States,15599732000000
2011,uruguay,Uruguay,50342406067.0777
2011,uzbekistan,Uzbekistan,67404618404.5392
2011,viet-nam,Vietnam,172595049183.925
2011,zambia,Zambia,23459515275.5776
2011,zimbabwe,Zimbabwe,14109000000
2012,afghanistan,Afghanistan,19907329777.5872
2012,albania,Albania,12246499747.9714
2012,algeria,Algeria,227143746075.934
2012,angola,Angola,143572907527.976
2012,argentina,Argentina,545982375701.128
2012,armenia,Armenia,10619320682.9474
2012,australia,Australia,1552728401401.58
2012,austria,Austria,406750487603.59
2012,azerbaijan,Azerbaijan,69679944504.1972
2012,bangladesh,Bangladesh,133310747603.483
2012,belarus,Belarus,65685890438.8922
2012,belgium,Belgium,498414364944.961
2012,benin,Benin,11141358115.8991
2012,bolivia-plurinational-state-of,Bolivia,27084497481.9103
2012,brazil,Brazil,2465227802806.76
2012,bulgaria,Bulgaria,54299825600.0647
2012,burkina-faso,Burkina Faso,12561015156.5683
2012,burundi,Burundi,2327402362.81574
2012,cambodia,Cambodia,17826536699.8016
2012,cameroon,Cameroon,30155062329.2821
2012,canada,Canada,1828359477071.97
2012,chad,Chad,17892228569.8861
2012,chile,Chile,267024782486.855
2012,china,China,8673664713189.24
2012,colombia,Colombia,370691143018.039
2012,cote-d-ivoire,Cote d Ivoire,36302302877.2977
2012,croatia,Croatia,57547495859.7306
2012,cuba,Cuba,73141000000
2012,cyprus,Cyprus,25047433099.5891
2012,czech-republic,Czechia,210363223087.728
2012,denmark,Denmark,326792574244.963
2012,ecuador,Ecuador,87735048000
2012,estonia,Estonia,23237406116.3988
2012,ethiopia,Ethiopia,43310721414.0829
2012,finland,Finland,257443384492.969
2012,france,France,2683007095787.23
2012,georgia,Georgia,16894392033.2256
2012,germany,Germany,3596483233406.25
2012,ghana,Ghana,41271701060.954
2012,greece,Greece,238841140018.233
2012,guatemala,Guatemala,49593929487.1263
2012,guinea,Guinea,7638044556.84656
2012,haiti,Haiti,13708925477.1304
2012,hungary,Hungary,128470269689.958
2012,iceland,Iceland,14943757823.3226
2012,india,India,1827637590410.41
2012,indonesia,Indonesia,917869913332.649
2012,iraq,Iraq,218002476129.472
2012,ireland,Ireland,226921827888.137
2012,israel,Israel,263172104090.976
2012,italy,Italy,2097929495121.68
2012,japan,Japan,6333803928787.76
2012,jordan,Jordan,34854017887.3239
2012,kazakhstan,Kazakhstan,207998568865.789
2012,kenya,Kenya,56396704671.5777
2012,kuwait,Kuwait,174047662680.041
2012,latvia,Latvia,27116149948.6683
2012,lithuania,Lithuania,42709372066.8627
2012,luxembourg,Luxembourg,59776383527.3602
2012,madagascar,Madagascar,11578975061.9479
2012,malawi,Malawi,8773203178.16512
2012,malaysia,Malaysia,314443047642.111
2012,mali,Mali,14795114602.6122
2012,mexico,Mexico,1255110424741.85
2012,mongolia,Mongolia,12292770631.565
2012,morocco,Morocco,106937392311.129
2012,mozambique,Mozambique,16688114144.0745
2012,myanmar,Myanmar,59937796648.2158
2012,nepal,Nepal,21703100877.1309
2012,netherlands,Netherlands,845689017065.625
2012,new-zealand,New Zealand,176508049114.249
2012,niger,Niger,9426912647.59111
2012,nigeria,Nigeria,463971018239.281
2012,norway,Norway,525082939406.962
2012,oman,Oman,87408842652.7958
2012,pakistan,Pakistan,250106966104.704
2012,panama,Panama,41595439700
2012,peru,Peru,192650021648.583
2012,philippines,Philippines,261920540962.63
2012,poland,Poland,498148649702.66
2012,portugal,Portugal,216536676771.973
2012,qatar,Qatar,186833502362.637
2012,romania,Romania,179117323107.087
2012,russian-federation,Russia,2208293553878.42
2012,rwanda,Rwanda,7556673275.95438
2012,saudi-arabia,Saudi Arabia,751921333333.333
2012,senegal,Senegal,17660870411.5235
2012,serbia,Serbia,45103269969.4112
2012,singapore,Singapore,295092888076.589
2012,slovenia,Slovenia,46167053954.3367
2012,south-africa,South Africa,434400545085.811
2012,spain,Spain,1330994811670.31
2012,sri-lanka,Sri Lanka,70447216891.3366
2012,sudan,Sudan,37632919966.6667
2012,sweden,Sweden,549739674655.127
2012,switzerland,Switzerland,697882536676.898
2012,tanzania-united-rep,Tanzania,39650394362.9287
2012,thailand,Thailand,397558325278.579
2012,tunisia,Tunisia,47311401812.6733
2012,turkiye,Turkey,885327622479.052
2012,ukraine,Ukraine,182591753827.949
2012,united-arab-emirates,United Arab Emirates,392793559050.783
2012,united-kingdom,United Kingdom,2719715961539.83
2012,united-states,United States,16253970000000
2012,uruguay,Uruguay,54232266358.7811
2012,uzbekistan,Uzbekistan,75318846931.3239
2012,viet-nam,Vietnam,195590661129.249
2012,zambia,Zambia,25503060420.026
2012,zimbabwe,Zimbabwe,17123500000
2013,afghanistan,Afghanistan,20146416757.5987
2013,albania,Albania,12796985886.1478
2013,algeria,Algeria,229701430292.157
2013,angola,Angola,148845200696.335
2013,argentina,Argentina,552025140252.246
2013,armenia,Armenia,11121464437.0415
2013,australia,Australia,1583737461925.39
2013,austria,Austria,426580502769.417
2013,azerbaijan,Azerbaijan,74160560123.6902
2013,bangladesh,Bangladesh,149998957434.186
2013,belarus,Belarus,75527558966.4473
2013,belgium,Belgium,524097026598.55
2013,benin,Benin,12517845123.9315
2013,bolivia-plurinational-state-of,Bolivia,30659338885.6729
2013,brazil,Brazil,2472819535557.21
2013,bulgaria,Bulgaria,55822115861.1854
2013,burkina-faso,Burkina Faso,13444300485.8412
2013,burundi,Burundi,2451624637.67157
2013,cambodia,Cambodia,19807135252.8649
2013,cameroon,Cameroon,33728621180.3231
2013,canada,Canada,1846583831414.43
2013,chad,Chad,17865316886.3315
2013,chile,Chile,277395018842.417
2013,china,China,9743124247267.24
2013,colombia,Colombia,382093697077.685
2013,cote-d-ivoire,Cote d Ivoire,42760235484.6093
2013,croatia,Croatia,59846869998.8711
2013,cuba,Cuba,77148000000
2013,cyprus,Cyprus,23959708956.2926
2013,czech-republic,Czechia,213024360541.119
2013,denmark,Denmark,344631016965.12
2013,ecuador,Ecuador,96570334000
2013,estonia,Estonia,25451032780.7573
2013,ethiopia,Ethiopia,47648276605.0123
2013,finland,Finland,270268036626.275
2013,france,France,2816077607875.26
2013,georgia,Georgia,17517660143.6859
2013,germany,Germany,3807023797050.99
2013,ghana,Ghana,62845721959.827
2013,greece,Greece,236556279640.705
2013,guatemala,Guatemala,52996420177.4409
2013,guinea,Guinea,8376613539.28278
2013,haiti,Haiti,14902488604.2421
2013,hungary,Hungary,135646053778.582
2013,iceland,Iceland,16244319958.6808
2013,india,India,1856721507621.58
2013,indonesia,Indonesia,912524136718.018
2013,iraq,Iraq,234637675128.645
2013,ireland,Ireland,242924245718.756
2013,israel,Israel,298045324735.571
2013,italy,Italy,2153225581941.46
2013,japan,Japan,5272297037396.96
2013,jordan,Jordan,37873362957.7465
2013,kazakhstan,Kazakhstan,236634603409.089
2013,kenya,Kenya,61671440407.8387
2013,kuwait,Kuwait,174168116534.844
2013,latvia,Latvia,29152128167.8438
2013,lithuania,Lithuania,46303660422.0434
2013,luxembourg,Luxembourg,65203276466.9763
2013,madagascar,Madagascar,12423555455.3853
2013,malawi,Malawi,8031571927.62055
2013,malaysia,Malaysia,323276235524.415
2013,mali,Mali,15747192680.9971
2013,mexico,Mexico,1327436290439.27
2013,mongolia,Mongolia,12582122604.2577
2013,morocco,Morocco,115739287305.08
2013,mozambique,Mozambique,17198073057.1981
2013,myanmar,Myanmar,60269732854.827
2013,nepal,Nepal,22162204924.5726
2013,netherlands,Netherlands,883951539006.669
2013,new-zealand,New Zealand,190943478289.796
2013,niger,Niger,10224897437.8648
2013,nigeria,Nigeria,520117180313.906
2013,norway,Norway,540132255319.149
2013,oman,Oman,89936020806.2419
2013,pakistan,Pakistan,258657231672.412
2013,panama,Panama,46949496500
2013,peru,Peru,201175543571.392
2013,philippines,Philippines,283902828588.718
2013,poland,Poland,518179836405.36
2013,portugal,Portugal,226677408291.745
2013,qatar,Qatar,198727642967.033
2013,romania,Romania,189798603751.235
2013,russian-federation,Russia,2292470078346.22
2013,rwanda,Rwanda,7714276919.73722
2013,saudi-arabia,Saudi Arabia,769755733333.333
2013,senegal,Senegal,18918667724.8817
2013,serbia,Serbia,50455529604.0696
2013,singapore,Singapore,307576360584.992
2013,slovenia,Slovenia,47867056858.8892
2013,south-africa,South Africa,400886013595.573
2013,spain,Spain,1362186923157.65
2013,sri-lanka,Sri Lanka,76976204074.978
2013,sudan,Sudan,43024018082.1918
2013,sweden,Sweden,584125353119.18
2013,switzerland,Switzerland,718748402259.576
2013,tanzania-united-rep,Tanzania,45648857242.315
2013,thailand,Thailand,420333654592.547
2013,tunisia,Tunisia,48685446413.953
2013,turkiye,Turkey,962167643588.925
2013,ukraine,Ukraine,190498811460.028
2013,united-arab-emirates,United Arab Emirates,409632574702.715
2013,united-kingdom,United Kingdom,2796908333283.39
2013,united-states,United States,16880683000000
2013,uruguay,Uruguay,61337621933.7857
2013,uzbekistan,Uzbekistan,82674178351.6216
2013,viet-nam,Vietnam,213708811665.34
2013,zambia,Zambia,28037239462.7142
2013,zimbabwe,Zimbabwe,19100750000
2014,afghanistan,Afghanistan,20497128555.6972
2014,albania,Albania,13296322588.1684
2014,algeria,Algeria,238942664192.59
2014,angola,Angola,153449860495.966
2014,argentina,Argentina,526319673731.638
2014,armenia,Armenia,11609513246.7958
2014,australia,Australia,1474677007565.64
2014,austria,Austria,438556021078.034
2014,azerbaijan,Azerbaijan,75239785452.1022
2014,bangladesh,Bangladesh,172886611653.786
2014,belarus,Belarus,78813069120.9984
2014,belgium,Belgium,537987419164.351
2014,benin,Benin,13284527846.9081
2014,bolivia-plurinational-state-of,Bolivia,32996188017.3661
2014,brazil,Brazil,2456043727198.85
2014,bulgaria,Bulgaria,57083817239.8145
2014,burkina-faso,Burkina Faso,13943016076.7436
2014,burundi,Burundi,2705826648.21019
2014,cambodia,Cambodia,22041463967.9009
2014,cameroon,Cameroon,36386544706.0806
2014,canada,Canada,1805751688808.98
2014,chad,Chad,18144336903.7175
2014,chile,Chile,259560978224.359
2014,china,China,10674533168257.4
2014,colombia,Colombia,381240864422.407
2014,cote-d-ivoire,Cote d Ivoire,48843005613.7091
2014,croatia,Croatia,59607109597.2123
2014,cuba,Cuba,80656100000
2014,cyprus,Cyprus,23225912183.4991
2014,czech-republic,Czechia,210911285077.683
2014,denmark,Denmark,352832602064.452
2014,ecuador,Ecuador,102717794000
2014,estonia,Estonia,27055689003.0038
2014,ethiopia,Ethiopia,55612228233.5179
2014,finland,Finland,273478528954.901
2014,france,France,2861236112552.42
2014,georgia,Georgia,17966015109.3043
2014,germany,Germany,3964870735760.77
2014,ghana,Ghana,54678533805.9064
2014,greece,Greece,233911581521.062
2014,guatemala,Guatemala,57852159007.6243
2014,guinea,Guinea,8778473372.82124
2014,haiti,Haiti,15146883497.6331
2014,hungary,Hungary,141128696412.321
2014,iceland,Iceland,18052183514.8695
2014,india,India,2039126479154.52
2014,indonesia,Indonesia,890814755533.537
2014,iraq,Iraq,228415656174.957
2014,ireland,Ireland,266490442124.309
2014,israel,Israel,314376760832.047
2014,italy,Italy,2173255507985.84
2014,japan,Japan,4985763289560.81
2014,jordan,Jordan,40535098591.5493
2014,kazakhstan,Kazakhstan,221415613595.469
2014,kenya,Kenya,68285796514.2896
2014,kuwait,Kuwait,162650450684.725
2014,latvia,Latvia,30277203767.4058
2014,lithuania,Lithuania,48306546656.9281
2014,luxembourg,Luxembourg,68804814554.646
2014,madagascar,Madagascar,12522957399.2281
2014,malawi,Malawi,8801326169.14547
2014,malaysia,Malaysia,338066095097.254
2014,mali,Mali,17081681993.2577
2014,mexico,Mexico,1364507717689.36
2014,mongolia,Mongolia,12226514668.0622
2014,morocco,Morocco,119130841411.664
2014,mozambique,Mozambique,17978246586.0662
2014,myanmar,Myanmar,65531374199.6663
2014,nepal,Nepal,22731612922.1906
2014,netherlands,Netherlands,901556501756.467
2014,new-zealand,New Zealand,201435445068.164
2014,niger,Niger,10862943543.5419
2014,nigeria,Nigeria,574183763411.508
2014,norway,Norway,515829568897.117
2014,oman,Oman,92699089726.9181
2014,pakistan,Pakistan,271390474857.632
2014,panama,Panama,51427104900
2014,peru,Peru,200786250582.943
2014,philippines,Philippines,297483555338.044
2014,poland,Poland,542134167178.627
2014,portugal,Portugal,230078616299.675
2014,qatar,Qatar,206224598571.429
2014,romania,Romania,199722319675.741
2014,russian-federation,Russia,2059241589895.01
2014,rwanda,Rwanda,8129984483.78727
2014,saudi-arabia,Saudi Arabia,787153066666.667
2014,senegal,Senegal,19797253440.2679
2014,serbia,Serbia,49114321280.3466
2014,singapore,Singapore,314863580758.455
2014,slovenia,Slovenia,49514466379.6057
2014,south-africa,South Africa,381198869776.106
2014,spain,Spain,1380244561361.96
2014,sri-lanka,Sri Lanka,82531125461.843
2014,sudan,Sudan,49516748617.9775
2014,sweden,Sweden,577727767303.596
2014,switzerland,Switzerland,741168119616.628
2014,tanzania-united-rep,Tanzania,49986726460.6805
2014,thailand,Thailand,407339040197.651
2014,tunisia,Tunisia,50271812920.612
2014,turkiye,Turkey,942343431928.654
2014,ukraine,Ukraine,133503871861.723
2014,united-arab-emirates,United Arab Emirates,424935834104.193
2014,united-kingdom,United Kingdom,3085362169410.29
2014,united-states,United States,17608138000000
2014,uruguay,Uruguay,61496186973.902
2014,uzbekistan,Uzbekistan,91303765114.0144
2014,viet-nam,Vietnam,233451469642.519
2014,zambia,Zambia,27141023558.0829
2014,zimbabwe,Zimbabwe,19505500000
2015,afghanistan,Afghanistan,19134221644.7325
2015,albania,Albania,11470171826.9575
2015,algeria,Algeria,187493855609.345
2015,angola,Angola,102543067840.819
2015,argentina,Argentina,594749285413.212
2015,armenia,Armenia,10553337518.414
2015,australia,Australia,1356805839935.9
2015,austria,Austria,379546097300.633
2015,azerbaijan,Azerbaijan,53076235354.746
2015,bangladesh,Bangladesh,195146608978.131
2015,belarus,Belarus,56454769844.7632
2015,belgium,Belgium,461044767544.531
2015,benin,Benin,11388160996.7738
2015,bolivia-plurinational-state-of,Bolivia,33000198248.9146
2015,brazil,Brazil,1802212206814.5
2015,bulgaria,Bulgaria,50768512172.9373
2015,burkina-faso,Burkina Faso,11832159315.6298
2015,burundi,Burundi,2810532912.49975
2015,cambodia,Cambodia,24174170369.0738
2015,cameroon,Cameroon,32210233020.4569
2015,canada,Canada,1556510380200.23
2015,chad,Chad,14559599499.5011
2015,chile,Chile,242450355830.884
2015,china,China,11280814787468.9
2015,colombia,Colombia,293492370193.166
2015,cote-d-ivoire,Cote d Ivoire,45815005169.2651
2015,croatia,Croatia,50999271058.5849
2015,cuba,Cuba,87132800000
2015,cyprus,Cyprus,19909269064.8473
2015,czech-republic,Czechia,189107698561.919
2015,denmark,Denmark,301758922337.637
2015,ecuador,Ecuador,97209558000
2015,estonia,Estonia,23311847750.9394
2015,ethiopia,Ethiopia,62103418181.8182
2015,finland,Finland,233210733506.25
2015,france,France,2442483452642.5
2015,georgia,Georgia,15223796148.8396
2015,germany,Germany,3425099578746.09
2015,ghana,Ghana,49436806230.4839
2015,greece,Greece,194567373678.099
2015,guatemala,Guatemala,62186066547.6566
2015,guinea,Guinea,8794201742.84609
2015,haiti,Haiti,14849629308.6025
2015,hungary,Hungary,125244126623.289
2015,iceland,Iceland,17700486957.1907
2015,india,India,2103588360044.94
2015,indonesia,Indonesia,860854232686.214
2015,iraq,Iraq,166774104959.102
2015,ireland,Ireland,302101388556.271
2015,israel,Israel,302841190257.708
2015,italy,Italy,1845428048839.1
2015,japan,Japan,4534438580494.94
2015,jordan,Jordan,42394049295.7747
2015,kazakhstan,Kazakhstan,184388404706.042
2015,kenya,Kenya,70120446896.8359
2015,kuwait,Kuwait,114585555688.511
2015,latvia,Latvia,26344565876.8902
2015,lithuania,Lithuania,41540954817.2039
2015,luxembourg,Luxembourg,60071584216.1375
2015,madagascar,Madagascar,11323020701.3017
2015,malawi,Malawi,9219474379.31534
2015,malaysia,Malaysia,301355266964.947
2015,mali,Mali,15583181170.4105
2015,mexico,Mexico,1213294467653.78
2015,mongolia,Mongolia,11619892590.6941
2015,morocco,Morocco,110413823841.592
2015,mozambique,Mozambique,16208985769.615
2015,myanmar,Myanmar,59607290407.6191
2015,nepal,Nepal,24360801286.7638
2015,netherlands,Netherlands,775743675302.734
2015,new-zealand,New Zealand,178147457242.978
2015,niger,Niger,9683867926.44282
2015,nigeria,Nigeria,493026682800.63
2015,norway,Norway,400669174330.888
2015,oman,Oman,78710793237.9714
2015,pakistan,Pakistan,299963590534.773
2015,panama,Panama,55767806100
2015,peru,Peru,189802976285.619
2015,philippines,Philippines,306445871242.322
2015,poland,Poland,480054118583.367
2015,portugal,Portugal,199038523119.639
2015,qatar,Qatar,161739955576.923
2015,romania,Romania,177885131240.315
2015,russian-federation,Russia,1363482182197.71
2015,rwanda,Rwanda,8447064078.84373
2015,saudi-arabia,Saudi Arabia,693414400000
2015,senegal,Senegal,17774766696.1759
2015,serbia,Serbia,41297410634.9586
2015,singapore,Singapore,307998545269.398
2015,slovenia,Slovenia,42709468274.8137
2015,south-africa,South Africa,346709790458.563
2015,spain,Spain,1206164777553.12
2015,sri-lanka,Sri Lanka,85090300895.6546
2015,sudan,Sudan,51726758676.7677
2015,sweden,Sweden,501602351911.6
2015,switzerland,Switzerland,706199008878.656
2015,tanzania-united-rep,Tanzania,47413919817.124
2015,thailand,Thailand,401296238228.084
2015,tunisia,Tunisia,45779494041.9295
2015,turkiye,Turkey,865460050683.656
2015,ukraine,Ukraine,91030967789.0717
2015,united-arab-emirates,United Arab Emirates,381973135513.065
2015,united-kingdom,United Kingdom,2945579890258.46
2015,united-states,United States,18295019000000
2015,uruguay,Uruguay,57680327998.6689
2015,uzbekistan,Uzbekistan,97564568986.8161
2015,viet-nam,Vietnam,239258328381.741
2015,zambia,Zambia,21251216798.7762
2015,zimbabwe,Zimbabwe,19973250000
2016,afghanistan,Afghanistan,18116572395.0772
2016,albania,Albania,11988668784.6628
2016,algeria,Algeria,180763839522.151
2016,angola,Angola,60770049747.3832
2016,argentina,Argentina,557532320662.955
2016,armenia,Armenia,10546136235.5219
2016,australia,Australia,1211588128417.61
2016,austria,Austria,393687359770.273
2016,azerbaijan,Azerbaijan,37866996882.9157
2016,bangladesh,Bangladesh,265224515675.034
2016,belarus,Belarus,47723545321.259
2016,belgium,Belgium,474271566739.729
2016,benin,Benin,11821065853.3838
2016,bolivia-plurinational-state-of,Bolivia,33941126193.9219
2016,brazil,Brazil,1795693482853.01
2016,bulgaria,Bulgaria,53932152153.5457
2016,burkina-faso,Burkina Faso,12833363045.3367
2016,burundi,Burundi,2618093125.14687
2016,cambodia,Cambodia,26556545153.3573
2016,cameroon,Cameroon,33814337044.3765
2016,canada,Canada,1527996250640.92
2016,chad,Chad,13026289835.7789
2016,chile,Chile,249344863928.438
2016,china,China,11456024084962
2016,colombia,Colombia,282720100286.228
2016,cote-d-ivoire,Cote d Ivoire,48407761036.8238
2016,croatia,Croatia,52650804052.1394
2016,cuba,Cuba,91370407900
2016,cyprus,Cyprus,21046452117.3759
2016,czech-republic,Czechia,198160659303.939
2016,denmark,Denmark,312181849372.233
2016,ecuador,Ecuador,97671433000
2016,estonia,Estonia,24561027787.7896
2016,ethiopia,Ethiopia,68475871209.607
2016,finland,Finland,238777818792.608
2016,france,France,2470407619777.13
2016,georgia,Georgia,15444548901.9637
2016,germany,Germany,3536787895179
2016,ghana,Ghana,56144179397.8516
2016,greece,Greece,193097239005.87
2016,guatemala,Guatemala,66053408205.8838
2016,guinea,Guinea,8595955222.49719
2016,haiti,Haiti,14069277526.2278
2016,hungary,Hungary,128983560865.293
2016,iceland,Iceland,21083713310.457
2016,india,India,2294796885663.16
2016,indonesia,Indonesia,931877364037.698
2016,iraq,Iraq,166743557747.671
2016,ireland,Ireland,305431252708.748
2016,israel,Israel,321083954798.337
2016,italy,Italy,1887111188176.93
2016,japan,Japan,5110357383254.44
2016,jordan,Jordan,43688498732.3944
2016,kazakhstan,Kazakhstan,137278320084.171
2016,kenya,Kenya,74815144163.8931
2016,kuwait,Kuwait,109406674124.652
2016,latvia,Latvia,27117105059.5075
2016,lithuania,Lithuania,42970749245.0336
2016,luxembourg,Luxembourg,62216885435.9488
2016,madagascar,Madagascar,11848613858.442
2016,malawi,Malawi,7909868618.46366
2016,malaysia,Malaysia,301256033870.334
2016,mali,Mali,16743796799.8329
2016,mexico,Mexico,1112233497452.7
2016,mongolia,Mongolia,11181350649.3573
2016,morocco,Morocco,111572947004.917
2016,mozambique,Mozambique,12069051237.1711
2016,myanmar,Myanmar,63298361996.2153
2016,nepal,Nepal,24524109483.5293
2016,netherlands,Netherlands,797163949289.885
2016,new-zealand,New Zealand,188980351890.848
2016,niger,Niger,10341025540.2322
2016,nigeria,Nigeria,404649125252.16
2016,norway,Norway,383284047619.048
2016,oman,Oman,75128738621.5865
2016,pakistan,Pakistan,313630000130.435
2016,panama,Panama,59760858700
2016,peru,Peru,191898104390.379
2016,philippines,Philippines,318627003016.731
2016,poland,Poland,473259623976.262
2016,portugal,Portugal,206305431241.638
2016,qatar,Qatar,151732181868.132
2016,romania,Romania,185290759248.844
2016,russian-federation,Russia,1276786350881.14
2016,rwanda,Rwanda,8596812240.52305
2016,saudi-arabia,Saudi Arabia,689279466666.667
2016,senegal,Senegal,19040312333.1864
2016,serbia,Serbia,42225495909.5633
2016,singapore,Singapore,320759207438.623
2016,slovenia,Slovenia,44290685824.0682
2016,south-africa,South Africa,323585509674.481
2016,spain,Spain,1243015667917.12
2016,sri-lanka,Sri Lanka,88000210878.1236
2016,sudan,Sudan,42630376000
2016,sweden,Sweden,513058312950.939
2016,switzerland,Switzerland,698607778794.566
2016,tanzania-united-rep,Tanzania,49774409374.4538
2016,thailand,Thailand,413366349747.508
2016,tunisia,Tunisia,44360072680.4476
2016,turkiye,Turkey,870818016909.84
2016,ukraine,Ukraine,93355869403.9223
2016,united-arab-emirates,United Arab Emirates,381717208620.964
2016,united-kingdom,United Kingdom,2706807606538.73
2016,united-states,United States,18804913000000
2016,uruguay,Uruguay,57480787465.2716
2016,uzbekistan,Uzbekistan,97871364319.3985
2016,viet-nam,Vietnam,257096001177.982
2016,zambia,Zambia,20958412538.3093
2016,zimbabwe,Zimbabwe,20559250000
2017,afghanistan,Afghanistan,18753456497.8159
2017,albania,Albania,13258268435.6048
2017,algeria,Algeria,189880896903.073
2017,angola,Angola,85629598654.1906
2017,argentina,Argentina,643628393281.364
2017,armenia,Armenia,11527458709.0158
2017,australia,Australia,1330890554614.09
2017,austria,Austria,414926138132.691
2017,azerbaijan,Azerbaijan,40866627351.9817
2017,bangladesh,Bangladesh,293732446624.596
2017,belarus,Belarus,54725405751.1559
2017,belgium,Belgium,500908767351.53
2017,benin,Benin,12701655836.9467
2017,bolivia-plurinational-state-of,Bolivia,45927439594.7902
2017,brazil,Brazil,2063514977365.65
2017,bulgaria,Bulgaria,59170671046.4798
2017,burkina-faso,Burkina Faso,14106955615.3442
2017,burundi,Burundi,2831362208.34039
2017,cambodia,Cambodia,29355665909.7905
2017,cameroon,Cameroon,36098547033.1655
2017,canada,Canada,1649269496514.62
2017,chad,Chad,13349041408.7152
2017,chile,Chile,276154259981.097
2017,china,China,12537559062282.9
2017,colombia,Colombia,311866875156.879
2017,cote-d-ivoire,Cote d Ivoire,52512343996.69
2017,croatia,Croatia,56182225079.1072
2017,cuba,Cuba,96850649700
2017,cyprus,Cyprus,22946583375.5506
2017,czech-republic,Czechia,221563575696.217
2017,denmark,Denmark,331610593961.988
2017,ecuador,Ecuador,104467486000
2017,estonia,Estonia,27469461919.1189
2017,ethiopia,Ethiopia,76366081766.6667
2017,finland,Finland,253846138440
2017,france,France,2588868323334.71
2017,georgia,Georgia,16473125375.0684
2017,germany,Germany,3765351626105.89
2017,ghana,Ghana,60385409434.8567
2017,greece,Greece,200381103984.298
2017,guatemala,Guatemala,71653780740.4226
2017,guinea,Guinea,10324668271.1362
2017,haiti,Haiti,15093357161.1498
2017,hungary,Hungary,143335098991.862
2017,iceland,Iceland,25060086487.8901
2017,india,India,2651474262755.45
2017,indonesia,Indonesia,1015618744159.73
2017,iraq,Iraq,187217660050.676
2017,ireland,Ireland,348355212568.515
2017,israel,Israel,357360816856.642
2017,italy,Italy,1970720904584.71
2017,japan,Japan,5038231631660.71
2017,jordan,Jordan,45535614366.1972
2017,kazakhstan,Kazakhstan,166805788827.233
2017,kenya,Kenya,82036510877.2599
2017,kuwait,Kuwait,120687539805.505
2017,latvia,Latvia,29391059767.4259
2017,lithuania,Lithuania,47756764508.446
2017,luxembourg,Luxembourg,65712180342.9836
2017,madagascar,Madagascar,13176313593.5509
2017,malawi,Malawi,8943543793.5839
2017,malaysia,Malaysia,319109094160.343
2017,mali,Mali,18308362040.0521
2017,mexico,Mexico,1190721475853.16
2017,mongolia,Mongolia,11480847740.736
2017,morocco,Morocco,118540573367.844
2017,mozambique,Mozambique,13264640645.7768
2017,myanmar,Myanmar,66053040483.0016
2017,nepal,Nepal,28971588940.364
2017,netherlands,Netherlands,848233537845.884
2017,new-zealand,New Zealand,206561943051.354
2017,niger,Niger,11359273443.3897
2017,nigeria,Nigeria,375745731053.427
2017,norway,Norway,415673181543.421
2017,oman,Oman,80856697009.1027
2017,pakistan,Pakistan,339205534861.1
2017,panama,Panama,64327688800
2017,peru,Peru,211007984080.911
2017,philippines,Philippines,328480736802.76
2017,poland,Poland,528356723263.073
2017,portugal,Portugal,220862990767.229
2017,qatar,Qatar,161099122225.275
2017,romania,Romania,210147385855.419
2017,russian-federation,Russia,1574199360089
2017,rwanda,Rwanda,9164345443.2575
2017,saudi-arabia,Saudi Arabia,741266133333.333
2017,senegal,Senegal,20965069572.7168
2017,serbia,Serbia,45972834713.8077
2017,singapore,Singapore,344795119213.571
2017,slovenia,Slovenia,48153200134.6613
2017,south-africa,South Africa,381448814653.456
2017,spain,Spain,1321754088818.83
2017,sri-lanka,Sri Lanka,94369350439.4732
2017,sudan,Sudan,41283617976.1905
2017,sweden,Sweden,535172356784.769
2017,switzerland,Switzerland,706660443624.485
2017,tanzania-united-rep,Tanzania,53274884532.7886
2017,thailand,Thailand,456356813536.764
2017,tunisia,Tunisia,42163530590.9462
2017,turkiye,Turkey,863874522365.276
2017,ukraine,Ukraine,112090505081.739
2017,united-arab-emirates,United Arab Emirates,403365056078.846
2017,united-kingdom,United Kingdom,2699118387873.1
2017,united-states,United States,19612102000000
2017,uruguay,Uruguay,65006039809.739
2017,uzbekistan,Uzbekistan,72276404057.649
2017,viet-nam,Vietnam,281353605986.903
2017,zambia,Zambia,25873601260.8353
2017,zimbabwe,Zimbabwe,51035657370.5179
2018,afghanistan,Afghanistan,18053222687.4126
2018,albania,Albania,15379508329.7568
2018,algeria,Algeria,194554483655.528
2018,angola,Angola,90506061877.2765
2018,argentina,Argentina,524819892360.176
2018,armenia,Armenia,12457940694.7395
2018,australia,Australia,1433144978761.67
2018,austria,Austria,452582294972.775
2018,azerbaijan,Azerbaijan,47112470051.7701
2018,bangladesh,Bangladesh,321362752441.78
2018,belarus,Belarus,60031026576.26
2018,belgium,Belgium,542638913427.921
2018,benin,Benin,14262408089.9261
2018,bolivia-plurinational-state-of,Bolivia,48414038842.2576
2018,brazil,Brazil,1916933898010.99
2018,bulgaria,Bulgaria,66100606676.6544
2018,burkina-faso,Burkina Faso,15890066221.2882
2018,burundi,Burundi,2913411408.44783
2018,cambodia,Cambodia,33145892168.8958
2018,cameroon,Cameroon,39955552189.795
2018,canada,Canada,1725330736237.69
2018,chad,Chad,15327000248.8701
2018,chile,Chile,295857562991.709
2018,china,China,14147765772963.8
2018,colombia,Colombia,334198218098.276
2018,cote-d-ivoire,Cote d Ivoire,58522477786.6889
2018,croatia,Croatia,61668280700.0968
2018,cuba,Cuba,100050036100
2018,cyprus,Cyprus,25754011492.2204
2018,czech-republic,Czechia,251992360762.236
2018,denmark,Denmark,355293374912.393
2018,ecuador,Ecuador,107478961000
2018,estonia,Estonia,31222632740.7247
2018,ethiopia,Ethiopia,83337901071.9697
2018,finland,Finland,273869255596.078
2018,france,France,2781576320884.39
2018,georgia,Georgia,17902544880.6471
2018,germany,Germany,4055433215301.96
2018,ghana,Ghana,67259353965.6087
2018,greece,Greece,213298873494.394
2018,guatemala,Guatemala,73328356007.6152
2018,guinea,Guinea,11857030366.7891
2018,haiti,Haiti,16403864617.8458
2018,hungary,Hungary,161184691013.835
2018,iceland,Iceland,26677652544.3499
2018,india,India,2702929641648.74
2018,indonesia,Indonesia,1042271532988.63
2018,iraq,Iraq,227367469034.031
2018,ireland,Ireland,395780319816.603
2018,israel,Israel,375470422244.408
2018,italy,Italy,2099435266458.67
2018,japan,Japan,5154293721629.56
2018,jordan,Jordan,47435850422.5352
2018,kazakhstan,Kazakhstan,179339977690.485
2018,kenya,Kenya,92202979985.2863
2018,kuwait,Kuwait,138646316350.727
2018,latvia,Latvia,33247935477.3576
2018,lithuania,Lithuania,54261795148.5372
2018,luxembourg,Luxembourg,71085623495.1145
2018,madagascar,Madagascar,13760033282.2925
2018,malawi,Malawi,9879220354.29186
2018,malaysia,Malaysia,358788845712.53
2018,mali,Mali,20368015381.2413
2018,mexico,Mexico,1256300182983.65
2018,mongolia,Mongolia,13178094720.4986
2018,morocco,Morocco,127341147581.818
2018,mozambique,Mozambique,15017358952.8452
2018,myanmar,Myanmar,67860515989.517
2018,nepal,Nepal,33111525237.149
2018,netherlands,Netherlands,929733599796.862
2018,new-zealand,New Zealand,211726161989.495
2018,niger,Niger,12800907985.9863
2018,nigeria,Nigeria,421739251509.08
2018,norway,Norway,454588871810.636
2018,oman,Oman,91505851755.5267
2018,pakistan,Pakistan,356128166704.921
2018,panama,Panama,67316471200
2018,peru,Peru,222597009739.235
2018,philippines,Philippines,346841896587.313
2018,poland,Poland,594616632477.019
2018,portugal,Portugal,242092894542.888
2018,qatar,Qatar,183334953818.681
2018,romania,Romania,241791427223.903
2018,russian-federation,Russia,1657328773461.31
2018,rwanda,Rwanda,9650161136.17648
2018,saudi-arabia,Saudi Arabia,886564800000
2018,senegal,Senegal,23116701556.1381
2018,serbia,Serbia,52787520248.9242
2018,singapore,Singapore,377976367877.038
2018,slovenia,Slovenia,53689067639.9176
2018,south-africa,South Africa,405260723892.517
2018,spain,Spain,1431642809327.06
2018,sri-lanka,Sri Lanka,94450015982.806
2018,sudan,Sudan,32333780383.2924
2018,sweden,Sweden,549649344043.182
2018,switzerland,Switzerland,740766531453.991
2018,tanzania-united-rep,Tanzania,57003712892.0858
2018,thailand,Thailand,506754208404.485
2018,tunisia,Tunisia,42686504459.801
2018,turkiye,Turkey,788356985773.667
2018,ukraine,Ukraine,130891088293.55
2018,united-arab-emirates,United Arab Emirates,440560003161.236
2018,united-kingdom,United Kingdom,2897028009916.05
2018,united-states,United States,20656516000000
2018,uruguay,Uruguay,65344577415.7535
2018,uzbekistan,Uzbekistan,61318332402.7908
2018,viet-nam,Vietnam,310106478394.659
2018,zambia,Zambia,26311507273.6735
2018,zimbabwe,Zimbabwe,34141666666.6667
2019,afghanistan,Afghanistan,18799444490.1128
2019,albania,Albania,15585111614.0376
2019,algeria,Algeria,193459662090.677
2019,angola,Angola,81193813808.0382
2019,argentina,Argentina,447754683615.225
2019,armenia,Armenia,13619290539.2116
2019,australia,Australia,1398349602956.35
2019,austria,Austria,442983642371.842
2019,azerbaijan,Azerbaijan,48174235294.1176
2019,bangladesh,Bangladesh,351231654603.692
2019,belarus,Belarus,64410170653.4569
2019,belgium,Belgium,536726344405.489
2019,benin,Benin,14391686313.4641
2019,bolivia-plurinational-state-of,Bolivia,49056643589.0014
2019,brazil,Brazil,1873288205059.69
2019,bulgaria,Bulgaria,68511235459.4907
2019,burkina-faso,Burkina Faso,16032813503.3707
2019,burundi,Burundi,2871555326.31029
2019,cambodia,Cambodia,36685356407.7206
2019,cameroon,Cameroon,39667757527.6578
2019,canada,Canada,1743728952156.85
2019,chad,Chad,14905517742.8454
2019,chile,Chile,278308438545.118
2019,china,China,14560167101283.4
2019,colombia,Colombia,323031701192.84
2019,cote-d-ivoire,Cote d Ivoire,60382894697.3557
2019,croatia,Croatia,61467261345.012
2019,cuba,Cuba,103427600000
2019,cyprus,Cyprus,26196660680.1176
2019,czech-republic,Czechia,256794209028.77
2019,denmark,Denmark,345401473012.615
2019,ecuador,Ecuador,107595830000
2019,estonia,Estonia,31873748770.0313
2019,ethiopia,Ethiopia,91834517113.6386
2019,finland,Finland,267014821129.411
2019,france,France,2722793515171.76
2019,georgia,Georgia,17638337116.9126
2019,germany,Germany,3959894794039.21
2019,ghana,Ghana,68352629246.1555
2019,greece,Greece,207305649887.019
2019,guatemala,Guatemala,77172331693.4093
2019,guinea,Guinea,13442861496.4454
2019,haiti,Haiti,15016090929.5125
2019,hungary,Hungary,164936682033.992
2019,iceland,Iceland,24985687022.0452
2019,india,India,2835606256558.19
2019,indonesia,Indonesia,1119099871350.2
2019,iraq,Iraq,233636097800.338
2019,ireland,Ireland,407211793800.713
2019,israel,Israel,399207771081.611
2019,italy,Italy,2019606796583.53
2019,japan,Japan,5245755000479.03
2019,jordan,Jordan,48640273802.8169
2019,kazakhstan,Kazakhstan,181667184854.501
2019,kenya,Kenya,100378436207.371
2019,kuwait,Kuwait,140856394860.529
2019,latvia,Latvia,33099503950.847
2019,lithuania,Lithuania,55122066225.796
2019,luxembourg,Luxembourg,69872035113.6469
2019,madagascar,Madagascar,14104664678.5063
2019,malawi,Malawi,11051852712.6142
2019,malaysia,Malaysia,365177721021.516
2019,mali,Mali,20477421884.5414
2019,mexico,Mexico,1304106204006.27
2019,mongolia,Mongolia,14206359017.5143
2019,morocco,Morocco,128920266409.458
2019,mozambique,Mozambique,15512759046.672
2019,myanmar,Myanmar,75065106227.6892
2019,nepal,Nepal,34186180699.0255
2019,netherlands,Netherlands,928903005576.469
2019,new-zealand,New Zealand,213088034258.42
2019,niger,Niger,12420836506.7888
2019,nigeria,Nigeria,668219992686.575
2019,norway,Norway,424244886363.636
2019,oman,Oman,88060858257.4772
2019,pakistan,Pakistan,320909472770.669
2019,panama,Panama,69778991200
2019,peru,Peru,228346006003.648
2019,philippines,Philippines,376823402239.136
2019,poland,Poland,602683770144.88
2019,portugal,Portugal,240115970063.019
2019,qatar,Qatar,176371267692.308
2019,romania,Romania,250080428511.595
2019,russian-federation,Russia,1693115002708.32
2019,rwanda,Rwanda,10519272170.3346
2019,saudi-arabia,Saudi Arabia,888890133333.333
2019,senegal,Senegal,23403995992.1354
2019,serbia,Serbia,53864693664.5568
2019,singapore,Singapore,376827390962.044
2019,slovenia,Slovenia,53909922735.545
2019,south-africa,South Africa,389330032224.269
2019,spain,Spain,1403496387686.27
2019,sri-lanka,Sri Lanka,88998706177.9986
2019,sudan,Sudan,32338079165.2893
2019,sweden,Sweden,530894124494.418
2019,switzerland,Switzerland,736384764156.877
2019,tanzania-united-rep,Tanzania,61026731925.9213
2019,thailand,Thailand,543976691793.886
2019,tunisia,Tunisia,41905642418.825
2019,turkiye,Turkey,775853144222.613
2019,ukraine,Ukraine,153883047509.577
2019,united-arab-emirates,United Arab Emirates,433926218686.108
2019,united-kingdom,United Kingdom,2875710080015.3
2019,united-states,United States,21539982000000
2019,uruguay,Uruguay,62222324964.633
2019,uzbekistan,Uzbekistan,70170662562.6111
2019,viet-nam,Vietnam,334365270496.667
2019,zambia,Zambia,23308667781.2258
2019,zimbabwe,Zimbabwe,33360632553.3556
2020,afghanistan,Afghanistan,19955929052.1496
2020,albania,Albania,15241458744.5927
2020,algeria,Algeria,164873415325.201
2020,angola,Angola,58512033805.8981
2020,argentina,Argentina,385740508436.965
2020,armenia,Armenia,12641698583.2152
2020,australia,Australia,1333336461648.09
2020,austria,Austria,434397601557.696
2020,azerbaijan,Azerbaijan,42693000000
2020,bangladesh,Bangladesh,373979442362.193
2020,belarus,Belarus,61371673344.7424
2020,belgium,Belgium,529694473501.791
2020,benin,Benin,15686741883.934
2020,bolivia-plurinational-state-of,Bolivia,42313784081.042
2020,brazil,Brazil,1476107231310.49
2020,bulgaria,Bulgaria,70490478088.1395
2020,burkina-faso,Burkina Faso,17725010532.5268
2020,burundi,Burundi,3188355943.63513
2020,cambodia,Cambodia,34818073901.4851
2020,cameroon,Cameroon,40773241177.0505
2020,canada,Canada,1655686966881.99
2020,chad,Chad,14932897821.2387
2020,chile,Chile,254103710483.324
2020,china,China,14996414166715.1
2020,colombia,Colombia,270348342541.465
2020,cote-d-ivoire,Cote d Ivoire,63027852805.4204
2020,croatia,Croatia,57959824238.1808
2020,cuba,Cuba,107352000000
2020,cyprus,Cyprus,25555082266.6429
2020,czech-republic,Czechia,251109660602.536
2020,denmark,Denmark,355631021931.621
2020,ecuador,Ecuador,95865473000
2020,estonia,Estonia,31820771493.8974
2020,ethiopia,Ethiopia,98676811061.9985
2020,finland,Finland,270000311606.226
2020,france,France,2647926055110.05
2020,georgia,Georgia,16010869215.68
2020,germany,Germany,3941398957073.94
2020,ghana,Ghana,70008243859.8666
2020,greece,Greece,191362985554.861
2020,guatemala,Guatemala,77719468248.3666
2020,guinea,Guinea,14088693742.9464
2020,haiti,Haiti,14508222518.3018
2020,hungary,Hungary,158468487754.196
2020,iceland,Iceland,22034665040.7901
2020,india,India,2674851578587.27
2020,indonesia,Indonesia,1059054842698.48
2020,iraq,Iraq,180898797516.874
2020,ireland,Ireland,436009027818.948
2020,israel,Israel,410908899711.272
2020,italy,Italy,1907481094079.23
2020,japan,Japan,5189197543645.38
2020,jordan,Jordan,47931770985.9155
2020,kazakhstan,Kazakhstan,171082365861.423
2020,kenya,Kenya,100657505750.545
2020,kuwait,Kuwait,111045470605.715
2020,latvia,Latvia,33379927434.6149
2020,lithuania,Lithuania,57412038533.2718
2020,luxembourg,Luxembourg,73670782100.3909
2020,madagascar,Madagascar,13051441204.053
2020,malawi,Malawi,11769313597.8545
2020,malaysia,Malaysia,337456163961.211
2020,mali,Mali,20698560938.7775
2020,mexico,Mexico,1121064767168.8
2020,mongolia,Mongolia,13312981429.0891
2020,morocco,Morocco,121353645057.144
2020,mozambique,Mozambique,14235420174.1884
2020,myanmar,Myanmar,79006113643.1906
2020,nepal,Nepal,33433659301.2466
2020,netherlands,Netherlands,932560861701.17
2020,new-zealand,New Zealand,213318129988.602
2020,niger,Niger,13648332189.7307
2020,nigeria,Nigeria,598586817817.392
2020,norway,Norway,382252517921.94
2020,oman,Oman,75909492847.8544
2020,pakistan,Pakistan,300425609817.981
2020,panama,Panama,57059846500
2020,peru,Peru,201409694755.934
2020,philippines,Philippines,361751145451.597
2020,poland,Poland,605914237903.742
2020,portugal,Portugal,229618773422.577
2020,qatar,Qatar,144411363351.648
2020,romania,Romania,250624575871.819
2020,russian-federation,Russia,1493075894362.14
2020,rwanda,Rwanda,10487146253.4025
2020,saudi-arabia,Saudi Arabia,767951200000
2020,senegal,Senegal,24530513037.7518
2020,serbia,Serbia,55874017668.998
2020,singapore,Singapore,351226533656.292
2020,slovenia,Slovenia,53384760135.1581
2020,south-africa,South Africa,337974655408.055
2020,spain,Spain,1289783836971.21
2020,sri-lanka,Sri Lanka,84335574372.2997
2020,sudan,Sudan,27034593750
2020,sweden,Sweden,544265668451.678
2020,switzerland,Switzerland,756096180222.082
2020,tanzania-united-rep,Tanzania,66068737786.0639
2020,thailand,Thailand,500274927778.532
2020,tunisia,Tunisia,42491780918.361
2020,turkiye,Turkey,733628247119.077
2020,ukraine,Ukraine,156617722013.342
2020,united-arab-emirates,United Arab Emirates,357161776271.328
2020,united-kingdom,United Kingdom,2724001478304.59
2020,united-states,United States,21375281000000
2020,uruguay,Uruguay,53559354501.4278
2020,uzbekistan,Uzbekistan,70127127133.2164
2020,viet-nam,Vietnam,346615738537.796
2020,zambia,Zambia,18137764930.651
2020,zimbabwe,Zimbabwe,31979753644.6558
2021,afghanistan,Afghanistan,14259995441.0759
2021,albania,Albania,18031989573.0294
2021,algeria,Algeria,186231205262.082
2021,angola,Angola,78283923543.8237
2021,argentina,Argentina,486564085480.036
2021,armenia,Armenia,13878908628.9378
2021,australia,Australia,1560617493202.69
2021,austria,Austria,480466363176.806
2021,azerbaijan,Azerbaijan,54825411764.7059
2021,bangladesh,Bangladesh,416271647911.014
2021,belarus,Belarus,69673747131.87
2021,belgium,Belgium,598522422241.851
2021,benin,Benin,17687623530.3355
2021,bolivia-plurinational-state-of,Bolivia,47877892402.3155
2021,brazil,Brazil,1670647398904.9
2021,bulgaria,Bulgaria,84378926047.3002
2021,burkina-faso,Burkina Faso,19697516284.3787
2021,burundi,Burundi,3425127990.70519
2021,cambodia,Cambodia,36790163687.4421
2021,cameroon,Cameroon,45011937346.8384
2021,canada,Canada,2022377950896.78
2021,chad,Chad,16871937697.5854
2021,chile,Chile,315507493783.262
2021,china,China,18201698719564
2021,colombia,Colombia,318524633225.395
2021,cote-d-ivoire,Cote d Ivoire,72794636653.7793
2021,croatia,Croatia,69002262504.9821
2021,cyprus,Cyprus,30372637513.1352
2021,czech-republic,Czechia,290972714482.313
2021,denmark,Denmark,406110162088.054
2021,ecuador,Ecuador,107179074000
2021,estonia,Estonia,37201101170.5847
2021,ethiopia,Ethiopia,109070960370.972
2021,finland,Finland,294223210496.119
2021,france,France,2966433692008.09
2021,georgia,Georgia,18853115588.8106
2021,germany,Germany,4355251953410.78
2021,ghana,Ghana,79514204730.3979
2021,greece,Greece,218303801895.326
2021,guatemala,Guatemala,86455522272.7383
2021,guinea,Guinea,17069115737.8259
2021,haiti,Haiti,20754978152.2134
2021,hungary,Hungary,183282685440.486
2021,iceland,Iceland,26234872402.457
2021,india,India,3167270623260.47
2021,indonesia,Indonesia,1186509691086.73
2021,iraq,Iraq,209691945713.103
2021,ireland,Ireland,530394123829.763
2021,israel,Israel,489735019666.026
2021,italy,Italy,2179207773596.09
2021,japan,Japan,5225933520753.1
2021,jordan,Jordan,50702940985.9155
2021,kazakhstan,Kazakhstan,197112255360.612
2021,kenya,Kenya,109703658904.994
2021,kuwait,Kuwait,148350671489.144
2021,latvia,Latvia,38183326784.9335
2021,lithuania,Lithuania,67072165721.2431
2021,luxembourg,Luxembourg,86386759695.1653
2021,madagascar,Madagascar,14354731964.3258
2021,malawi,Malawi,12378119199.0839
2021,malaysia,Malaysia,373784553029.978
2021,mali,Mali,22999245262.6719
2021,mexico,Mexico,1316569466833.94
2021,mongolia,Mongolia,15286441737.6686
2021,morocco,Morocco,142022058447.231
2021,mozambique,Mozambique,16168055475.4449
2021,myanmar,Myanmar,66345291160.1683
2021,nepal,Nepal,36924841394.2605
2021,netherlands,Netherlands,1054472123449.6
2021,new-zealand,New Zealand,253732493987.834
2021,niger,Niger,14936154253.3242
2021,nigeria,Nigeria,609147716965.348
2021,norway,Norway,521592200232.829
2021,oman,Oman,87323797139.1417
2021,pakistan,Pakistan,348516647445.148
2021,panama,Panama,67396392500
2021,peru,Peru,226406075008.878
2021,philippines,Philippines,394087359848.11
2021,poland,Poland,689170230665.35
2021,portugal,Portugal,256055879091.139
2021,qatar,Qatar,179732009560.44
2021,romania,Romania,285072444957.216
2021,russian-federation,Russia,1829186719575.1
2021,rwanda,Rwanda,11252894909.5043
2021,saudi-arabia,Saudi Arabia,982661066666.667
2021,senegal,Senegal,27520784129.7508
2021,serbia,Serbia,66159884072.5308
2021,singapore,Singapore,441110903524.645
2021,slovenia,Slovenia,61540813361.8556
2021,south-africa,South Africa,419986284375.368
2021,spain,Spain,1461244901852.69
2021,sri-lanka,Sri Lanka,88556699052.2008
2021,sudan,Sudan,34229513774.9936
2021,sweden,Sweden,631693331300.776
2021,switzerland,Switzerland,840710023481.35
2021,tanzania-united-rep,Tanzania,70655628147.8986
2021,thailand,Thailand,506049783824.94
2021,tunisia,Tunisia,47073234359.1819
2021,turkiye,Turkey,839938668172.134
2021,ukraine,Ukraine,199765859570.935
2021,united-arab-emirates,United Arab Emirates,422441282436.237
2021,united-kingdom,United Kingdom,3194559188925.93
2021,united-states,United States,23725645000000
2021,uruguay,Uruguay,60739061281.1628
2021,uzbekistan,Uzbekistan,81170051810.5825
2021,viet-nam,Vietnam,366474752771.009
2021,zambia,Zambia,22096416932.0089
2021,zimbabwe,Zimbabwe,41287852523.5016
2022,afghanistan,Afghanistan,14497243872.1337
2022,albania,Albania,19017247013.8821
2022,algeria,Algeria,225581644702.568
2022,angola,Angola,128233959333.275
2022,argentina,Argentina,633993756301.08
2022,armenia,Armenia,19513506553.1251
2022,australia,Australia,1695627535475.8
2022,austria,Austria,473221298968.216
2022,azerbaijan,Azerbaijan,78807470588.2353
2022,bangladesh,Bangladesh,460131689083.083
2022,belarus,Belarus,73775179924.603
2022,belgium,Belgium,591474463578.602
2022,benin,Benin,17425405090.862
2022,bolivia-plurinational-state-of,Bolivia,50959081953.6903
2022,brazil,Brazil,1951923942083.32
2022,bulgaria,Bulgaria,90510784777.6397
2022,burkina-faso,Burkina Faso,18622421394.6133
2022,burundi,Burundi,4020736756.64256
2022,cambodia,Cambodia,39994532959.6074
2022,cameroon,Cameroon,44347206072.5513
2022,canada,Canada,2200562785046.32
2022,chad,Chad,17828508289.6049
2022,chile,Chile,301099244104.003
2022,china,China,18316765021690.2
2022,colombia,Colombia,345632492851.448
2022,cote-d-ivoire,Cote d Ivoire,70922824813.9102
2022,croatia,Croatia,71196460236.6301
2022,cyprus,Cyprus,31218047043.8386
2022,czech-republic,Czechia,301831228325.556
2022,denmark,Denmark,400114306337.077
2022,ecuador,Ecuador,116133121000
2022,estonia,Estonia,38226641740.29
2022,ethiopia,Ethiopia,123140304665.399
2022,finland,Finland,280253099309.34
2022,france,France,2794788137066.94
2022,georgia,Georgia,24984568959.605
2022,germany,Germany,4201021706478.62
2022,ghana,Ghana,73919003212.1998
2022,greece,Greece,217990189600.69
2022,guatemala,Guatemala,95609727055.5754
2022,guinea,Guinea,19910452541.9219
2022,haiti,Haiti,20113007125.93
2022,hungary,Hungary,177002580544.155
2022,iceland,Iceland,29176227825.4736
2022,india,India,3249938492013.47
2022,indonesia,Indonesia,1319101183380.15
2022,iraq,Iraq,287372232137.931
2022,ireland,Ireland,548341794599.09
2022,israel,Israel,525157951212.871
2022,italy,Italy,2104067630319.46
2022,japan,Japan,4447976207314.78
2022,jordan,Jordan,53516930140.8451
2022,kazakhstan,Kazakhstan,225496328925.494
2022,kenya,Kenya,114448978152.637
2022,kuwait,Kuwait,183502046693.878
2022,latvia,Latvia,38003198508.9107
2022,lithuania,Lithuania,70639687325.6326
2022,luxembourg,Luxembourg,80801680397.0139
2022,madagascar,Madagascar,15342178598.2475
2022,malawi,Malawi,12429059928.102
2022,malaysia,Malaysia,407830525989.553
2022,mali,Mali,22539987718.7642
2022,mexico,Mexico,1466934724243.38
2022,mongolia,Mongolia,17146471713.748
2022,morocco,Morocco,131245312804.483
2022,mozambique,Mozambique,18884232598.8698
2022,myanmar,Myanmar,62253049891.6449
2022,nepal,Nepal,41182939519.8161
2022,netherlands,Netherlands,1046540797548.64
2022,new-zealand,New Zealand,249723029451.237
2022,niger,Niger,15531799640.9005
2022,nigeria,Nigeria,646950257575.455
2022,norway,Norway,617321834098.986
2022,oman,Oman,109852795838.752
2022,pakistan,Pakistan,374890295666.694
2022,panama,Panama,76479304500
2022,peru,Peru,246169867862.821
2022,philippines,Philippines,404353369604.631
2022,poland,Poland,695607470875.276
2022,portugal,Portugal,256898677175.024
2022,qatar,Qatar,235709325714.286
2022,romania,Romania,295317862855.924
2022,russian-federation,Russia,2292495097681.47
2022,rwanda,Rwanda,13747404814.2677
2022,saudi-arabia,Saudi Arabia,1239075200000
2022,senegal,Senegal,27783332222.6759
2022,serbia,Serbia,66809895701.2152
2022,singapore,Singapore,514252535238.749
2022,slovenia,Slovenia,59899117741.0022
2022,south-africa,South Africa,407596043067.885
2022,spain,Spain,1448850658406.62
2022,sri-lanka,Sri Lanka,74143020303.663
2022,sudan,Sudan,51666875363.0963
2022,sweden,Sweden,575071237640.921
2022,switzerland,Switzerland,858479038993.75
2022,tanzania-united-rep,Tanzania,75749121846.9703
2022,thailand,Thailand,495691837308.033
2022,tunisia,Tunisia,44929920092.7955
2022,turkiye,Turkey,926097476913.818
2022,ukraine,Ukraine,161989520721.19
2022,united-arab-emirates,United Arab Emirates,511403404642.173
2022,united-kingdom,United Kingdom,3181244350465.41
2022,united-states,United States,26054614000000
2022,uruguay,Uruguay,71240669088.0587
2022,uzbekistan,Uzbekistan,94286355836.1594
2022,viet-nam,Vietnam,413445230668.578
2022,zambia,Zambia,29163782140.4858
2022,zimbabwe,Zimbabwe,40757585308.5016
2023,afghanistan,Afghanistan,17152234636.8715
2023,albania,Albania,23491242727.4082
2023,algeria,Algeria,247923887214.655
2023,angola,Angola,106042349567.303
2023,argentina,Argentina,649461687959.174
2023,armenia,Armenia,24185982215.6543
2023,australia,Australia,1734451264655.6
2023,austria,Austria,516670509628.876
2023,azerbaijan,Azerbaijan,72428470588.2353
2023,bangladesh,Bangladesh,437415333018.291
2023,belarus,Belarus,72478760370.4258
2023,belgium,Belgium,650779364363.737
2023,benin,Benin,19673291004.1444
2023,bolivia-plurinational-state-of,Bolivia,52340206946.4544
2023,brazil,Brazil,2191131765684.63
2023,bulgaria,Bulgaria,102204457334.822
2023,burkina-faso,Burkina Faso,20106062971.6533
2023,burundi,Burundi,3419558408.35408
2023,cambodia,Cambodia,42335646895.7984
2023,cameroon,Cameroon,48814501547.4313
2023,canada,Canada,2196593836347.42
2023,chad,Chad,18352937976.2179
2023,chile,Chile,335802745366.38
2023,china,China,18270356654533.2
2023,colombia,Colombia,366901643683.302
2023,cote-d-ivoire,Cote d Ivoire,80780312569.1646
2023,croatia,Croatia,85621337533.3348
2023,cyprus,Cyprus,35075440602.5202
2023,czech-republic,Czechia,345059295659.911
2023,denmark,Denmark,404651706117.557
2023,ecuador,Ecuador,120792801000
2023,estonia,Estonia,41470344395.1086
2023,ethiopia,Ethiopia,135874093203.18
2023,finland,Finland,295191741637.26
2023,france,France,3056250648138.29
2023,georgia,Georgia,30777833600.6515
2023,germany,Germany,4562207532490.28
2023,ghana,Ghana,80547146875.9526
2023,greece,Greece,242946187738.269
2023,guatemala,Guatemala,104298081428.769
2023,guinea,Guinea,22407615556.0571
2023,haiti,Haiti,19572288894.1581
2023,hungary,Hungary,213029511028.874
2023,iceland,Iceland,31701996433.7807
2023,india,India,3500906030644.76
2023,indonesia,Indonesia,1371166925749.88
2023,iraq,Iraq,268881051643.549
2023,ireland,Ireland,567372737459.116
2023,israel,Israel,513393395491.904
2023,italy,Italy,2316882296366.32
2023,japan,Japan,4384854269961.93
2023,jordan,Jordan,56123472112.6761
2023,kazakhstan,Kazakhstan,261840101059.923
2023,kenya,Kenya,107500884685.013
2023,kuwait,Kuwait,165462656226.772
2023,latvia,Latvia,42779550936.838
2023,lithuania,Lithuania,80356613554.5602
2023,luxembourg,Luxembourg,88788881539.3937
2023,madagascar,Madagascar,16036707975.7567
2023,malawi,Malawi,13363669672.9405
2023,malaysia,Malaysia,399949418752.657
2023,mali,Mali,24777941860.767
2023,mexico,Mexico,1794410347718.25
2023,mongolia,Mongolia,20325121393.9074
2023,morocco,Morocco,146036093666.762
2023,mozambique,Mozambique,20927498317.3094
2023,myanmar,Myanmar,66757619000
2023,nepal,Nepal,41049329851.0546
2023,netherlands,Netherlands,1135475867551
2023,new-zealand,New Zealand,256372177757.764
2023,niger,Niger,16949765463.9058
2023,nigeria,Nigeria,487387801877.803
2023,norway,Norway,502197633322.816
2023,oman,Oman,106174707932.38
2023,pakistan,Pakistan,336686348609.266
2023,panama,Panama,83812155200
2023,peru,Peru,268025009709.319
2023,philippines,Philippines,437055627245.138
2023,poland,Poland,812451193396.143
2023,portugal,Portugal,292323800948.839
2023,qatar,Qatar,213002809340.659
2023,romania,Romania,347757995758.914
2023,russian-federation,Russia,2046284838151.09
2023,rwanda,Rwanda,14806501437.282
2023,saudi-arabia,Saudi Arabia,1218584800000
2023,senegal,Senegal,30696331295.7826
2023,serbia,Serbia,81343999280.0179
2023,singapore,Singapore,511181761243.76
2023,slovenia,Slovenia,69255264238.3855
2023,south-africa,South Africa,381440724491.232
2023,spain,Spain,1619481980719.64
2023,sri-lanka,Sri Lanka,84080307355.5983
2023,sudan,Sudan,39898289820.7951
2023,sweden,Sweden,578990915246.07
2023,switzerland,Switzerland,928435275851.707
2023,tanzania-united-rep,Tanzania,79030935638.1317
2023,thailand,Thailand,517013369475.121
2023,tunisia,Tunisia,48205328303.3398
2023,turkiye,Turkey,1141242864657.45
2023,ukraine,Ukraine,181221517868.744
2023,united-arab-emirates,United Arab Emirates,522622268401.125
2023,united-kingdom,United Kingdom,3420796653789.08
2023,united-states,United States,27811517000000
2023,uruguay,Uruguay,79208725899.5531
2023,uzbekistan,Uzbekistan,107526539716.318
2023,viet-nam,Vietnam,433805036898.465
2023,zambia,Zambia,27577956471.244
2023,zimbabwe,Zimbabwe,35871781303.429
2024,afghanistan,Afghanistan,17778508875.7396
2024,albania,Albania,27037474263.2977
2024,algeria,Algeria,269322281664.773
2024,angola,Angola,103080538044.058
2024,argentina,Argentina,638365455340.04
2024,armenia,Armenia,25955275380.0321
2024,australia,Australia,1757022451652.83
2024,austria,Austria,534790720466.822
2024,azerbaijan,Azerbaijan,74426000000
2024,bangladesh,Bangladesh,450119432068.852
2024,belarus,Belarus,78591839299.7087
2024,belgium,Belgium,670983130618.828
2024,benin,Benin,21482643706.4249
2024,bolivia-plurinational-state-of,Bolivia,54881327452.9667
2024,brazil,Brazil,2185821610689.31
2024,bulgaria,Bulgaria,113349149166.793
2024,burkina-faso,Burkina Faso,23136514855.7646
2024,burundi,Burundi,3037579858.38142
2024,cambodia,Cambodia,46352647037.2406
2024,cameroon,Cameroon,53296694320.2057
2024,canada,Canada,2270076189683.46
2024,chad,Chad,19906706689.7582
2024,chile,Chile,329260633698.726
2024,china,China,18729668435848
2024,colombia,Colombia,420504033143.211
2024,cote-d-ivoire,Cote d Ivoire,87113179149.284
2024,croatia,Croatia,92981894167.9687
2024,cyprus,Cyprus,37634551820.7367
2024,czech-republic,Czechia,347082562221.377
2024,denmark,Denmark,424524722037.047
2024,ecuador,Ecuador,123802374000
2024,estonia,Estonia,43130419829.35
2024,ethiopia,Ethiopia,149740297952.375
2024,finland,Finland,298729432711.719
2024,france,France,3160442622465.08
2024,georgia,Georgia,34189423333.141
2024,germany,Germany,4685592577804.69
2024,ghana,Ghana,83288585604.0268
2024,greece,Greece,256238371778.118
2024,guatemala,Guatemala,113215575150.885
2024,guinea,Guinea,25008678293.4073
2024,haiti,Haiti,24255657481.2502
2024,hungary,Hungary,222848211034.367
2024,iceland,Iceland,33186621855.0053
2024,india,India,3760813470500.86
2024,indonesia,Indonesia,1396301788461.69
2024,iraq,Iraq,279641257615.385
2024,ireland,Ireland,609157459747.205
2024,israel,Israel,542284494490.778
2024,italy,Italy,2383435562458.12
2024,japan,Japan,4190008188358.57
2024,jordan,Jordan,58618380563.3803
2024,kazakhstan,Kazakhstan,291480274648.826
2024,kenya,Kenya,120397537849.826
2024,kuwait,Kuwait,160903106639.233
2024,latvia,Latvia,44001275012.6141
2024,lithuania,Lithuania,85503938573.5664
2024,luxembourg,Luxembourg,93279851863.4062
2024,madagascar,Madagascar,17592832696.1336
2024,malawi,Malawi,11311971400.3864
2024,malaysia,Malaysia,422227005428.688
2024,mali,Mali,26761281076.7658
2024,mexico,Mexico,1830489311088.89
2024,mongolia,Mongolia,23794540024.5132
2024,morocco,Morocco,160610994054.734
2024,mozambique,Mozambique,22752244245.473
2024,myanmar,Myanmar,74068349523.8095
2024,nepal,Nepal,43298911699.9284
2024,netherlands,Netherlands,1213936238063.28
2024,new-zealand,New Zealand,261497198363.906
2024,niger,Niger,19729786046.7618
2024,nigeria,Nigeria,252261880140.271
2024,norway,Norway,500886328034.123
2024,oman,Oman,107137198699.61
2024,pakistan,Pakistan,371747087751.306
2024,panama,Panama,86523959100
2024,peru,Peru,291751523018.903
2024,philippines,Philippines,461671157904.74
2024,poland,Poland,917767106146.761
2024,portugal,Portugal,313656884870.859
2024,qatar,Qatar,216294505494.505
2024,romania,Romania,382564217988.866
2024,russian-federation,Russia,2186462268813.08
2024,rwanda,Rwanda,15111064181.9687
2024,saudi-arabia,Saudi Arabia,1254140800000
2024,senegal,Senegal,32169996051.8502
2024,serbia,Serbia,90088366320.4062
2024,singapore,Singapore,572877260178.427
2024,slovenia,Slovenia,72972015197.3859
2024,south-africa,South Africa,401144998373.585
2024,spain,Spain,1725671652742.19
2024,sri-lanka,Sri Lanka,99616111265.7633
2024,sudan,Sudan,49672435513.1126
2024,sweden,Sweden,604827393488.582
2024,switzerland,Switzerland,969919786394.884
2024,tanzania-united-rep,Tanzania,79235713444.9777
2024,thailand,Thailand,529385520941.539
2024,tunisia,Tunisia,51412122479.8468
2024,turkiye,Turkey,1359123768774.12
2024,ukraine,Ukraine,190833835445.1
2024,united-arab-emirates,United Arab Emirates,552324919095.872
2024,united-kingdom,United Kingdom,3695539513534.15
2024,united-states,United States,29298013000000
2024,uruguay,Uruguay,82322859144.2816
2024,uzbekistan,Uzbekistan,121356065241.228
2024,viet-nam,Vietnam,476324572783.807
2024,zambia,Zambia,25303185342.2511
2024,zimbabwe,Zimbabwe,41521975830.2351
